request_id,group,video_id,folder_coarse_label,folder_binary_label,frame_indices,frame_times_sec,sequence_coverage,stage1_actions,sampled_frame_gt,sampled_only_gt,coverage_frame_count,coverage_ratio,coverage_based_gt,sequence_gt,gt_risk_state,use_for_eval,needs_review,gt_source,gt_rule,pred_risk_state,pred_binary,folder_binary_match,json_success,schema_success,latency_sec,raw_response,gt_match
intrusion_climb-over-fence_rgb_0007_cctv3_f000016_000026_000036,climb-over-fence_plant_rgb,intrusion_climb-over-fence_rgb_0007_cctv3,intrusion_candidate,intrusion,"[16, 26, 36]","[0.533, 0.867, 1.2]","{""start_frame"": 1, ""end_frame"": 36}","[""stand, carry/hold (an object)"", ""stand, carry/hold (an object)"", ""stand, carry/hold (an object)""]","[""danger"", ""danger"", ""danger""]",danger,"{""normal"": 0, ""unsafe"": 0, ""danger"": 36}","{""normal"": 0.0, ""unsafe"": 0.0, ""danger"": 1.0}",danger,danger,danger,True,False,labeling_yolo_sequence_coverage,sampled_danger_then_danger_ratio_sampled_unsafe_then_unsafe_ratio_else_normal,danger,intrusion,True,True,True,2.2765,"```json
{""risk_state"":""danger""}
```
",True
intrusion_climb-over-fence_rgb_0007_cctv3_f000046_000056_000066,climb-over-fence_plant_rgb,intrusion_climb-over-fence_rgb_0007_cctv3,intrusion_candidate,intrusion,"[46, 56, 66]","[1.533, 1.867, 2.2]","{""start_frame"": 31, ""end_frame"": 66}","[""stand, carry/hold (an object)"", ""stand, carry/hold (an object)"", ""stand, carry/hold (an object)""]","[""danger"", ""danger"", ""danger""]",danger,"{""normal"": 0, ""unsafe"": 0, ""danger"": 36}","{""normal"": 0.0, ""unsafe"": 0.0, ""danger"": 1.0}",danger,danger,danger,True,False,labeling_yolo_sequence_coverage,sampled_danger_then_danger_ratio_sampled_unsafe_then_unsafe_ratio_else_normal,danger,intrusion,True,True,True,1.4316,"```json
{""risk_state"":""danger""}
```
",True
intrusion_climb-over-fence_rgb_0007_cctv3_f000076_000086_000096,climb-over-fence_plant_rgb,intrusion_climb-over-fence_rgb_0007_cctv3,intrusion_candidate,intrusion,"[76, 86, 96]","[2.533, 2.867, 3.2]","{""start_frame"": 61, ""end_frame"": 96}","[""stand, carry/hold (an object)"", ""stand, carry/hold (an object)"", ""stand, carry/hold (an object)""]","[""danger"", ""danger"", ""danger""]",danger,"{""normal"": 0, ""unsafe"": 0, ""danger"": 36}","{""normal"": 0.0, ""unsafe"": 0.0, ""danger"": 1.0}",danger,danger,danger,True,False,labeling_yolo_sequence_coverage,sampled_danger_then_danger_ratio_sampled_unsafe_then_unsafe_ratio_else_normal,danger,intrusion,True,True,True,1.4367,"```json
{""risk_state"":""danger""}
```
",True
intrusion_climb-over-fence_rgb_0007_cctv3_f000106_000116_000126,climb-over-fence_plant_rgb,intrusion_climb-over-fence_rgb_0007_cctv3,intrusion_candidate,intrusion,"[106, 116, 126]","[3.533, 3.867, 4.2]","{""start_frame"": 91, ""end_frame"": 126}","[""stand, carry/hold (an object)"", ""stand, carry/hold (an object)"", ""stand, carry/hold (an object)""]","[""danger"", ""danger"", ""danger""]",danger,"{""normal"": 0, ""unsafe"": 0, ""danger"": 36}","{""normal"": 0.0, ""unsafe"": 0.0, ""danger"": 1.0}",danger,danger,danger,True,False,labeling_yolo_sequence_coverage,sampled_danger_then_danger_ratio_sampled_unsafe_then_unsafe_ratio_else_normal,danger,intrusion,True,True,True,1.5408,"```json
{""risk_state"":""danger""}
```
",True
intrusion_climb-over-fence_rgb_0007_cctv3_f000136_000146_000156,climb-over-fence_plant_rgb,intrusion_climb-over-fence_rgb_0007_cctv3,intrusion_candidate,intrusion,"[136, 146, 156]","[4.533, 4.867, 5.2]","{""start_frame"": 121, ""end_frame"": 156}","[""stand, carry/hold (an object)"", ""stand, carry/hold (an object)"", ""stand, carry/hold (an object)""]","[""danger"", ""danger"", ""danger""]",danger,"{""normal"": 0, ""unsafe"": 0, ""danger"": 36}","{""normal"": 0.0, ""unsafe"": 0.0, ""danger"": 1.0}",danger,danger,danger,True,False,labeling_yolo_sequence_coverage,sampled_danger_then_danger_ratio_sampled_unsafe_then_unsafe_ratio_else_normal,danger,intrusion,True,True,True,1.43,"```json
{""risk_state"":""danger""}
```
",True
intrusion_climb-over-fence_rgb_0007_cctv3_f000166_000176_000186,climb-over-fence_plant_rgb,intrusion_climb-over-fence_rgb_0007_cctv3,intrusion_candidate,intrusion,"[166, 176, 186]","[5.533, 5.867, 6.2]","{""start_frame"": 151, ""end_frame"": 186}","[""stand, carry/hold (an object)"", ""stand, carry/hold (an object)"", ""stand, carry/hold (an object)""]","[""danger"", ""danger"", ""danger""]",danger,"{""normal"": 0, ""unsafe"": 0, ""danger"": 36}","{""normal"": 0.0, ""unsafe"": 0.0, ""danger"": 1.0}",danger,danger,danger,True,False,labeling_yolo_sequence_coverage,sampled_danger_then_danger_ratio_sampled_unsafe_then_unsafe_ratio_else_normal,danger,intrusion,True,True,True,1.4399,"```json
{""risk_state"":""danger""}
```
",True
intrusion_climb-over-fence_rgb_0007_cctv3_f000196_000206_000216,climb-over-fence_plant_rgb,intrusion_climb-over-fence_rgb_0007_cctv3,intrusion_candidate,intrusion,"[196, 206, 216]","[6.533, 6.867, 7.2]","{""start_frame"": 181, ""end_frame"": 216}","[""stand, carry/hold (an object)"", ""stand, carry/hold (an object)"", ""stand, carry/hold (an object)""]","[""danger"", ""danger"", ""danger""]",danger,"{""normal"": 0, ""unsafe"": 0, ""danger"": 36}","{""normal"": 0.0, ""unsafe"": 0.0, ""danger"": 1.0}",danger,danger,danger,True,False,labeling_yolo_sequence_coverage,sampled_danger_then_danger_ratio_sampled_unsafe_then_unsafe_ratio_else_normal,danger,intrusion,True,True,True,1.4295,"```json
{""risk_state"":""danger""}
```
",True
intrusion_climb-over-fence_rgb_0007_cctv3_f000226_000236_000246,climb-over-fence_plant_rgb,intrusion_climb-over-fence_rgb_0007_cctv3,intrusion_candidate,intrusion,"[226, 236, 246]","[7.533, 7.867, 8.2]","{""start_frame"": 211, ""end_frame"": 246}","[""stand, carry/hold (an object)"", ""stand, carry/hold (an object)"", ""stand, carry/hold (an object)""]","[""danger"", ""danger"", ""danger""]",danger,"{""normal"": 0, ""unsafe"": 0, ""danger"": 36}","{""normal"": 0.0, ""unsafe"": 0.0, ""danger"": 1.0}",danger,danger,danger,True,False,labeling_yolo_sequence_coverage,sampled_danger_then_danger_ratio_sampled_unsafe_then_unsafe_ratio_else_normal,danger,intrusion,True,True,True,1.427,"```json
{""risk_state"":""danger""}
```
",True
intrusion_climb-over-fence_rgb_0007_cctv3_f000256_000266_000276,climb-over-fence_plant_rgb,intrusion_climb-over-fence_rgb_0007_cctv3,intrusion_candidate,intrusion,"[256, 266, 276]","[8.533, 8.867, 9.2]","{""start_frame"": 241, ""end_frame"": 276}","[""stand, carry/hold (an object)"", ""stand, carry/hold (an object)"", ""stand, carry/hold (an object)""]","[""danger"", ""danger"", ""danger""]",danger,"{""normal"": 0, ""unsafe"": 0, ""danger"": 36}","{""normal"": 0.0, ""unsafe"": 0.0, ""danger"": 1.0}",danger,danger,danger,True,False,labeling_yolo_sequence_coverage,sampled_danger_then_danger_ratio_sampled_unsafe_then_unsafe_ratio_else_normal,danger,intrusion,True,True,True,1.4339,"```json
{""risk_state"":""danger""}
```
",True
intrusion_climb-over-fence_rgb_0007_cctv3_f000286_000296_000306,climb-over-fence_plant_rgb,intrusion_climb-over-fence_rgb_0007_cctv3,intrusion_candidate,intrusion,"[286, 296, 306]","[9.533, 9.867, 10.2]","{""start_frame"": 271, ""end_frame"": 306}","[""stand, carry/hold (an object)"", ""stand, carry/hold (an object)"", ""stand, carry/hold (an object)""]","[""danger"", ""danger"", ""danger""]",danger,"{""normal"": 0, ""unsafe"": 0, ""danger"": 36}","{""normal"": 0.0, ""unsafe"": 0.0, ""danger"": 1.0}",danger,danger,danger,True,False,labeling_yolo_sequence_coverage,sampled_danger_then_danger_ratio_sampled_unsafe_then_unsafe_ratio_else_normal,danger,intrusion,True,True,True,1.5478,"```json
{""risk_state"":""danger""}
```
",True
intrusion_climb-over-fence_rgb_0007_cctv3_f000316_000326_000336,climb-over-fence_plant_rgb,intrusion_climb-over-fence_rgb_0007_cctv3,intrusion_candidate,intrusion,"[316, 326, 336]","[10.533, 10.867, 11.2]","{""start_frame"": 301, ""end_frame"": 336}","[""stand, carry/hold (an object)"", ""stand, carry/hold (an object)"", ""stand, carry/hold (an object)""]","[""danger"", ""danger"", ""danger""]",danger,"{""normal"": 0, ""unsafe"": 0, ""danger"": 36}","{""normal"": 0.0, ""unsafe"": 0.0, ""danger"": 1.0}",danger,danger,danger,True,False,labeling_yolo_sequence_coverage,sampled_danger_then_danger_ratio_sampled_unsafe_then_unsafe_ratio_else_normal,danger,intrusion,True,True,True,1.5444,"```json
{""risk_state"":""danger""}
```
",True
intrusion_climb-over-fence_rgb_0007_cctv3_f000346_000356_000366,climb-over-fence_plant_rgb,intrusion_climb-over-fence_rgb_0007_cctv3,intrusion_candidate,intrusion,"[346, 356, 366]","[11.533, 11.867, 12.2]","{""start_frame"": 331, ""end_frame"": 366}","[""stand, carry/hold (an object)"", ""stand, carry/hold (an object)"", ""stand, carry/hold (an object)""]","[""danger"", ""danger"", ""danger""]",danger,"{""normal"": 0, ""unsafe"": 0, ""danger"": 36}","{""normal"": 0.0, ""unsafe"": 0.0, ""danger"": 1.0}",danger,danger,danger,True,False,labeling_yolo_sequence_coverage,sampled_danger_then_danger_ratio_sampled_unsafe_then_unsafe_ratio_else_normal,danger,intrusion,True,True,True,1.4385,"```json
{""risk_state"":""danger""}
```
",True
intrusion_climb-over-fence_rgb_0007_cctv3_f000376_000386_000396,climb-over-fence_plant_rgb,intrusion_climb-over-fence_rgb_0007_cctv3,intrusion_candidate,intrusion,"[376, 386, 396]","[12.533, 12.867, 13.2]","{""start_frame"": 361, ""end_frame"": 396}","[""stand, carry/hold (an object)"", ""stand, carry/hold (an object)"", ""stand, carry/hold (an object)""]","[""danger"", ""danger"", ""danger""]",danger,"{""normal"": 0, ""unsafe"": 0, ""danger"": 36}","{""normal"": 0.0, ""unsafe"": 0.0, ""danger"": 1.0}",danger,danger,danger,True,False,labeling_yolo_sequence_coverage,sampled_danger_then_danger_ratio_sampled_unsafe_then_unsafe_ratio_else_normal,danger,intrusion,True,True,True,1.5569,"```json
{
    ""risk_state"": ""danger""
}
```
",True
intrusion_climb-over-fence_rgb_0008_cctv2_f000016_000026_000036,climb-over-fence_plant_rgb,intrusion_climb-over-fence_rgb_0008_cctv2,intrusion_candidate,intrusion,"[16, 26, 36]","[0.533, 0.867, 1.2]","{""start_frame"": 1, ""end_frame"": 36}","[""bend/bow (at the waist), carry/hold (an object)"", ""bend/bow (at the waist), carry/hold (an object)"", ""bend/bow (at the waist), carry/hold (an object)""]","[""unsafe"", ""unsafe"", ""unsafe""]",unsafe,"{""normal"": 0, ""unsafe"": 36, ""danger"": 0}","{""normal"": 0.0, ""unsafe"": 1.0, ""danger"": 0.0}",unsafe,unsafe,unsafe,True,False,labeling_yolo_sequence_coverage,sampled_danger_then_danger_ratio_sampled_unsafe_then_unsafe_ratio_else_normal,unsafe,intrusion,True,True,True,1.4117,"{
""risk_state"":""unsafe""
}
",True
intrusion_climb-over-fence_rgb_0008_cctv2_f000046_000056_000066,climb-over-fence_plant_rgb,intrusion_climb-over-fence_rgb_0008_cctv2,intrusion_candidate,intrusion,"[46, 56, 66]","[1.533, 1.867, 2.2]","{""start_frame"": 31, ""end_frame"": 66}","[""bend/bow (at the waist), carry/hold (an object)"", ""stand, carry/hold (an object)"", ""stand, carry/hold (an object)""]","[""danger"", ""danger"", ""danger""]",danger,"{""normal"": 0, ""unsafe"": 6, ""danger"": 30}","{""normal"": 0.0, ""unsafe"": 0.1667, ""danger"": 0.8333}",danger,danger,danger,True,False,labeling_yolo_sequence_coverage,sampled_danger_then_danger_ratio_sampled_unsafe_then_unsafe_ratio_else_normal,danger,intrusion,True,True,True,1.438,"```json
{""risk_state"":""danger""}
```
",True
intrusion_climb-over-fence_rgb_0008_cctv2_f000076_000086_000096,climb-over-fence_plant_rgb,intrusion_climb-over-fence_rgb_0008_cctv2,intrusion_candidate,intrusion,"[76, 86, 96]","[2.533, 2.867, 3.2]","{""start_frame"": 61, ""end_frame"": 96}","[""stand, carry/hold (an object)"", ""walk, carry/hold (an object)"", ""walk, carry/hold (an object)""]","[""danger"", ""danger"", ""danger""]",danger,"{""normal"": 0, ""unsafe"": 0, ""danger"": 36}","{""normal"": 0.0, ""unsafe"": 0.0, ""danger"": 1.0}",danger,danger,danger,True,False,labeling_yolo_sequence_coverage,sampled_danger_then_danger_ratio_sampled_unsafe_then_unsafe_ratio_else_normal,danger,intrusion,True,True,True,1.4103,"{
""risk_state"":""danger""
}
",True
intrusion_climb-over-fence_rgb_0008_cctv2_f000106_000116_000126,climb-over-fence_plant_rgb,intrusion_climb-over-fence_rgb_0008_cctv2,intrusion_candidate,intrusion,"[106, 116, 126]","[3.533, 3.867, 4.2]","{""start_frame"": 91, ""end_frame"": 126}","[""walk, carry/hold (an object)"", ""carry/hold (an object), walk"", ""stand, carry/hold (an object)""]","[""danger"", ""danger"", ""danger""]",danger,"{""normal"": 0, ""unsafe"": 0, ""danger"": 36}","{""normal"": 0.0, ""unsafe"": 0.0, ""danger"": 1.0}",danger,danger,danger,True,False,labeling_yolo_sequence_coverage,sampled_danger_then_danger_ratio_sampled_unsafe_then_unsafe_ratio_else_normal,danger,intrusion,True,True,True,1.4174,"{
""risk_state"":""danger""
}
",True
intrusion_climb-over-fence_rgb_0008_cctv2_f000136_000146_000156,climb-over-fence_plant_rgb,intrusion_climb-over-fence_rgb_0008_cctv2,intrusion_candidate,intrusion,"[136, 146, 156]","[4.533, 4.867, 5.2]","{""start_frame"": 121, ""end_frame"": 156}","[""carry/hold (an object), stand"", ""stand, carry/hold (an object)"", ""stand, carry/hold (an object)""]","[""danger"", ""danger"", ""danger""]",danger,"{""normal"": 0, ""unsafe"": 0, ""danger"": 36}","{""normal"": 0.0, ""unsafe"": 0.0, ""danger"": 1.0}",danger,danger,danger,True,False,labeling_yolo_sequence_coverage,sampled_danger_then_danger_ratio_sampled_unsafe_then_unsafe_ratio_else_normal,danger,intrusion,True,True,True,1.4139,"{
""risk_state"":""danger""
}
",True
intrusion_climb-over-fence_rgb_0008_cctv2_f000166_000176_000186,climb-over-fence_plant_rgb,intrusion_climb-over-fence_rgb_0008_cctv2,intrusion_candidate,intrusion,"[166, 176, 186]","[5.533, 5.867, 6.2]","{""start_frame"": 151, ""end_frame"": 186}","[""stand, carry/hold (an object)"", ""stand, carry/hold (an object)"", ""stand, carry/hold (an object)""]","[""danger"", ""danger"", ""danger""]",danger,"{""normal"": 0, ""unsafe"": 0, ""danger"": 36}","{""normal"": 0.0, ""unsafe"": 0.0, ""danger"": 1.0}",danger,danger,danger,True,False,labeling_yolo_sequence_coverage,sampled_danger_then_danger_ratio_sampled_unsafe_then_unsafe_ratio_else_normal,danger,intrusion,True,True,True,1.4154,"{
""risk_state"":""danger""
}
",True
intrusion_climb-over-fence_rgb_0008_cctv2_f000196_000206_000216,climb-over-fence_plant_rgb,intrusion_climb-over-fence_rgb_0008_cctv2,intrusion_candidate,intrusion,"[196, 206, 216]","[6.533, 6.867, 7.2]","{""start_frame"": 181, ""end_frame"": 216}","[""stand, carry/hold (an object)"", ""stand, carry/hold (an object)"", ""stand, carry/hold (an object)""]","[""danger"", ""danger"", ""danger""]",danger,"{""normal"": 0, ""unsafe"": 0, ""danger"": 36}","{""normal"": 0.0, ""unsafe"": 0.0, ""danger"": 1.0}",danger,danger,danger,True,False,labeling_yolo_sequence_coverage,sampled_danger_then_danger_ratio_sampled_unsafe_then_unsafe_ratio_else_normal,danger,intrusion,True,True,True,1.4108,"{
""risk_state"":""danger""
}
",True
intrusion_climb-over-fence_rgb_0008_cctv2_f000226_000236_000246,climb-over-fence_plant_rgb,intrusion_climb-over-fence_rgb_0008_cctv2,intrusion_candidate,intrusion,"[226, 236, 246]","[7.533, 7.867, 8.2]","{""start_frame"": 211, ""end_frame"": 246}","[""stand, carry/hold (an object)"", ""stand"", ""stand, carry/hold (an object)""]","[""danger"", ""danger"", ""danger""]",danger,"{""normal"": 0, ""unsafe"": 0, ""danger"": 36}","{""normal"": 0.0, ""unsafe"": 0.0, ""danger"": 1.0}",danger,danger,danger,True,False,labeling_yolo_sequence_coverage,sampled_danger_then_danger_ratio_sampled_unsafe_then_unsafe_ratio_else_normal,danger,intrusion,True,True,True,1.4131,"{
""risk_state"":""danger""
}
",True
intrusion_climb-over-fence_rgb_0008_cctv2_f000256_000266_000276,climb-over-fence_plant_rgb,intrusion_climb-over-fence_rgb_0008_cctv2,intrusion_candidate,intrusion,"[256, 266, 276]","[8.533, 8.867, 9.2]","{""start_frame"": 241, ""end_frame"": 276}","[""walk, stand"", ""stand, walk"", ""stand, carry/hold (an object)""]","[""danger"", ""danger"", ""danger""]",danger,"{""normal"": 0, ""unsafe"": 0, ""danger"": 36}","{""normal"": 0.0, ""unsafe"": 0.0, ""danger"": 1.0}",danger,danger,danger,True,False,labeling_yolo_sequence_coverage,sampled_danger_then_danger_ratio_sampled_unsafe_then_unsafe_ratio_else_normal,danger,intrusion,True,True,True,1.5566,"```json
{
    ""risk_state"": ""danger""
}
```
",True
intrusion_climb-over-fence_rgb_0008_cctv2_f000286_000296_000306,climb-over-fence_plant_rgb,intrusion_climb-over-fence_rgb_0008_cctv2,intrusion_candidate,intrusion,"[286, 296, 306]","[9.533, 9.867, 10.2]","{""start_frame"": 271, ""end_frame"": 306}","[""stand, carry/hold (an object)"", ""stand, carry/hold (an object)"", ""stand, carry/hold (an object)""]","[""danger"", ""danger"", ""danger""]",danger,"{""normal"": 0, ""unsafe"": 0, ""danger"": 36}","{""normal"": 0.0, ""unsafe"": 0.0, ""danger"": 1.0}",danger,danger,danger,True,False,labeling_yolo_sequence_coverage,sampled_danger_then_danger_ratio_sampled_unsafe_then_unsafe_ratio_else_normal,danger,intrusion,True,True,True,1.4148,"{
""risk_state"":""danger""
}
",True
intrusion_climb-over-fence_rgb_0008_cctv2_f000316_000326_000336,climb-over-fence_plant_rgb,intrusion_climb-over-fence_rgb_0008_cctv2,intrusion_candidate,intrusion,"[316, 326, 336]","[10.533, 10.867, 11.2]","{""start_frame"": 301, ""end_frame"": 336}","[""bend/bow (at the waist), stand"", ""bend/bow (at the waist), carry/hold (an object)"", ""bend/bow (at the waist), carry/hold (an object)""]","[""danger"", ""danger"", ""danger""]",danger,"{""normal"": 0, ""unsafe"": 0, ""danger"": 36}","{""normal"": 0.0, ""unsafe"": 0.0, ""danger"": 1.0}",danger,danger,danger,True,False,labeling_yolo_sequence_coverage,sampled_danger_then_danger_ratio_sampled_unsafe_then_unsafe_ratio_else_normal,danger,intrusion,True,True,True,1.4131,"{
""risk_state"":""danger""
}
",True
intrusion_climb-over-fence_rgb_0008_cctv2_f000346_000356_000366,climb-over-fence_plant_rgb,intrusion_climb-over-fence_rgb_0008_cctv2,intrusion_candidate,intrusion,"[346, 356, 366]","[11.533, 11.867, 12.2]","{""start_frame"": 331, ""end_frame"": 366}","[""stand, bend/bow (at the waist)"", ""stand, carry/hold (an object)"", ""stand, carry/hold (an object)""]","[""danger"", ""danger"", ""danger""]",danger,"{""normal"": 0, ""unsafe"": 0, ""danger"": 36}","{""normal"": 0.0, ""unsafe"": 0.0, ""danger"": 1.0}",danger,danger,danger,True,False,labeling_yolo_sequence_coverage,sampled_danger_then_danger_ratio_sampled_unsafe_then_unsafe_ratio_else_normal,danger,intrusion,True,True,True,1.4168,"{
""risk_state"":""danger""
}
",True
intrusion_climb-over-fence_rgb_0008_cctv2_f000376_000386_000396,climb-over-fence_plant_rgb,intrusion_climb-over-fence_rgb_0008_cctv2,intrusion_candidate,intrusion,"[376, 386, 396]","[12.533, 12.867, 13.2]","{""start_frame"": 361, ""end_frame"": 396}","[""stand, bend/bow (at the waist)"", ""stand, carry/hold (an object)"", ""stand, carry/hold (an object)""]","[""danger"", ""danger"", ""danger""]",danger,"{""normal"": 0, ""unsafe"": 0, ""danger"": 36}","{""normal"": 0.0, ""unsafe"": 0.0, ""danger"": 1.0}",danger,danger,danger,True,False,labeling_yolo_sequence_coverage,sampled_danger_then_danger_ratio_sampled_unsafe_then_unsafe_ratio_else_normal,danger,intrusion,True,True,True,1.4127,"{
""risk_state"":""danger""
}
",True
intrusion_climb-over-fence_rgb_0017_cctv1_f000016_000026_000036,climb-over-fence_plant_rgb,intrusion_climb-over-fence_rgb_0017_cctv1,intrusion_candidate,intrusion,"[16, 26, 36]","[0.533, 0.867, 1.2]","{""start_frame"": 1, ""end_frame"": 36}","[""carry/hold (an object), walk"", ""walk, carry/hold (an object)"", ""walk""]","[""danger"", ""danger"", ""danger""]",danger,"{""normal"": 0, ""unsafe"": 0, ""danger"": 36}","{""normal"": 0.0, ""unsafe"": 0.0, ""danger"": 1.0}",danger,danger,danger,True,False,labeling_yolo_sequence_coverage,sampled_danger_then_danger_ratio_sampled_unsafe_then_unsafe_ratio_else_normal,danger,intrusion,True,True,True,1.5666,"```json
{
    ""risk_state"": ""danger""
}
```
",True
intrusion_climb-over-fence_rgb_0017_cctv1_f000046_000056_000066,climb-over-fence_plant_rgb,intrusion_climb-over-fence_rgb_0017_cctv1,intrusion_candidate,intrusion,"[46, 56, 66]","[1.533, 1.867, 2.2]","{""start_frame"": 31, ""end_frame"": 66}","[""none"", ""stand"", ""stand""]","[""danger"", ""danger"", ""danger""]",danger,"{""normal"": 0, ""unsafe"": 0, ""danger"": 36}","{""normal"": 0.0, ""unsafe"": 0.0, ""danger"": 1.0}",danger,danger,danger,True,False,labeling_yolo_sequence_coverage,sampled_danger_then_danger_ratio_sampled_unsafe_then_unsafe_ratio_else_normal,danger,intrusion,True,True,True,1.427,"```json
{""risk_state"":""danger""}
```
",True
intrusion_climb-over-fence_rgb_0017_cctv1_f000076_000086_000096,climb-over-fence_plant_rgb,intrusion_climb-over-fence_rgb_0017_cctv1,intrusion_candidate,intrusion,"[76, 86, 96]","[2.533, 2.867, 3.2]","{""start_frame"": 61, ""end_frame"": 96}","[""stand"", ""stand"", ""stand""]","[""danger"", ""danger"", ""danger""]",danger,"{""normal"": 0, ""unsafe"": 0, ""danger"": 36}","{""normal"": 0.0, ""unsafe"": 0.0, ""danger"": 1.0}",danger,danger,danger,True,False,labeling_yolo_sequence_coverage,sampled_danger_then_danger_ratio_sampled_unsafe_then_unsafe_ratio_else_normal,danger,intrusion,True,True,True,1.4296,"```json
{""risk_state"":""danger""}
```
",True
intrusion_climb-over-fence_rgb_0017_cctv1_f000106_000116_000126,climb-over-fence_plant_rgb,intrusion_climb-over-fence_rgb_0017_cctv1,intrusion_candidate,intrusion,"[106, 116, 126]","[3.533, 3.867, 4.2]","{""start_frame"": 91, ""end_frame"": 126}","[""stand"", ""stand"", ""stand""]","[""danger"", ""danger"", ""danger""]",danger,"{""normal"": 0, ""unsafe"": 0, ""danger"": 36}","{""normal"": 0.0, ""unsafe"": 0.0, ""danger"": 1.0}",danger,danger,danger,True,False,labeling_yolo_sequence_coverage,sampled_danger_then_danger_ratio_sampled_unsafe_then_unsafe_ratio_else_normal,danger,intrusion,True,True,True,1.4384,"```json
{""risk_state"":""danger""}
```
",True
intrusion_climb-over-fence_rgb_0017_cctv1_f000136_000146_000156,climb-over-fence_plant_rgb,intrusion_climb-over-fence_rgb_0017_cctv1,intrusion_candidate,intrusion,"[136, 146, 156]","[4.533, 4.867, 5.2]","{""start_frame"": 121, ""end_frame"": 156}","[""stand"", ""none"", ""stand""]","[""danger"", ""danger"", ""danger""]",danger,"{""normal"": 0, ""unsafe"": 0, ""danger"": 36}","{""normal"": 0.0, ""unsafe"": 0.0, ""danger"": 1.0}",danger,danger,danger,True,False,labeling_yolo_sequence_coverage,sampled_danger_then_danger_ratio_sampled_unsafe_then_unsafe_ratio_else_normal,danger,intrusion,True,True,True,1.5499,"```json
{
    ""risk_state"": ""danger""
}
```
",True
intrusion_climb-over-fence_rgb_0017_cctv1_f000166_000176_000186,climb-over-fence_plant_rgb,intrusion_climb-over-fence_rgb_0017_cctv1,intrusion_candidate,intrusion,"[166, 176, 186]","[5.533, 5.867, 6.2]","{""start_frame"": 151, ""end_frame"": 186}","[""stand"", ""none"", ""stand""]","[""danger"", ""danger"", ""danger""]",danger,"{""normal"": 0, ""unsafe"": 0, ""danger"": 36}","{""normal"": 0.0, ""unsafe"": 0.0, ""danger"": 1.0}",danger,danger,danger,True,False,labeling_yolo_sequence_coverage,sampled_danger_then_danger_ratio_sampled_unsafe_then_unsafe_ratio_else_normal,danger,intrusion,True,True,True,1.5464,"```json
{
    ""risk_state"": ""danger""
}
```
",True
intrusion_climb-over-fence_rgb_0017_cctv1_f000196_000206_000216,climb-over-fence_plant_rgb,intrusion_climb-over-fence_rgb_0017_cctv1,intrusion_candidate,intrusion,"[196, 206, 216]","[6.533, 6.867, 7.2]","{""start_frame"": 181, ""end_frame"": 216}","[""stand"", ""stand"", ""stand""]","[""danger"", ""danger"", ""danger""]",danger,"{""normal"": 0, ""unsafe"": 0, ""danger"": 36}","{""normal"": 0.0, ""unsafe"": 0.0, ""danger"": 1.0}",danger,danger,danger,True,False,labeling_yolo_sequence_coverage,sampled_danger_then_danger_ratio_sampled_unsafe_then_unsafe_ratio_else_normal,danger,intrusion,True,True,True,1.4299,"```json
{""risk_state"":""danger""}
```
",True
intrusion_climb-over-fence_rgb_0019_cctv1_f000016_000026_000036,climb-over-fence_plant_rgb,intrusion_climb-over-fence_rgb_0019_cctv1,intrusion_candidate,intrusion,"[16, 26, 36]","[0.533, 0.867, 1.2]","{""start_frame"": 1, ""end_frame"": 36}","[""stand, carry/hold (an object)"", ""stand, carry/hold (an object)"", ""stand, carry/hold (an object)""]","[""danger"", ""danger"", ""danger""]",danger,"{""normal"": 0, ""unsafe"": 0, ""danger"": 36}","{""normal"": 0.0, ""unsafe"": 0.0, ""danger"": 1.0}",danger,danger,danger,True,False,labeling_yolo_sequence_coverage,sampled_danger_then_danger_ratio_sampled_unsafe_then_unsafe_ratio_else_normal,danger,intrusion,True,True,True,1.4143,"{
""risk_state"":""danger""
}
",True
intrusion_climb-over-fence_rgb_0019_cctv1_f000046_000056_000066,climb-over-fence_plant_rgb,intrusion_climb-over-fence_rgb_0019_cctv1,intrusion_candidate,intrusion,"[46, 56, 66]","[1.533, 1.867, 2.2]","{""start_frame"": 31, ""end_frame"": 66}","[""stand, carry/hold (an object)"", ""stand, carry/hold (an object)"", ""stand""]","[""danger"", ""danger"", ""danger""]",danger,"{""normal"": 0, ""unsafe"": 0, ""danger"": 36}","{""normal"": 0.0, ""unsafe"": 0.0, ""danger"": 1.0}",danger,danger,danger,True,False,labeling_yolo_sequence_coverage,sampled_danger_then_danger_ratio_sampled_unsafe_then_unsafe_ratio_else_normal,danger,intrusion,True,True,True,1.4382,"```json
{""risk_state"":""danger""}
```
",True
intrusion_climb-over-fence_rgb_0019_cctv1_f000076_000086_000096,climb-over-fence_plant_rgb,intrusion_climb-over-fence_rgb_0019_cctv1,intrusion_candidate,intrusion,"[76, 86, 96]","[2.533, 2.867, 3.2]","{""start_frame"": 61, ""end_frame"": 96}","[""stand"", ""stand"", ""stand""]","[""danger"", ""danger"", ""danger""]",danger,"{""normal"": 0, ""unsafe"": 0, ""danger"": 36}","{""normal"": 0.0, ""unsafe"": 0.0, ""danger"": 1.0}",danger,danger,danger,True,False,labeling_yolo_sequence_coverage,sampled_danger_then_danger_ratio_sampled_unsafe_then_unsafe_ratio_else_normal,danger,intrusion,True,True,True,1.4203,"{
""risk_state"":""danger""
}
",True
intrusion_climb-over-fence_rgb_0019_cctv1_f000106_000116_000126,climb-over-fence_plant_rgb,intrusion_climb-over-fence_rgb_0019_cctv1,intrusion_candidate,intrusion,"[106, 116, 126]","[3.533, 3.867, 4.2]","{""start_frame"": 91, ""end_frame"": 126}","[""stand, carry/hold (an object)"", ""stand"", ""stand""]","[""danger"", ""danger"", ""danger""]",danger,"{""normal"": 0, ""unsafe"": 0, ""danger"": 36}","{""normal"": 0.0, ""unsafe"": 0.0, ""danger"": 1.0}",danger,danger,danger,True,False,labeling_yolo_sequence_coverage,sampled_danger_then_danger_ratio_sampled_unsafe_then_unsafe_ratio_else_normal,danger,intrusion,True,True,True,1.4245,"{
""risk_state"":""danger""
}
",True
intrusion_climb-over-fence_rgb_0019_cctv1_f000136_000146_000156,climb-over-fence_plant_rgb,intrusion_climb-over-fence_rgb_0019_cctv1,intrusion_candidate,intrusion,"[136, 146, 156]","[4.533, 4.867, 5.2]","{""start_frame"": 121, ""end_frame"": 156}","[""stand"", ""stand"", ""stand""]","[""danger"", ""danger"", ""danger""]",danger,"{""normal"": 0, ""unsafe"": 0, ""danger"": 36}","{""normal"": 0.0, ""unsafe"": 0.0, ""danger"": 1.0}",danger,danger,danger,True,False,labeling_yolo_sequence_coverage,sampled_danger_then_danger_ratio_sampled_unsafe_then_unsafe_ratio_else_normal,danger,intrusion,True,True,True,1.4362,"```json
{""risk_state"":""danger""}
```
",True
intrusion_climb-over-fence_rgb_0019_cctv1_f000166_000176_000186,climb-over-fence_plant_rgb,intrusion_climb-over-fence_rgb_0019_cctv1,intrusion_candidate,intrusion,"[166, 176, 186]","[5.533, 5.867, 6.2]","{""start_frame"": 151, ""end_frame"": 186}","[""stand, carry/hold (an object)"", ""stand, carry/hold (an object)"", ""stand, carry/hold (an object)""]","[""danger"", ""danger"", ""danger""]",danger,"{""normal"": 0, ""unsafe"": 0, ""danger"": 36}","{""normal"": 0.0, ""unsafe"": 0.0, ""danger"": 1.0}",danger,danger,danger,True,False,labeling_yolo_sequence_coverage,sampled_danger_then_danger_ratio_sampled_unsafe_then_unsafe_ratio_else_normal,danger,intrusion,True,True,True,1.4211,"{
""risk_state"":""danger""
}
",True
intrusion_climb-over-fence_rgb_0019_cctv1_f000196_000206_000216,climb-over-fence_plant_rgb,intrusion_climb-over-fence_rgb_0019_cctv1,intrusion_candidate,intrusion,"[196, 206, 216]","[6.533, 6.867, 7.2]","{""start_frame"": 181, ""end_frame"": 216}","[""stand"", ""stand"", ""stand""]","[""danger"", ""danger"", ""danger""]",danger,"{""normal"": 0, ""unsafe"": 0, ""danger"": 36}","{""normal"": 0.0, ""unsafe"": 0.0, ""danger"": 1.0}",danger,danger,danger,True,False,labeling_yolo_sequence_coverage,sampled_danger_then_danger_ratio_sampled_unsafe_then_unsafe_ratio_else_normal,danger,intrusion,True,True,True,1.4099,"{
""risk_state"":""danger""
}
",True
intrusion_climb-over-fence_rgb_0024_cctv3_f000016_000026_000036,climb-over-fence_plant_rgb,intrusion_climb-over-fence_rgb_0024_cctv3,intrusion_candidate,intrusion,"[16, 26, 36]","[0.533, 0.867, 1.2]","{""start_frame"": 1, ""end_frame"": 36}","[""carry/hold (an object), walk"", ""walk, carry/hold (an object)"", ""walk, carry/hold (an object)""]","[""danger"", ""danger"", ""danger""]",danger,"{""normal"": 0, ""unsafe"": 0, ""danger"": 36}","{""normal"": 0.0, ""unsafe"": 0.0, ""danger"": 1.0}",danger,danger,danger,True,False,labeling_yolo_sequence_coverage,sampled_danger_then_danger_ratio_sampled_unsafe_then_unsafe_ratio_else_normal,danger,intrusion,True,True,True,1.4352,"```json
{""risk_state"":""danger""}
```
",True
intrusion_climb-over-fence_rgb_0024_cctv3_f000046_000056_000066,climb-over-fence_plant_rgb,intrusion_climb-over-fence_rgb_0024_cctv3,intrusion_candidate,intrusion,"[46, 56, 66]","[1.533, 1.867, 2.2]","{""start_frame"": 31, ""end_frame"": 66}","[""walk, carry/hold (an object)"", ""walk, carry/hold (an object)"", ""walk, carry/hold (an object)""]","[""danger"", ""danger"", ""danger""]",danger,"{""normal"": 0, ""unsafe"": 0, ""danger"": 36}","{""normal"": 0.0, ""unsafe"": 0.0, ""danger"": 1.0}",danger,danger,danger,True,False,labeling_yolo_sequence_coverage,sampled_danger_then_danger_ratio_sampled_unsafe_then_unsafe_ratio_else_normal,danger,intrusion,True,True,True,1.4439,"```json
{""risk_state"":""danger""}
```
",True
intrusion_climb-over-fence_rgb_0024_cctv3_f000076_000086_000096,climb-over-fence_plant_rgb,intrusion_climb-over-fence_rgb_0024_cctv3,intrusion_candidate,intrusion,"[76, 86, 96]","[2.533, 2.867, 3.2]","{""start_frame"": 61, ""end_frame"": 96}","[""stand, walk"", ""carry/hold (an object), stand"", ""bend/bow (at the waist), carry/hold (an object)""]","[""danger"", ""danger"", ""danger""]",danger,"{""normal"": 0, ""unsafe"": 0, ""danger"": 36}","{""normal"": 0.0, ""unsafe"": 0.0, ""danger"": 1.0}",danger,danger,danger,True,False,labeling_yolo_sequence_coverage,sampled_danger_then_danger_ratio_sampled_unsafe_then_unsafe_ratio_else_normal,danger,intrusion,True,True,True,1.4334,"```json
{""risk_state"":""danger""}
```
",True
intrusion_climb-over-fence_rgb_0024_cctv3_f000106_000116_000126,climb-over-fence_plant_rgb,intrusion_climb-over-fence_rgb_0024_cctv3,intrusion_candidate,intrusion,"[106, 116, 126]","[3.533, 3.867, 4.2]","{""start_frame"": 91, ""end_frame"": 126}","[""bend/bow (at the waist), carry/hold (an object)"", ""bend/bow (at the waist), carry/hold (an object)"", ""bend/bow (at the waist), carry/hold (an object)""]","[""danger"", ""danger"", ""danger""]",danger,"{""normal"": 0, ""unsafe"": 0, ""danger"": 36}","{""normal"": 0.0, ""unsafe"": 0.0, ""danger"": 1.0}",danger,danger,danger,True,False,labeling_yolo_sequence_coverage,sampled_danger_then_danger_ratio_sampled_unsafe_then_unsafe_ratio_else_normal,danger,intrusion,True,True,True,1.4294,"```json
{""risk_state"":""danger""}
```
",True
intrusion_climb-over-fence_rgb_0024_cctv3_f000136_000146_000156,climb-over-fence_plant_rgb,intrusion_climb-over-fence_rgb_0024_cctv3,intrusion_candidate,intrusion,"[136, 146, 156]","[4.533, 4.867, 5.2]","{""start_frame"": 121, ""end_frame"": 156}","[""bend/bow (at the waist), carry/hold (an object)"", ""bend/bow (at the waist)"", ""bend/bow (at the waist), carry/hold (an object)""]","[""danger"", ""danger"", ""danger""]",danger,"{""normal"": 0, ""unsafe"": 0, ""danger"": 36}","{""normal"": 0.0, ""unsafe"": 0.0, ""danger"": 1.0}",danger,danger,danger,True,False,labeling_yolo_sequence_coverage,sampled_danger_then_danger_ratio_sampled_unsafe_then_unsafe_ratio_else_normal,danger,intrusion,True,True,True,1.4501,"```json
{""risk_state"":""danger""}
```
",True
intrusion_climb-over-fence_rgb_0024_cctv3_f000166_000176_000186,climb-over-fence_plant_rgb,intrusion_climb-over-fence_rgb_0024_cctv3,intrusion_candidate,intrusion,"[166, 176, 186]","[5.533, 5.867, 6.2]","{""start_frame"": 151, ""end_frame"": 186}","[""bend/bow (at the waist), carry/hold (an object)"", ""bend/bow (at the waist)"", ""bend/bow (at the waist)""]","[""danger"", ""danger"", ""danger""]",danger,"{""normal"": 0, ""unsafe"": 0, ""danger"": 36}","{""normal"": 0.0, ""unsafe"": 0.0, ""danger"": 1.0}",danger,danger,danger,True,False,labeling_yolo_sequence_coverage,sampled_danger_then_danger_ratio_sampled_unsafe_then_unsafe_ratio_else_normal,danger,intrusion,True,True,True,1.4358,"```json
{""risk_state"":""danger""}
```
",True
intrusion_climb-over-fence_rgb_0024_cctv3_f000196_000206_000216,climb-over-fence_plant_rgb,intrusion_climb-over-fence_rgb_0024_cctv3,intrusion_candidate,intrusion,"[196, 206, 216]","[6.533, 6.867, 7.2]","{""start_frame"": 181, ""end_frame"": 216}","[""bend/bow (at the waist)"", ""bend/bow (at the waist)"", ""bend/bow (at the waist), carry/hold (an object)""]","[""danger"", ""danger"", ""danger""]",danger,"{""normal"": 0, ""unsafe"": 0, ""danger"": 36}","{""normal"": 0.0, ""unsafe"": 0.0, ""danger"": 1.0}",danger,danger,danger,True,False,labeling_yolo_sequence_coverage,sampled_danger_then_danger_ratio_sampled_unsafe_then_unsafe_ratio_else_normal,danger,intrusion,True,True,True,1.4285,"```json
{""risk_state"":""danger""}
```
",True
intrusion_climb-over-fence_rgb_0024_cctv3_f000226_000236_000246,climb-over-fence_plant_rgb,intrusion_climb-over-fence_rgb_0024_cctv3,intrusion_candidate,intrusion,"[226, 236, 246]","[7.533, 7.867, 8.2]","{""start_frame"": 211, ""end_frame"": 246}","[""bend/bow (at the waist), carry/hold (an object)"", ""bend/bow (at the waist), carry/hold (an object)"", ""bend/bow (at the waist), carry/hold (an object)""]","[""danger"", ""danger"", ""danger""]",danger,"{""normal"": 0, ""unsafe"": 0, ""danger"": 36}","{""normal"": 0.0, ""unsafe"": 0.0, ""danger"": 1.0}",danger,danger,danger,True,False,labeling_yolo_sequence_coverage,sampled_danger_then_danger_ratio_sampled_unsafe_then_unsafe_ratio_else_normal,danger,intrusion,True,True,True,1.4441,"```json
{""risk_state"":""danger""}
```
",True
intrusion_climb-over-fence_rgb_0025_cctv2_f000016_000026_000036,climb-over-fence_plant_rgb,intrusion_climb-over-fence_rgb_0025_cctv2,intrusion_candidate,intrusion,"[16, 26, 36]","[0.533, 0.867, 1.2]","{""start_frame"": 1, ""end_frame"": 36}","[""walk, carry/hold (an object)"", ""bend/bow (at the waist), carry/hold (an object)"", ""bend/bow (at the waist), carry/hold (an object)""]","[""danger"", ""danger"", ""danger""]",danger,"{""normal"": 0, ""unsafe"": 0, ""danger"": 36}","{""normal"": 0.0, ""unsafe"": 0.0, ""danger"": 1.0}",danger,danger,danger,True,False,labeling_yolo_sequence_coverage,sampled_danger_then_danger_ratio_sampled_unsafe_then_unsafe_ratio_else_normal,danger,intrusion,True,True,True,1.4324,"```json
{""risk_state"":""danger""}
```
",True
intrusion_climb-over-fence_rgb_0025_cctv2_f000046_000056_000066,climb-over-fence_plant_rgb,intrusion_climb-over-fence_rgb_0025_cctv2,intrusion_candidate,intrusion,"[46, 56, 66]","[1.533, 1.867, 2.2]","{""start_frame"": 31, ""end_frame"": 66}","[""bend/bow (at the waist), carry/hold (an object)"", ""bend/bow (at the waist), carry/hold (an object)"", ""bend/bow (at the waist), carry/hold (an object)""]","[""danger"", ""danger"", ""danger""]",danger,"{""normal"": 0, ""unsafe"": 0, ""danger"": 36}","{""normal"": 0.0, ""unsafe"": 0.0, ""danger"": 1.0}",danger,danger,danger,True,False,labeling_yolo_sequence_coverage,sampled_danger_then_danger_ratio_sampled_unsafe_then_unsafe_ratio_else_normal,danger,intrusion,True,True,True,1.4334,"```json
{""risk_state"":""danger""}
```
",True
intrusion_climb-over-fence_rgb_0025_cctv2_f000076_000086_000096,climb-over-fence_plant_rgb,intrusion_climb-over-fence_rgb_0025_cctv2,intrusion_candidate,intrusion,"[76, 86, 96]","[2.533, 2.867, 3.2]","{""start_frame"": 61, ""end_frame"": 96}","[""bend/bow (at the waist), carry/hold (an object)"", ""bend/bow (at the waist), carry/hold (an object)"", ""bend/bow (at the waist), carry/hold (an object)""]","[""danger"", ""danger"", ""danger""]",danger,"{""normal"": 0, ""unsafe"": 0, ""danger"": 36}","{""normal"": 0.0, ""unsafe"": 0.0, ""danger"": 1.0}",danger,danger,danger,True,False,labeling_yolo_sequence_coverage,sampled_danger_then_danger_ratio_sampled_unsafe_then_unsafe_ratio_else_normal,danger,intrusion,True,True,True,1.4237,"{
""risk_state"":""danger""
}
",True
intrusion_climb-over-fence_rgb_0025_cctv2_f000106_000116_000126,climb-over-fence_plant_rgb,intrusion_climb-over-fence_rgb_0025_cctv2,intrusion_candidate,intrusion,"[106, 116, 126]","[3.533, 3.867, 4.2]","{""start_frame"": 91, ""end_frame"": 126}","[""bend/bow (at the waist), carry/hold (an object)"", ""bend/bow (at the waist), carry/hold (an object)"", ""bend/bow (at the waist), carry/hold (an object)""]","[""danger"", ""danger"", ""danger""]",danger,"{""normal"": 0, ""unsafe"": 0, ""danger"": 36}","{""normal"": 0.0, ""unsafe"": 0.0, ""danger"": 1.0}",danger,danger,danger,True,False,labeling_yolo_sequence_coverage,sampled_danger_then_danger_ratio_sampled_unsafe_then_unsafe_ratio_else_normal,danger,intrusion,True,True,True,1.4128,"{
""risk_state"":""danger""
}
",True
intrusion_climb-over-fence_rgb_0025_cctv2_f000136_000146_000156,climb-over-fence_plant_rgb,intrusion_climb-over-fence_rgb_0025_cctv2,intrusion_candidate,intrusion,"[136, 146, 156]","[4.533, 4.867, 5.2]","{""start_frame"": 121, ""end_frame"": 156}","[""bend/bow (at the waist), carry/hold (an object)"", ""bend/bow (at the waist), carry/hold (an object)"", ""bend/bow (at the waist), carry/hold (an object)""]","[""danger"", ""danger"", ""danger""]",danger,"{""normal"": 0, ""unsafe"": 0, ""danger"": 36}","{""normal"": 0.0, ""unsafe"": 0.0, ""danger"": 1.0}",danger,danger,danger,True,False,labeling_yolo_sequence_coverage,sampled_danger_then_danger_ratio_sampled_unsafe_then_unsafe_ratio_else_normal,danger,intrusion,True,True,True,1.4308,"```json
{""risk_state"":""danger""}
```
",True
intrusion_climb-over-fence_rgb_0025_cctv2_f000166_000176_000186,climb-over-fence_plant_rgb,intrusion_climb-over-fence_rgb_0025_cctv2,intrusion_candidate,intrusion,"[166, 176, 186]","[5.533, 5.867, 6.2]","{""start_frame"": 151, ""end_frame"": 186}","[""bend/bow (at the waist), carry/hold (an object)"", ""bend/bow (at the waist), carry/hold (an object)"", ""bend/bow (at the waist), carry/hold (an object)""]","[""danger"", ""danger"", ""danger""]",danger,"{""normal"": 0, ""unsafe"": 0, ""danger"": 36}","{""normal"": 0.0, ""unsafe"": 0.0, ""danger"": 1.0}",danger,danger,danger,True,False,labeling_yolo_sequence_coverage,sampled_danger_then_danger_ratio_sampled_unsafe_then_unsafe_ratio_else_normal,danger,intrusion,True,True,True,1.4281,"```json
{""risk_state"":""danger""}
```
",True
intrusion_climb-over-fence_rgb_0025_cctv2_f000196_000206_000216,climb-over-fence_plant_rgb,intrusion_climb-over-fence_rgb_0025_cctv2,intrusion_candidate,intrusion,"[196, 206, 216]","[6.533, 6.867, 7.2]","{""start_frame"": 181, ""end_frame"": 216}","[""bend/bow (at the waist), carry/hold (an object)"", ""bend/bow (at the waist), carry/hold (an object)"", ""bend/bow (at the waist), carry/hold (an object)""]","[""danger"", ""danger"", ""danger""]",danger,"{""normal"": 0, ""unsafe"": 0, ""danger"": 36}","{""normal"": 0.0, ""unsafe"": 0.0, ""danger"": 1.0}",danger,danger,danger,True,False,labeling_yolo_sequence_coverage,sampled_danger_then_danger_ratio_sampled_unsafe_then_unsafe_ratio_else_normal,danger,intrusion,True,True,True,1.4132,"{
""risk_state"":""danger""
}
",True
intrusion_climb-over-fence_rgb_0034_cctv3_f000016_000026_000036,climb-over-fence_plant_rgb,intrusion_climb-over-fence_rgb_0034_cctv3,intrusion_candidate,intrusion,"[16, 26, 36]","[0.533, 0.867, 1.2]","{""start_frame"": 1, ""end_frame"": 36}","[""walk, carry/hold (an object)"", ""walk, carry/hold (an object)"", ""walk, carry/hold (an object)""]","[""danger"", ""danger"", ""danger""]",danger,"{""normal"": 0, ""unsafe"": 0, ""danger"": 36}","{""normal"": 0.0, ""unsafe"": 0.0, ""danger"": 1.0}",danger,danger,danger,True,False,labeling_yolo_sequence_coverage,sampled_danger_then_danger_ratio_sampled_unsafe_then_unsafe_ratio_else_normal,danger,intrusion,True,True,True,1.4337,"```json
{""risk_state"":""danger""}
```
",True
intrusion_climb-over-fence_rgb_0034_cctv3_f000046_000056_000066,climb-over-fence_plant_rgb,intrusion_climb-over-fence_rgb_0034_cctv3,intrusion_candidate,intrusion,"[46, 56, 66]","[1.533, 1.867, 2.2]","{""start_frame"": 31, ""end_frame"": 66}","[""carry/hold (an object), walk"", ""carry/hold (an object), walk"", ""carry/hold (an object), stand""]","[""danger"", ""danger"", ""danger""]",danger,"{""normal"": 0, ""unsafe"": 0, ""danger"": 36}","{""normal"": 0.0, ""unsafe"": 0.0, ""danger"": 1.0}",danger,danger,danger,True,False,labeling_yolo_sequence_coverage,sampled_danger_then_danger_ratio_sampled_unsafe_then_unsafe_ratio_else_normal,danger,intrusion,True,True,True,1.4448,"```json
{""risk_state"":""danger""}
```
",True
intrusion_climb-over-fence_rgb_0034_cctv3_f000076_000086_000096,climb-over-fence_plant_rgb,intrusion_climb-over-fence_rgb_0034_cctv3,intrusion_candidate,intrusion,"[76, 86, 96]","[2.533, 2.867, 3.2]","{""start_frame"": 61, ""end_frame"": 96}","[""bend/bow (at the waist), carry/hold (an object)"", ""bend/bow (at the waist), carry/hold (an object)"", ""bend/bow (at the waist), carry/hold (an object)""]","[""danger"", ""danger"", ""danger""]",danger,"{""normal"": 0, ""unsafe"": 0, ""danger"": 36}","{""normal"": 0.0, ""unsafe"": 0.0, ""danger"": 1.0}",danger,danger,danger,True,False,labeling_yolo_sequence_coverage,sampled_danger_then_danger_ratio_sampled_unsafe_then_unsafe_ratio_else_normal,danger,intrusion,True,True,True,1.44,"```json
{""risk_state"":""danger""}
```
",True
intrusion_climb-over-fence_rgb_0034_cctv3_f000106_000116_000126,climb-over-fence_plant_rgb,intrusion_climb-over-fence_rgb_0034_cctv3,intrusion_candidate,intrusion,"[106, 116, 126]","[3.533, 3.867, 4.2]","{""start_frame"": 91, ""end_frame"": 126}","[""bend/bow (at the waist), carry/hold (an object)"", ""bend/bow (at the waist), carry/hold (an object)"", ""bend/bow (at the waist), carry/hold (an object)""]","[""danger"", ""danger"", ""danger""]",danger,"{""normal"": 0, ""unsafe"": 0, ""danger"": 36}","{""normal"": 0.0, ""unsafe"": 0.0, ""danger"": 1.0}",danger,danger,danger,True,False,labeling_yolo_sequence_coverage,sampled_danger_then_danger_ratio_sampled_unsafe_then_unsafe_ratio_else_normal,danger,intrusion,True,True,True,1.433,"```json
{""risk_state"":""danger""}
```
",True
intrusion_climb-over-fence_rgb_0034_cctv3_f000136_000146_000156,climb-over-fence_plant_rgb,intrusion_climb-over-fence_rgb_0034_cctv3,intrusion_candidate,intrusion,"[136, 146, 156]","[4.533, 4.867, 5.2]","{""start_frame"": 121, ""end_frame"": 156}","[""bend/bow (at the waist), carry/hold (an object)"", ""bend/bow (at the waist), carry/hold (an object)"", ""bend/bow (at the waist), carry/hold (an object)""]","[""danger"", ""danger"", ""danger""]",danger,"{""normal"": 0, ""unsafe"": 0, ""danger"": 36}","{""normal"": 0.0, ""unsafe"": 0.0, ""danger"": 1.0}",danger,danger,danger,True,False,labeling_yolo_sequence_coverage,sampled_danger_then_danger_ratio_sampled_unsafe_then_unsafe_ratio_else_normal,danger,intrusion,True,True,True,1.4366,"```json
{""risk_state"":""danger""}
```
",True
intrusion_climb-over-fence_rgb_0034_cctv3_f000166_000176_000186,climb-over-fence_plant_rgb,intrusion_climb-over-fence_rgb_0034_cctv3,intrusion_candidate,intrusion,"[166, 176, 186]","[5.533, 5.867, 6.2]","{""start_frame"": 151, ""end_frame"": 186}","[""bend/bow (at the waist), carry/hold (an object)"", ""bend/bow (at the waist), carry/hold (an object)"", ""bend/bow (at the waist), carry/hold (an object)""]","[""danger"", ""danger"", ""danger""]",danger,"{""normal"": 0, ""unsafe"": 0, ""danger"": 36}","{""normal"": 0.0, ""unsafe"": 0.0, ""danger"": 1.0}",danger,danger,danger,True,False,labeling_yolo_sequence_coverage,sampled_danger_then_danger_ratio_sampled_unsafe_then_unsafe_ratio_else_normal,danger,intrusion,True,True,True,1.4429,"```json
{""risk_state"":""danger""}
```
",True
intrusion_climb-over-fence_rgb_0034_cctv3_f000196_000206_000216,climb-over-fence_plant_rgb,intrusion_climb-over-fence_rgb_0034_cctv3,intrusion_candidate,intrusion,"[196, 206, 216]","[6.533, 6.867, 7.2]","{""start_frame"": 181, ""end_frame"": 216}","[""bend/bow (at the waist), carry/hold (an object)"", ""bend/bow (at the waist), carry/hold (an object)"", ""bend/bow (at the waist), carry/hold (an object)""]","[""danger"", ""danger"", ""danger""]",danger,"{""normal"": 0, ""unsafe"": 0, ""danger"": 36}","{""normal"": 0.0, ""unsafe"": 0.0, ""danger"": 1.0}",danger,danger,danger,True,False,labeling_yolo_sequence_coverage,sampled_danger_then_danger_ratio_sampled_unsafe_then_unsafe_ratio_else_normal,danger,intrusion,True,True,True,1.4348,"```json
{""risk_state"":""danger""}
```
",True
intrusion_climb-over-fence_rgb_0038_cctv3_f000016_000026_000036,climb-over-fence_plant_rgb,intrusion_climb-over-fence_rgb_0038_cctv3,intrusion_candidate,intrusion,"[16, 26, 36]","[0.533, 0.867, 1.2]","{""start_frame"": 1, ""end_frame"": 36}","[""walk, carry/hold (an object)"", ""stand, carry/hold (an object)"", ""walk, carry/hold (an object)""]","[""danger"", ""danger"", ""danger""]",danger,"{""normal"": 0, ""unsafe"": 0, ""danger"": 36}","{""normal"": 0.0, ""unsafe"": 0.0, ""danger"": 1.0}",danger,danger,danger,True,False,labeling_yolo_sequence_coverage,sampled_danger_then_danger_ratio_sampled_unsafe_then_unsafe_ratio_else_normal,danger,intrusion,True,True,True,1.4373,"```json
{""risk_state"":""danger""}
```
",True
intrusion_climb-over-fence_rgb_0038_cctv3_f000046_000056_000066,climb-over-fence_plant_rgb,intrusion_climb-over-fence_rgb_0038_cctv3,intrusion_candidate,intrusion,"[46, 56, 66]","[1.533, 1.867, 2.2]","{""start_frame"": 31, ""end_frame"": 66}","[""carry/hold (an object), run/jog"", ""walk, carry/hold (an object)"", ""walk, carry/hold (an object)""]","[""danger"", ""danger"", ""danger""]",danger,"{""normal"": 0, ""unsafe"": 0, ""danger"": 36}","{""normal"": 0.0, ""unsafe"": 0.0, ""danger"": 1.0}",danger,danger,danger,True,False,labeling_yolo_sequence_coverage,sampled_danger_then_danger_ratio_sampled_unsafe_then_unsafe_ratio_else_normal,danger,intrusion,True,True,True,1.4358,"```json
{""risk_state"":""danger""}
```
",True
intrusion_climb-over-fence_rgb_0038_cctv3_f000076_000086_000096,climb-over-fence_plant_rgb,intrusion_climb-over-fence_rgb_0038_cctv3,intrusion_candidate,intrusion,"[76, 86, 96]","[2.533, 2.867, 3.2]","{""start_frame"": 61, ""end_frame"": 96}","[""walk, carry/hold (an object)"", ""walk, stand"", ""walk, carry/hold (an object)""]","[""danger"", ""danger"", ""danger""]",danger,"{""normal"": 0, ""unsafe"": 0, ""danger"": 36}","{""normal"": 0.0, ""unsafe"": 0.0, ""danger"": 1.0}",danger,danger,danger,True,False,labeling_yolo_sequence_coverage,sampled_danger_then_danger_ratio_sampled_unsafe_then_unsafe_ratio_else_normal,danger,intrusion,True,True,True,1.4356,"```json
{""risk_state"":""danger""}
```
",True
intrusion_climb-over-fence_rgb_0038_cctv3_f000106_000116_000126,climb-over-fence_plant_rgb,intrusion_climb-over-fence_rgb_0038_cctv3,intrusion_candidate,intrusion,"[106, 116, 126]","[3.533, 3.867, 4.2]","{""start_frame"": 91, ""end_frame"": 126}","[""stand, carry/hold (an object)"", ""stand, walk"", ""walk, carry/hold (an object)""]","[""danger"", ""danger"", ""danger""]",danger,"{""normal"": 0, ""unsafe"": 0, ""danger"": 36}","{""normal"": 0.0, ""unsafe"": 0.0, ""danger"": 1.0}",danger,danger,danger,True,False,labeling_yolo_sequence_coverage,sampled_danger_then_danger_ratio_sampled_unsafe_then_unsafe_ratio_else_normal,danger,intrusion,True,True,True,1.4341,"```json
{""risk_state"":""danger""}
```
",True
intrusion_climb-over-fence_rgb_0038_cctv3_f000136_000146_000156,climb-over-fence_plant_rgb,intrusion_climb-over-fence_rgb_0038_cctv3,intrusion_candidate,intrusion,"[136, 146, 156]","[4.533, 4.867, 5.2]","{""start_frame"": 121, ""end_frame"": 156}","[""carry/hold (an object), walk"", ""carry/hold (an object), stand"", ""stand, carry/hold (an object)""]","[""danger"", ""danger"", ""danger""]",danger,"{""normal"": 0, ""unsafe"": 0, ""danger"": 36}","{""normal"": 0.0, ""unsafe"": 0.0, ""danger"": 1.0}",danger,danger,danger,True,False,labeling_yolo_sequence_coverage,sampled_danger_then_danger_ratio_sampled_unsafe_then_unsafe_ratio_else_normal,danger,intrusion,True,True,True,1.4305,"```json
{""risk_state"":""danger""}
```
",True
intrusion_climb-over-fence_rgb_0038_cctv3_f000166_000176_000186,climb-over-fence_plant_rgb,intrusion_climb-over-fence_rgb_0038_cctv3,intrusion_candidate,intrusion,"[166, 176, 186]","[5.533, 5.867, 6.2]","{""start_frame"": 151, ""end_frame"": 186}","[""stand, carry/hold (an object)"", ""bend/bow (at the waist), carry/hold (an object)"", ""bend/bow (at the waist)""]","[""danger"", ""danger"", ""danger""]",danger,"{""normal"": 0, ""unsafe"": 0, ""danger"": 36}","{""normal"": 0.0, ""unsafe"": 0.0, ""danger"": 1.0}",danger,danger,danger,True,False,labeling_yolo_sequence_coverage,sampled_danger_then_danger_ratio_sampled_unsafe_then_unsafe_ratio_else_normal,danger,intrusion,True,True,True,1.4307,"```json
{""risk_state"":""danger""}
```
",True
intrusion_climb-over-fence_rgb_0038_cctv3_f000196_000206_000216,climb-over-fence_plant_rgb,intrusion_climb-over-fence_rgb_0038_cctv3,intrusion_candidate,intrusion,"[196, 206, 216]","[6.533, 6.867, 7.2]","{""start_frame"": 181, ""end_frame"": 216}","[""bend/bow (at the waist), carry/hold (an object)"", ""bend/bow (at the waist), carry/hold (an object)"", ""bend/bow (at the waist), carry/hold (an object)""]","[""danger"", ""danger"", ""danger""]",danger,"{""normal"": 0, ""unsafe"": 0, ""danger"": 36}","{""normal"": 0.0, ""unsafe"": 0.0, ""danger"": 1.0}",danger,danger,danger,True,False,labeling_yolo_sequence_coverage,sampled_danger_then_danger_ratio_sampled_unsafe_then_unsafe_ratio_else_normal,danger,intrusion,True,True,True,1.4354,"```json
{""risk_state"":""danger""}
```
",True
intrusion_climb-over-fence_rgb_0038_cctv3_f000226_000236_000246,climb-over-fence_plant_rgb,intrusion_climb-over-fence_rgb_0038_cctv3,intrusion_candidate,intrusion,"[226, 236, 246]","[7.533, 7.867, 8.2]","{""start_frame"": 211, ""end_frame"": 246}","[""bend/bow (at the waist), carry/hold (an object)"", ""bend/bow (at the waist), carry/hold (an object)"", ""bend/bow (at the waist), carry/hold (an object)""]","[""danger"", ""danger"", ""danger""]",danger,"{""normal"": 0, ""unsafe"": 0, ""danger"": 36}","{""normal"": 0.0, ""unsafe"": 0.0, ""danger"": 1.0}",danger,danger,danger,True,False,labeling_yolo_sequence_coverage,sampled_danger_then_danger_ratio_sampled_unsafe_then_unsafe_ratio_else_normal,danger,intrusion,True,True,True,1.4375,"```json
{""risk_state"":""danger""}
```
",True
intrusion_climb-over-fence_rgb_0052_cctv1_f000016_000026_000036,climb-over-fence_plant_rgb,intrusion_climb-over-fence_rgb_0052_cctv1,intrusion_candidate,intrusion,"[16, 26, 36]","[0.533, 0.867, 1.2]","{""start_frame"": 1, ""end_frame"": 36}","[""carry/hold (an object), walk"", ""bend/bow (at the waist), carry/hold (an object)"", ""bend/bow (at the waist), carry/hold (an object)""]","[""danger"", ""danger"", ""danger""]",danger,"{""normal"": 0, ""unsafe"": 0, ""danger"": 36}","{""normal"": 0.0, ""unsafe"": 0.0, ""danger"": 1.0}",danger,danger,danger,True,False,labeling_yolo_sequence_coverage,sampled_danger_then_danger_ratio_sampled_unsafe_then_unsafe_ratio_else_normal,danger,intrusion,True,True,True,1.4413,"```json
{""risk_state"":""danger""}
```
",True
intrusion_climb-over-fence_rgb_0052_cctv1_f000046_000056_000066,climb-over-fence_plant_rgb,intrusion_climb-over-fence_rgb_0052_cctv1,intrusion_candidate,intrusion,"[46, 56, 66]","[1.533, 1.867, 2.2]","{""start_frame"": 31, ""end_frame"": 66}","[""bend/bow (at the waist), carry/hold (an object)"", ""bend/bow (at the waist)"", ""bend/bow (at the waist)""]","[""danger"", ""danger"", ""danger""]",danger,"{""normal"": 0, ""unsafe"": 0, ""danger"": 36}","{""normal"": 0.0, ""unsafe"": 0.0, ""danger"": 1.0}",danger,danger,danger,True,False,labeling_yolo_sequence_coverage,sampled_danger_then_danger_ratio_sampled_unsafe_then_unsafe_ratio_else_normal,danger,intrusion,True,True,True,1.4117,"{
""risk_state"":""danger""
}
",True
intrusion_climb-over-fence_rgb_0052_cctv1_f000076_000086_000096,climb-over-fence_plant_rgb,intrusion_climb-over-fence_rgb_0052_cctv1,intrusion_candidate,intrusion,"[76, 86, 96]","[2.533, 2.867, 3.2]","{""start_frame"": 61, ""end_frame"": 96}","[""bend/bow (at the waist), carry/hold (an object)"", ""bend/bow (at the waist), stand"", ""bend/bow (at the waist), carry/hold (an object)""]","[""danger"", ""danger"", ""danger""]",danger,"{""normal"": 0, ""unsafe"": 0, ""danger"": 36}","{""normal"": 0.0, ""unsafe"": 0.0, ""danger"": 1.0}",danger,danger,danger,True,False,labeling_yolo_sequence_coverage,sampled_danger_then_danger_ratio_sampled_unsafe_then_unsafe_ratio_else_normal,danger,intrusion,True,True,True,1.4162,"{
""risk_state"":""danger""
}
",True
intrusion_climb-over-fence_rgb_0052_cctv1_f000106_000116_000126,climb-over-fence_plant_rgb,intrusion_climb-over-fence_rgb_0052_cctv1,intrusion_candidate,intrusion,"[106, 116, 126]","[3.533, 3.867, 4.2]","{""start_frame"": 91, ""end_frame"": 126}","[""stand, carry/hold (an object)"", ""stand, carry/hold (an object)"", ""stand, bend/bow (at the waist)""]","[""danger"", ""danger"", ""danger""]",danger,"{""normal"": 0, ""unsafe"": 0, ""danger"": 36}","{""normal"": 0.0, ""unsafe"": 0.0, ""danger"": 1.0}",danger,danger,danger,True,False,labeling_yolo_sequence_coverage,sampled_danger_then_danger_ratio_sampled_unsafe_then_unsafe_ratio_else_normal,danger,intrusion,True,True,True,1.4344,"```json
{""risk_state"":""danger""}
```
",True
intrusion_climb-over-fence_rgb_0052_cctv1_f000136_000146_000156,climb-over-fence_plant_rgb,intrusion_climb-over-fence_rgb_0052_cctv1,intrusion_candidate,intrusion,"[136, 146, 156]","[4.533, 4.867, 5.2]","{""start_frame"": 121, ""end_frame"": 156}","[""stand, carry/hold (an object)"", ""bend/bow (at the waist), carry/hold (an object)"", ""bend/bow (at the waist), carry/hold (an object)""]","[""danger"", ""danger"", ""danger""]",danger,"{""normal"": 0, ""unsafe"": 0, ""danger"": 36}","{""normal"": 0.0, ""unsafe"": 0.0, ""danger"": 1.0}",danger,danger,danger,True,False,labeling_yolo_sequence_coverage,sampled_danger_then_danger_ratio_sampled_unsafe_then_unsafe_ratio_else_normal,danger,intrusion,True,True,True,1.434,"```json
{""risk_state"":""danger""}
```
",True
intrusion_climb-over-fence_rgb_0052_cctv1_f000166_000176_000186,climb-over-fence_plant_rgb,intrusion_climb-over-fence_rgb_0052_cctv1,intrusion_candidate,intrusion,"[166, 176, 186]","[5.533, 5.867, 6.2]","{""start_frame"": 151, ""end_frame"": 186}","[""bend/bow (at the waist)"", ""bend/bow (at the waist), stand"", ""stand, carry/hold (an object)""]","[""danger"", ""danger"", ""danger""]",danger,"{""normal"": 0, ""unsafe"": 0, ""danger"": 36}","{""normal"": 0.0, ""unsafe"": 0.0, ""danger"": 1.0}",danger,danger,danger,True,False,labeling_yolo_sequence_coverage,sampled_danger_then_danger_ratio_sampled_unsafe_then_unsafe_ratio_else_normal,danger,intrusion,True,True,True,1.4114,"{
""risk_state"":""danger""
}
",True
intrusion_climb-over-fence_rgb_0052_cctv1_f000196_000206_000216,climb-over-fence_plant_rgb,intrusion_climb-over-fence_rgb_0052_cctv1,intrusion_candidate,intrusion,"[196, 206, 216]","[6.533, 6.867, 7.2]","{""start_frame"": 181, ""end_frame"": 216}","[""stand, carry/hold (an object)"", ""stand, carry/hold (an object)"", ""none""]","[""danger"", ""danger"", ""danger""]",danger,"{""normal"": 0, ""unsafe"": 0, ""danger"": 36}","{""normal"": 0.0, ""unsafe"": 0.0, ""danger"": 1.0}",danger,danger,danger,True,False,labeling_yolo_sequence_coverage,sampled_danger_then_danger_ratio_sampled_unsafe_then_unsafe_ratio_else_normal,danger,intrusion,True,True,True,1.43,"```json
{""risk_state"":""danger""}
```
",True
intrusion_climb-over-fence_rgb_0052_cctv1_f000226_000236_000246,climb-over-fence_plant_rgb,intrusion_climb-over-fence_rgb_0052_cctv1,intrusion_candidate,intrusion,"[226, 236, 246]","[7.533, 7.867, 8.2]","{""start_frame"": 211, ""end_frame"": 246}","[""stand, carry/hold (an object)"", ""stand, carry/hold (an object)"", ""stand, carry/hold (an object)""]","[""danger"", ""danger"", ""danger""]",danger,"{""normal"": 0, ""unsafe"": 0, ""danger"": 36}","{""normal"": 0.0, ""unsafe"": 0.0, ""danger"": 1.0}",danger,danger,danger,True,False,labeling_yolo_sequence_coverage,sampled_danger_then_danger_ratio_sampled_unsafe_then_unsafe_ratio_else_normal,danger,intrusion,True,True,True,1.4341,"```json
{""risk_state"":""danger""}
```
",True
intrusion_climb-over-fence_rgb_0054_cctv1_f000016_000026_000036,climb-over-fence_plant_rgb,intrusion_climb-over-fence_rgb_0054_cctv1,intrusion_candidate,intrusion,"[16, 26, 36]","[0.533, 0.867, 1.2]","{""start_frame"": 1, ""end_frame"": 36}","[""bend/bow (at the waist), carry/hold (an object)"", ""bend/bow (at the waist), carry/hold (an object)"", ""bend/bow (at the waist), carry/hold (an object)""]","[""danger"", ""danger"", ""danger""]",danger,"{""normal"": 0, ""unsafe"": 0, ""danger"": 36}","{""normal"": 0.0, ""unsafe"": 0.0, ""danger"": 1.0}",danger,danger,danger,True,False,labeling_yolo_sequence_coverage,sampled_danger_then_danger_ratio_sampled_unsafe_then_unsafe_ratio_else_normal,danger,intrusion,True,True,True,1.4324,"```json
{""risk_state"":""danger""}
```
",True
intrusion_climb-over-fence_rgb_0054_cctv1_f000046_000056_000066,climb-over-fence_plant_rgb,intrusion_climb-over-fence_rgb_0054_cctv1,intrusion_candidate,intrusion,"[46, 56, 66]","[1.533, 1.867, 2.2]","{""start_frame"": 31, ""end_frame"": 66}","[""bend/bow (at the waist), carry/hold (an object)"", ""bend/bow (at the waist), stand"", ""bend/bow (at the waist), stand""]","[""danger"", ""danger"", ""danger""]",danger,"{""normal"": 0, ""unsafe"": 0, ""danger"": 36}","{""normal"": 0.0, ""unsafe"": 0.0, ""danger"": 1.0}",danger,danger,danger,True,False,labeling_yolo_sequence_coverage,sampled_danger_then_danger_ratio_sampled_unsafe_then_unsafe_ratio_else_normal,danger,intrusion,True,True,True,1.4356,"```json
{""risk_state"":""danger""}
```
",True
intrusion_climb-over-fence_rgb_0054_cctv1_f000076_000086_000096,climb-over-fence_plant_rgb,intrusion_climb-over-fence_rgb_0054_cctv1,intrusion_candidate,intrusion,"[76, 86, 96]","[2.533, 2.867, 3.2]","{""start_frame"": 61, ""end_frame"": 96}","[""stand, carry/hold (an object)"", ""stand, carry/hold (an object)"", ""stand, carry/hold (an object)""]","[""danger"", ""danger"", ""danger""]",danger,"{""normal"": 0, ""unsafe"": 0, ""danger"": 36}","{""normal"": 0.0, ""unsafe"": 0.0, ""danger"": 1.0}",danger,danger,danger,True,False,labeling_yolo_sequence_coverage,sampled_danger_then_danger_ratio_sampled_unsafe_then_unsafe_ratio_else_normal,danger,intrusion,True,True,True,1.4151,"{
""risk_state"":""danger""
}
",True
intrusion_climb-over-fence_rgb_0054_cctv1_f000106_000116_000126,climb-over-fence_plant_rgb,intrusion_climb-over-fence_rgb_0054_cctv1,intrusion_candidate,intrusion,"[106, 116, 126]","[3.533, 3.867, 4.2]","{""start_frame"": 91, ""end_frame"": 126}","[""stand, carry/hold (an object)"", ""carry/hold (an object), stand"", ""carry/hold (an object), bend/bow (at the waist)""]","[""danger"", ""danger"", ""danger""]",danger,"{""normal"": 0, ""unsafe"": 0, ""danger"": 36}","{""normal"": 0.0, ""unsafe"": 0.0, ""danger"": 1.0}",danger,danger,danger,True,False,labeling_yolo_sequence_coverage,sampled_danger_then_danger_ratio_sampled_unsafe_then_unsafe_ratio_else_normal,danger,intrusion,True,True,True,1.4114,"{
""risk_state"":""danger""
}
",True
intrusion_climb-over-fence_rgb_0054_cctv1_f000136_000146_000156,climb-over-fence_plant_rgb,intrusion_climb-over-fence_rgb_0054_cctv1,intrusion_candidate,intrusion,"[136, 146, 156]","[4.533, 4.867, 5.2]","{""start_frame"": 121, ""end_frame"": 156}","[""stand, carry/hold (an object)"", ""stand, carry/hold (an object)"", ""stand, carry/hold (an object)""]","[""danger"", ""danger"", ""danger""]",danger,"{""normal"": 0, ""unsafe"": 0, ""danger"": 36}","{""normal"": 0.0, ""unsafe"": 0.0, ""danger"": 1.0}",danger,danger,danger,True,False,labeling_yolo_sequence_coverage,sampled_danger_then_danger_ratio_sampled_unsafe_then_unsafe_ratio_else_normal,danger,intrusion,True,True,True,1.4388,"```json
{""risk_state"":""danger""}
```
",True
intrusion_climb-over-fence_rgb_0004_cctv1_f000016_000026_000036,climb-over-fence_smart_rgb,intrusion_climb-over-fence_rgb_0004_cctv1,intrusion_candidate,intrusion,"[16, 26, 36]","[0.533, 0.867, 1.2]","{""start_frame"": 1, ""end_frame"": 36}","[""walk, carry/hold (an object)"", ""walk, carry/hold (an object)"", ""walk, carry/hold (an object)""]","[""normal"", ""normal"", ""unsafe""]",unsafe,"{""normal"": 28, ""unsafe"": 8, ""danger"": 0}","{""normal"": 0.7778, ""unsafe"": 0.2222, ""danger"": 0.0}",normal,unsafe,unsafe,True,False,labeling_yolo_sequence_coverage,sampled_danger_then_danger_ratio_sampled_unsafe_then_unsafe_ratio_else_normal,unsafe,intrusion,True,True,True,1.5464,"```json
{
  ""risk_state"": ""unsafe""
}
```
",True
intrusion_climb-over-fence_rgb_0004_cctv1_f000046_000056_000066,climb-over-fence_smart_rgb,intrusion_climb-over-fence_rgb_0004_cctv1,intrusion_candidate,intrusion,"[46, 56, 66]","[1.533, 1.867, 2.2]","{""start_frame"": 31, ""end_frame"": 66}","[""run/jog, carry/hold (an object)"", ""carry/hold (an object), walk"", ""walk, carry/hold (an object)""]","[""danger"", ""danger"", ""danger""]",danger,"{""normal"": 0, ""unsafe"": 10, ""danger"": 26}","{""normal"": 0.0, ""unsafe"": 0.2778, ""danger"": 0.7222}",danger,danger,danger,True,False,labeling_yolo_sequence_coverage,sampled_danger_then_danger_ratio_sampled_unsafe_then_unsafe_ratio_else_normal,danger,intrusion,True,True,True,1.545,"```json
{
  ""risk_state"": ""danger""
}
```
",True
intrusion_climb-over-fence_rgb_0004_cctv1_f000076_000086_000096,climb-over-fence_smart_rgb,intrusion_climb-over-fence_rgb_0004_cctv1,intrusion_candidate,intrusion,"[76, 86, 96]","[2.533, 2.867, 3.2]","{""start_frame"": 61, ""end_frame"": 96}","[""walk, carry/hold (an object)"", ""stand, carry/hold (an object)"", ""stand, answer phone""]","[""danger"", ""danger"", ""danger""]",danger,"{""normal"": 0, ""unsafe"": 0, ""danger"": 36}","{""normal"": 0.0, ""unsafe"": 0.0, ""danger"": 1.0}",danger,danger,danger,True,False,labeling_yolo_sequence_coverage,sampled_danger_then_danger_ratio_sampled_unsafe_then_unsafe_ratio_else_normal,danger,intrusion,True,True,True,1.5601,"```json
{
  ""risk_state"": ""danger""
}
```
",True
intrusion_climb-over-fence_rgb_0004_cctv1_f000106_000116_000126,climb-over-fence_smart_rgb,intrusion_climb-over-fence_rgb_0004_cctv1,intrusion_candidate,intrusion,"[106, 116, 126]","[3.533, 3.867, 4.2]","{""start_frame"": 91, ""end_frame"": 126}","[""stand"", ""stand, answer phone"", ""stand, answer phone""]","[""danger"", ""danger"", ""danger""]",danger,"{""normal"": 0, ""unsafe"": 0, ""danger"": 36}","{""normal"": 0.0, ""unsafe"": 0.0, ""danger"": 1.0}",danger,danger,danger,True,False,labeling_yolo_sequence_coverage,sampled_danger_then_danger_ratio_sampled_unsafe_then_unsafe_ratio_else_normal,danger,intrusion,True,True,True,1.5519,"```json
{
  ""risk_state"": ""danger""
}
```
",True
intrusion_climb-over-fence_rgb_0004_cctv1_f000136_000146_000156,climb-over-fence_smart_rgb,intrusion_climb-over-fence_rgb_0004_cctv1,intrusion_candidate,intrusion,"[136, 146, 156]","[4.533, 4.867, 5.2]","{""start_frame"": 121, ""end_frame"": 156}","[""stand, answer phone"", ""stand, answer phone"", ""stand, answer phone""]","[""danger"", ""danger"", ""danger""]",danger,"{""normal"": 0, ""unsafe"": 0, ""danger"": 36}","{""normal"": 0.0, ""unsafe"": 0.0, ""danger"": 1.0}",danger,danger,danger,True,False,labeling_yolo_sequence_coverage,sampled_danger_then_danger_ratio_sampled_unsafe_then_unsafe_ratio_else_normal,danger,intrusion,True,True,True,1.5489,"```json
{
  ""risk_state"": ""danger""
}
```
",True
intrusion_climb-over-fence_rgb_0004_cctv1_f000166_000176_000186,climb-over-fence_smart_rgb,intrusion_climb-over-fence_rgb_0004_cctv1,intrusion_candidate,intrusion,"[166, 176, 186]","[5.533, 5.867, 6.2]","{""start_frame"": 151, ""end_frame"": 186}","[""stand, carry/hold (an object)"", ""walk, carry/hold (an object)"", ""stand, carry/hold (an object)""]","[""danger"", ""danger"", ""danger""]",danger,"{""normal"": 0, ""unsafe"": 0, ""danger"": 36}","{""normal"": 0.0, ""unsafe"": 0.0, ""danger"": 1.0}",danger,danger,danger,True,False,labeling_yolo_sequence_coverage,sampled_danger_then_danger_ratio_sampled_unsafe_then_unsafe_ratio_else_normal,danger,intrusion,True,True,True,1.5642,"```json
{
  ""risk_state"": ""danger""
}
```
",True
intrusion_climb-over-fence_rgb_0004_cctv1_f000196_000206_000216,climb-over-fence_smart_rgb,intrusion_climb-over-fence_rgb_0004_cctv1,intrusion_candidate,intrusion,"[196, 206, 216]","[6.533, 6.867, 7.2]","{""start_frame"": 181, ""end_frame"": 216}","[""stand, carry/hold (an object)"", ""stand, walk"", ""bend/bow (at the waist), carry/hold (an object)""]","[""danger"", ""danger"", ""danger""]",danger,"{""normal"": 0, ""unsafe"": 0, ""danger"": 36}","{""normal"": 0.0, ""unsafe"": 0.0, ""danger"": 1.0}",danger,danger,danger,True,False,labeling_yolo_sequence_coverage,sampled_danger_then_danger_ratio_sampled_unsafe_then_unsafe_ratio_else_normal,danger,intrusion,True,True,True,1.5572,"```json
{
    ""risk_state"": ""danger""
}
```
",True
intrusion_climb-over-fence_rgb_0004_cctv1_f000226_000236_000246,climb-over-fence_smart_rgb,intrusion_climb-over-fence_rgb_0004_cctv1,intrusion_candidate,intrusion,"[226, 236, 246]","[7.533, 7.867, 8.2]","{""start_frame"": 211, ""end_frame"": 246}","[""bend/bow (at the waist), carry/hold (an object)"", ""bend/bow (at the waist), carry/hold (an object)"", ""stand, carry/hold (an object)""]","[""danger"", ""danger"", ""danger""]",danger,"{""normal"": 0, ""unsafe"": 0, ""danger"": 36}","{""normal"": 0.0, ""unsafe"": 0.0, ""danger"": 1.0}",danger,danger,danger,True,False,labeling_yolo_sequence_coverage,sampled_danger_then_danger_ratio_sampled_unsafe_then_unsafe_ratio_else_normal,danger,intrusion,True,True,True,1.5602,"```json
{
  ""risk_state"": ""danger""
}
```
",True
intrusion_climb-over-fence_rgb_0004_cctv1_f000256_000266_000276,climb-over-fence_smart_rgb,intrusion_climb-over-fence_rgb_0004_cctv1,intrusion_candidate,intrusion,"[256, 266, 276]","[8.533, 8.867, 9.2]","{""start_frame"": 241, ""end_frame"": 276}","[""stand, answer phone"", ""stand, answer phone"", ""stand, answer phone""]","[""danger"", ""danger"", ""danger""]",danger,"{""normal"": 0, ""unsafe"": 0, ""danger"": 36}","{""normal"": 0.0, ""unsafe"": 0.0, ""danger"": 1.0}",danger,danger,danger,True,False,labeling_yolo_sequence_coverage,sampled_danger_then_danger_ratio_sampled_unsafe_then_unsafe_ratio_else_normal,danger,intrusion,True,True,True,1.5546,"```json
{
  ""risk_state"": ""danger""
}
```
",True
intrusion_climb-over-fence_rgb_0004_cctv1_f000286_000296_000306,climb-over-fence_smart_rgb,intrusion_climb-over-fence_rgb_0004_cctv1,intrusion_candidate,intrusion,"[286, 296, 306]","[9.533, 9.867, 10.2]","{""start_frame"": 271, ""end_frame"": 306}","[""stand, carry/hold (an object)"", ""bend/bow (at the waist), carry/hold (an object)"", ""stand, carry/hold (an object)""]","[""danger"", ""danger"", ""danger""]",danger,"{""normal"": 0, ""unsafe"": 0, ""danger"": 36}","{""normal"": 0.0, ""unsafe"": 0.0, ""danger"": 1.0}",danger,danger,danger,True,False,labeling_yolo_sequence_coverage,sampled_danger_then_danger_ratio_sampled_unsafe_then_unsafe_ratio_else_normal,danger,intrusion,True,True,True,1.5573,"```json
{
  ""risk_state"": ""danger""
}
```
",True
intrusion_climb-over-fence_rgb_0004_cctv1_f000316_000326_000336,climb-over-fence_smart_rgb,intrusion_climb-over-fence_rgb_0004_cctv1,intrusion_candidate,intrusion,"[316, 326, 336]","[10.533, 10.867, 11.2]","{""start_frame"": 301, ""end_frame"": 336}","[""stand, carry/hold (an object)"", ""bend/bow (at the waist), carry/hold (an object)"", ""stand, answer phone""]","[""danger"", ""danger"", ""danger""]",danger,"{""normal"": 0, ""unsafe"": 0, ""danger"": 36}","{""normal"": 0.0, ""unsafe"": 0.0, ""danger"": 1.0}",danger,danger,danger,True,False,labeling_yolo_sequence_coverage,sampled_danger_then_danger_ratio_sampled_unsafe_then_unsafe_ratio_else_normal,danger,intrusion,True,True,True,1.5655,"```json
{
  ""risk_state"": ""danger""
}
```
",True
intrusion_climb-over-fence_rgb_0004_cctv1_f000346_000356_000366,climb-over-fence_smart_rgb,intrusion_climb-over-fence_rgb_0004_cctv1,intrusion_candidate,intrusion,"[346, 356, 366]","[11.533, 11.867, 12.2]","{""start_frame"": 331, ""end_frame"": 366}","[""stand, answer phone"", ""bend/bow (at the waist), stand"", ""bend/bow (at the waist), carry/hold (an object)""]","[""danger"", ""danger"", ""danger""]",danger,"{""normal"": 0, ""unsafe"": 0, ""danger"": 36}","{""normal"": 0.0, ""unsafe"": 0.0, ""danger"": 1.0}",danger,danger,danger,True,False,labeling_yolo_sequence_coverage,sampled_danger_then_danger_ratio_sampled_unsafe_then_unsafe_ratio_else_normal,danger,intrusion,True,True,True,1.5565,"```json
{
    ""risk_state"": ""danger""
}
```
",True
intrusion_climb-over-fence_rgb_0004_cctv1_f000376_000386_000396,climb-over-fence_smart_rgb,intrusion_climb-over-fence_rgb_0004_cctv1,intrusion_candidate,intrusion,"[376, 386, 396]","[12.533, 12.867, 13.2]","{""start_frame"": 361, ""end_frame"": 396}","[""bend/bow (at the waist), stand"", ""bend/bow (at the waist), stand"", ""sit, stand""]","[""danger"", ""danger"", ""danger""]",danger,"{""normal"": 0, ""unsafe"": 0, ""danger"": 36}","{""normal"": 0.0, ""unsafe"": 0.0, ""danger"": 1.0}",danger,danger,danger,True,False,labeling_yolo_sequence_coverage,sampled_danger_then_danger_ratio_sampled_unsafe_then_unsafe_ratio_else_normal,danger,intrusion,True,True,True,1.5633,"```json
{
  ""risk_state"": ""danger""
}
```
",True
intrusion_climb-over-fence_rgb_0004_cctv1_f000406_000416_000426,climb-over-fence_smart_rgb,intrusion_climb-over-fence_rgb_0004_cctv1,intrusion_candidate,intrusion,"[406, 416, 426]","[13.533, 13.867, 14.2]","{""start_frame"": 391, ""end_frame"": 426}","[""stand, sit"", ""stand"", ""stand""]","[""danger"", ""danger"", ""danger""]",danger,"{""normal"": 0, ""unsafe"": 0, ""danger"": 36}","{""normal"": 0.0, ""unsafe"": 0.0, ""danger"": 1.0}",danger,danger,danger,True,False,labeling_yolo_sequence_coverage,sampled_danger_then_danger_ratio_sampled_unsafe_then_unsafe_ratio_else_normal,danger,intrusion,True,True,True,1.5816,"```json
{
  ""risk_state"": ""danger""
}
```
",True
intrusion_climb-over-fence_rgb_0004_cctv1_f000436_000446_000456,climb-over-fence_smart_rgb,intrusion_climb-over-fence_rgb_0004_cctv1,intrusion_candidate,intrusion,"[436, 446, 456]","[14.533, 14.867, 15.2]","{""start_frame"": 421, ""end_frame"": 456}","[""bend/bow (at the waist), stand"", ""bend/bow (at the waist), carry/hold (an object)"", ""bend/bow (at the waist), carry/hold (an object)""]","[""danger"", ""danger"", ""danger""]",danger,"{""normal"": 0, ""unsafe"": 0, ""danger"": 36}","{""normal"": 0.0, ""unsafe"": 0.0, ""danger"": 1.0}",danger,danger,danger,True,False,labeling_yolo_sequence_coverage,sampled_danger_then_danger_ratio_sampled_unsafe_then_unsafe_ratio_else_normal,danger,intrusion,True,True,True,1.5561,"```json
{
  ""risk_state"": ""danger""
}
```
",True
intrusion_climb-over-fence_rgb_0005_cctv2_f000016_000026_000036,climb-over-fence_smart_rgb,intrusion_climb-over-fence_rgb_0005_cctv2,intrusion_candidate,intrusion,"[16, 26, 36]","[0.533, 0.867, 1.2]","{""start_frame"": 1, ""end_frame"": 36}","[""walk, carry/hold (an object)"", ""walk, carry/hold (an object)"", ""walk, carry/hold (an object)""]","[""normal"", ""normal"", ""normal""]",normal,"{""normal"": 36, ""unsafe"": 0, ""danger"": 0}","{""normal"": 1.0, ""unsafe"": 0.0, ""danger"": 0.0}",normal,normal,normal,True,False,labeling_yolo_sequence_coverage,sampled_danger_then_danger_ratio_sampled_unsafe_then_unsafe_ratio_else_normal,unsafe,intrusion,True,True,True,1.4382,"```json
{""risk_state"":""unsafe""}
```
",False
intrusion_climb-over-fence_rgb_0005_cctv2_f000046_000056_000066,climb-over-fence_smart_rgb,intrusion_climb-over-fence_rgb_0005_cctv2,intrusion_candidate,intrusion,"[46, 56, 66]","[1.533, 1.867, 2.2]","{""start_frame"": 31, ""end_frame"": 66}","[""walk, carry/hold (an object)"", ""walk, carry/hold (an object)"", ""walk, carry/hold (an object)""]","[""normal"", ""normal"", ""unsafe""]",unsafe,"{""normal"": 28, ""unsafe"": 8, ""danger"": 0}","{""normal"": 0.7778, ""unsafe"": 0.2222, ""danger"": 0.0}",normal,unsafe,unsafe,True,False,labeling_yolo_sequence_coverage,sampled_danger_then_danger_ratio_sampled_unsafe_then_unsafe_ratio_else_normal,danger,intrusion,True,True,True,1.5616,"```json
{
  ""risk_state"": ""danger""
}
```
",False
intrusion_climb-over-fence_rgb_0005_cctv2_f000076_000086_000096,climb-over-fence_smart_rgb,intrusion_climb-over-fence_rgb_0005_cctv2,intrusion_candidate,intrusion,"[76, 86, 96]","[2.533, 2.867, 3.2]","{""start_frame"": 61, ""end_frame"": 96}","[""walk, carry/hold (an object)"", ""carry/hold (an object), stand"", ""carry/hold (an object), walk""]","[""unsafe"", ""danger"", ""danger""]",danger,"{""normal"": 0, ""unsafe"": 25, ""danger"": 11}","{""normal"": 0.0, ""unsafe"": 0.6944, ""danger"": 0.3056}",danger,danger,danger,True,False,labeling_yolo_sequence_coverage,sampled_danger_then_danger_ratio_sampled_unsafe_then_unsafe_ratio_else_normal,danger,intrusion,True,True,True,1.5554,"```json
{
  ""risk_state"": ""danger""
}
```
",True
intrusion_climb-over-fence_rgb_0005_cctv2_f000106_000116_000126,climb-over-fence_smart_rgb,intrusion_climb-over-fence_rgb_0005_cctv2,intrusion_candidate,intrusion,"[106, 116, 126]","[3.533, 3.867, 4.2]","{""start_frame"": 91, ""end_frame"": 126}","[""carry/hold (an object), stand"", ""carry/hold (an object), stand"", ""carry/hold (an object), walk""]","[""danger"", ""danger"", ""danger""]",danger,"{""normal"": 0, ""unsafe"": 0, ""danger"": 36}","{""normal"": 0.0, ""unsafe"": 0.0, ""danger"": 1.0}",danger,danger,danger,True,False,labeling_yolo_sequence_coverage,sampled_danger_then_danger_ratio_sampled_unsafe_then_unsafe_ratio_else_normal,danger,intrusion,True,True,True,1.5458,"```json
{
  ""risk_state"": ""danger""
}
```
",True
intrusion_climb-over-fence_rgb_0005_cctv2_f000136_000146_000156,climb-over-fence_smart_rgb,intrusion_climb-over-fence_rgb_0005_cctv2,intrusion_candidate,intrusion,"[136, 146, 156]","[4.533, 4.867, 5.2]","{""start_frame"": 121, ""end_frame"": 156}","[""run/jog, walk"", ""stand, walk"", ""stand, carry/hold (an object)""]","[""danger"", ""danger"", ""danger""]",danger,"{""normal"": 0, ""unsafe"": 0, ""danger"": 36}","{""normal"": 0.0, ""unsafe"": 0.0, ""danger"": 1.0}",danger,danger,danger,True,False,labeling_yolo_sequence_coverage,sampled_danger_then_danger_ratio_sampled_unsafe_then_unsafe_ratio_else_normal,danger,intrusion,True,True,True,1.5528,"```json
{
  ""risk_state"": ""danger""
}
```
",True
intrusion_climb-over-fence_rgb_0005_cctv2_f000166_000176_000186,climb-over-fence_smart_rgb,intrusion_climb-over-fence_rgb_0005_cctv2,intrusion_candidate,intrusion,"[166, 176, 186]","[5.533, 5.867, 6.2]","{""start_frame"": 151, ""end_frame"": 186}","[""stand, carry/hold (an object)"", ""stand, carry/hold (an object)"", ""stand, carry/hold (an object)""]","[""danger"", ""danger"", ""danger""]",danger,"{""normal"": 0, ""unsafe"": 0, ""danger"": 36}","{""normal"": 0.0, ""unsafe"": 0.0, ""danger"": 1.0}",danger,danger,danger,True,False,labeling_yolo_sequence_coverage,sampled_danger_then_danger_ratio_sampled_unsafe_then_unsafe_ratio_else_normal,danger,intrusion,True,True,True,1.5594,"```json
{
  ""risk_state"": ""danger""
}
```
",True
intrusion_climb-over-fence_rgb_0005_cctv2_f000196_000206_000216,climb-over-fence_smart_rgb,intrusion_climb-over-fence_rgb_0005_cctv2,intrusion_candidate,intrusion,"[196, 206, 216]","[6.533, 6.867, 7.2]","{""start_frame"": 181, ""end_frame"": 216}","[""stand, carry/hold (an object)"", ""stand, carry/hold (an object)"", ""carry/hold (an object), stand""]","[""danger"", ""danger"", ""danger""]",danger,"{""normal"": 0, ""unsafe"": 0, ""danger"": 36}","{""normal"": 0.0, ""unsafe"": 0.0, ""danger"": 1.0}",danger,danger,danger,True,False,labeling_yolo_sequence_coverage,sampled_danger_then_danger_ratio_sampled_unsafe_then_unsafe_ratio_else_normal,danger,intrusion,True,True,True,1.5627,"```json
{
  ""risk_state"": ""danger""
}
```
",True
intrusion_climb-over-fence_rgb_0005_cctv2_f000226_000236_000246,climb-over-fence_smart_rgb,intrusion_climb-over-fence_rgb_0005_cctv2,intrusion_candidate,intrusion,"[226, 236, 246]","[7.533, 7.867, 8.2]","{""start_frame"": 211, ""end_frame"": 246}","[""stand, carry/hold (an object)"", ""stand, carry/hold (an object)"", ""stand, carry/hold (an object)""]","[""danger"", ""danger"", ""danger""]",danger,"{""normal"": 0, ""unsafe"": 0, ""danger"": 36}","{""normal"": 0.0, ""unsafe"": 0.0, ""danger"": 1.0}",danger,danger,danger,True,False,labeling_yolo_sequence_coverage,sampled_danger_then_danger_ratio_sampled_unsafe_then_unsafe_ratio_else_normal,danger,intrusion,True,True,True,1.5666,"```json
{
  ""risk_state"": ""danger""
}
```
",True
intrusion_climb-over-fence_rgb_0005_cctv2_f000256_000266_000276,climb-over-fence_smart_rgb,intrusion_climb-over-fence_rgb_0005_cctv2,intrusion_candidate,intrusion,"[256, 266, 276]","[8.533, 8.867, 9.2]","{""start_frame"": 241, ""end_frame"": 276}","[""walk, stand"", ""stand, carry/hold (an object)"", ""stand, carry/hold (an object)""]","[""danger"", ""danger"", ""danger""]",danger,"{""normal"": 0, ""unsafe"": 0, ""danger"": 36}","{""normal"": 0.0, ""unsafe"": 0.0, ""danger"": 1.0}",danger,danger,danger,True,False,labeling_yolo_sequence_coverage,sampled_danger_then_danger_ratio_sampled_unsafe_then_unsafe_ratio_else_normal,danger,intrusion,True,True,True,1.5529,"```json
{
  ""risk_state"": ""danger""
}
```
",True
intrusion_climb-over-fence_rgb_0005_cctv2_f000286_000296_000306,climb-over-fence_smart_rgb,intrusion_climb-over-fence_rgb_0005_cctv2,intrusion_candidate,intrusion,"[286, 296, 306]","[9.533, 9.867, 10.2]","{""start_frame"": 271, ""end_frame"": 306}","[""bend/bow (at the waist), carry/hold (an object)"", ""bend/bow (at the waist), stand"", ""stand, bend/bow (at the waist)""]","[""danger"", ""danger"", ""danger""]",danger,"{""normal"": 0, ""unsafe"": 0, ""danger"": 36}","{""normal"": 0.0, ""unsafe"": 0.0, ""danger"": 1.0}",danger,danger,danger,True,False,labeling_yolo_sequence_coverage,sampled_danger_then_danger_ratio_sampled_unsafe_then_unsafe_ratio_else_normal,danger,intrusion,True,True,True,1.5531,"```json
{
  ""risk_state"": ""danger""
}
```
",True
intrusion_climb-over-fence_rgb_0005_cctv2_f000316_000326_000336,climb-over-fence_smart_rgb,intrusion_climb-over-fence_rgb_0005_cctv2,intrusion_candidate,intrusion,"[316, 326, 336]","[10.533, 10.867, 11.2]","{""start_frame"": 301, ""end_frame"": 336}","[""bend/bow (at the waist), carry/hold (an object)"", ""bend/bow (at the waist), stand"", ""stand, bend/bow (at the waist)""]","[""danger"", ""danger"", ""danger""]",danger,"{""normal"": 0, ""unsafe"": 0, ""danger"": 36}","{""normal"": 0.0, ""unsafe"": 0.0, ""danger"": 1.0}",danger,danger,danger,True,False,labeling_yolo_sequence_coverage,sampled_danger_then_danger_ratio_sampled_unsafe_then_unsafe_ratio_else_normal,danger,intrusion,True,True,True,1.5647,"```json
{
  ""risk_state"": ""danger""
}
```
",True
intrusion_climb-over-fence_rgb_0005_cctv2_f000346_000356_000366,climb-over-fence_smart_rgb,intrusion_climb-over-fence_rgb_0005_cctv2,intrusion_candidate,intrusion,"[346, 356, 366]","[11.533, 11.867, 12.2]","{""start_frame"": 331, ""end_frame"": 366}","[""stand, bend/bow (at the waist)"", ""stand, walk"", ""stand, walk""]","[""danger"", ""danger"", ""danger""]",danger,"{""normal"": 0, ""unsafe"": 0, ""danger"": 36}","{""normal"": 0.0, ""unsafe"": 0.0, ""danger"": 1.0}",danger,danger,danger,True,False,labeling_yolo_sequence_coverage,sampled_danger_then_danger_ratio_sampled_unsafe_then_unsafe_ratio_else_normal,danger,intrusion,True,True,True,1.5468,"```json
{
  ""risk_state"": ""danger""
}
```
",True
intrusion_climb-over-fence_rgb_0005_cctv2_f000376_000386_000396,climb-over-fence_smart_rgb,intrusion_climb-over-fence_rgb_0005_cctv2,intrusion_candidate,intrusion,"[376, 386, 396]","[12.533, 12.867, 13.2]","{""start_frame"": 361, ""end_frame"": 396}","[""stand, walk"", ""stand, walk"", ""stand, bend/bow (at the waist)""]","[""danger"", ""danger"", ""danger""]",danger,"{""normal"": 0, ""unsafe"": 0, ""danger"": 36}","{""normal"": 0.0, ""unsafe"": 0.0, ""danger"": 1.0}",danger,danger,danger,True,False,labeling_yolo_sequence_coverage,sampled_danger_then_danger_ratio_sampled_unsafe_then_unsafe_ratio_else_normal,danger,intrusion,True,True,True,1.5691,"```json
{
  ""risk_state"": ""danger""
}
```
",True
intrusion_climb-over-fence_rgb_0005_cctv2_f000406_000416_000426,climb-over-fence_smart_rgb,intrusion_climb-over-fence_rgb_0005_cctv2,intrusion_candidate,intrusion,"[406, 416, 426]","[13.533, 13.867, 14.2]","{""start_frame"": 391, ""end_frame"": 426}","[""bend/bow (at the waist), stand"", ""bend/bow (at the waist), stand"", ""bend/bow (at the waist), carry/hold (an object)""]","[""danger"", ""danger"", ""danger""]",danger,"{""normal"": 0, ""unsafe"": 0, ""danger"": 36}","{""normal"": 0.0, ""unsafe"": 0.0, ""danger"": 1.0}",danger,danger,danger,True,False,labeling_yolo_sequence_coverage,sampled_danger_then_danger_ratio_sampled_unsafe_then_unsafe_ratio_else_normal,danger,intrusion,True,True,True,1.5676,"```json
{
  ""risk_state"": ""danger""
}
```
",True
intrusion_climb-over-fence_rgb_0005_cctv2_f000436_000446_000456,climb-over-fence_smart_rgb,intrusion_climb-over-fence_rgb_0005_cctv2,intrusion_candidate,intrusion,"[436, 446, 456]","[14.533, 14.867, 15.2]","{""start_frame"": 421, ""end_frame"": 456}","[""bend/bow (at the waist), stand"", ""bend/bow (at the waist), stand"", ""stand""]","[""danger"", ""danger"", ""danger""]",danger,"{""normal"": 0, ""unsafe"": 0, ""danger"": 36}","{""normal"": 0.0, ""unsafe"": 0.0, ""danger"": 1.0}",danger,danger,danger,True,False,labeling_yolo_sequence_coverage,sampled_danger_then_danger_ratio_sampled_unsafe_then_unsafe_ratio_else_normal,danger,intrusion,True,True,True,1.5537,"```json
{
  ""risk_state"": ""danger""
}
```
",True
intrusion_climb-over-fence_rgb_0005_cctv2_f000466_000476_000486,climb-over-fence_smart_rgb,intrusion_climb-over-fence_rgb_0005_cctv2,intrusion_candidate,intrusion,"[466, 476, 486]","[15.533, 15.867, 16.2]","{""start_frame"": 451, ""end_frame"": 486}","[""stand, bend/bow (at the waist)"", ""stand"", ""stand""]","[""danger"", ""danger"", ""danger""]",danger,"{""normal"": 0, ""unsafe"": 0, ""danger"": 36}","{""normal"": 0.0, ""unsafe"": 0.0, ""danger"": 1.0}",danger,danger,danger,True,False,labeling_yolo_sequence_coverage,sampled_danger_then_danger_ratio_sampled_unsafe_then_unsafe_ratio_else_normal,danger,intrusion,True,True,True,1.5655,"```json
{
  ""risk_state"": ""danger""
}
```
",True
intrusion_climb-over-fence_rgb_0053_cctv1_f000016_000026_000036,climb-over-fence_smart_rgb,intrusion_climb-over-fence_rgb_0053_cctv1,intrusion_candidate,intrusion,"[16, 26, 36]","[0.533, 0.867, 1.2]","{""start_frame"": 1, ""end_frame"": 36}","[""walk, carry/hold (an object)"", ""walk, run/jog"", ""walk, carry/hold (an object)""]","[""normal"", ""normal"", ""unsafe""]",unsafe,"{""normal"": 33, ""unsafe"": 3, ""danger"": 0}","{""normal"": 0.9167, ""unsafe"": 0.0833, ""danger"": 0.0}",normal,unsafe,unsafe,True,False,labeling_yolo_sequence_coverage,sampled_danger_then_danger_ratio_sampled_unsafe_then_unsafe_ratio_else_normal,danger,intrusion,True,True,True,1.5596,"```json
{
    ""risk_state"": ""danger""
}
```
",False
intrusion_climb-over-fence_rgb_0053_cctv1_f000046_000056_000066,climb-over-fence_smart_rgb,intrusion_climb-over-fence_rgb_0053_cctv1,intrusion_candidate,intrusion,"[46, 56, 66]","[1.533, 1.867, 2.2]","{""start_frame"": 31, ""end_frame"": 66}","[""walk, carry/hold (an object)"", ""walk, carry/hold (an object)"", ""walk, carry/hold (an object)""]","[""unsafe"", ""unsafe"", ""unsafe""]",unsafe,"{""normal"": 3, ""unsafe"": 33, ""danger"": 0}","{""normal"": 0.0833, ""unsafe"": 0.9167, ""danger"": 0.0}",unsafe,unsafe,unsafe,True,False,labeling_yolo_sequence_coverage,sampled_danger_then_danger_ratio_sampled_unsafe_then_unsafe_ratio_else_normal,danger,intrusion,True,True,True,1.5588,"```json
{
    ""risk_state"": ""danger""
}
```
",False
intrusion_climb-over-fence_rgb_0053_cctv1_f000076_000086_000096,climb-over-fence_smart_rgb,intrusion_climb-over-fence_rgb_0053_cctv1,intrusion_candidate,intrusion,"[76, 86, 96]","[2.533, 2.867, 3.2]","{""start_frame"": 61, ""end_frame"": 96}","[""stand, walk"", ""stand, walk"", ""walk, carry/hold (an object)""]","[""unsafe"", ""unsafe"", ""danger""]",danger,"{""normal"": 0, ""unsafe"": 32, ""danger"": 4}","{""normal"": 0.0, ""unsafe"": 0.8889, ""danger"": 0.1111}",unsafe,danger,danger,True,False,labeling_yolo_sequence_coverage,sampled_danger_then_danger_ratio_sampled_unsafe_then_unsafe_ratio_else_normal,danger,intrusion,True,True,True,1.5541,"```json
{
  ""risk_state"": ""danger""
}
```
",True
intrusion_climb-over-fence_rgb_0053_cctv1_f000106_000116_000126,climb-over-fence_smart_rgb,intrusion_climb-over-fence_rgb_0053_cctv1,intrusion_candidate,intrusion,"[106, 116, 126]","[3.533, 3.867, 4.2]","{""start_frame"": 91, ""end_frame"": 126}","[""walk, carry/hold (an object)"", ""stand, carry/hold (an object)"", ""walk, stand""]","[""danger"", ""danger"", ""danger""]",danger,"{""normal"": 0, ""unsafe"": 2, ""danger"": 34}","{""normal"": 0.0, ""unsafe"": 0.0556, ""danger"": 0.9444}",danger,danger,danger,True,False,labeling_yolo_sequence_coverage,sampled_danger_then_danger_ratio_sampled_unsafe_then_unsafe_ratio_else_normal,danger,intrusion,True,True,True,1.5629,"```json
{
  ""risk_state"": ""danger""
}
```
",True
intrusion_climb-over-fence_rgb_0053_cctv1_f000136_000146_000156,climb-over-fence_smart_rgb,intrusion_climb-over-fence_rgb_0053_cctv1,intrusion_candidate,intrusion,"[136, 146, 156]","[4.533, 4.867, 5.2]","{""start_frame"": 121, ""end_frame"": 156}","[""stand, carry/hold (an object)"", ""stand, carry/hold (an object)"", ""bend/bow (at the waist), carry/hold (an object)""]","[""danger"", ""danger"", ""danger""]",danger,"{""normal"": 0, ""unsafe"": 0, ""danger"": 36}","{""normal"": 0.0, ""unsafe"": 0.0, ""danger"": 1.0}",danger,danger,danger,True,False,labeling_yolo_sequence_coverage,sampled_danger_then_danger_ratio_sampled_unsafe_then_unsafe_ratio_else_normal,danger,intrusion,True,True,True,1.5608,"```json
{
  ""risk_state"": ""danger""
}
```
",True
intrusion_climb-over-fence_rgb_0053_cctv1_f000166_000176_000186,climb-over-fence_smart_rgb,intrusion_climb-over-fence_rgb_0053_cctv1,intrusion_candidate,intrusion,"[166, 176, 186]","[5.533, 5.867, 6.2]","{""start_frame"": 151, ""end_frame"": 186}","[""bend/bow (at the waist), carry/hold (an object)"", ""stand, carry/hold (an object)"", ""stand, carry/hold (an object)""]","[""danger"", ""danger"", ""danger""]",danger,"{""normal"": 0, ""unsafe"": 0, ""danger"": 36}","{""normal"": 0.0, ""unsafe"": 0.0, ""danger"": 1.0}",danger,danger,danger,True,False,labeling_yolo_sequence_coverage,sampled_danger_then_danger_ratio_sampled_unsafe_then_unsafe_ratio_else_normal,danger,intrusion,True,True,True,1.5544,"```json
{
  ""risk_state"": ""danger""
}
```
",True
intrusion_climb-over-fence_rgb_0053_cctv1_f000196_000206_000216,climb-over-fence_smart_rgb,intrusion_climb-over-fence_rgb_0053_cctv1,intrusion_candidate,intrusion,"[196, 206, 216]","[6.533, 6.867, 7.2]","{""start_frame"": 181, ""end_frame"": 216}","[""stand, carry/hold (an object)"", ""stand, carry/hold (an object)"", ""stand, carry/hold (an object)""]","[""danger"", ""danger"", ""danger""]",danger,"{""normal"": 0, ""unsafe"": 0, ""danger"": 36}","{""normal"": 0.0, ""unsafe"": 0.0, ""danger"": 1.0}",danger,danger,danger,True,False,labeling_yolo_sequence_coverage,sampled_danger_then_danger_ratio_sampled_unsafe_then_unsafe_ratio_else_normal,danger,intrusion,True,True,True,1.5496,"```json
{
    ""risk_state"": ""danger""
}
```
",True
intrusion_climb-over-fence_rgb_0053_cctv1_f000226_000236_000246,climb-over-fence_smart_rgb,intrusion_climb-over-fence_rgb_0053_cctv1,intrusion_candidate,intrusion,"[226, 236, 246]","[7.533, 7.867, 8.2]","{""start_frame"": 211, ""end_frame"": 246}","[""stand, carry/hold (an object)"", ""stand, carry/hold (an object)"", ""stand, answer phone""]","[""danger"", ""danger"", ""danger""]",danger,"{""normal"": 0, ""unsafe"": 0, ""danger"": 36}","{""normal"": 0.0, ""unsafe"": 0.0, ""danger"": 1.0}",danger,danger,danger,True,False,labeling_yolo_sequence_coverage,sampled_danger_then_danger_ratio_sampled_unsafe_then_unsafe_ratio_else_normal,danger,intrusion,True,True,True,1.5474,"```json
{
  ""risk_state"": ""danger""
}
```
",True
intrusion_climb-over-fence_rgb_0053_cctv1_f000256_000266_000276,climb-over-fence_smart_rgb,intrusion_climb-over-fence_rgb_0053_cctv1,intrusion_candidate,intrusion,"[256, 266, 276]","[8.533, 8.867, 9.2]","{""start_frame"": 241, ""end_frame"": 276}","[""stand, answer phone"", ""stand, answer phone"", ""stand, carry/hold (an object)""]","[""danger"", ""danger"", ""danger""]",danger,"{""normal"": 0, ""unsafe"": 0, ""danger"": 36}","{""normal"": 0.0, ""unsafe"": 0.0, ""danger"": 1.0}",danger,danger,danger,True,False,labeling_yolo_sequence_coverage,sampled_danger_then_danger_ratio_sampled_unsafe_then_unsafe_ratio_else_normal,danger,intrusion,True,True,True,1.5526,"```json
{
  ""risk_state"": ""danger""
}
```
",True
intrusion_climb-over-fence_rgb_0053_cctv1_f000286_000296_000306,climb-over-fence_smart_rgb,intrusion_climb-over-fence_rgb_0053_cctv1,intrusion_candidate,intrusion,"[286, 296, 306]","[9.533, 9.867, 10.2]","{""start_frame"": 271, ""end_frame"": 306}","[""stand, carry/hold (an object)"", ""stand, carry/hold (an object)"", ""stand, carry/hold (an object)""]","[""danger"", ""danger"", ""danger""]",danger,"{""normal"": 0, ""unsafe"": 0, ""danger"": 36}","{""normal"": 0.0, ""unsafe"": 0.0, ""danger"": 1.0}",danger,danger,danger,True,False,labeling_yolo_sequence_coverage,sampled_danger_then_danger_ratio_sampled_unsafe_then_unsafe_ratio_else_normal,danger,intrusion,True,True,True,1.5536,"```json
{
  ""risk_state"": ""danger""
}
```
",True
intrusion_climb-over-fence_rgb_0053_cctv1_f000316_000326_000336,climb-over-fence_smart_rgb,intrusion_climb-over-fence_rgb_0053_cctv1,intrusion_candidate,intrusion,"[316, 326, 336]","[10.533, 10.867, 11.2]","{""start_frame"": 301, ""end_frame"": 336}","[""stand, carry/hold (an object)"", ""stand, bend/bow (at the waist)"", ""stand, carry/hold (an object)""]","[""danger"", ""danger"", ""danger""]",danger,"{""normal"": 0, ""unsafe"": 0, ""danger"": 36}","{""normal"": 0.0, ""unsafe"": 0.0, ""danger"": 1.0}",danger,danger,danger,True,False,labeling_yolo_sequence_coverage,sampled_danger_then_danger_ratio_sampled_unsafe_then_unsafe_ratio_else_normal,danger,intrusion,True,True,True,1.554,"```json
{
    ""risk_state"": ""danger""
}
```
",True
intrusion_climb-over-fence_rgb_0053_cctv1_f000346_000356_000366,climb-over-fence_smart_rgb,intrusion_climb-over-fence_rgb_0053_cctv1,intrusion_candidate,intrusion,"[346, 356, 366]","[11.533, 11.867, 12.2]","{""start_frame"": 331, ""end_frame"": 366}","[""stand, carry/hold (an object)"", ""stand, carry/hold (an object)"", ""stand, bend/bow (at the waist)""]","[""danger"", ""danger"", ""danger""]",danger,"{""normal"": 0, ""unsafe"": 0, ""danger"": 36}","{""normal"": 0.0, ""unsafe"": 0.0, ""danger"": 1.0}",danger,danger,danger,True,False,labeling_yolo_sequence_coverage,sampled_danger_then_danger_ratio_sampled_unsafe_then_unsafe_ratio_else_normal,danger,intrusion,True,True,True,1.5502,"```json
{
  ""risk_state"": ""danger""
}
```
",True
intrusion_climb-over-fence_rgb_0053_cctv1_f000376_000386_000396,climb-over-fence_smart_rgb,intrusion_climb-over-fence_rgb_0053_cctv1,intrusion_candidate,intrusion,"[376, 386, 396]","[12.533, 12.867, 13.2]","{""start_frame"": 361, ""end_frame"": 396}","[""stand, bend/bow (at the waist)"", ""stand, bend/bow (at the waist)"", ""bend/bow (at the waist), stand""]","[""danger"", ""danger"", ""danger""]",danger,"{""normal"": 0, ""unsafe"": 0, ""danger"": 36}","{""normal"": 0.0, ""unsafe"": 0.0, ""danger"": 1.0}",danger,danger,danger,True,False,labeling_yolo_sequence_coverage,sampled_danger_then_danger_ratio_sampled_unsafe_then_unsafe_ratio_else_normal,danger,intrusion,True,True,True,1.5544,"```json
{
  ""risk_state"": ""danger""
}
```
",True
intrusion_climb-over-fence_rgb_0053_cctv1_f000406_000416_000426,climb-over-fence_smart_rgb,intrusion_climb-over-fence_rgb_0053_cctv1,intrusion_candidate,intrusion,"[406, 416, 426]","[13.533, 13.867, 14.2]","{""start_frame"": 391, ""end_frame"": 426}","[""bend/bow (at the waist), stand"", ""bend/bow (at the waist), stand"", ""bend/bow (at the waist), stand""]","[""danger"", ""danger"", ""danger""]",danger,"{""normal"": 0, ""unsafe"": 0, ""danger"": 36}","{""normal"": 0.0, ""unsafe"": 0.0, ""danger"": 1.0}",danger,danger,danger,True,False,labeling_yolo_sequence_coverage,sampled_danger_then_danger_ratio_sampled_unsafe_then_unsafe_ratio_else_normal,danger,intrusion,True,True,True,1.5468,"```json
{
  ""risk_state"": ""danger""
}
```
",True
intrusion_climb-over-fence_rgb_0078_cctv3_f000016_000026_000036,climb-over-fence_smart_rgb,intrusion_climb-over-fence_rgb_0078_cctv3,intrusion_candidate,intrusion,"[16, 26, 36]","[0.533, 0.867, 1.2]","{""start_frame"": 1, ""end_frame"": 36}","[""walk, carry/hold (an object)"", ""walk, carry/hold (an object)"", ""walk, carry/hold (an object)""]","[""unsafe"", ""unsafe"", ""unsafe""]",unsafe,"{""normal"": 0, ""unsafe"": 36, ""danger"": 0}","{""normal"": 0.0, ""unsafe"": 1.0, ""danger"": 0.0}",unsafe,unsafe,unsafe,True,False,labeling_yolo_sequence_coverage,sampled_danger_then_danger_ratio_sampled_unsafe_then_unsafe_ratio_else_normal,danger,intrusion,True,True,True,1.5501,"```json
{
  ""risk_state"": ""danger""
}
```
",False
intrusion_climb-over-fence_rgb_0078_cctv3_f000046_000056_000066,climb-over-fence_smart_rgb,intrusion_climb-over-fence_rgb_0078_cctv3,intrusion_candidate,intrusion,"[46, 56, 66]","[1.533, 1.867, 2.2]","{""start_frame"": 31, ""end_frame"": 66}","[""walk, carry/hold (an object)"", ""walk, carry/hold (an object)"", ""walk, carry/hold (an object)""]","[""unsafe"", ""danger"", ""danger""]",danger,"{""normal"": 0, ""unsafe"": 16, ""danger"": 20}","{""normal"": 0.0, ""unsafe"": 0.4444, ""danger"": 0.5556}",danger,danger,danger,True,False,labeling_yolo_sequence_coverage,sampled_danger_then_danger_ratio_sampled_unsafe_then_unsafe_ratio_else_normal,danger,intrusion,True,True,True,1.5546,"```json
{
  ""risk_state"": ""danger""
}
```
",True
intrusion_climb-over-fence_rgb_0078_cctv3_f000076_000086_000096,climb-over-fence_smart_rgb,intrusion_climb-over-fence_rgb_0078_cctv3,intrusion_candidate,intrusion,"[76, 86, 96]","[2.533, 2.867, 3.2]","{""start_frame"": 61, ""end_frame"": 96}","[""walk, carry/hold (an object)"", ""carry/hold (an object), walk"", ""walk, carry/hold (an object)""]","[""danger"", ""danger"", ""danger""]",danger,"{""normal"": 0, ""unsafe"": 0, ""danger"": 36}","{""normal"": 0.0, ""unsafe"": 0.0, ""danger"": 1.0}",danger,danger,danger,True,False,labeling_yolo_sequence_coverage,sampled_danger_then_danger_ratio_sampled_unsafe_then_unsafe_ratio_else_normal,danger,intrusion,True,True,True,1.5463,"```json
{
  ""risk_state"": ""danger""
}
```
",True
intrusion_climb-over-fence_rgb_0078_cctv3_f000106_000116_000126,climb-over-fence_smart_rgb,intrusion_climb-over-fence_rgb_0078_cctv3,intrusion_candidate,intrusion,"[106, 116, 126]","[3.533, 3.867, 4.2]","{""start_frame"": 91, ""end_frame"": 126}","[""walk, carry/hold (an object)"", ""walk, stand"", ""stand, carry/hold (an object)""]","[""danger"", ""danger"", ""danger""]",danger,"{""normal"": 0, ""unsafe"": 0, ""danger"": 36}","{""normal"": 0.0, ""unsafe"": 0.0, ""danger"": 1.0}",danger,danger,danger,True,False,labeling_yolo_sequence_coverage,sampled_danger_then_danger_ratio_sampled_unsafe_then_unsafe_ratio_else_normal,danger,intrusion,True,True,True,1.5551,"```json
{
  ""risk_state"": ""danger""
}
```
",True
intrusion_climb-over-fence_rgb_0078_cctv3_f000136_000146_000156,climb-over-fence_smart_rgb,intrusion_climb-over-fence_rgb_0078_cctv3,intrusion_candidate,intrusion,"[136, 146, 156]","[4.533, 4.867, 5.2]","{""start_frame"": 121, ""end_frame"": 156}","[""walk, carry/hold (an object)"", ""walk, carry/hold (an object)"", ""walk, stand""]","[""danger"", ""danger"", ""danger""]",danger,"{""normal"": 0, ""unsafe"": 0, ""danger"": 36}","{""normal"": 0.0, ""unsafe"": 0.0, ""danger"": 1.0}",danger,danger,danger,True,False,labeling_yolo_sequence_coverage,sampled_danger_then_danger_ratio_sampled_unsafe_then_unsafe_ratio_else_normal,danger,intrusion,True,True,True,1.5569,"```json
{
  ""risk_state"": ""danger""
}
```
",True
intrusion_climb-over-fence_rgb_0078_cctv3_f000166_000176_000186,climb-over-fence_smart_rgb,intrusion_climb-over-fence_rgb_0078_cctv3,intrusion_candidate,intrusion,"[166, 176, 186]","[5.533, 5.867, 6.2]","{""start_frame"": 151, ""end_frame"": 186}","[""stand, carry/hold (an object)"", ""stand, carry/hold (an object)"", ""stand, carry/hold (an object)""]","[""danger"", ""danger"", ""danger""]",danger,"{""normal"": 0, ""unsafe"": 0, ""danger"": 36}","{""normal"": 0.0, ""unsafe"": 0.0, ""danger"": 1.0}",danger,danger,danger,True,False,labeling_yolo_sequence_coverage,sampled_danger_then_danger_ratio_sampled_unsafe_then_unsafe_ratio_else_normal,danger,intrusion,True,True,True,1.5479,"```json
{
  ""risk_state"": ""danger""
}
```
",True
intrusion_climb-over-fence_rgb_0078_cctv3_f000196_000206_000216,climb-over-fence_smart_rgb,intrusion_climb-over-fence_rgb_0078_cctv3,intrusion_candidate,intrusion,"[196, 206, 216]","[6.533, 6.867, 7.2]","{""start_frame"": 181, ""end_frame"": 216}","[""stand, answer phone"", ""walk, carry/hold (an object)"", ""walk, carry/hold (an object)""]","[""danger"", ""danger"", ""danger""]",danger,"{""normal"": 0, ""unsafe"": 0, ""danger"": 36}","{""normal"": 0.0, ""unsafe"": 0.0, ""danger"": 1.0}",danger,danger,danger,True,False,labeling_yolo_sequence_coverage,sampled_danger_then_danger_ratio_sampled_unsafe_then_unsafe_ratio_else_normal,danger,intrusion,True,True,True,1.5596,"```json
{
  ""risk_state"": ""danger""
}
```
",True
intrusion_climb-over-fence_rgb_0078_cctv3_f000226_000236_000246,climb-over-fence_smart_rgb,intrusion_climb-over-fence_rgb_0078_cctv3,intrusion_candidate,intrusion,"[226, 236, 246]","[7.533, 7.867, 8.2]","{""start_frame"": 211, ""end_frame"": 246}","[""stand, walk"", ""stand, carry/hold (an object)"", ""stand, answer phone""]","[""danger"", ""danger"", ""danger""]",danger,"{""normal"": 0, ""unsafe"": 0, ""danger"": 36}","{""normal"": 0.0, ""unsafe"": 0.0, ""danger"": 1.0}",danger,danger,danger,True,False,labeling_yolo_sequence_coverage,sampled_danger_then_danger_ratio_sampled_unsafe_then_unsafe_ratio_else_normal,danger,intrusion,True,True,True,1.5564,"```json
{
  ""risk_state"": ""danger""
}
```
",True
intrusion_climb-over-fence_rgb_0078_cctv3_f000256_000266_000276,climb-over-fence_smart_rgb,intrusion_climb-over-fence_rgb_0078_cctv3,intrusion_candidate,intrusion,"[256, 266, 276]","[8.533, 8.867, 9.2]","{""start_frame"": 241, ""end_frame"": 276}","[""stand, carry/hold (an object)"", ""stand, carry/hold (an object)"", ""bend/bow (at the waist), stand""]","[""danger"", ""danger"", ""danger""]",danger,"{""normal"": 0, ""unsafe"": 0, ""danger"": 36}","{""normal"": 0.0, ""unsafe"": 0.0, ""danger"": 1.0}",danger,danger,danger,True,False,labeling_yolo_sequence_coverage,sampled_danger_then_danger_ratio_sampled_unsafe_then_unsafe_ratio_else_normal,danger,intrusion,True,True,True,1.556,"```json
{
  ""risk_state"": ""danger""
}
```
",True
intrusion_climb-over-fence_rgb_0078_cctv3_f000286_000296_000306,climb-over-fence_smart_rgb,intrusion_climb-over-fence_rgb_0078_cctv3,intrusion_candidate,intrusion,"[286, 296, 306]","[9.533, 9.867, 10.2]","{""start_frame"": 271, ""end_frame"": 306}","[""stand, carry/hold (an object)"", ""stand, carry/hold (an object)"", ""stand, carry/hold (an object)""]","[""danger"", ""danger"", ""danger""]",danger,"{""normal"": 0, ""unsafe"": 0, ""danger"": 36}","{""normal"": 0.0, ""unsafe"": 0.0, ""danger"": 1.0}",danger,danger,danger,True,False,labeling_yolo_sequence_coverage,sampled_danger_then_danger_ratio_sampled_unsafe_then_unsafe_ratio_else_normal,danger,intrusion,True,True,True,1.5488,"```json
{
  ""risk_state"": ""danger""
}
```
",True
intrusion_climb-over-fence_rgb_0078_cctv3_f000316_000326_000336,climb-over-fence_smart_rgb,intrusion_climb-over-fence_rgb_0078_cctv3,intrusion_candidate,intrusion,"[316, 326, 336]","[10.533, 10.867, 11.2]","{""start_frame"": 301, ""end_frame"": 336}","[""stand, carry/hold (an object)"", ""stand, carry/hold (an object)"", ""stand, carry/hold (an object)""]","[""danger"", ""danger"", ""danger""]",danger,"{""normal"": 0, ""unsafe"": 0, ""danger"": 36}","{""normal"": 0.0, ""unsafe"": 0.0, ""danger"": 1.0}",danger,danger,danger,True,False,labeling_yolo_sequence_coverage,sampled_danger_then_danger_ratio_sampled_unsafe_then_unsafe_ratio_else_normal,danger,intrusion,True,True,True,1.5575,"```json
{
  ""risk_state"": ""danger""
}
```
",True
intrusion_climb-over-fence_rgb_0078_cctv3_f000346_000356_000366,climb-over-fence_smart_rgb,intrusion_climb-over-fence_rgb_0078_cctv3,intrusion_candidate,intrusion,"[346, 356, 366]","[11.533, 11.867, 12.2]","{""start_frame"": 331, ""end_frame"": 366}","[""stand, carry/hold (an object)"", ""stand, carry/hold (an object)"", ""stand, walk""]","[""danger"", ""danger"", ""danger""]",danger,"{""normal"": 0, ""unsafe"": 0, ""danger"": 36}","{""normal"": 0.0, ""unsafe"": 0.0, ""danger"": 1.0}",danger,danger,danger,True,False,labeling_yolo_sequence_coverage,sampled_danger_then_danger_ratio_sampled_unsafe_then_unsafe_ratio_else_normal,danger,intrusion,True,True,True,1.5506,"```json
{
  ""risk_state"": ""danger""
}
```
",True
intrusion_climb-over-fence_rgb_0078_cctv3_f000376_000386_000396,climb-over-fence_smart_rgb,intrusion_climb-over-fence_rgb_0078_cctv3,intrusion_candidate,intrusion,"[376, 386, 396]","[12.533, 12.867, 13.2]","{""start_frame"": 361, ""end_frame"": 396}","[""walk, stand"", ""stand, walk"", ""stand, walk""]","[""danger"", ""danger"", ""danger""]",danger,"{""normal"": 0, ""unsafe"": 0, ""danger"": 36}","{""normal"": 0.0, ""unsafe"": 0.0, ""danger"": 1.0}",danger,danger,danger,True,False,labeling_yolo_sequence_coverage,sampled_danger_then_danger_ratio_sampled_unsafe_then_unsafe_ratio_else_normal,danger,intrusion,True,True,True,1.557,"```json
{
  ""risk_state"": ""danger""
}
```
",True
intrusion_climb-over-fence_rgb_0078_cctv3_f000406_000416_000426,climb-over-fence_smart_rgb,intrusion_climb-over-fence_rgb_0078_cctv3,intrusion_candidate,intrusion,"[406, 416, 426]","[13.533, 13.867, 14.2]","{""start_frame"": 391, ""end_frame"": 426}","[""stand"", ""walk, stand"", ""stand, walk""]","[""danger"", ""danger"", ""danger""]",danger,"{""normal"": 0, ""unsafe"": 0, ""danger"": 36}","{""normal"": 0.0, ""unsafe"": 0.0, ""danger"": 1.0}",danger,danger,danger,True,False,labeling_yolo_sequence_coverage,sampled_danger_then_danger_ratio_sampled_unsafe_then_unsafe_ratio_else_normal,danger,intrusion,True,True,True,1.5673,"```json
{
  ""risk_state"": ""danger""
}
```
",True
intrusion_climb-over-fence_rgb_0078_cctv3_f000436_000446_000456,climb-over-fence_smart_rgb,intrusion_climb-over-fence_rgb_0078_cctv3,intrusion_candidate,intrusion,"[436, 446, 456]","[14.533, 14.867, 15.2]","{""start_frame"": 421, ""end_frame"": 456}","[""stand, walk"", ""stand, carry/hold (an object)"", ""stand, carry/hold (an object)""]","[""danger"", ""danger"", ""danger""]",danger,"{""normal"": 0, ""unsafe"": 0, ""danger"": 36}","{""normal"": 0.0, ""unsafe"": 0.0, ""danger"": 1.0}",danger,danger,danger,True,False,labeling_yolo_sequence_coverage,sampled_danger_then_danger_ratio_sampled_unsafe_then_unsafe_ratio_else_normal,danger,intrusion,True,True,True,1.5612,"```json
{
  ""risk_state"": ""danger""
}
```
",True
intrusion_climb-over-fence_rgb_0079_cctv3_f000016_000026_000036,climb-over-fence_smart_rgb,intrusion_climb-over-fence_rgb_0079_cctv3,intrusion_candidate,intrusion,"[16, 26, 36]","[0.533, 0.867, 1.2]","{""start_frame"": 1, ""end_frame"": 36}","[""walk, stand"", ""walk, carry/hold (an object)"", ""walk, carry/hold (an object)""]","[""unsafe"", ""danger"", ""danger""]",danger,"{""normal"": 0, ""unsafe"": 21, ""danger"": 15}","{""normal"": 0.0, ""unsafe"": 0.5833, ""danger"": 0.4167}",danger,danger,danger,True,False,labeling_yolo_sequence_coverage,sampled_danger_then_danger_ratio_sampled_unsafe_then_unsafe_ratio_else_normal,danger,intrusion,True,True,True,1.5595,"```json
{
  ""risk_state"": ""danger""
}
```
",True
intrusion_climb-over-fence_rgb_0079_cctv3_f000046_000056_000066,climb-over-fence_smart_rgb,intrusion_climb-over-fence_rgb_0079_cctv3,intrusion_candidate,intrusion,"[46, 56, 66]","[1.533, 1.867, 2.2]","{""start_frame"": 31, ""end_frame"": 66}","[""walk, carry/hold (an object)"", ""walk, carry/hold (an object)"", ""walk, carry/hold (an object)""]","[""danger"", ""danger"", ""danger""]",danger,"{""normal"": 0, ""unsafe"": 0, ""danger"": 36}","{""normal"": 0.0, ""unsafe"": 0.0, ""danger"": 1.0}",danger,danger,danger,True,False,labeling_yolo_sequence_coverage,sampled_danger_then_danger_ratio_sampled_unsafe_then_unsafe_ratio_else_normal,danger,intrusion,True,True,True,1.5574,"```json
{
  ""risk_state"": ""danger""
}
```
",True
intrusion_climb-over-fence_rgb_0079_cctv3_f000076_000086_000096,climb-over-fence_smart_rgb,intrusion_climb-over-fence_rgb_0079_cctv3,intrusion_candidate,intrusion,"[76, 86, 96]","[2.533, 2.867, 3.2]","{""start_frame"": 61, ""end_frame"": 96}","[""walk, carry/hold (an object)"", ""carry/hold (an object), walk"", ""carry/hold (an object), stand""]","[""danger"", ""danger"", ""danger""]",danger,"{""normal"": 0, ""unsafe"": 0, ""danger"": 36}","{""normal"": 0.0, ""unsafe"": 0.0, ""danger"": 1.0}",danger,danger,danger,True,False,labeling_yolo_sequence_coverage,sampled_danger_then_danger_ratio_sampled_unsafe_then_unsafe_ratio_else_normal,danger,intrusion,True,True,True,1.5474,"```json
{
  ""risk_state"": ""danger""
}
```
",True
intrusion_climb-over-fence_rgb_0079_cctv3_f000106_000116_000126,climb-over-fence_smart_rgb,intrusion_climb-over-fence_rgb_0079_cctv3,intrusion_candidate,intrusion,"[106, 116, 126]","[3.533, 3.867, 4.2]","{""start_frame"": 91, ""end_frame"": 126}","[""carry/hold (an object), walk"", ""carry/hold (an object), walk"", ""stand, carry/hold (an object)""]","[""danger"", ""danger"", ""danger""]",danger,"{""normal"": 0, ""unsafe"": 0, ""danger"": 36}","{""normal"": 0.0, ""unsafe"": 0.0, ""danger"": 1.0}",danger,danger,danger,True,False,labeling_yolo_sequence_coverage,sampled_danger_then_danger_ratio_sampled_unsafe_then_unsafe_ratio_else_normal,danger,intrusion,True,True,True,1.5628,"```json
{
  ""risk_state"": ""danger""
}
```
",True
intrusion_climb-over-fence_rgb_0079_cctv3_f000136_000146_000156,climb-over-fence_smart_rgb,intrusion_climb-over-fence_rgb_0079_cctv3,intrusion_candidate,intrusion,"[136, 146, 156]","[4.533, 4.867, 5.2]","{""start_frame"": 121, ""end_frame"": 156}","[""stand, carry/hold (an object)"", ""stand, carry/hold (an object)"", ""stand, carry/hold (an object)""]","[""danger"", ""danger"", ""danger""]",danger,"{""normal"": 0, ""unsafe"": 0, ""danger"": 36}","{""normal"": 0.0, ""unsafe"": 0.0, ""danger"": 1.0}",danger,danger,danger,True,False,labeling_yolo_sequence_coverage,sampled_danger_then_danger_ratio_sampled_unsafe_then_unsafe_ratio_else_normal,danger,intrusion,True,True,True,1.5531,"```json
{
  ""risk_state"": ""danger""
}
```
",True
intrusion_climb-over-fence_rgb_0079_cctv3_f000166_000176_000186,climb-over-fence_smart_rgb,intrusion_climb-over-fence_rgb_0079_cctv3,intrusion_candidate,intrusion,"[166, 176, 186]","[5.533, 5.867, 6.2]","{""start_frame"": 151, ""end_frame"": 186}","[""stand, carry/hold (an object)"", ""stand, carry/hold (an object)"", ""stand, carry/hold (an object)""]","[""danger"", ""danger"", ""danger""]",danger,"{""normal"": 0, ""unsafe"": 0, ""danger"": 36}","{""normal"": 0.0, ""unsafe"": 0.0, ""danger"": 1.0}",danger,danger,danger,True,False,labeling_yolo_sequence_coverage,sampled_danger_then_danger_ratio_sampled_unsafe_then_unsafe_ratio_else_normal,danger,intrusion,True,True,True,1.562,"```json
{
  ""risk_state"": ""danger""
}
```
",True
intrusion_climb-over-fence_rgb_0079_cctv3_f000196_000206_000216,climb-over-fence_smart_rgb,intrusion_climb-over-fence_rgb_0079_cctv3,intrusion_candidate,intrusion,"[196, 206, 216]","[6.533, 6.867, 7.2]","{""start_frame"": 181, ""end_frame"": 216}","[""stand, carry/hold (an object)"", ""stand, carry/hold (an object)"", ""stand, carry/hold (an object)""]","[""danger"", ""danger"", ""danger""]",danger,"{""normal"": 0, ""unsafe"": 0, ""danger"": 36}","{""normal"": 0.0, ""unsafe"": 0.0, ""danger"": 1.0}",danger,danger,danger,True,False,labeling_yolo_sequence_coverage,sampled_danger_then_danger_ratio_sampled_unsafe_then_unsafe_ratio_else_normal,danger,intrusion,True,True,True,1.5599,"```json
{
  ""risk_state"": ""danger""
}
```
",True
intrusion_climb-over-fence_rgb_0079_cctv3_f000226_000236_000246,climb-over-fence_smart_rgb,intrusion_climb-over-fence_rgb_0079_cctv3,intrusion_candidate,intrusion,"[226, 236, 246]","[7.533, 7.867, 8.2]","{""start_frame"": 211, ""end_frame"": 246}","[""stand, carry/hold (an object)"", ""stand, carry/hold (an object)"", ""walk, carry/hold (an object)""]","[""danger"", ""danger"", ""danger""]",danger,"{""normal"": 0, ""unsafe"": 0, ""danger"": 36}","{""normal"": 0.0, ""unsafe"": 0.0, ""danger"": 1.0}",danger,danger,danger,True,False,labeling_yolo_sequence_coverage,sampled_danger_then_danger_ratio_sampled_unsafe_then_unsafe_ratio_else_normal,danger,intrusion,True,True,True,1.5586,"```json
{
  ""risk_state"": ""danger""
}
```
",True
intrusion_climb-over-fence_rgb_0079_cctv3_f000256_000266_000276,climb-over-fence_smart_rgb,intrusion_climb-over-fence_rgb_0079_cctv3,intrusion_candidate,intrusion,"[256, 266, 276]","[8.533, 8.867, 9.2]","{""start_frame"": 241, ""end_frame"": 276}","[""walk, carry/hold (an object)"", ""stand, carry/hold (an object)"", ""stand, carry/hold (an object)""]","[""danger"", ""danger"", ""danger""]",danger,"{""normal"": 0, ""unsafe"": 0, ""danger"": 36}","{""normal"": 0.0, ""unsafe"": 0.0, ""danger"": 1.0}",danger,danger,danger,True,False,labeling_yolo_sequence_coverage,sampled_danger_then_danger_ratio_sampled_unsafe_then_unsafe_ratio_else_normal,danger,intrusion,True,True,True,1.5474,"```json
{
  ""risk_state"": ""danger""
}
```
",True
intrusion_climb-over-fence_rgb_0079_cctv3_f000286_000296_000306,climb-over-fence_smart_rgb,intrusion_climb-over-fence_rgb_0079_cctv3,intrusion_candidate,intrusion,"[286, 296, 306]","[9.533, 9.867, 10.2]","{""start_frame"": 271, ""end_frame"": 306}","[""walk, carry/hold (an object)"", ""walk, stand"", ""stand, carry/hold (an object)""]","[""danger"", ""danger"", ""danger""]",danger,"{""normal"": 0, ""unsafe"": 0, ""danger"": 36}","{""normal"": 0.0, ""unsafe"": 0.0, ""danger"": 1.0}",danger,danger,danger,True,False,labeling_yolo_sequence_coverage,sampled_danger_then_danger_ratio_sampled_unsafe_then_unsafe_ratio_else_normal,danger,intrusion,True,True,True,1.5643,"```json
{
  ""risk_state"": ""danger""
}
```
",True
intrusion_climb-over-fence_rgb_0079_cctv3_f000316_000326_000336,climb-over-fence_smart_rgb,intrusion_climb-over-fence_rgb_0079_cctv3,intrusion_candidate,intrusion,"[316, 326, 336]","[10.533, 10.867, 11.2]","{""start_frame"": 301, ""end_frame"": 336}","[""stand, carry/hold (an object)"", ""stand, carry/hold (an object)"", ""stand, carry/hold (an object)""]","[""danger"", ""danger"", ""danger""]",danger,"{""normal"": 0, ""unsafe"": 0, ""danger"": 36}","{""normal"": 0.0, ""unsafe"": 0.0, ""danger"": 1.0}",danger,danger,danger,True,False,labeling_yolo_sequence_coverage,sampled_danger_then_danger_ratio_sampled_unsafe_then_unsafe_ratio_else_normal,danger,intrusion,True,True,True,1.556,"```json
{
  ""risk_state"": ""danger""
}
```
",True
intrusion_climb-over-fence_rgb_0079_cctv3_f000346_000356_000366,climb-over-fence_smart_rgb,intrusion_climb-over-fence_rgb_0079_cctv3,intrusion_candidate,intrusion,"[346, 356, 366]","[11.533, 11.867, 12.2]","{""start_frame"": 331, ""end_frame"": 366}","[""stand, carry/hold (an object)"", ""stand, carry/hold (an object)"", ""stand, carry/hold (an object)""]","[""danger"", ""danger"", ""danger""]",danger,"{""normal"": 0, ""unsafe"": 0, ""danger"": 36}","{""normal"": 0.0, ""unsafe"": 0.0, ""danger"": 1.0}",danger,danger,danger,True,False,labeling_yolo_sequence_coverage,sampled_danger_then_danger_ratio_sampled_unsafe_then_unsafe_ratio_else_normal,danger,intrusion,True,True,True,1.5522,"```json
{
  ""risk_state"": ""danger""
}
```
",True
intrusion_climb-over-fence_rgb_0079_cctv3_f000376_000386_000396,climb-over-fence_smart_rgb,intrusion_climb-over-fence_rgb_0079_cctv3,intrusion_candidate,intrusion,"[376, 386, 396]","[12.533, 12.867, 13.2]","{""start_frame"": 361, ""end_frame"": 396}","[""stand, carry/hold (an object)"", ""stand, carry/hold (an object)"", ""stand, carry/hold (an object)""]","[""danger"", ""danger"", ""danger""]",danger,"{""normal"": 0, ""unsafe"": 0, ""danger"": 36}","{""normal"": 0.0, ""unsafe"": 0.0, ""danger"": 1.0}",danger,danger,danger,True,False,labeling_yolo_sequence_coverage,sampled_danger_then_danger_ratio_sampled_unsafe_then_unsafe_ratio_else_normal,danger,intrusion,True,True,True,1.5564,"```json
{
  ""risk_state"": ""danger""
}
```
",True
intrusion_climb-over-fence_rgb_0079_cctv3_f000406_000416_000426,climb-over-fence_smart_rgb,intrusion_climb-over-fence_rgb_0079_cctv3,intrusion_candidate,intrusion,"[406, 416, 426]","[13.533, 13.867, 14.2]","{""start_frame"": 391, ""end_frame"": 426}","[""stand, carry/hold (an object)"", ""stand, carry/hold (an object)"", ""stand, carry/hold (an object)""]","[""danger"", ""danger"", ""danger""]",danger,"{""normal"": 0, ""unsafe"": 0, ""danger"": 36}","{""normal"": 0.0, ""unsafe"": 0.0, ""danger"": 1.0}",danger,danger,danger,True,False,labeling_yolo_sequence_coverage,sampled_danger_then_danger_ratio_sampled_unsafe_then_unsafe_ratio_else_normal,danger,intrusion,True,True,True,1.5441,"```json
{
  ""risk_state"": ""danger""
}
```
",True
intrusion_climb-over-fence_rgb_0079_cctv3_f000436_000446_000456,climb-over-fence_smart_rgb,intrusion_climb-over-fence_rgb_0079_cctv3,intrusion_candidate,intrusion,"[436, 446, 456]","[14.533, 14.867, 15.2]","{""start_frame"": 421, ""end_frame"": 456}","[""stand, carry/hold (an object)"", ""stand, carry/hold (an object)"", ""stand, carry/hold (an object)""]","[""danger"", ""danger"", ""danger""]",danger,"{""normal"": 0, ""unsafe"": 0, ""danger"": 36}","{""normal"": 0.0, ""unsafe"": 0.0, ""danger"": 1.0}",danger,danger,danger,True,False,labeling_yolo_sequence_coverage,sampled_danger_then_danger_ratio_sampled_unsafe_then_unsafe_ratio_else_normal,danger,intrusion,True,True,True,1.5534,"```json
{
  ""risk_state"": ""danger""
}
```
",True
intrusion_climb-over-fence_rgb_0081_cctv4_f000016_000026_000036,climb-over-fence_smart_rgb,intrusion_climb-over-fence_rgb_0081_cctv4,intrusion_candidate,intrusion,"[16, 26, 36]","[0.533, 0.867, 1.2]","{""start_frame"": 1, ""end_frame"": 36}","[""walk, carry/hold (an object)"", ""walk, carry/hold (an object)"", ""walk, sit""]","[""unsafe"", ""unsafe"", ""unsafe""]",unsafe,"{""normal"": 0, ""unsafe"": 36, ""danger"": 0}","{""normal"": 0.0, ""unsafe"": 1.0, ""danger"": 0.0}",unsafe,unsafe,unsafe,True,False,labeling_yolo_sequence_coverage,sampled_danger_then_danger_ratio_sampled_unsafe_then_unsafe_ratio_else_normal,danger,intrusion,True,True,True,1.5573,"```json
{
  ""risk_state"": ""danger""
}
```
",False
intrusion_climb-over-fence_rgb_0081_cctv4_f000046_000056_000066,climb-over-fence_smart_rgb,intrusion_climb-over-fence_rgb_0081_cctv4,intrusion_candidate,intrusion,"[46, 56, 66]","[1.533, 1.867, 2.2]","{""start_frame"": 31, ""end_frame"": 66}","[""walk, sit"", ""walk"", ""walk, carry/hold (an object)""]","[""unsafe"", ""unsafe"", ""unsafe""]",unsafe,"{""normal"": 0, ""unsafe"": 36, ""danger"": 0}","{""normal"": 0.0, ""unsafe"": 1.0, ""danger"": 0.0}",unsafe,unsafe,unsafe,True,False,labeling_yolo_sequence_coverage,sampled_danger_then_danger_ratio_sampled_unsafe_then_unsafe_ratio_else_normal,danger,intrusion,True,True,True,1.5522,"```json
{
  ""risk_state"": ""danger""
}
```
",False
intrusion_climb-over-fence_rgb_0081_cctv4_f000076_000086_000096,climb-over-fence_smart_rgb,intrusion_climb-over-fence_rgb_0081_cctv4,intrusion_candidate,intrusion,"[76, 86, 96]","[2.533, 2.867, 3.2]","{""start_frame"": 61, ""end_frame"": 96}","[""walk"", ""walk, carry/hold (an object)"", ""walk""]","[""unsafe"", ""unsafe"", ""unsafe""]",unsafe,"{""normal"": 0, ""unsafe"": 36, ""danger"": 0}","{""normal"": 0.0, ""unsafe"": 1.0, ""danger"": 0.0}",unsafe,unsafe,unsafe,True,False,labeling_yolo_sequence_coverage,sampled_danger_then_danger_ratio_sampled_unsafe_then_unsafe_ratio_else_normal,danger,intrusion,True,True,True,1.5558,"```json
{
  ""risk_state"": ""danger""
}
```
",False
intrusion_climb-over-fence_rgb_0081_cctv4_f000106_000116_000126,climb-over-fence_smart_rgb,intrusion_climb-over-fence_rgb_0081_cctv4,intrusion_candidate,intrusion,"[106, 116, 126]","[3.533, 3.867, 4.2]","{""start_frame"": 91, ""end_frame"": 126}","[""walk"", ""walk, stand"", ""walk, carry/hold (an object)""]","[""unsafe"", ""unsafe"", ""danger""]",danger,"{""normal"": 0, ""unsafe"": 26, ""danger"": 10}","{""normal"": 0.0, ""unsafe"": 0.7222, ""danger"": 0.2778}",unsafe,danger,danger,True,False,labeling_yolo_sequence_coverage,sampled_danger_then_danger_ratio_sampled_unsafe_then_unsafe_ratio_else_normal,danger,intrusion,True,True,True,1.5547,"```json
{
  ""risk_state"": ""danger""
}
```
",True
intrusion_climb-over-fence_rgb_0081_cctv4_f000136_000146_000156,climb-over-fence_smart_rgb,intrusion_climb-over-fence_rgb_0081_cctv4,intrusion_candidate,intrusion,"[136, 146, 156]","[4.533, 4.867, 5.2]","{""start_frame"": 121, ""end_frame"": 156}","[""walk"", ""walk, stand"", ""walk""]","[""danger"", ""danger"", ""danger""]",danger,"{""normal"": 0, ""unsafe"": 0, ""danger"": 36}","{""normal"": 0.0, ""unsafe"": 0.0, ""danger"": 1.0}",danger,danger,danger,True,False,labeling_yolo_sequence_coverage,sampled_danger_then_danger_ratio_sampled_unsafe_then_unsafe_ratio_else_normal,danger,intrusion,True,True,True,1.5628,"```json
{
  ""risk_state"": ""danger""
}
```
",True
intrusion_climb-over-fence_rgb_0081_cctv4_f000166_000176_000186,climb-over-fence_smart_rgb,intrusion_climb-over-fence_rgb_0081_cctv4,intrusion_candidate,intrusion,"[166, 176, 186]","[5.533, 5.867, 6.2]","{""start_frame"": 151, ""end_frame"": 186}","[""walk, sit"", ""walk, stand"", ""walk""]","[""danger"", ""danger"", ""danger""]",danger,"{""normal"": 0, ""unsafe"": 0, ""danger"": 36}","{""normal"": 0.0, ""unsafe"": 0.0, ""danger"": 1.0}",danger,danger,danger,True,False,labeling_yolo_sequence_coverage,sampled_danger_then_danger_ratio_sampled_unsafe_then_unsafe_ratio_else_normal,danger,intrusion,True,True,True,1.5592,"```json
{
  ""risk_state"": ""danger""
}
```
",True
intrusion_climb-over-fence_rgb_0081_cctv4_f000196_000206_000216,climb-over-fence_smart_rgb,intrusion_climb-over-fence_rgb_0081_cctv4,intrusion_candidate,intrusion,"[196, 206, 216]","[6.533, 6.867, 7.2]","{""start_frame"": 181, ""end_frame"": 216}","[""walk"", ""walk, carry/hold (an object)"", ""walk, run/jog""]","[""danger"", ""danger"", ""danger""]",danger,"{""normal"": 0, ""unsafe"": 0, ""danger"": 36}","{""normal"": 0.0, ""unsafe"": 0.0, ""danger"": 1.0}",danger,danger,danger,True,False,labeling_yolo_sequence_coverage,sampled_danger_then_danger_ratio_sampled_unsafe_then_unsafe_ratio_else_normal,danger,intrusion,True,True,True,1.5636,"```json
{
  ""risk_state"": ""danger""
}
```
",True
intrusion_climb-over-fence_rgb_0081_cctv4_f000226_000236_000246,climb-over-fence_smart_rgb,intrusion_climb-over-fence_rgb_0081_cctv4,intrusion_candidate,intrusion,"[226, 236, 246]","[7.533, 7.867, 8.2]","{""start_frame"": 211, ""end_frame"": 246}","[""walk, stand"", ""walk, stand"", ""stand, sit""]","[""danger"", ""danger"", ""danger""]",danger,"{""normal"": 0, ""unsafe"": 0, ""danger"": 36}","{""normal"": 0.0, ""unsafe"": 0.0, ""danger"": 1.0}",danger,danger,danger,True,False,labeling_yolo_sequence_coverage,sampled_danger_then_danger_ratio_sampled_unsafe_then_unsafe_ratio_else_normal,danger,intrusion,True,True,True,1.5691,"```json
{
  ""risk_state"": ""danger""
}
```
",True
intrusion_climb-over-fence_rgb_0081_cctv4_f000256_000266_000276,climb-over-fence_smart_rgb,intrusion_climb-over-fence_rgb_0081_cctv4,intrusion_candidate,intrusion,"[256, 266, 276]","[8.533, 8.867, 9.2]","{""start_frame"": 241, ""end_frame"": 276}","[""stand"", ""stand"", ""stand, walk""]","[""danger"", ""danger"", ""danger""]",danger,"{""normal"": 0, ""unsafe"": 0, ""danger"": 36}","{""normal"": 0.0, ""unsafe"": 0.0, ""danger"": 1.0}",danger,danger,danger,True,False,labeling_yolo_sequence_coverage,sampled_danger_then_danger_ratio_sampled_unsafe_then_unsafe_ratio_else_normal,danger,intrusion,True,True,True,1.5705,"```json
{
  ""risk_state"": ""danger""
}
```
",True
intrusion_climb-over-fence_rgb_0081_cctv4_f000286_000296_000306,climb-over-fence_smart_rgb,intrusion_climb-over-fence_rgb_0081_cctv4,intrusion_candidate,intrusion,"[286, 296, 306]","[9.533, 9.867, 10.2]","{""start_frame"": 271, ""end_frame"": 306}","[""stand, walk"", ""stand, walk"", ""stand, walk""]","[""danger"", ""danger"", ""danger""]",danger,"{""normal"": 0, ""unsafe"": 0, ""danger"": 36}","{""normal"": 0.0, ""unsafe"": 0.0, ""danger"": 1.0}",danger,danger,danger,True,False,labeling_yolo_sequence_coverage,sampled_danger_then_danger_ratio_sampled_unsafe_then_unsafe_ratio_else_normal,danger,intrusion,True,True,True,1.5592,"```json
{
  ""risk_state"": ""danger""
}
```
",True
intrusion_climb-over-fence_rgb_0081_cctv4_f000316_000326_000336,climb-over-fence_smart_rgb,intrusion_climb-over-fence_rgb_0081_cctv4,intrusion_candidate,intrusion,"[316, 326, 336]","[10.533, 10.867, 11.2]","{""start_frame"": 301, ""end_frame"": 336}","[""stand, walk"", ""stand, walk"", ""stand, walk""]","[""danger"", ""danger"", ""danger""]",danger,"{""normal"": 0, ""unsafe"": 0, ""danger"": 36}","{""normal"": 0.0, ""unsafe"": 0.0, ""danger"": 1.0}",danger,danger,danger,True,False,labeling_yolo_sequence_coverage,sampled_danger_then_danger_ratio_sampled_unsafe_then_unsafe_ratio_else_normal,danger,intrusion,True,True,True,1.5526,"```json
{
  ""risk_state"": ""danger""
}
```
",True
intrusion_climb-over-fence_rgb_0081_cctv4_f000346_000356_000366,climb-over-fence_smart_rgb,intrusion_climb-over-fence_rgb_0081_cctv4,intrusion_candidate,intrusion,"[346, 356, 366]","[11.533, 11.867, 12.2]","{""start_frame"": 331, ""end_frame"": 366}","[""stand"", ""stand"", ""none""]","[""danger"", ""danger"", ""danger""]",danger,"{""normal"": 0, ""unsafe"": 0, ""danger"": 36}","{""normal"": 0.0, ""unsafe"": 0.0, ""danger"": 1.0}",danger,danger,danger,True,False,labeling_yolo_sequence_coverage,sampled_danger_then_danger_ratio_sampled_unsafe_then_unsafe_ratio_else_normal,danger,intrusion,True,True,True,1.5593,"```json
{
  ""risk_state"": ""danger""
}
```
",True
intrusion_climb-over-fence_rgb_0081_cctv4_f000376_000386_000396,climb-over-fence_smart_rgb,intrusion_climb-over-fence_rgb_0081_cctv4,intrusion_candidate,intrusion,"[376, 386, 396]","[12.533, 12.867, 13.2]","{""start_frame"": 361, ""end_frame"": 396}","[""none"", ""none"", ""none""]","[""danger"", ""danger"", ""danger""]",danger,"{""normal"": 0, ""unsafe"": 0, ""danger"": 36}","{""normal"": 0.0, ""unsafe"": 0.0, ""danger"": 1.0}",danger,danger,danger,True,False,labeling_yolo_sequence_coverage,sampled_danger_then_danger_ratio_sampled_unsafe_then_unsafe_ratio_else_normal,danger,intrusion,True,True,True,1.5603,"```json
{
  ""risk_state"": ""danger""
}
```
",True
intrusion_climb-over-fence_rgb_0091_cctv2_f000016_000026_000036,climb-over-fence_smart_rgb,intrusion_climb-over-fence_rgb_0091_cctv2,intrusion_candidate,intrusion,"[16, 26, 36]","[0.533, 0.867, 1.2]","{""start_frame"": 1, ""end_frame"": 36}","[""walk, carry/hold (an object)"", ""walk, carry/hold (an object)"", ""walk, carry/hold (an object)""]","[""unsafe"", ""danger"", ""danger""]",danger,"{""normal"": 0, ""unsafe"": 25, ""danger"": 11}","{""normal"": 0.0, ""unsafe"": 0.6944, ""danger"": 0.3056}",danger,danger,danger,True,False,labeling_yolo_sequence_coverage,sampled_danger_then_danger_ratio_sampled_unsafe_then_unsafe_ratio_else_normal,unsafe,intrusion,True,True,True,1.5657,"```json
{
  ""risk_state"": ""unsafe""
}
```
",False
intrusion_climb-over-fence_rgb_0091_cctv2_f000046_000056_000066,climb-over-fence_smart_rgb,intrusion_climb-over-fence_rgb_0091_cctv2,intrusion_candidate,intrusion,"[46, 56, 66]","[1.533, 1.867, 2.2]","{""start_frame"": 31, ""end_frame"": 66}","[""stand, carry/hold (an object)"", ""stand, carry/hold (an object)"", ""carry/hold (an object), walk""]","[""danger"", ""danger"", ""danger""]",danger,"{""normal"": 0, ""unsafe"": 0, ""danger"": 36}","{""normal"": 0.0, ""unsafe"": 0.0, ""danger"": 1.0}",danger,danger,danger,True,False,labeling_yolo_sequence_coverage,sampled_danger_then_danger_ratio_sampled_unsafe_then_unsafe_ratio_else_normal,danger,intrusion,True,True,True,1.5562,"```json
{
  ""risk_state"": ""danger""
}
```
",True
intrusion_climb-over-fence_rgb_0091_cctv2_f000076_000086_000096,climb-over-fence_smart_rgb,intrusion_climb-over-fence_rgb_0091_cctv2,intrusion_candidate,intrusion,"[76, 86, 96]","[2.533, 2.867, 3.2]","{""start_frame"": 61, ""end_frame"": 96}","[""carry/hold (an object), walk"", ""stand, carry/hold (an object)"", ""stand, answer phone""]","[""danger"", ""danger"", ""danger""]",danger,"{""normal"": 0, ""unsafe"": 0, ""danger"": 36}","{""normal"": 0.0, ""unsafe"": 0.0, ""danger"": 1.0}",danger,danger,danger,True,False,labeling_yolo_sequence_coverage,sampled_danger_then_danger_ratio_sampled_unsafe_then_unsafe_ratio_else_normal,danger,intrusion,True,True,True,1.5527,"```json
{
  ""risk_state"": ""danger""
}
```
",True
intrusion_climb-over-fence_rgb_0091_cctv2_f000106_000116_000126,climb-over-fence_smart_rgb,intrusion_climb-over-fence_rgb_0091_cctv2,intrusion_candidate,intrusion,"[106, 116, 126]","[3.533, 3.867, 4.2]","{""start_frame"": 91, ""end_frame"": 126}","[""stand, answer phone"", ""stand, answer phone"", ""stand, answer phone""]","[""danger"", ""danger"", ""danger""]",danger,"{""normal"": 0, ""unsafe"": 0, ""danger"": 36}","{""normal"": 0.0, ""unsafe"": 0.0, ""danger"": 1.0}",danger,danger,danger,True,False,labeling_yolo_sequence_coverage,sampled_danger_then_danger_ratio_sampled_unsafe_then_unsafe_ratio_else_normal,danger,intrusion,True,True,True,1.5535,"```json
{
  ""risk_state"": ""danger""
}
```
",True
intrusion_climb-over-fence_rgb_0091_cctv2_f000136_000146_000156,climb-over-fence_smart_rgb,intrusion_climb-over-fence_rgb_0091_cctv2,intrusion_candidate,intrusion,"[136, 146, 156]","[4.533, 4.867, 5.2]","{""start_frame"": 121, ""end_frame"": 156}","[""stand, answer phone"", ""stand, answer phone"", ""stand, carry/hold (an object)""]","[""danger"", ""danger"", ""danger""]",danger,"{""normal"": 0, ""unsafe"": 0, ""danger"": 36}","{""normal"": 0.0, ""unsafe"": 0.0, ""danger"": 1.0}",danger,danger,danger,True,False,labeling_yolo_sequence_coverage,sampled_danger_then_danger_ratio_sampled_unsafe_then_unsafe_ratio_else_normal,danger,intrusion,True,True,True,1.5513,"```json
{
  ""risk_state"": ""danger""
}
```
",True
intrusion_climb-over-fence_rgb_0091_cctv2_f000166_000176_000186,climb-over-fence_smart_rgb,intrusion_climb-over-fence_rgb_0091_cctv2,intrusion_candidate,intrusion,"[166, 176, 186]","[5.533, 5.867, 6.2]","{""start_frame"": 151, ""end_frame"": 186}","[""carry/hold (an object), walk"", ""carry/hold (an object), stand"", ""stand, carry/hold (an object)""]","[""danger"", ""danger"", ""danger""]",danger,"{""normal"": 0, ""unsafe"": 0, ""danger"": 36}","{""normal"": 0.0, ""unsafe"": 0.0, ""danger"": 1.0}",danger,danger,danger,True,False,labeling_yolo_sequence_coverage,sampled_danger_then_danger_ratio_sampled_unsafe_then_unsafe_ratio_else_normal,danger,intrusion,True,True,True,1.5657,"```json
{
  ""risk_state"": ""danger""
}
```
",True
intrusion_climb-over-fence_rgb_0091_cctv2_f000196_000206_000216,climb-over-fence_smart_rgb,intrusion_climb-over-fence_rgb_0091_cctv2,intrusion_candidate,intrusion,"[196, 206, 216]","[6.533, 6.867, 7.2]","{""start_frame"": 181, ""end_frame"": 216}","[""stand, carry/hold (an object)"", ""walk, carry/hold (an object)"", ""walk, carry/hold (an object)""]","[""danger"", ""danger"", ""danger""]",danger,"{""normal"": 0, ""unsafe"": 0, ""danger"": 36}","{""normal"": 0.0, ""unsafe"": 0.0, ""danger"": 1.0}",danger,danger,danger,True,False,labeling_yolo_sequence_coverage,sampled_danger_then_danger_ratio_sampled_unsafe_then_unsafe_ratio_else_normal,danger,intrusion,True,True,True,1.5554,"```json
{
  ""risk_state"": ""danger""
}
```
",True
intrusion_climb-over-fence_rgb_0091_cctv2_f000226_000236_000246,climb-over-fence_smart_rgb,intrusion_climb-over-fence_rgb_0091_cctv2,intrusion_candidate,intrusion,"[226, 236, 246]","[7.533, 7.867, 8.2]","{""start_frame"": 211, ""end_frame"": 246}","[""bend/bow (at the waist), stand"", ""bend/bow (at the waist), stand"", ""stand, carry/hold (an object)""]","[""danger"", ""danger"", ""danger""]",danger,"{""normal"": 0, ""unsafe"": 0, ""danger"": 36}","{""normal"": 0.0, ""unsafe"": 0.0, ""danger"": 1.0}",danger,danger,danger,True,False,labeling_yolo_sequence_coverage,sampled_danger_then_danger_ratio_sampled_unsafe_then_unsafe_ratio_else_normal,danger,intrusion,True,True,True,1.5542,"```json
{
  ""risk_state"": ""danger""
}
```
",True
intrusion_climb-over-fence_rgb_0091_cctv2_f000256_000266_000276,climb-over-fence_smart_rgb,intrusion_climb-over-fence_rgb_0091_cctv2,intrusion_candidate,intrusion,"[256, 266, 276]","[8.533, 8.867, 9.2]","{""start_frame"": 241, ""end_frame"": 276}","[""stand, carry/hold (an object)"", ""stand, walk"", ""stand, walk""]","[""danger"", ""danger"", ""danger""]",danger,"{""normal"": 0, ""unsafe"": 0, ""danger"": 36}","{""normal"": 0.0, ""unsafe"": 0.0, ""danger"": 1.0}",danger,danger,danger,True,False,labeling_yolo_sequence_coverage,sampled_danger_then_danger_ratio_sampled_unsafe_then_unsafe_ratio_else_normal,danger,intrusion,True,True,True,1.5582,"```json
{
  ""risk_state"": ""danger""
}
```
",True
intrusion_climb-over-fence_rgb_0091_cctv2_f000286_000296_000306,climb-over-fence_smart_rgb,intrusion_climb-over-fence_rgb_0091_cctv2,intrusion_candidate,intrusion,"[286, 296, 306]","[9.533, 9.867, 10.2]","{""start_frame"": 271, ""end_frame"": 306}","[""stand, answer phone"", ""stand, answer phone"", ""stand, answer phone""]","[""danger"", ""danger"", ""danger""]",danger,"{""normal"": 0, ""unsafe"": 0, ""danger"": 36}","{""normal"": 0.0, ""unsafe"": 0.0, ""danger"": 1.0}",danger,danger,danger,True,False,labeling_yolo_sequence_coverage,sampled_danger_then_danger_ratio_sampled_unsafe_then_unsafe_ratio_else_normal,danger,intrusion,True,True,True,1.5541,"```json
{
  ""risk_state"": ""danger""
}
```
",True
intrusion_climb-over-fence_rgb_0091_cctv2_f000316_000326_000336,climb-over-fence_smart_rgb,intrusion_climb-over-fence_rgb_0091_cctv2,intrusion_candidate,intrusion,"[316, 326, 336]","[10.533, 10.867, 11.2]","{""start_frame"": 301, ""end_frame"": 336}","[""stand, answer phone"", ""stand, answer phone"", ""stand, walk""]","[""danger"", ""danger"", ""danger""]",danger,"{""normal"": 0, ""unsafe"": 0, ""danger"": 36}","{""normal"": 0.0, ""unsafe"": 0.0, ""danger"": 1.0}",danger,danger,danger,True,False,labeling_yolo_sequence_coverage,sampled_danger_then_danger_ratio_sampled_unsafe_then_unsafe_ratio_else_normal,danger,intrusion,True,True,True,1.553,"```json
{
  ""risk_state"": ""danger""
}
```
",True
intrusion_climb-over-fence_rgb_0091_cctv2_f000346_000356_000366,climb-over-fence_smart_rgb,intrusion_climb-over-fence_rgb_0091_cctv2,intrusion_candidate,intrusion,"[346, 356, 366]","[11.533, 11.867, 12.2]","{""start_frame"": 331, ""end_frame"": 366}","[""stand, carry/hold (an object)"", ""stand, carry/hold (an object)"", ""stand, carry/hold (an object)""]","[""danger"", ""danger"", ""danger""]",danger,"{""normal"": 0, ""unsafe"": 0, ""danger"": 36}","{""normal"": 0.0, ""unsafe"": 0.0, ""danger"": 1.0}",danger,danger,danger,True,False,labeling_yolo_sequence_coverage,sampled_danger_then_danger_ratio_sampled_unsafe_then_unsafe_ratio_else_normal,danger,intrusion,True,True,True,1.561,"```json
{
  ""risk_state"": ""danger""
}
```
",True
intrusion_climb-over-fence_rgb_0091_cctv2_f000376_000386_000396,climb-over-fence_smart_rgb,intrusion_climb-over-fence_rgb_0091_cctv2,intrusion_candidate,intrusion,"[376, 386, 396]","[12.533, 12.867, 13.2]","{""start_frame"": 361, ""end_frame"": 396}","[""stand, carry/hold (an object)"", ""stand, walk"", ""stand, carry/hold (an object)""]","[""danger"", ""danger"", ""danger""]",danger,"{""normal"": 0, ""unsafe"": 0, ""danger"": 36}","{""normal"": 0.0, ""unsafe"": 0.0, ""danger"": 1.0}",danger,danger,danger,True,False,labeling_yolo_sequence_coverage,sampled_danger_then_danger_ratio_sampled_unsafe_then_unsafe_ratio_else_normal,danger,intrusion,True,True,True,1.5629,"```json
{
  ""risk_state"": ""danger""
}
```
",True
intrusion_climb-over-fence_rgb_0098_cctv3_f000016_000026_000036,climb-over-fence_smart_rgb,intrusion_climb-over-fence_rgb_0098_cctv3,intrusion_candidate,intrusion,"[16, 26, 36]","[0.533, 0.867, 1.2]","{""start_frame"": 1, ""end_frame"": 36}","[""carry/hold (an object), walk"", ""carry/hold (an object), walk"", ""walk, carry/hold (an object)""]","[""danger"", ""danger"", ""danger""]",danger,"{""normal"": 0, ""unsafe"": 2, ""danger"": 34}","{""normal"": 0.0, ""unsafe"": 0.0556, ""danger"": 0.9444}",danger,danger,danger,True,False,labeling_yolo_sequence_coverage,sampled_danger_then_danger_ratio_sampled_unsafe_then_unsafe_ratio_else_normal,danger,intrusion,True,True,True,1.5576,"```json
{
  ""risk_state"": ""danger""
}
```
",True
intrusion_climb-over-fence_rgb_0098_cctv3_f000046_000056_000066,climb-over-fence_smart_rgb,intrusion_climb-over-fence_rgb_0098_cctv3,intrusion_candidate,intrusion,"[46, 56, 66]","[1.533, 1.867, 2.2]","{""start_frame"": 31, ""end_frame"": 66}","[""stand, walk"", ""stand, carry/hold (an object)"", ""stand, carry/hold (an object)""]","[""danger"", ""danger"", ""danger""]",danger,"{""normal"": 0, ""unsafe"": 0, ""danger"": 36}","{""normal"": 0.0, ""unsafe"": 0.0, ""danger"": 1.0}",danger,danger,danger,True,False,labeling_yolo_sequence_coverage,sampled_danger_then_danger_ratio_sampled_unsafe_then_unsafe_ratio_else_normal,danger,intrusion,True,True,True,1.5639,"```json
{
  ""risk_state"": ""danger""
}
```
",True
intrusion_climb-over-fence_rgb_0098_cctv3_f000076_000086_000096,climb-over-fence_smart_rgb,intrusion_climb-over-fence_rgb_0098_cctv3,intrusion_candidate,intrusion,"[76, 86, 96]","[2.533, 2.867, 3.2]","{""start_frame"": 61, ""end_frame"": 96}","[""stand, carry/hold (an object)"", ""walk, carry/hold (an object)"", ""walk, run/jog""]","[""danger"", ""danger"", ""danger""]",danger,"{""normal"": 0, ""unsafe"": 0, ""danger"": 36}","{""normal"": 0.0, ""unsafe"": 0.0, ""danger"": 1.0}",danger,danger,danger,True,False,labeling_yolo_sequence_coverage,sampled_danger_then_danger_ratio_sampled_unsafe_then_unsafe_ratio_else_normal,danger,intrusion,True,True,True,1.5604,"```json
{
  ""risk_state"": ""danger""
}
```
",True
intrusion_climb-over-fence_rgb_0098_cctv3_f000106_000116_000126,climb-over-fence_smart_rgb,intrusion_climb-over-fence_rgb_0098_cctv3,intrusion_candidate,intrusion,"[106, 116, 126]","[3.533, 3.867, 4.2]","{""start_frame"": 91, ""end_frame"": 126}","[""walk, carry/hold (an object)"", ""walk, carry/hold (an object)"", ""walk, carry/hold (an object)""]","[""danger"", ""danger"", ""danger""]",danger,"{""normal"": 0, ""unsafe"": 0, ""danger"": 36}","{""normal"": 0.0, ""unsafe"": 0.0, ""danger"": 1.0}",danger,danger,danger,True,False,labeling_yolo_sequence_coverage,sampled_danger_then_danger_ratio_sampled_unsafe_then_unsafe_ratio_else_normal,unsafe,intrusion,True,True,True,1.5642,"```json
{
  ""risk_state"": ""unsafe""
}
```
",False
intrusion_climb-over-fence_rgb_0098_cctv3_f000136_000146_000156,climb-over-fence_smart_rgb,intrusion_climb-over-fence_rgb_0098_cctv3,intrusion_candidate,intrusion,"[136, 146, 156]","[4.533, 4.867, 5.2]","{""start_frame"": 121, ""end_frame"": 156}","[""walk, carry/hold (an object)"", ""walk, carry/hold (an object)"", ""carry/hold (an object), stand""]","[""danger"", ""danger"", ""danger""]",danger,"{""normal"": 0, ""unsafe"": 0, ""danger"": 36}","{""normal"": 0.0, ""unsafe"": 0.0, ""danger"": 1.0}",danger,danger,danger,True,False,labeling_yolo_sequence_coverage,sampled_danger_then_danger_ratio_sampled_unsafe_then_unsafe_ratio_else_normal,danger,intrusion,True,True,True,1.5586,"```json
{
  ""risk_state"": ""danger""
}
```
",True
intrusion_climb-over-fence_rgb_0098_cctv3_f000166_000176_000186,climb-over-fence_smart_rgb,intrusion_climb-over-fence_rgb_0098_cctv3,intrusion_candidate,intrusion,"[166, 176, 186]","[5.533, 5.867, 6.2]","{""start_frame"": 151, ""end_frame"": 186}","[""walk, carry/hold (an object)"", ""walk, carry/hold (an object)"", ""walk, carry/hold (an object)""]","[""danger"", ""danger"", ""danger""]",danger,"{""normal"": 0, ""unsafe"": 0, ""danger"": 36}","{""normal"": 0.0, ""unsafe"": 0.0, ""danger"": 1.0}",danger,danger,danger,True,False,labeling_yolo_sequence_coverage,sampled_danger_then_danger_ratio_sampled_unsafe_then_unsafe_ratio_else_normal,danger,intrusion,True,True,True,1.5519,"```json
{
  ""risk_state"": ""danger""
}
```
",True
intrusion_climb-over-fence_rgb_0098_cctv3_f000196_000206_000216,climb-over-fence_smart_rgb,intrusion_climb-over-fence_rgb_0098_cctv3,intrusion_candidate,intrusion,"[196, 206, 216]","[6.533, 6.867, 7.2]","{""start_frame"": 181, ""end_frame"": 216}","[""walk, carry/hold (an object)"", ""walk, carry/hold (an object)"", ""walk, carry/hold (an object)""]","[""danger"", ""danger"", ""danger""]",danger,"{""normal"": 0, ""unsafe"": 0, ""danger"": 36}","{""normal"": 0.0, ""unsafe"": 0.0, ""danger"": 1.0}",danger,danger,danger,True,False,labeling_yolo_sequence_coverage,sampled_danger_then_danger_ratio_sampled_unsafe_then_unsafe_ratio_else_normal,danger,intrusion,True,True,True,1.5623,"```json
{
  ""risk_state"": ""danger""
}
```
",True
intrusion_climb-over-fence_rgb_0098_cctv3_f000226_000236_000246,climb-over-fence_smart_rgb,intrusion_climb-over-fence_rgb_0098_cctv3,intrusion_candidate,intrusion,"[226, 236, 246]","[7.533, 7.867, 8.2]","{""start_frame"": 211, ""end_frame"": 246}","[""stand, walk"", ""walk, carry/hold (an object)"", ""stand, walk""]","[""danger"", ""danger"", ""danger""]",danger,"{""normal"": 0, ""unsafe"": 0, ""danger"": 36}","{""normal"": 0.0, ""unsafe"": 0.0, ""danger"": 1.0}",danger,danger,danger,True,False,labeling_yolo_sequence_coverage,sampled_danger_then_danger_ratio_sampled_unsafe_then_unsafe_ratio_else_normal,danger,intrusion,True,True,True,1.554,"```json
{
  ""risk_state"": ""danger""
}
```
",True
intrusion_climb-over-fence_rgb_0098_cctv3_f000256_000266_000276,climb-over-fence_smart_rgb,intrusion_climb-over-fence_rgb_0098_cctv3,intrusion_candidate,intrusion,"[256, 266, 276]","[8.533, 8.867, 9.2]","{""start_frame"": 241, ""end_frame"": 276}","[""stand, carry/hold (an object)"", ""stand, carry/hold (an object)"", ""stand, walk""]","[""danger"", ""danger"", ""danger""]",danger,"{""normal"": 0, ""unsafe"": 0, ""danger"": 36}","{""normal"": 0.0, ""unsafe"": 0.0, ""danger"": 1.0}",danger,danger,danger,True,False,labeling_yolo_sequence_coverage,sampled_danger_then_danger_ratio_sampled_unsafe_then_unsafe_ratio_else_normal,danger,intrusion,True,True,True,1.5558,"```json
{
  ""risk_state"": ""danger""
}
```
",True
intrusion_climb-over-fence_rgb_0098_cctv3_f000286_000296_000306,climb-over-fence_smart_rgb,intrusion_climb-over-fence_rgb_0098_cctv3,intrusion_candidate,intrusion,"[286, 296, 306]","[9.533, 9.867, 10.2]","{""start_frame"": 271, ""end_frame"": 306}","[""stand, walk"", ""stand, walk"", ""stand, walk""]","[""danger"", ""danger"", ""danger""]",danger,"{""normal"": 0, ""unsafe"": 0, ""danger"": 36}","{""normal"": 0.0, ""unsafe"": 0.0, ""danger"": 1.0}",danger,danger,danger,True,False,labeling_yolo_sequence_coverage,sampled_danger_then_danger_ratio_sampled_unsafe_then_unsafe_ratio_else_normal,danger,intrusion,True,True,True,1.5779,"```json
{
  ""risk_state"": ""danger""
}
```
",True
intrusion_climb-over-fence_rgb_0098_cctv3_f000316_000326_000336,climb-over-fence_smart_rgb,intrusion_climb-over-fence_rgb_0098_cctv3,intrusion_candidate,intrusion,"[316, 326, 336]","[10.533, 10.867, 11.2]","{""start_frame"": 301, ""end_frame"": 336}","[""stand, answer phone"", ""stand, carry/hold (an object)"", ""walk, carry/hold (an object)""]","[""danger"", ""danger"", ""danger""]",danger,"{""normal"": 0, ""unsafe"": 0, ""danger"": 36}","{""normal"": 0.0, ""unsafe"": 0.0, ""danger"": 1.0}",danger,danger,danger,True,False,labeling_yolo_sequence_coverage,sampled_danger_then_danger_ratio_sampled_unsafe_then_unsafe_ratio_else_normal,danger,intrusion,True,True,True,1.5628,"```json
{
  ""risk_state"": ""danger""
}
```
",True
intrusion_climb-over-fence_rgb_0098_cctv3_f000346_000356_000366,climb-over-fence_smart_rgb,intrusion_climb-over-fence_rgb_0098_cctv3,intrusion_candidate,intrusion,"[346, 356, 366]","[11.533, 11.867, 12.2]","{""start_frame"": 331, ""end_frame"": 366}","[""walk, carry/hold (an object)"", ""stand, walk"", ""stand, carry/hold (an object)""]","[""danger"", ""danger"", ""danger""]",danger,"{""normal"": 0, ""unsafe"": 0, ""danger"": 36}","{""normal"": 0.0, ""unsafe"": 0.0, ""danger"": 1.0}",danger,danger,danger,True,False,labeling_yolo_sequence_coverage,sampled_danger_then_danger_ratio_sampled_unsafe_then_unsafe_ratio_else_normal,danger,intrusion,True,True,True,1.557,"```json
{
  ""risk_state"": ""danger""
}
```
",True
intrusion_climb-over-fence_rgb_0098_cctv3_f000376_000386_000396,climb-over-fence_smart_rgb,intrusion_climb-over-fence_rgb_0098_cctv3,intrusion_candidate,intrusion,"[376, 386, 396]","[12.533, 12.867, 13.2]","{""start_frame"": 361, ""end_frame"": 396}","[""stand, walk"", ""stand, carry/hold (an object)"", ""stand, carry/hold (an object)""]","[""danger"", ""danger"", ""danger""]",danger,"{""normal"": 0, ""unsafe"": 0, ""danger"": 36}","{""normal"": 0.0, ""unsafe"": 0.0, ""danger"": 1.0}",danger,danger,danger,True,False,labeling_yolo_sequence_coverage,sampled_danger_then_danger_ratio_sampled_unsafe_then_unsafe_ratio_else_normal,danger,intrusion,True,True,True,1.5588,"```json
{
  ""risk_state"": ""danger""
}
```
",True
intrusion_climb-over-fence_rgb_0106_cctv1_f000016_000026_000036,climb-over-fence_smart_rgb,intrusion_climb-over-fence_rgb_0106_cctv1,intrusion_candidate,intrusion,"[16, 26, 36]","[0.533, 0.867, 1.2]","{""start_frame"": 1, ""end_frame"": 36}","[""walk, carry/hold (an object)"", ""walk, carry/hold (an object)"", ""walk, carry/hold (an object)""]","[""unsafe"", ""unsafe"", ""unsafe""]",unsafe,"{""normal"": 0, ""unsafe"": 36, ""danger"": 0}","{""normal"": 0.0, ""unsafe"": 1.0, ""danger"": 0.0}",unsafe,unsafe,unsafe,True,False,labeling_yolo_sequence_coverage,sampled_danger_then_danger_ratio_sampled_unsafe_then_unsafe_ratio_else_normal,unsafe,intrusion,True,True,True,1.4317,"```json
{""risk_state"":""unsafe""}
```
",True
intrusion_climb-over-fence_rgb_0106_cctv1_f000046_000056_000066,climb-over-fence_smart_rgb,intrusion_climb-over-fence_rgb_0106_cctv1,intrusion_candidate,intrusion,"[46, 56, 66]","[1.533, 1.867, 2.2]","{""start_frame"": 31, ""end_frame"": 66}","[""walk, carry/hold (an object)"", ""walk, carry/hold (an object)"", ""walk, carry/hold (an object)""]","[""unsafe"", ""unsafe"", ""danger""]",danger,"{""normal"": 0, ""unsafe"": 26, ""danger"": 10}","{""normal"": 0.0, ""unsafe"": 0.7222, ""danger"": 0.2778}",unsafe,danger,danger,True,False,labeling_yolo_sequence_coverage,sampled_danger_then_danger_ratio_sampled_unsafe_then_unsafe_ratio_else_normal,danger,intrusion,True,True,True,1.5619,"```json
{
    ""risk_state"": ""danger""
}
```
",True
intrusion_climb-over-fence_rgb_0106_cctv1_f000076_000086_000096,climb-over-fence_smart_rgb,intrusion_climb-over-fence_rgb_0106_cctv1,intrusion_candidate,intrusion,"[76, 86, 96]","[2.533, 2.867, 3.2]","{""start_frame"": 61, ""end_frame"": 96}","[""carry/hold (an object), walk"", ""carry/hold (an object), stand"", ""walk, carry/hold (an object)""]","[""danger"", ""danger"", ""danger""]",danger,"{""normal"": 0, ""unsafe"": 0, ""danger"": 36}","{""normal"": 0.0, ""unsafe"": 0.0, ""danger"": 1.0}",danger,danger,danger,True,False,labeling_yolo_sequence_coverage,sampled_danger_then_danger_ratio_sampled_unsafe_then_unsafe_ratio_else_normal,danger,intrusion,True,True,True,1.5636,"```json
{
  ""risk_state"": ""danger""
}
```
",True
intrusion_climb-over-fence_rgb_0106_cctv1_f000106_000116_000126,climb-over-fence_smart_rgb,intrusion_climb-over-fence_rgb_0106_cctv1,intrusion_candidate,intrusion,"[106, 116, 126]","[3.533, 3.867, 4.2]","{""start_frame"": 91, ""end_frame"": 126}","[""walk, carry/hold (an object)"", ""walk, stand"", ""stand, carry/hold (an object)""]","[""danger"", ""danger"", ""danger""]",danger,"{""normal"": 0, ""unsafe"": 0, ""danger"": 36}","{""normal"": 0.0, ""unsafe"": 0.0, ""danger"": 1.0}",danger,danger,danger,True,False,labeling_yolo_sequence_coverage,sampled_danger_then_danger_ratio_sampled_unsafe_then_unsafe_ratio_else_normal,danger,intrusion,True,True,True,1.5569,"```json
{
  ""risk_state"": ""danger""
}
```
",True
intrusion_climb-over-fence_rgb_0106_cctv1_f000136_000146_000156,climb-over-fence_smart_rgb,intrusion_climb-over-fence_rgb_0106_cctv1,intrusion_candidate,intrusion,"[136, 146, 156]","[4.533, 4.867, 5.2]","{""start_frame"": 121, ""end_frame"": 156}","[""stand, carry/hold (an object)"", ""stand, carry/hold (an object)"", ""stand, carry/hold (an object)""]","[""danger"", ""danger"", ""danger""]",danger,"{""normal"": 0, ""unsafe"": 0, ""danger"": 36}","{""normal"": 0.0, ""unsafe"": 0.0, ""danger"": 1.0}",danger,danger,danger,True,False,labeling_yolo_sequence_coverage,sampled_danger_then_danger_ratio_sampled_unsafe_then_unsafe_ratio_else_normal,unsafe,intrusion,True,True,True,1.5429,"```json
{
  ""risk_state"": ""unsafe""
}
```
",False
intrusion_climb-over-fence_rgb_0106_cctv1_f000166_000176_000186,climb-over-fence_smart_rgb,intrusion_climb-over-fence_rgb_0106_cctv1,intrusion_candidate,intrusion,"[166, 176, 186]","[5.533, 5.867, 6.2]","{""start_frame"": 151, ""end_frame"": 186}","[""stand"", ""stand, carry/hold (an object)"", ""stand, carry/hold (an object)""]","[""danger"", ""danger"", ""danger""]",danger,"{""normal"": 0, ""unsafe"": 0, ""danger"": 36}","{""normal"": 0.0, ""unsafe"": 0.0, ""danger"": 1.0}",danger,danger,danger,True,False,labeling_yolo_sequence_coverage,sampled_danger_then_danger_ratio_sampled_unsafe_then_unsafe_ratio_else_normal,danger,intrusion,True,True,True,1.5645,"```json
{
  ""risk_state"": ""danger""
}
```
",True
intrusion_climb-over-fence_rgb_0106_cctv1_f000196_000206_000216,climb-over-fence_smart_rgb,intrusion_climb-over-fence_rgb_0106_cctv1,intrusion_candidate,intrusion,"[196, 206, 216]","[6.533, 6.867, 7.2]","{""start_frame"": 181, ""end_frame"": 216}","[""carry/hold (an object), stand"", ""carry/hold (an object), stand"", ""carry/hold (an object), stand""]","[""danger"", ""danger"", ""danger""]",danger,"{""normal"": 0, ""unsafe"": 0, ""danger"": 36}","{""normal"": 0.0, ""unsafe"": 0.0, ""danger"": 1.0}",danger,danger,danger,True,False,labeling_yolo_sequence_coverage,sampled_danger_then_danger_ratio_sampled_unsafe_then_unsafe_ratio_else_normal,danger,intrusion,True,True,True,1.5554,"```json
{
  ""risk_state"": ""danger""
}
```
",True
intrusion_climb-over-fence_rgb_0106_cctv1_f000226_000236_000246,climb-over-fence_smart_rgb,intrusion_climb-over-fence_rgb_0106_cctv1,intrusion_candidate,intrusion,"[226, 236, 246]","[7.533, 7.867, 8.2]","{""start_frame"": 211, ""end_frame"": 246}","[""carry/hold (an object), walk"", ""bend/bow (at the waist), carry/hold (an object)"", ""bend/bow (at the waist), carry/hold (an object)""]","[""danger"", ""danger"", ""danger""]",danger,"{""normal"": 0, ""unsafe"": 0, ""danger"": 36}","{""normal"": 0.0, ""unsafe"": 0.0, ""danger"": 1.0}",danger,danger,danger,True,False,labeling_yolo_sequence_coverage,sampled_danger_then_danger_ratio_sampled_unsafe_then_unsafe_ratio_else_normal,danger,intrusion,True,True,True,1.5511,"```json
{
  ""risk_state"": ""danger""
}
```
",True
intrusion_climb-over-fence_rgb_0106_cctv1_f000256_000266_000276,climb-over-fence_smart_rgb,intrusion_climb-over-fence_rgb_0106_cctv1,intrusion_candidate,intrusion,"[256, 266, 276]","[8.533, 8.867, 9.2]","{""start_frame"": 241, ""end_frame"": 276}","[""stand, carry/hold (an object)"", ""stand, carry/hold (an object)"", ""stand, carry/hold (an object)""]","[""danger"", ""danger"", ""danger""]",danger,"{""normal"": 0, ""unsafe"": 0, ""danger"": 36}","{""normal"": 0.0, ""unsafe"": 0.0, ""danger"": 1.0}",danger,danger,danger,True,False,labeling_yolo_sequence_coverage,sampled_danger_then_danger_ratio_sampled_unsafe_then_unsafe_ratio_else_normal,danger,intrusion,True,True,True,1.554,"```json
{
  ""risk_state"": ""danger""
}
```
",True
intrusion_climb-over-fence_rgb_0106_cctv1_f000286_000296_000306,climb-over-fence_smart_rgb,intrusion_climb-over-fence_rgb_0106_cctv1,intrusion_candidate,intrusion,"[286, 296, 306]","[9.533, 9.867, 10.2]","{""start_frame"": 271, ""end_frame"": 306}","[""stand, carry/hold (an object)"", ""stand, answer phone"", ""stand, answer phone""]","[""danger"", ""danger"", ""danger""]",danger,"{""normal"": 0, ""unsafe"": 0, ""danger"": 36}","{""normal"": 0.0, ""unsafe"": 0.0, ""danger"": 1.0}",danger,danger,danger,True,False,labeling_yolo_sequence_coverage,sampled_danger_then_danger_ratio_sampled_unsafe_then_unsafe_ratio_else_normal,danger,intrusion,True,True,True,1.5568,"```json
{
    ""risk_state"": ""danger""
}
```
",True
intrusion_climb-over-fence_rgb_0106_cctv1_f000316_000326_000336,climb-over-fence_smart_rgb,intrusion_climb-over-fence_rgb_0106_cctv1,intrusion_candidate,intrusion,"[316, 326, 336]","[10.533, 10.867, 11.2]","{""start_frame"": 301, ""end_frame"": 336}","[""stand, answer phone"", ""stand, answer phone"", ""stand, answer phone""]","[""danger"", ""danger"", ""danger""]",danger,"{""normal"": 0, ""unsafe"": 0, ""danger"": 36}","{""normal"": 0.0, ""unsafe"": 0.0, ""danger"": 1.0}",danger,danger,danger,True,False,labeling_yolo_sequence_coverage,sampled_danger_then_danger_ratio_sampled_unsafe_then_unsafe_ratio_else_normal,danger,intrusion,True,True,True,1.5612,"```json
{
  ""risk_state"": ""danger""
}
```
",True
intrusion_climb-over-fence_rgb_0106_cctv1_f000346_000356_000366,climb-over-fence_smart_rgb,intrusion_climb-over-fence_rgb_0106_cctv1,intrusion_candidate,intrusion,"[346, 356, 366]","[11.533, 11.867, 12.2]","{""start_frame"": 331, ""end_frame"": 366}","[""stand"", ""stand, answer phone"", ""stand, answer phone""]","[""danger"", ""danger"", ""danger""]",danger,"{""normal"": 0, ""unsafe"": 0, ""danger"": 36}","{""normal"": 0.0, ""unsafe"": 0.0, ""danger"": 1.0}",danger,danger,danger,True,False,labeling_yolo_sequence_coverage,sampled_danger_then_danger_ratio_sampled_unsafe_then_unsafe_ratio_else_normal,danger,intrusion,True,True,True,1.5432,"```json
{
  ""risk_state"": ""danger""
}
```
",True
intrusion_climb-over-fence_rgb_0106_cctv1_f000376_000386_000396,climb-over-fence_smart_rgb,intrusion_climb-over-fence_rgb_0106_cctv1,intrusion_candidate,intrusion,"[376, 386, 396]","[12.533, 12.867, 13.2]","{""start_frame"": 361, ""end_frame"": 396}","[""stand, carry/hold (an object)"", ""stand, carry/hold (an object)"", ""stand, carry/hold (an object)""]","[""danger"", ""danger"", ""danger""]",danger,"{""normal"": 0, ""unsafe"": 0, ""danger"": 36}","{""normal"": 0.0, ""unsafe"": 0.0, ""danger"": 1.0}",danger,danger,danger,True,False,labeling_yolo_sequence_coverage,sampled_danger_then_danger_ratio_sampled_unsafe_then_unsafe_ratio_else_normal,danger,intrusion,True,True,True,1.554,"```json
{
  ""risk_state"": ""danger""
}
```
",True
intrusion_climb-over-fence_rgb_0106_cctv1_f000406_000416_000426,climb-over-fence_smart_rgb,intrusion_climb-over-fence_rgb_0106_cctv1,intrusion_candidate,intrusion,"[406, 416, 426]","[13.533, 13.867, 14.2]","{""start_frame"": 391, ""end_frame"": 426}","[""stand, carry/hold (an object)"", ""stand, carry/hold (an object)"", ""stand""]","[""danger"", ""danger"", ""danger""]",danger,"{""normal"": 0, ""unsafe"": 0, ""danger"": 36}","{""normal"": 0.0, ""unsafe"": 0.0, ""danger"": 1.0}",danger,danger,danger,True,False,labeling_yolo_sequence_coverage,sampled_danger_then_danger_ratio_sampled_unsafe_then_unsafe_ratio_else_normal,danger,intrusion,True,True,True,1.435,"```json
{""risk_state"":""danger""}
```
",True
intrusion_climb-over-fence_rgb_0106_cctv1_f000436_000446_000456,climb-over-fence_smart_rgb,intrusion_climb-over-fence_rgb_0106_cctv1,intrusion_candidate,intrusion,"[436, 446, 456]","[14.533, 14.867, 15.2]","{""start_frame"": 421, ""end_frame"": 456}","[""stand"", ""stand"", ""stand""]","[""danger"", ""danger"", ""danger""]",danger,"{""normal"": 0, ""unsafe"": 0, ""danger"": 36}","{""normal"": 0.0, ""unsafe"": 0.0, ""danger"": 1.0}",danger,danger,danger,True,False,labeling_yolo_sequence_coverage,sampled_danger_then_danger_ratio_sampled_unsafe_then_unsafe_ratio_else_normal,danger,intrusion,True,True,True,1.5629,"```json
{
  ""risk_state"": ""danger""
}
```
",True
intrusion_climb-over-fence_rgb_0107_cctv1_f000016_000026_000036,climb-over-fence_smart_rgb,intrusion_climb-over-fence_rgb_0107_cctv1,intrusion_candidate,intrusion,"[16, 26, 36]","[0.533, 0.867, 1.2]","{""start_frame"": 1, ""end_frame"": 36}","[""walk, carry/hold (an object)"", ""walk, carry/hold (an object)"", ""walk, carry/hold (an object)""]","[""normal"", ""normal"", ""normal""]",normal,"{""normal"": 36, ""unsafe"": 0, ""danger"": 0}","{""normal"": 1.0, ""unsafe"": 0.0, ""danger"": 0.0}",normal,normal,normal,True,False,labeling_yolo_sequence_coverage,sampled_danger_then_danger_ratio_sampled_unsafe_then_unsafe_ratio_else_normal,unsafe,intrusion,True,True,True,1.5591,"```json
{
  ""risk_state"": ""unsafe""
}
```
",False
intrusion_climb-over-fence_rgb_0107_cctv1_f000046_000056_000066,climb-over-fence_smart_rgb,intrusion_climb-over-fence_rgb_0107_cctv1,intrusion_candidate,intrusion,"[46, 56, 66]","[1.533, 1.867, 2.2]","{""start_frame"": 31, ""end_frame"": 66}","[""walk, carry/hold (an object)"", ""stand, carry/hold (an object)"", ""stand, walk""]","[""unsafe"", ""unsafe"", ""unsafe""]",unsafe,"{""normal"": 8, ""unsafe"": 28, ""danger"": 0}","{""normal"": 0.2222, ""unsafe"": 0.7778, ""danger"": 0.0}",unsafe,unsafe,unsafe,True,False,labeling_yolo_sequence_coverage,sampled_danger_then_danger_ratio_sampled_unsafe_then_unsafe_ratio_else_normal,unsafe,intrusion,True,True,True,1.5502,"```json
{
    ""risk_state"": ""unsafe""
}
```
",True
intrusion_climb-over-fence_rgb_0107_cctv1_f000076_000086_000096,climb-over-fence_smart_rgb,intrusion_climb-over-fence_rgb_0107_cctv1,intrusion_candidate,intrusion,"[76, 86, 96]","[2.533, 2.867, 3.2]","{""start_frame"": 61, ""end_frame"": 96}","[""stand, walk"", ""walk, carry/hold (an object)"", ""walk, carry/hold (an object)""]","[""unsafe"", ""unsafe"", ""unsafe""]",unsafe,"{""normal"": 0, ""unsafe"": 36, ""danger"": 0}","{""normal"": 0.0, ""unsafe"": 1.0, ""danger"": 0.0}",unsafe,unsafe,unsafe,True,False,labeling_yolo_sequence_coverage,sampled_danger_then_danger_ratio_sampled_unsafe_then_unsafe_ratio_else_normal,unsafe,intrusion,True,True,True,1.5617,"```json
{
  ""risk_state"": ""unsafe""
}
```
",True
intrusion_climb-over-fence_rgb_0107_cctv1_f000106_000116_000126,climb-over-fence_smart_rgb,intrusion_climb-over-fence_rgb_0107_cctv1,intrusion_candidate,intrusion,"[106, 116, 126]","[3.533, 3.867, 4.2]","{""start_frame"": 91, ""end_frame"": 126}","[""stand, carry/hold (an object)"", ""walk, carry/hold (an object)"", ""walk, carry/hold (an object)""]","[""unsafe"", ""unsafe"", ""unsafe""]",unsafe,"{""normal"": 0, ""unsafe"": 36, ""danger"": 0}","{""normal"": 0.0, ""unsafe"": 1.0, ""danger"": 0.0}",unsafe,unsafe,unsafe,True,False,labeling_yolo_sequence_coverage,sampled_danger_then_danger_ratio_sampled_unsafe_then_unsafe_ratio_else_normal,unsafe,intrusion,True,True,True,1.5549,"```json
{
  ""risk_state"": ""unsafe""
}
```
",True
intrusion_climb-over-fence_rgb_0107_cctv1_f000136_000146_000156,climb-over-fence_smart_rgb,intrusion_climb-over-fence_rgb_0107_cctv1,intrusion_candidate,intrusion,"[136, 146, 156]","[4.533, 4.867, 5.2]","{""start_frame"": 121, ""end_frame"": 156}","[""walk, carry/hold (an object)"", ""walk, carry/hold (an object)"", ""walk, carry/hold (an object)""]","[""unsafe"", ""unsafe"", ""unsafe""]",unsafe,"{""normal"": 0, ""unsafe"": 36, ""danger"": 0}","{""normal"": 0.0, ""unsafe"": 1.0, ""danger"": 0.0}",unsafe,unsafe,unsafe,True,False,labeling_yolo_sequence_coverage,sampled_danger_then_danger_ratio_sampled_unsafe_then_unsafe_ratio_else_normal,unsafe,intrusion,True,True,True,1.552,"```json
{
  ""risk_state"": ""unsafe""
}
```
",True
intrusion_climb-over-fence_rgb_0107_cctv1_f000166_000176_000186,climb-over-fence_smart_rgb,intrusion_climb-over-fence_rgb_0107_cctv1,intrusion_candidate,intrusion,"[166, 176, 186]","[5.533, 5.867, 6.2]","{""start_frame"": 151, ""end_frame"": 186}","[""walk, carry/hold (an object)"", ""carry/hold (an object), stand"", ""carry/hold (an object), stand""]","[""danger"", ""danger"", ""danger""]",danger,"{""normal"": 0, ""unsafe"": 9, ""danger"": 27}","{""normal"": 0.0, ""unsafe"": 0.25, ""danger"": 0.75}",danger,danger,danger,True,False,labeling_yolo_sequence_coverage,sampled_danger_then_danger_ratio_sampled_unsafe_then_unsafe_ratio_else_normal,danger,intrusion,True,True,True,1.5533,"```json
{
  ""risk_state"": ""danger""
}
```
",True
intrusion_climb-over-fence_rgb_0107_cctv1_f000196_000206_000216,climb-over-fence_smart_rgb,intrusion_climb-over-fence_rgb_0107_cctv1,intrusion_candidate,intrusion,"[196, 206, 216]","[6.533, 6.867, 7.2]","{""start_frame"": 181, ""end_frame"": 216}","[""stand, carry/hold (an object)"", ""carry/hold (an object), stand"", ""walk, carry/hold (an object)""]","[""danger"", ""danger"", ""danger""]",danger,"{""normal"": 0, ""unsafe"": 0, ""danger"": 36}","{""normal"": 0.0, ""unsafe"": 0.0, ""danger"": 1.0}",danger,danger,danger,True,False,labeling_yolo_sequence_coverage,sampled_danger_then_danger_ratio_sampled_unsafe_then_unsafe_ratio_else_normal,danger,intrusion,True,True,True,1.5582,"```json
{
  ""risk_state"": ""danger""
}
```
",True
intrusion_climb-over-fence_rgb_0107_cctv1_f000226_000236_000246,climb-over-fence_smart_rgb,intrusion_climb-over-fence_rgb_0107_cctv1,intrusion_candidate,intrusion,"[226, 236, 246]","[7.533, 7.867, 8.2]","{""start_frame"": 211, ""end_frame"": 246}","[""carry/hold (an object), walk"", ""carry/hold (an object), stand"", ""stand, carry/hold (an object)""]","[""danger"", ""danger"", ""danger""]",danger,"{""normal"": 0, ""unsafe"": 0, ""danger"": 36}","{""normal"": 0.0, ""unsafe"": 0.0, ""danger"": 1.0}",danger,danger,danger,True,False,labeling_yolo_sequence_coverage,sampled_danger_then_danger_ratio_sampled_unsafe_then_unsafe_ratio_else_normal,danger,intrusion,True,True,True,1.5539,"```json
{
  ""risk_state"": ""danger""
}
```
",True
intrusion_climb-over-fence_rgb_0107_cctv1_f000256_000266_000276,climb-over-fence_smart_rgb,intrusion_climb-over-fence_rgb_0107_cctv1,intrusion_candidate,intrusion,"[256, 266, 276]","[8.533, 8.867, 9.2]","{""start_frame"": 241, ""end_frame"": 276}","[""stand, carry/hold (an object)"", ""stand, carry/hold (an object)"", ""walk, carry/hold (an object)""]","[""danger"", ""danger"", ""danger""]",danger,"{""normal"": 0, ""unsafe"": 0, ""danger"": 36}","{""normal"": 0.0, ""unsafe"": 0.0, ""danger"": 1.0}",danger,danger,danger,True,False,labeling_yolo_sequence_coverage,sampled_danger_then_danger_ratio_sampled_unsafe_then_unsafe_ratio_else_normal,danger,intrusion,True,True,True,1.5559,"```json
{
  ""risk_state"": ""danger""
}
```
",True
intrusion_climb-over-fence_rgb_0107_cctv1_f000286_000296_000306,climb-over-fence_smart_rgb,intrusion_climb-over-fence_rgb_0107_cctv1,intrusion_candidate,intrusion,"[286, 296, 306]","[9.533, 9.867, 10.2]","{""start_frame"": 271, ""end_frame"": 306}","[""walk, carry/hold (an object)"", ""bend/bow (at the waist), carry/hold (an object)"", ""bend/bow (at the waist), carry/hold (an object)""]","[""danger"", ""danger"", ""danger""]",danger,"{""normal"": 0, ""unsafe"": 0, ""danger"": 36}","{""normal"": 0.0, ""unsafe"": 0.0, ""danger"": 1.0}",danger,danger,danger,True,False,labeling_yolo_sequence_coverage,sampled_danger_then_danger_ratio_sampled_unsafe_then_unsafe_ratio_else_normal,danger,intrusion,True,True,True,1.5535,"```json
{
  ""risk_state"": ""danger""
}
```
",True
intrusion_climb-over-fence_rgb_0107_cctv1_f000316_000326_000336,climb-over-fence_smart_rgb,intrusion_climb-over-fence_rgb_0107_cctv1,intrusion_candidate,intrusion,"[316, 326, 336]","[10.533, 10.867, 11.2]","{""start_frame"": 301, ""end_frame"": 336}","[""stand, answer phone"", ""stand, answer phone"", ""stand, answer phone""]","[""danger"", ""danger"", ""danger""]",danger,"{""normal"": 0, ""unsafe"": 0, ""danger"": 36}","{""normal"": 0.0, ""unsafe"": 0.0, ""danger"": 1.0}",danger,danger,danger,True,False,labeling_yolo_sequence_coverage,sampled_danger_then_danger_ratio_sampled_unsafe_then_unsafe_ratio_else_normal,danger,intrusion,True,True,True,1.5592,"```json
{
  ""risk_state"": ""danger""
}
```
",True
intrusion_climb-over-fence_rgb_0107_cctv1_f000346_000356_000366,climb-over-fence_smart_rgb,intrusion_climb-over-fence_rgb_0107_cctv1,intrusion_candidate,intrusion,"[346, 356, 366]","[11.533, 11.867, 12.2]","{""start_frame"": 331, ""end_frame"": 366}","[""stand, answer phone"", ""stand, answer phone"", ""stand, answer phone""]","[""danger"", ""danger"", ""danger""]",danger,"{""normal"": 0, ""unsafe"": 0, ""danger"": 36}","{""normal"": 0.0, ""unsafe"": 0.0, ""danger"": 1.0}",danger,danger,danger,True,False,labeling_yolo_sequence_coverage,sampled_danger_then_danger_ratio_sampled_unsafe_then_unsafe_ratio_else_normal,danger,intrusion,True,True,True,1.5597,"```json
{
    ""risk_state"": ""danger""
}
```
",True
intrusion_climb-over-fence_rgb_0107_cctv1_f000376_000386_000396,climb-over-fence_smart_rgb,intrusion_climb-over-fence_rgb_0107_cctv1,intrusion_candidate,intrusion,"[376, 386, 396]","[12.533, 12.867, 13.2]","{""start_frame"": 361, ""end_frame"": 396}","[""stand, carry/hold (an object)"", ""stand, carry/hold (an object)"", ""sit, carry/hold (an object)""]","[""danger"", ""danger"", ""danger""]",danger,"{""normal"": 0, ""unsafe"": 0, ""danger"": 36}","{""normal"": 0.0, ""unsafe"": 0.0, ""danger"": 1.0}",danger,danger,danger,True,False,labeling_yolo_sequence_coverage,sampled_danger_then_danger_ratio_sampled_unsafe_then_unsafe_ratio_else_normal,danger,intrusion,True,True,True,1.5566,"```json
{
    ""risk_state"": ""danger""
}
```
",True
intrusion_climb-over-fence_rgb_0107_cctv1_f000406_000416_000426,climb-over-fence_smart_rgb,intrusion_climb-over-fence_rgb_0107_cctv1,intrusion_candidate,intrusion,"[406, 416, 426]","[13.533, 13.867, 14.2]","{""start_frame"": 391, ""end_frame"": 426}","[""stand, carry/hold (an object)"", ""stand, carry/hold (an object)"", ""stand, carry/hold (an object)""]","[""danger"", ""danger"", ""danger""]",danger,"{""normal"": 0, ""unsafe"": 0, ""danger"": 36}","{""normal"": 0.0, ""unsafe"": 0.0, ""danger"": 1.0}",danger,danger,danger,True,False,labeling_yolo_sequence_coverage,sampled_danger_then_danger_ratio_sampled_unsafe_then_unsafe_ratio_else_normal,danger,intrusion,True,True,True,1.4309,"```json
{""risk_state"":""danger""}
```
",True
intrusion_climb-over-fence_rgb_0107_cctv1_f000436_000446_000456,climb-over-fence_smart_rgb,intrusion_climb-over-fence_rgb_0107_cctv1,intrusion_candidate,intrusion,"[436, 446, 456]","[14.533, 14.867, 15.2]","{""start_frame"": 421, ""end_frame"": 456}","[""stand"", ""stand, watch (a person)"", ""stand, watch (a person)""]","[""danger"", ""danger"", ""danger""]",danger,"{""normal"": 0, ""unsafe"": 0, ""danger"": 36}","{""normal"": 0.0, ""unsafe"": 0.0, ""danger"": 1.0}",danger,danger,danger,True,False,labeling_yolo_sequence_coverage,sampled_danger_then_danger_ratio_sampled_unsafe_then_unsafe_ratio_else_normal,danger,intrusion,True,True,True,1.5584,"```json
{
  ""risk_state"": ""danger""
}
```
",True
intrusion_climb-over-fence_rgb_0107_cctv1_f000466_000476_000486,climb-over-fence_smart_rgb,intrusion_climb-over-fence_rgb_0107_cctv1,intrusion_candidate,intrusion,"[466, 476, 486]","[15.533, 15.867, 16.2]","{""start_frame"": 451, ""end_frame"": 486}","[""stand"", ""stand, carry/hold (an object)"", ""stand, watch (a person)""]","[""danger"", ""danger"", ""danger""]",danger,"{""normal"": 0, ""unsafe"": 0, ""danger"": 36}","{""normal"": 0.0, ""unsafe"": 0.0, ""danger"": 1.0}",danger,danger,danger,True,False,labeling_yolo_sequence_coverage,sampled_danger_then_danger_ratio_sampled_unsafe_then_unsafe_ratio_else_normal,danger,intrusion,True,True,True,1.5477,"```json
{
  ""risk_state"": ""danger""
}
```
",True
intrusion_normal_rgb_0060_cctv1_f000016_000026_000036,normal_plant_rgb,intrusion_normal_rgb_0060_cctv1,normal_candidate,normal,"[16, 26, 36]","[0.533, 0.867, 1.2]","{""start_frame"": 1, ""end_frame"": 36}","[""walk, carry/hold (an object)"", ""walk, carry/hold (an object)"", ""stand, carry/hold (an object)""]","[""normal"", ""normal"", ""normal""]",normal,"{""normal"": 36, ""unsafe"": 0, ""danger"": 0}","{""normal"": 1.0, ""unsafe"": 0.0, ""danger"": 0.0}",normal,normal,normal,True,False,labeling_yolo_sequence_coverage,sampled_danger_then_danger_ratio_sampled_unsafe_then_unsafe_ratio_else_normal,normal,normal,True,True,True,1.4332,"```json
{""risk_state"":""normal""}
```
",True
intrusion_normal_rgb_0060_cctv1_f000046_000056_000066,normal_plant_rgb,intrusion_normal_rgb_0060_cctv1,normal_candidate,normal,"[46, 56, 66]","[1.533, 1.867, 2.2]","{""start_frame"": 31, ""end_frame"": 66}","[""walk, carry/hold (an object)"", ""walk, carry/hold (an object)"", ""walk, stand""]","[""normal"", ""normal"", ""normal""]",normal,"{""normal"": 36, ""unsafe"": 0, ""danger"": 0}","{""normal"": 1.0, ""unsafe"": 0.0, ""danger"": 0.0}",normal,normal,normal,True,False,labeling_yolo_sequence_coverage,sampled_danger_then_danger_ratio_sampled_unsafe_then_unsafe_ratio_else_normal,normal,normal,True,True,True,1.4291,"```json
{""risk_state"":""normal""}
```
",True
intrusion_normal_rgb_0060_cctv1_f000076_000086_000096,normal_plant_rgb,intrusion_normal_rgb_0060_cctv1,normal_candidate,normal,"[76, 86, 96]","[2.533, 2.867, 3.2]","{""start_frame"": 61, ""end_frame"": 96}","[""walk, carry/hold (an object)"", ""walk, carry/hold (an object)"", ""walk, stand""]","[""normal"", ""normal"", ""normal""]",normal,"{""normal"": 36, ""unsafe"": 0, ""danger"": 0}","{""normal"": 1.0, ""unsafe"": 0.0, ""danger"": 0.0}",normal,normal,normal,True,False,labeling_yolo_sequence_coverage,sampled_danger_then_danger_ratio_sampled_unsafe_then_unsafe_ratio_else_normal,normal,normal,True,True,True,1.4337,"```json
{""risk_state"":""normal""}
```
",True
intrusion_normal_rgb_0060_cctv1_f000106_000116_000126,normal_plant_rgb,intrusion_normal_rgb_0060_cctv1,normal_candidate,normal,"[106, 116, 126]","[3.533, 3.867, 4.2]","{""start_frame"": 91, ""end_frame"": 126}","[""walk, carry/hold (an object)"", ""walk, carry/hold (an object)"", ""walk, carry/hold (an object)""]","[""normal"", ""normal"", ""normal""]",normal,"{""normal"": 36, ""unsafe"": 0, ""danger"": 0}","{""normal"": 1.0, ""unsafe"": 0.0, ""danger"": 0.0}",normal,normal,normal,True,False,labeling_yolo_sequence_coverage,sampled_danger_then_danger_ratio_sampled_unsafe_then_unsafe_ratio_else_normal,normal,normal,True,True,True,1.4297,"```json
{""risk_state"":""normal""}
```
",True
intrusion_normal_rgb_0060_cctv1_f000136_000146_000156,normal_plant_rgb,intrusion_normal_rgb_0060_cctv1,normal_candidate,normal,"[136, 146, 156]","[4.533, 4.867, 5.2]","{""start_frame"": 121, ""end_frame"": 156}","[""walk, carry/hold (an object)"", ""walk, carry/hold (an object)"", ""walk, carry/hold (an object)""]","[""normal"", ""normal"", ""normal""]",normal,"{""normal"": 36, ""unsafe"": 0, ""danger"": 0}","{""normal"": 1.0, ""unsafe"": 0.0, ""danger"": 0.0}",normal,normal,normal,True,False,labeling_yolo_sequence_coverage,sampled_danger_then_danger_ratio_sampled_unsafe_then_unsafe_ratio_else_normal,normal,normal,True,True,True,1.4406,"```json
{""risk_state"":""normal""}
```
",True
intrusion_normal_rgb_0088_cctv3_f000016_000026_000036,normal_plant_rgb,intrusion_normal_rgb_0088_cctv3,normal_candidate,normal,"[16, 26, 36]","[0.533, 0.867, 1.2]","{""start_frame"": 1, ""end_frame"": 36}","[""walk, run/jog"", ""walk, run/jog"", ""walk, carry/hold (an object)""]","[""unsafe"", ""unsafe"", ""unsafe""]",unsafe,"{""normal"": 0, ""unsafe"": 36, ""danger"": 0}","{""normal"": 0.0, ""unsafe"": 1.0, ""danger"": 0.0}",unsafe,unsafe,unsafe,True,False,labeling_yolo_sequence_coverage,sampled_danger_then_danger_ratio_sampled_unsafe_then_unsafe_ratio_else_normal,danger,intrusion,False,True,True,1.5539,"```json
{
  ""risk_state"": ""danger""
}
```
",False
intrusion_normal_rgb_0088_cctv3_f000046_000056_000066,normal_plant_rgb,intrusion_normal_rgb_0088_cctv3,normal_candidate,normal,"[46, 56, 66]","[1.533, 1.867, 2.2]","{""start_frame"": 31, ""end_frame"": 66}","[""walk, carry/hold (an object)"", ""walk, carry/hold (an object)"", ""walk, carry/hold (an object)""]","[""unsafe"", ""unsafe"", ""unsafe""]",unsafe,"{""normal"": 0, ""unsafe"": 36, ""danger"": 0}","{""normal"": 0.0, ""unsafe"": 1.0, ""danger"": 0.0}",unsafe,unsafe,unsafe,True,False,labeling_yolo_sequence_coverage,sampled_danger_then_danger_ratio_sampled_unsafe_then_unsafe_ratio_else_normal,danger,intrusion,False,True,True,1.5608,"```json
{
  ""risk_state"": ""danger""
}
```
",False
intrusion_normal_rgb_0088_cctv3_f000076_000086_000096,normal_plant_rgb,intrusion_normal_rgb_0088_cctv3,normal_candidate,normal,"[76, 86, 96]","[2.533, 2.867, 3.2]","{""start_frame"": 61, ""end_frame"": 96}","[""walk, stand"", ""stand, walk"", ""stand, talk to (e.g., self, a person, a group)""]","[""unsafe"", ""unsafe"", ""unsafe""]",unsafe,"{""normal"": 0, ""unsafe"": 36, ""danger"": 0}","{""normal"": 0.0, ""unsafe"": 1.0, ""danger"": 0.0}",unsafe,unsafe,unsafe,True,False,labeling_yolo_sequence_coverage,sampled_danger_then_danger_ratio_sampled_unsafe_then_unsafe_ratio_else_normal,normal,normal,True,True,True,1.557,"```json
{
  ""risk_state"": ""normal""
}
```
",False
intrusion_normal_rgb_0088_cctv3_f000106_000116_000126,normal_plant_rgb,intrusion_normal_rgb_0088_cctv3,normal_candidate,normal,"[106, 116, 126]","[3.533, 3.867, 4.2]","{""start_frame"": 91, ""end_frame"": 126}","[""stand, walk"", ""walk, stand"", ""walk, carry/hold (an object)""]","[""unsafe"", ""unsafe"", ""unsafe""]",unsafe,"{""normal"": 0, ""unsafe"": 36, ""danger"": 0}","{""normal"": 0.0, ""unsafe"": 1.0, ""danger"": 0.0}",unsafe,unsafe,unsafe,True,False,labeling_yolo_sequence_coverage,sampled_danger_then_danger_ratio_sampled_unsafe_then_unsafe_ratio_else_normal,unsafe,intrusion,False,True,True,1.5563,"```json
{
  ""risk_state"": ""unsafe""
}
```
",True
intrusion_normal_rgb_0088_cctv3_f000136_000146_000156,normal_plant_rgb,intrusion_normal_rgb_0088_cctv3,normal_candidate,normal,"[136, 146, 156]","[4.533, 4.867, 5.2]","{""start_frame"": 121, ""end_frame"": 156}","[""walk, carry/hold (an object)"", ""walk, carry/hold (an object)"", ""walk, carry/hold (an object)""]","[""unsafe"", ""unsafe"", ""unsafe""]",unsafe,"{""normal"": 0, ""unsafe"": 36, ""danger"": 0}","{""normal"": 0.0, ""unsafe"": 1.0, ""danger"": 0.0}",unsafe,unsafe,unsafe,True,False,labeling_yolo_sequence_coverage,sampled_danger_then_danger_ratio_sampled_unsafe_then_unsafe_ratio_else_normal,unsafe,intrusion,False,True,True,1.5604,"```json
{
  ""risk_state"": ""unsafe""
}
```
",True
intrusion_normal_rgb_0088_cctv3_f000166_000176_000186,normal_plant_rgb,intrusion_normal_rgb_0088_cctv3,normal_candidate,normal,"[166, 176, 186]","[5.533, 5.867, 6.2]","{""start_frame"": 151, ""end_frame"": 186}","[""walk, carry/hold (an object)"", ""walk, carry/hold (an object)"", ""walk, carry/hold (an object)""]","[""unsafe"", ""unsafe"", ""unsafe""]",unsafe,"{""normal"": 0, ""unsafe"": 36, ""danger"": 0}","{""normal"": 0.0, ""unsafe"": 1.0, ""danger"": 0.0}",unsafe,unsafe,unsafe,True,False,labeling_yolo_sequence_coverage,sampled_danger_then_danger_ratio_sampled_unsafe_then_unsafe_ratio_else_normal,danger,intrusion,False,True,True,1.5612,"```json
{
  ""risk_state"": ""danger""
}
```
",False
intrusion_normal_rgb_0088_cctv3_f000196_000206_000216,normal_plant_rgb,intrusion_normal_rgb_0088_cctv3,normal_candidate,normal,"[196, 206, 216]","[6.533, 6.867, 7.2]","{""start_frame"": 181, ""end_frame"": 216}","[""walk, carry/hold (an object)"", ""walk, carry/hold (an object)"", ""walk, carry/hold (an object)""]","[""unsafe"", ""normal"", ""normal""]",unsafe,"{""normal"": 19, ""unsafe"": 17, ""danger"": 0}","{""normal"": 0.5278, ""unsafe"": 0.4722, ""danger"": 0.0}",unsafe,unsafe,unsafe,True,False,labeling_yolo_sequence_coverage,sampled_danger_then_danger_ratio_sampled_unsafe_then_unsafe_ratio_else_normal,unsafe,intrusion,False,True,True,1.4369,"```json
{""risk_state"":""unsafe""}
```
",True
intrusion_normal_rgb_0088_cctv3_f000226_000236_000246,normal_plant_rgb,intrusion_normal_rgb_0088_cctv3,normal_candidate,normal,"[226, 236, 246]","[7.533, 7.867, 8.2]","{""start_frame"": 211, ""end_frame"": 246}","[""walk, carry/hold (an object)"", ""walk, carry/hold (an object)"", ""run/jog, walk""]","[""normal"", ""normal"", ""normal""]",normal,"{""normal"": 36, ""unsafe"": 0, ""danger"": 0}","{""normal"": 1.0, ""unsafe"": 0.0, ""danger"": 0.0}",normal,normal,normal,True,False,labeling_yolo_sequence_coverage,sampled_danger_then_danger_ratio_sampled_unsafe_then_unsafe_ratio_else_normal,danger,intrusion,False,True,True,1.5613,"```json
{
  ""risk_state"": ""danger""
}
```
",False
intrusion_normal_rgb_0088_cctv3_f000256_000266_000276,normal_plant_rgb,intrusion_normal_rgb_0088_cctv3,normal_candidate,normal,"[256, 266, 276]","[8.533, 8.867, 9.2]","{""start_frame"": 241, ""end_frame"": 276}","[""walk, run/jog"", ""walk, carry/hold (an object)"", ""walk, carry/hold (an object)""]","[""normal"", ""normal"", ""normal""]",normal,"{""normal"": 36, ""unsafe"": 0, ""danger"": 0}","{""normal"": 1.0, ""unsafe"": 0.0, ""danger"": 0.0}",normal,normal,normal,True,False,labeling_yolo_sequence_coverage,sampled_danger_then_danger_ratio_sampled_unsafe_then_unsafe_ratio_else_normal,danger,intrusion,False,True,True,1.561,"```json
{
  ""risk_state"": ""danger""
}
```
",False
intrusion_normal_rgb_0088_cctv3_f000286_000296_000306,normal_plant_rgb,intrusion_normal_rgb_0088_cctv3,normal_candidate,normal,"[286, 296, 306]","[9.533, 9.867, 10.2]","{""start_frame"": 271, ""end_frame"": 306}","[""walk, carry/hold (an object)"", ""walk, carry/hold (an object)"", ""walk, carry/hold (an object)""]","[""normal"", ""normal"", ""normal""]",normal,"{""normal"": 36, ""unsafe"": 0, ""danger"": 0}","{""normal"": 1.0, ""unsafe"": 0.0, ""danger"": 0.0}",normal,normal,normal,True,False,labeling_yolo_sequence_coverage,sampled_danger_then_danger_ratio_sampled_unsafe_then_unsafe_ratio_else_normal,danger,intrusion,False,True,True,1.5551,"```json
{
  ""risk_state"": ""danger""
}
```
",False
intrusion_normal_rgb_0088_cctv3_f000316_000326_000336,normal_plant_rgb,intrusion_normal_rgb_0088_cctv3,normal_candidate,normal,"[316, 326, 336]","[10.533, 10.867, 11.2]","{""start_frame"": 301, ""end_frame"": 336}","[""walk, carry/hold (an object)"", ""walk"", ""walk""]","[""normal"", ""unsafe"", ""unsafe""]",unsafe,"{""normal"": 19, ""unsafe"": 17, ""danger"": 0}","{""normal"": 0.5278, ""unsafe"": 0.4722, ""danger"": 0.0}",unsafe,unsafe,unsafe,True,False,labeling_yolo_sequence_coverage,sampled_danger_then_danger_ratio_sampled_unsafe_then_unsafe_ratio_else_normal,danger,intrusion,False,True,True,1.5609,"```json
{
  ""risk_state"": ""danger""
}
```
",False
intrusion_normal_rgb_0088_cctv3_f000346_000356_000366,normal_plant_rgb,intrusion_normal_rgb_0088_cctv3,normal_candidate,normal,"[346, 356, 366]","[11.533, 11.867, 12.2]","{""start_frame"": 331, ""end_frame"": 366}","[""walk, carry/hold (an object)"", ""walk, stand"", ""stand, walk""]","[""unsafe"", ""unsafe"", ""unsafe""]",unsafe,"{""normal"": 0, ""unsafe"": 36, ""danger"": 0}","{""normal"": 0.0, ""unsafe"": 1.0, ""danger"": 0.0}",unsafe,unsafe,unsafe,True,False,labeling_yolo_sequence_coverage,sampled_danger_then_danger_ratio_sampled_unsafe_then_unsafe_ratio_else_normal,unsafe,intrusion,False,True,True,1.5649,"```json
{
  ""risk_state"": ""unsafe""
}
```
",True
intrusion_normal_rgb_0088_cctv3_f000376_000386_000396,normal_plant_rgb,intrusion_normal_rgb_0088_cctv3,normal_candidate,normal,"[376, 386, 396]","[12.533, 12.867, 13.2]","{""start_frame"": 361, ""end_frame"": 396}","[""walk, stand"", ""walk, stand"", ""stand, walk""]","[""normal"", ""normal"", ""normal""]",normal,"{""normal"": 26, ""unsafe"": 10, ""danger"": 0}","{""normal"": 0.7222, ""unsafe"": 0.2778, ""danger"": 0.0}",normal,normal,normal,True,False,labeling_yolo_sequence_coverage,sampled_danger_then_danger_ratio_sampled_unsafe_then_unsafe_ratio_else_normal,normal,normal,True,True,True,1.5586,"```json
{
  ""risk_state"": ""normal""
}
```
",True
intrusion_normal_rgb_0088_cctv3_f000406_000416_000426,normal_plant_rgb,intrusion_normal_rgb_0088_cctv3,normal_candidate,normal,"[406, 416, 426]","[13.533, 13.867, 14.2]","{""start_frame"": 391, ""end_frame"": 426}","[""walk, stand"", ""walk, carry/hold (an object)"", ""walk""]","[""normal"", ""normal"", ""normal""]",normal,"{""normal"": 36, ""unsafe"": 0, ""danger"": 0}","{""normal"": 1.0, ""unsafe"": 0.0, ""danger"": 0.0}",normal,normal,normal,True,False,labeling_yolo_sequence_coverage,sampled_danger_then_danger_ratio_sampled_unsafe_then_unsafe_ratio_else_normal,danger,intrusion,False,True,True,1.5513,"```json
{
  ""risk_state"": ""danger""
}
```
",False
intrusion_normal_rgb_0091_cctv3_f000016_000026_000036,normal_plant_rgb,intrusion_normal_rgb_0091_cctv3,normal_candidate,normal,"[16, 26, 36]","[0.533, 0.867, 1.2]","{""start_frame"": 1, ""end_frame"": 36}","[""walk, carry/hold (an object)"", ""walk, carry/hold (an object)"", ""walk, carry/hold (an object)""]","[""normal"", ""normal"", ""normal""]",normal,"{""normal"": 36, ""unsafe"": 0, ""danger"": 0}","{""normal"": 1.0, ""unsafe"": 0.0, ""danger"": 0.0}",normal,normal,normal,True,False,labeling_yolo_sequence_coverage,sampled_danger_then_danger_ratio_sampled_unsafe_then_unsafe_ratio_else_normal,normal,normal,True,True,True,1.4442,"```json
{""risk_state"":""normal""}
```
",True
intrusion_normal_rgb_0091_cctv3_f000046_000056_000066,normal_plant_rgb,intrusion_normal_rgb_0091_cctv3,normal_candidate,normal,"[46, 56, 66]","[1.533, 1.867, 2.2]","{""start_frame"": 31, ""end_frame"": 66}","[""walk, carry/hold (an object)"", ""walk, carry/hold (an object)"", ""walk, carry/hold (an object)""]","[""normal"", ""normal"", ""normal""]",normal,"{""normal"": 36, ""unsafe"": 0, ""danger"": 0}","{""normal"": 1.0, ""unsafe"": 0.0, ""danger"": 0.0}",normal,normal,normal,True,False,labeling_yolo_sequence_coverage,sampled_danger_then_danger_ratio_sampled_unsafe_then_unsafe_ratio_else_normal,danger,intrusion,False,True,True,1.4421,"```json
{""risk_state"":""danger""}
```
",False
intrusion_normal_rgb_0091_cctv3_f000076_000086_000096,normal_plant_rgb,intrusion_normal_rgb_0091_cctv3,normal_candidate,normal,"[76, 86, 96]","[2.533, 2.867, 3.2]","{""start_frame"": 61, ""end_frame"": 96}","[""walk, carry/hold (an object)"", ""walk, carry/hold (an object)"", ""walk, carry/hold (an object)""]","[""normal"", ""normal"", ""normal""]",normal,"{""normal"": 36, ""unsafe"": 0, ""danger"": 0}","{""normal"": 1.0, ""unsafe"": 0.0, ""danger"": 0.0}",normal,normal,normal,True,False,labeling_yolo_sequence_coverage,sampled_danger_then_danger_ratio_sampled_unsafe_then_unsafe_ratio_else_normal,danger,intrusion,False,True,True,1.4411,"```json
{""risk_state"":""danger""}
```
",False
intrusion_normal_rgb_0091_cctv3_f000106_000116_000126,normal_plant_rgb,intrusion_normal_rgb_0091_cctv3,normal_candidate,normal,"[106, 116, 126]","[3.533, 3.867, 4.2]","{""start_frame"": 91, ""end_frame"": 126}","[""walk, carry/hold (an object)"", ""walk, carry/hold (an object)"", ""walk, carry/hold (an object)""]","[""normal"", ""normal"", ""normal""]",normal,"{""normal"": 36, ""unsafe"": 0, ""danger"": 0}","{""normal"": 1.0, ""unsafe"": 0.0, ""danger"": 0.0}",normal,normal,normal,True,False,labeling_yolo_sequence_coverage,sampled_danger_then_danger_ratio_sampled_unsafe_then_unsafe_ratio_else_normal,danger,intrusion,False,True,True,1.5657,"```json
{
  ""risk_state"": ""danger""
}
```
",False
intrusion_normal_rgb_0091_cctv3_f000136_000146_000156,normal_plant_rgb,intrusion_normal_rgb_0091_cctv3,normal_candidate,normal,"[136, 146, 156]","[4.533, 4.867, 5.2]","{""start_frame"": 121, ""end_frame"": 156}","[""walk, carry/hold (an object)"", ""walk, carry/hold (an object)"", ""walk, carry/hold (an object)""]","[""normal"", ""normal"", ""normal""]",normal,"{""normal"": 36, ""unsafe"": 0, ""danger"": 0}","{""normal"": 1.0, ""unsafe"": 0.0, ""danger"": 0.0}",normal,normal,normal,True,False,labeling_yolo_sequence_coverage,sampled_danger_then_danger_ratio_sampled_unsafe_then_unsafe_ratio_else_normal,danger,intrusion,False,True,True,1.4336,"```json
{""risk_state"":""danger""}
```
",False
intrusion_normal_rgb_0091_cctv3_f000166_000176_000186,normal_plant_rgb,intrusion_normal_rgb_0091_cctv3,normal_candidate,normal,"[166, 176, 186]","[5.533, 5.867, 6.2]","{""start_frame"": 151, ""end_frame"": 186}","[""walk, carry/hold (an object)"", ""walk, carry/hold (an object)"", ""walk, carry/hold (an object)""]","[""normal"", ""normal"", ""normal""]",normal,"{""normal"": 36, ""unsafe"": 0, ""danger"": 0}","{""normal"": 1.0, ""unsafe"": 0.0, ""danger"": 0.0}",normal,normal,normal,True,False,labeling_yolo_sequence_coverage,sampled_danger_then_danger_ratio_sampled_unsafe_then_unsafe_ratio_else_normal,danger,intrusion,False,True,True,1.4395,"```json
{""risk_state"":""danger""}
```
",False
intrusion_normal_rgb_0093_cctv3_f000016_000026_000036,normal_plant_rgb,intrusion_normal_rgb_0093_cctv3,normal_candidate,normal,"[16, 26, 36]","[0.533, 0.867, 1.2]","{""start_frame"": 1, ""end_frame"": 36}","[""walk, carry/hold (an object)"", ""walk, carry/hold (an object)"", ""walk, carry/hold (an object)""]","[""normal"", ""normal"", ""normal""]",normal,"{""normal"": 36, ""unsafe"": 0, ""danger"": 0}","{""normal"": 1.0, ""unsafe"": 0.0, ""danger"": 0.0}",normal,normal,normal,True,False,labeling_yolo_sequence_coverage,sampled_danger_then_danger_ratio_sampled_unsafe_then_unsafe_ratio_else_normal,danger,intrusion,False,True,True,1.4353,"```json
{""risk_state"":""danger""}
```
",False
intrusion_normal_rgb_0093_cctv3_f000046_000056_000066,normal_plant_rgb,intrusion_normal_rgb_0093_cctv3,normal_candidate,normal,"[46, 56, 66]","[1.533, 1.867, 2.2]","{""start_frame"": 31, ""end_frame"": 66}","[""walk, carry/hold (an object)"", ""walk, carry/hold (an object)"", ""walk, carry/hold (an object)""]","[""normal"", ""normal"", ""normal""]",normal,"{""normal"": 36, ""unsafe"": 0, ""danger"": 0}","{""normal"": 1.0, ""unsafe"": 0.0, ""danger"": 0.0}",normal,normal,normal,True,False,labeling_yolo_sequence_coverage,sampled_danger_then_danger_ratio_sampled_unsafe_then_unsafe_ratio_else_normal,danger,intrusion,False,True,True,1.5589,"```json
{
  ""risk_state"": ""danger""
}
```
",False
intrusion_normal_rgb_0093_cctv3_f000076_000086_000096,normal_plant_rgb,intrusion_normal_rgb_0093_cctv3,normal_candidate,normal,"[76, 86, 96]","[2.533, 2.867, 3.2]","{""start_frame"": 61, ""end_frame"": 96}","[""walk, carry/hold (an object)"", ""walk, carry/hold (an object)"", ""walk, carry/hold (an object)""]","[""normal"", ""normal"", ""normal""]",normal,"{""normal"": 36, ""unsafe"": 0, ""danger"": 0}","{""normal"": 1.0, ""unsafe"": 0.0, ""danger"": 0.0}",normal,normal,normal,True,False,labeling_yolo_sequence_coverage,sampled_danger_then_danger_ratio_sampled_unsafe_then_unsafe_ratio_else_normal,danger,intrusion,False,True,True,1.437,"```json
{""risk_state"":""danger""}
```
",False
intrusion_normal_rgb_0093_cctv3_f000106_000116_000126,normal_plant_rgb,intrusion_normal_rgb_0093_cctv3,normal_candidate,normal,"[106, 116, 126]","[3.533, 3.867, 4.2]","{""start_frame"": 91, ""end_frame"": 126}","[""walk, carry/hold (an object)"", ""walk, carry/hold (an object)"", ""walk, carry/hold (an object)""]","[""normal"", ""normal"", ""normal""]",normal,"{""normal"": 36, ""unsafe"": 0, ""danger"": 0}","{""normal"": 1.0, ""unsafe"": 0.0, ""danger"": 0.0}",normal,normal,normal,True,False,labeling_yolo_sequence_coverage,sampled_danger_then_danger_ratio_sampled_unsafe_then_unsafe_ratio_else_normal,danger,intrusion,False,True,True,1.5586,"```json
{
  ""risk_state"": ""danger""
}
```
",False
intrusion_normal_rgb_0093_cctv3_f000136_000146_000156,normal_plant_rgb,intrusion_normal_rgb_0093_cctv3,normal_candidate,normal,"[136, 146, 156]","[4.533, 4.867, 5.2]","{""start_frame"": 121, ""end_frame"": 156}","[""walk, carry/hold (an object)"", ""walk, carry/hold (an object)"", ""walk""]","[""normal"", ""normal"", ""normal""]",normal,"{""normal"": 36, ""unsafe"": 0, ""danger"": 0}","{""normal"": 1.0, ""unsafe"": 0.0, ""danger"": 0.0}",normal,normal,normal,True,False,labeling_yolo_sequence_coverage,sampled_danger_then_danger_ratio_sampled_unsafe_then_unsafe_ratio_else_normal,danger,intrusion,False,True,True,1.5618,"```json
{
  ""risk_state"": ""danger""
}
```
",False
intrusion_normal_rgb_0103_cctv4_f000016_000026_000036,normal_plant_rgb,intrusion_normal_rgb_0103_cctv4,normal_candidate,normal,"[16, 26, 36]","[0.533, 0.867, 1.2]","{""start_frame"": 1, ""end_frame"": 36}","[""walk, carry/hold (an object)"", ""walk, carry/hold (an object)"", ""walk, carry/hold (an object)""]","[""normal"", ""normal"", ""normal""]",normal,"{""normal"": 36, ""unsafe"": 0, ""danger"": 0}","{""normal"": 1.0, ""unsafe"": 0.0, ""danger"": 0.0}",normal,normal,normal,True,False,labeling_yolo_sequence_coverage,sampled_danger_then_danger_ratio_sampled_unsafe_then_unsafe_ratio_else_normal,danger,intrusion,False,True,True,1.4428,"```json
{""risk_state"":""danger""}
```
",False
intrusion_normal_rgb_0103_cctv4_f000046_000056_000066,normal_plant_rgb,intrusion_normal_rgb_0103_cctv4,normal_candidate,normal,"[46, 56, 66]","[1.533, 1.867, 2.2]","{""start_frame"": 31, ""end_frame"": 66}","[""walk, carry/hold (an object)"", ""walk, carry/hold (an object)"", ""walk, carry/hold (an object)""]","[""normal"", ""normal"", ""normal""]",normal,"{""normal"": 36, ""unsafe"": 0, ""danger"": 0}","{""normal"": 1.0, ""unsafe"": 0.0, ""danger"": 0.0}",normal,normal,normal,True,False,labeling_yolo_sequence_coverage,sampled_danger_then_danger_ratio_sampled_unsafe_then_unsafe_ratio_else_normal,danger,intrusion,False,True,True,1.4409,"```json
{""risk_state"":""danger""}
```
",False
intrusion_normal_rgb_0103_cctv4_f000076_000086_000096,normal_plant_rgb,intrusion_normal_rgb_0103_cctv4,normal_candidate,normal,"[76, 86, 96]","[2.533, 2.867, 3.2]","{""start_frame"": 61, ""end_frame"": 96}","[""walk, carry/hold (an object)"", ""walk, carry/hold (an object)"", ""walk, carry/hold (an object)""]","[""normal"", ""normal"", ""normal""]",normal,"{""normal"": 36, ""unsafe"": 0, ""danger"": 0}","{""normal"": 1.0, ""unsafe"": 0.0, ""danger"": 0.0}",normal,normal,normal,True,False,labeling_yolo_sequence_coverage,sampled_danger_then_danger_ratio_sampled_unsafe_then_unsafe_ratio_else_normal,danger,intrusion,False,True,True,1.446,"```json
{""risk_state"":""danger""}
```
",False
intrusion_normal_rgb_0103_cctv4_f000106_000116_000126,normal_plant_rgb,intrusion_normal_rgb_0103_cctv4,normal_candidate,normal,"[106, 116, 126]","[3.533, 3.867, 4.2]","{""start_frame"": 91, ""end_frame"": 126}","[""walk, carry/hold (an object)"", ""walk, carry/hold (an object)"", ""walk, carry/hold (an object)""]","[""normal"", ""normal"", ""normal""]",normal,"{""normal"": 36, ""unsafe"": 0, ""danger"": 0}","{""normal"": 1.0, ""unsafe"": 0.0, ""danger"": 0.0}",normal,normal,normal,True,False,labeling_yolo_sequence_coverage,sampled_danger_then_danger_ratio_sampled_unsafe_then_unsafe_ratio_else_normal,normal,normal,True,True,True,1.4382,"```json
{""risk_state"":""normal""}
```
",True
intrusion_normal_rgb_0103_cctv4_f000136_000146_000156,normal_plant_rgb,intrusion_normal_rgb_0103_cctv4,normal_candidate,normal,"[136, 146, 156]","[4.533, 4.867, 5.2]","{""start_frame"": 121, ""end_frame"": 156}","[""walk, carry/hold (an object)"", ""walk, carry/hold (an object)"", ""walk""]","[""normal"", ""normal"", ""normal""]",normal,"{""normal"": 36, ""unsafe"": 0, ""danger"": 0}","{""normal"": 1.0, ""unsafe"": 0.0, ""danger"": 0.0}",normal,normal,normal,True,False,labeling_yolo_sequence_coverage,sampled_danger_then_danger_ratio_sampled_unsafe_then_unsafe_ratio_else_normal,danger,intrusion,False,True,True,1.5492,"```json
{
  ""risk_state"": ""danger""
}
```
",False
intrusion_normal_rgb_0114_cctv4_f000016_000026_000036,normal_plant_rgb,intrusion_normal_rgb_0114_cctv4,normal_candidate,normal,"[16, 26, 36]","[0.533, 0.867, 1.2]","{""start_frame"": 1, ""end_frame"": 36}","[""walk, carry/hold (an object)"", ""walk, carry/hold (an object)"", ""walk, carry/hold (an object)""]","[""normal"", ""normal"", ""normal""]",normal,"{""normal"": 36, ""unsafe"": 0, ""danger"": 0}","{""normal"": 1.0, ""unsafe"": 0.0, ""danger"": 0.0}",normal,normal,normal,True,False,labeling_yolo_sequence_coverage,sampled_danger_then_danger_ratio_sampled_unsafe_then_unsafe_ratio_else_normal,danger,intrusion,False,True,True,1.4405,"```json
{""risk_state"":""danger""}
```
",False
intrusion_normal_rgb_0114_cctv4_f000046_000056_000066,normal_plant_rgb,intrusion_normal_rgb_0114_cctv4,normal_candidate,normal,"[46, 56, 66]","[1.533, 1.867, 2.2]","{""start_frame"": 31, ""end_frame"": 66}","[""walk, carry/hold (an object)"", ""walk, carry/hold (an object)"", ""walk, carry/hold (an object)""]","[""normal"", ""normal"", ""normal""]",normal,"{""normal"": 36, ""unsafe"": 0, ""danger"": 0}","{""normal"": 1.0, ""unsafe"": 0.0, ""danger"": 0.0}",normal,normal,normal,True,False,labeling_yolo_sequence_coverage,sampled_danger_then_danger_ratio_sampled_unsafe_then_unsafe_ratio_else_normal,danger,intrusion,False,True,True,1.4456,"```json
{""risk_state"":""danger""}
```
",False
intrusion_normal_rgb_0114_cctv4_f000076_000086_000096,normal_plant_rgb,intrusion_normal_rgb_0114_cctv4,normal_candidate,normal,"[76, 86, 96]","[2.533, 2.867, 3.2]","{""start_frame"": 61, ""end_frame"": 96}","[""walk, carry/hold (an object)"", ""walk, carry/hold (an object)"", ""walk, carry/hold (an object)""]","[""normal"", ""normal"", ""normal""]",normal,"{""normal"": 36, ""unsafe"": 0, ""danger"": 0}","{""normal"": 1.0, ""unsafe"": 0.0, ""danger"": 0.0}",normal,normal,normal,True,False,labeling_yolo_sequence_coverage,sampled_danger_then_danger_ratio_sampled_unsafe_then_unsafe_ratio_else_normal,normal,normal,True,True,True,1.4416,"```json
{""risk_state"":""normal""}
```
",True
intrusion_normal_rgb_0114_cctv4_f000106_000116_000126,normal_plant_rgb,intrusion_normal_rgb_0114_cctv4,normal_candidate,normal,"[106, 116, 126]","[3.533, 3.867, 4.2]","{""start_frame"": 91, ""end_frame"": 126}","[""walk, carry/hold (an object)"", ""walk, carry/hold (an object)"", ""walk, carry/hold (an object)""]","[""normal"", ""normal"", ""normal""]",normal,"{""normal"": 36, ""unsafe"": 0, ""danger"": 0}","{""normal"": 1.0, ""unsafe"": 0.0, ""danger"": 0.0}",normal,normal,normal,True,False,labeling_yolo_sequence_coverage,sampled_danger_then_danger_ratio_sampled_unsafe_then_unsafe_ratio_else_normal,normal,normal,True,True,True,1.441,"```json
{""risk_state"":""normal""}
```
",True
intrusion_normal_rgb_0114_cctv4_f000136_000146_000156,normal_plant_rgb,intrusion_normal_rgb_0114_cctv4,normal_candidate,normal,"[136, 146, 156]","[4.533, 4.867, 5.2]","{""start_frame"": 121, ""end_frame"": 156}","[""walk, carry/hold (an object)"", ""walk, carry/hold (an object)"", ""walk, carry/hold (an object)""]","[""normal"", ""normal"", ""normal""]",normal,"{""normal"": 36, ""unsafe"": 0, ""danger"": 0}","{""normal"": 1.0, ""unsafe"": 0.0, ""danger"": 0.0}",normal,normal,normal,True,False,labeling_yolo_sequence_coverage,sampled_danger_then_danger_ratio_sampled_unsafe_then_unsafe_ratio_else_normal,normal,normal,True,True,True,1.4352,"```json
{""risk_state"":""normal""}
```
",True
intrusion_normal_rgb_0120_cctv3_f000016_000026_000036,normal_plant_rgb,intrusion_normal_rgb_0120_cctv3,normal_candidate,normal,"[16, 26, 36]","[0.533, 0.867, 1.2]","{""start_frame"": 1, ""end_frame"": 36}","[""walk, carry/hold (an object)"", ""walk, carry/hold (an object)"", ""walk, carry/hold (an object)""]","[""normal"", ""normal"", ""normal""]",normal,"{""normal"": 36, ""unsafe"": 0, ""danger"": 0}","{""normal"": 1.0, ""unsafe"": 0.0, ""danger"": 0.0}",normal,normal,normal,True,False,labeling_yolo_sequence_coverage,sampled_danger_then_danger_ratio_sampled_unsafe_then_unsafe_ratio_else_normal,normal,normal,True,True,True,1.4409,"```json
{""risk_state"":""normal""}
```
",True
intrusion_normal_rgb_0120_cctv3_f000046_000056_000066,normal_plant_rgb,intrusion_normal_rgb_0120_cctv3,normal_candidate,normal,"[46, 56, 66]","[1.533, 1.867, 2.2]","{""start_frame"": 31, ""end_frame"": 66}","[""walk, carry/hold (an object)"", ""walk, carry/hold (an object)"", ""walk, carry/hold (an object)""]","[""normal"", ""normal"", ""normal""]",normal,"{""normal"": 36, ""unsafe"": 0, ""danger"": 0}","{""normal"": 1.0, ""unsafe"": 0.0, ""danger"": 0.0}",normal,normal,normal,True,False,labeling_yolo_sequence_coverage,sampled_danger_then_danger_ratio_sampled_unsafe_then_unsafe_ratio_else_normal,normal,normal,True,True,True,1.4422,"```json
{""risk_state"":""normal""}
```
",True
intrusion_normal_rgb_0120_cctv3_f000076_000086_000096,normal_plant_rgb,intrusion_normal_rgb_0120_cctv3,normal_candidate,normal,"[76, 86, 96]","[2.533, 2.867, 3.2]","{""start_frame"": 61, ""end_frame"": 96}","[""walk, carry/hold (an object)"", ""walk, carry/hold (an object)"", ""walk, carry/hold (an object)""]","[""normal"", ""normal"", ""normal""]",normal,"{""normal"": 36, ""unsafe"": 0, ""danger"": 0}","{""normal"": 1.0, ""unsafe"": 0.0, ""danger"": 0.0}",normal,normal,normal,True,False,labeling_yolo_sequence_coverage,sampled_danger_then_danger_ratio_sampled_unsafe_then_unsafe_ratio_else_normal,normal,normal,True,True,True,1.4401,"```json
{""risk_state"":""normal""}
```
",True
intrusion_normal_rgb_0120_cctv3_f000106_000116_000126,normal_plant_rgb,intrusion_normal_rgb_0120_cctv3,normal_candidate,normal,"[106, 116, 126]","[3.533, 3.867, 4.2]","{""start_frame"": 91, ""end_frame"": 126}","[""walk, carry/hold (an object)"", ""walk, carry/hold (an object)"", ""walk, carry/hold (an object)""]","[""normal"", ""normal"", ""normal""]",normal,"{""normal"": 36, ""unsafe"": 0, ""danger"": 0}","{""normal"": 1.0, ""unsafe"": 0.0, ""danger"": 0.0}",normal,normal,normal,True,False,labeling_yolo_sequence_coverage,sampled_danger_then_danger_ratio_sampled_unsafe_then_unsafe_ratio_else_normal,normal,normal,True,True,True,1.4434,"```json
{""risk_state"":""normal""}
```
",True
intrusion_normal_rgb_0120_cctv3_f000136_000146_000156,normal_plant_rgb,intrusion_normal_rgb_0120_cctv3,normal_candidate,normal,"[136, 146, 156]","[4.533, 4.867, 5.2]","{""start_frame"": 121, ""end_frame"": 156}","[""walk, carry/hold (an object)"", ""walk, carry/hold (an object)"", ""walk, carry/hold (an object)""]","[""normal"", ""normal"", ""normal""]",normal,"{""normal"": 36, ""unsafe"": 0, ""danger"": 0}","{""normal"": 1.0, ""unsafe"": 0.0, ""danger"": 0.0}",normal,normal,normal,True,False,labeling_yolo_sequence_coverage,sampled_danger_then_danger_ratio_sampled_unsafe_then_unsafe_ratio_else_normal,normal,normal,True,True,True,1.4381,"```json
{""risk_state"":""normal""}
```
",True
intrusion_normal_rgb_0120_cctv3_f000166_000176_000186,normal_plant_rgb,intrusion_normal_rgb_0120_cctv3,normal_candidate,normal,"[166, 176, 186]","[5.533, 5.867, 6.2]","{""start_frame"": 151, ""end_frame"": 186}","[""walk, carry/hold (an object)"", ""walk, carry/hold (an object)"", ""walk, carry/hold (an object)""]","[""normal"", ""normal"", ""normal""]",normal,"{""normal"": 36, ""unsafe"": 0, ""danger"": 0}","{""normal"": 1.0, ""unsafe"": 0.0, ""danger"": 0.0}",normal,normal,normal,True,False,labeling_yolo_sequence_coverage,sampled_danger_then_danger_ratio_sampled_unsafe_then_unsafe_ratio_else_normal,normal,normal,True,True,True,1.4373,"```json
{""risk_state"":""normal""}
```
",True
intrusion_normal_rgb_0122_cctv3_f000016_000026_000036,normal_plant_rgb,intrusion_normal_rgb_0122_cctv3,normal_candidate,normal,"[16, 26, 36]","[0.533, 0.867, 1.2]","{""start_frame"": 1, ""end_frame"": 36}","[""walk, carry/hold (an object)"", ""walk, carry/hold (an object)"", ""walk, carry/hold (an object)""]","[""normal"", ""normal"", ""normal""]",normal,"{""normal"": 36, ""unsafe"": 0, ""danger"": 0}","{""normal"": 1.0, ""unsafe"": 0.0, ""danger"": 0.0}",normal,normal,normal,True,False,labeling_yolo_sequence_coverage,sampled_danger_then_danger_ratio_sampled_unsafe_then_unsafe_ratio_else_normal,normal,normal,True,True,True,1.439,"```json
{""risk_state"":""normal""}
```
",True
intrusion_normal_rgb_0122_cctv3_f000046_000056_000066,normal_plant_rgb,intrusion_normal_rgb_0122_cctv3,normal_candidate,normal,"[46, 56, 66]","[1.533, 1.867, 2.2]","{""start_frame"": 31, ""end_frame"": 66}","[""walk, carry/hold (an object)"", ""walk, carry/hold (an object)"", ""walk, carry/hold (an object)""]","[""normal"", ""normal"", ""normal""]",normal,"{""normal"": 36, ""unsafe"": 0, ""danger"": 0}","{""normal"": 1.0, ""unsafe"": 0.0, ""danger"": 0.0}",normal,normal,normal,True,False,labeling_yolo_sequence_coverage,sampled_danger_then_danger_ratio_sampled_unsafe_then_unsafe_ratio_else_normal,normal,normal,True,True,True,1.4432,"```json
{""risk_state"":""normal""}
```
",True
intrusion_normal_rgb_0122_cctv3_f000076_000086_000096,normal_plant_rgb,intrusion_normal_rgb_0122_cctv3,normal_candidate,normal,"[76, 86, 96]","[2.533, 2.867, 3.2]","{""start_frame"": 61, ""end_frame"": 96}","[""walk, carry/hold (an object)"", ""walk, carry/hold (an object)"", ""walk, carry/hold (an object)""]","[""normal"", ""normal"", ""normal""]",normal,"{""normal"": 36, ""unsafe"": 0, ""danger"": 0}","{""normal"": 1.0, ""unsafe"": 0.0, ""danger"": 0.0}",normal,normal,normal,True,False,labeling_yolo_sequence_coverage,sampled_danger_then_danger_ratio_sampled_unsafe_then_unsafe_ratio_else_normal,normal,normal,True,True,True,1.4386,"```json
{""risk_state"":""normal""}
```
",True
intrusion_normal_rgb_0122_cctv3_f000106_000116_000126,normal_plant_rgb,intrusion_normal_rgb_0122_cctv3,normal_candidate,normal,"[106, 116, 126]","[3.533, 3.867, 4.2]","{""start_frame"": 91, ""end_frame"": 126}","[""stand, carry/hold (an object)"", ""walk, carry/hold (an object)"", ""walk, carry/hold (an object)""]","[""normal"", ""normal"", ""normal""]",normal,"{""normal"": 36, ""unsafe"": 0, ""danger"": 0}","{""normal"": 1.0, ""unsafe"": 0.0, ""danger"": 0.0}",normal,normal,normal,True,False,labeling_yolo_sequence_coverage,sampled_danger_then_danger_ratio_sampled_unsafe_then_unsafe_ratio_else_normal,normal,normal,True,True,True,1.4385,"```json
{""risk_state"":""normal""}
```
",True
intrusion_normal_rgb_0125_cctv2_f000016_000026_000036,normal_plant_rgb,intrusion_normal_rgb_0125_cctv2,normal_candidate,normal,"[16, 26, 36]","[0.533, 0.867, 1.2]","{""start_frame"": 1, ""end_frame"": 36}","[""walk, carry/hold (an object)"", ""walk, carry/hold (an object)"", ""walk, carry/hold (an object)""]","[""normal"", ""normal"", ""normal""]",normal,"{""normal"": 36, ""unsafe"": 0, ""danger"": 0}","{""normal"": 1.0, ""unsafe"": 0.0, ""danger"": 0.0}",normal,normal,normal,True,False,labeling_yolo_sequence_coverage,sampled_danger_then_danger_ratio_sampled_unsafe_then_unsafe_ratio_else_normal,normal,normal,True,True,True,1.4447,"```json
{""risk_state"":""normal""}
```
",True
intrusion_normal_rgb_0125_cctv2_f000046_000056_000066,normal_plant_rgb,intrusion_normal_rgb_0125_cctv2,normal_candidate,normal,"[46, 56, 66]","[1.533, 1.867, 2.2]","{""start_frame"": 31, ""end_frame"": 66}","[""walk, carry/hold (an object)"", ""walk, carry/hold (an object)"", ""walk, carry/hold (an object)""]","[""normal"", ""normal"", ""normal""]",normal,"{""normal"": 36, ""unsafe"": 0, ""danger"": 0}","{""normal"": 1.0, ""unsafe"": 0.0, ""danger"": 0.0}",normal,normal,normal,True,False,labeling_yolo_sequence_coverage,sampled_danger_then_danger_ratio_sampled_unsafe_then_unsafe_ratio_else_normal,normal,normal,True,True,True,1.437,"```json
{""risk_state"":""normal""}
```
",True
intrusion_normal_rgb_0125_cctv2_f000076_000086_000096,normal_plant_rgb,intrusion_normal_rgb_0125_cctv2,normal_candidate,normal,"[76, 86, 96]","[2.533, 2.867, 3.2]","{""start_frame"": 61, ""end_frame"": 96}","[""walk, carry/hold (an object)"", ""walk, carry/hold (an object)"", ""walk, carry/hold (an object)""]","[""normal"", ""normal"", ""normal""]",normal,"{""normal"": 36, ""unsafe"": 0, ""danger"": 0}","{""normal"": 1.0, ""unsafe"": 0.0, ""danger"": 0.0}",normal,normal,normal,True,False,labeling_yolo_sequence_coverage,sampled_danger_then_danger_ratio_sampled_unsafe_then_unsafe_ratio_else_normal,normal,normal,True,True,True,1.437,"```json
{""risk_state"":""normal""}
```
",True
intrusion_normal_rgb_0125_cctv2_f000106_000116_000126,normal_plant_rgb,intrusion_normal_rgb_0125_cctv2,normal_candidate,normal,"[106, 116, 126]","[3.533, 3.867, 4.2]","{""start_frame"": 91, ""end_frame"": 126}","[""walk, carry/hold (an object)"", ""walk, carry/hold (an object)"", ""walk, carry/hold (an object)""]","[""normal"", ""normal"", ""normal""]",normal,"{""normal"": 36, ""unsafe"": 0, ""danger"": 0}","{""normal"": 1.0, ""unsafe"": 0.0, ""danger"": 0.0}",normal,normal,normal,True,False,labeling_yolo_sequence_coverage,sampled_danger_then_danger_ratio_sampled_unsafe_then_unsafe_ratio_else_normal,normal,normal,True,True,True,1.4332,"```json
{""risk_state"":""normal""}
```
",True
intrusion_normal_rgb_0125_cctv2_f000136_000146_000156,normal_plant_rgb,intrusion_normal_rgb_0125_cctv2,normal_candidate,normal,"[136, 146, 156]","[4.533, 4.867, 5.2]","{""start_frame"": 121, ""end_frame"": 156}","[""walk, carry/hold (an object)"", ""walk, carry/hold (an object)"", ""walk, carry/hold (an object)""]","[""normal"", ""normal"", ""normal""]",normal,"{""normal"": 36, ""unsafe"": 0, ""danger"": 0}","{""normal"": 1.0, ""unsafe"": 0.0, ""danger"": 0.0}",normal,normal,normal,True,False,labeling_yolo_sequence_coverage,sampled_danger_then_danger_ratio_sampled_unsafe_then_unsafe_ratio_else_normal,normal,normal,True,True,True,1.4353,"```json
{""risk_state"":""normal""}
```
",True
intrusion_normal_rgb_0128_cctv1_f000016_000026_000036,normal_plant_rgb,intrusion_normal_rgb_0128_cctv1,normal_candidate,normal,"[16, 26, 36]","[0.533, 0.867, 1.2]","{""start_frame"": 1, ""end_frame"": 36}","[""walk, carry/hold (an object)"", ""walk, carry/hold (an object)"", ""walk, carry/hold (an object)""]","[""normal"", ""normal"", ""normal""]",normal,"{""normal"": 36, ""unsafe"": 0, ""danger"": 0}","{""normal"": 1.0, ""unsafe"": 0.0, ""danger"": 0.0}",normal,normal,normal,True,False,labeling_yolo_sequence_coverage,sampled_danger_then_danger_ratio_sampled_unsafe_then_unsafe_ratio_else_normal,normal,normal,True,True,True,1.4356,"```json
{""risk_state"":""normal""}
```
",True
intrusion_normal_rgb_0128_cctv1_f000046_000056_000066,normal_plant_rgb,intrusion_normal_rgb_0128_cctv1,normal_candidate,normal,"[46, 56, 66]","[1.533, 1.867, 2.2]","{""start_frame"": 31, ""end_frame"": 66}","[""walk, carry/hold (an object)"", ""walk, carry/hold (an object)"", ""walk, carry/hold (an object)""]","[""normal"", ""normal"", ""normal""]",normal,"{""normal"": 36, ""unsafe"": 0, ""danger"": 0}","{""normal"": 1.0, ""unsafe"": 0.0, ""danger"": 0.0}",normal,normal,normal,True,False,labeling_yolo_sequence_coverage,sampled_danger_then_danger_ratio_sampled_unsafe_then_unsafe_ratio_else_normal,normal,normal,True,True,True,1.4388,"```json
{""risk_state"":""normal""}
```
",True
intrusion_normal_rgb_0128_cctv1_f000076_000086_000096,normal_plant_rgb,intrusion_normal_rgb_0128_cctv1,normal_candidate,normal,"[76, 86, 96]","[2.533, 2.867, 3.2]","{""start_frame"": 61, ""end_frame"": 96}","[""walk, stand"", ""walk, stand"", ""walk, carry/hold (an object)""]","[""normal"", ""normal"", ""normal""]",normal,"{""normal"": 36, ""unsafe"": 0, ""danger"": 0}","{""normal"": 1.0, ""unsafe"": 0.0, ""danger"": 0.0}",normal,normal,normal,True,False,labeling_yolo_sequence_coverage,sampled_danger_then_danger_ratio_sampled_unsafe_then_unsafe_ratio_else_normal,normal,normal,True,True,True,1.4424,"```json
{""risk_state"":""normal""}
```
",True
intrusion_normal_rgb_0128_cctv1_f000106_000116_000126,normal_plant_rgb,intrusion_normal_rgb_0128_cctv1,normal_candidate,normal,"[106, 116, 126]","[3.533, 3.867, 4.2]","{""start_frame"": 91, ""end_frame"": 126}","[""walk, carry/hold (an object)"", ""walk, carry/hold (an object)"", ""walk, carry/hold (an object)""]","[""normal"", ""normal"", ""normal""]",normal,"{""normal"": 36, ""unsafe"": 0, ""danger"": 0}","{""normal"": 1.0, ""unsafe"": 0.0, ""danger"": 0.0}",normal,normal,normal,True,False,labeling_yolo_sequence_coverage,sampled_danger_then_danger_ratio_sampled_unsafe_then_unsafe_ratio_else_normal,normal,normal,True,True,True,1.4394,"```json
{""risk_state"":""normal""}
```
",True
intrusion_normal_rgb_0128_cctv1_f000136_000146_000156,normal_plant_rgb,intrusion_normal_rgb_0128_cctv1,normal_candidate,normal,"[136, 146, 156]","[4.533, 4.867, 5.2]","{""start_frame"": 121, ""end_frame"": 156}","[""walk, carry/hold (an object)"", ""walk, carry/hold (an object)"", ""walk, carry/hold (an object)""]","[""normal"", ""normal"", ""normal""]",normal,"{""normal"": 36, ""unsafe"": 0, ""danger"": 0}","{""normal"": 1.0, ""unsafe"": 0.0, ""danger"": 0.0}",normal,normal,normal,True,False,labeling_yolo_sequence_coverage,sampled_danger_then_danger_ratio_sampled_unsafe_then_unsafe_ratio_else_normal,normal,normal,True,True,True,1.4457,"```json
{""risk_state"":""normal""}
```
",True
intrusion_normal_rgb_0133_cctv1_f000016_000026_000036,normal_plant_rgb,intrusion_normal_rgb_0133_cctv1,normal_candidate,normal,"[16, 26, 36]","[0.533, 0.867, 1.2]","{""start_frame"": 1, ""end_frame"": 36}","[""walk, carry/hold (an object)"", ""walk, carry/hold (an object)"", ""walk, carry/hold (an object)""]","[""normal"", ""normal"", ""normal""]",normal,"{""normal"": 36, ""unsafe"": 0, ""danger"": 0}","{""normal"": 1.0, ""unsafe"": 0.0, ""danger"": 0.0}",normal,normal,normal,True,False,labeling_yolo_sequence_coverage,sampled_danger_then_danger_ratio_sampled_unsafe_then_unsafe_ratio_else_normal,normal,normal,True,True,True,1.4377,"```json
{""risk_state"":""normal""}
```
",True
intrusion_normal_rgb_0133_cctv1_f000046_000056_000066,normal_plant_rgb,intrusion_normal_rgb_0133_cctv1,normal_candidate,normal,"[46, 56, 66]","[1.533, 1.867, 2.2]","{""start_frame"": 31, ""end_frame"": 66}","[""walk, carry/hold (an object)"", ""walk, carry/hold (an object)"", ""walk, carry/hold (an object)""]","[""normal"", ""normal"", ""normal""]",normal,"{""normal"": 36, ""unsafe"": 0, ""danger"": 0}","{""normal"": 1.0, ""unsafe"": 0.0, ""danger"": 0.0}",normal,normal,normal,True,False,labeling_yolo_sequence_coverage,sampled_danger_then_danger_ratio_sampled_unsafe_then_unsafe_ratio_else_normal,normal,normal,True,True,True,1.4387,"```json
{""risk_state"":""normal""}
```
",True
intrusion_normal_rgb_0133_cctv1_f000076_000086_000096,normal_plant_rgb,intrusion_normal_rgb_0133_cctv1,normal_candidate,normal,"[76, 86, 96]","[2.533, 2.867, 3.2]","{""start_frame"": 61, ""end_frame"": 96}","[""walk, carry/hold (an object)"", ""walk, carry/hold (an object)"", ""walk, carry/hold (an object)""]","[""normal"", ""normal"", ""normal""]",normal,"{""normal"": 36, ""unsafe"": 0, ""danger"": 0}","{""normal"": 1.0, ""unsafe"": 0.0, ""danger"": 0.0}",normal,normal,normal,True,False,labeling_yolo_sequence_coverage,sampled_danger_then_danger_ratio_sampled_unsafe_then_unsafe_ratio_else_normal,normal,normal,True,True,True,1.4423,"```json
{""risk_state"":""normal""}
```
",True
intrusion_normal_rgb_0133_cctv1_f000106_000116_000126,normal_plant_rgb,intrusion_normal_rgb_0133_cctv1,normal_candidate,normal,"[106, 116, 126]","[3.533, 3.867, 4.2]","{""start_frame"": 91, ""end_frame"": 126}","[""walk, carry/hold (an object)"", ""walk, carry/hold (an object)"", ""walk, carry/hold (an object)""]","[""normal"", ""normal"", ""normal""]",normal,"{""normal"": 36, ""unsafe"": 0, ""danger"": 0}","{""normal"": 1.0, ""unsafe"": 0.0, ""danger"": 0.0}",normal,normal,normal,True,False,labeling_yolo_sequence_coverage,sampled_danger_then_danger_ratio_sampled_unsafe_then_unsafe_ratio_else_normal,normal,normal,True,True,True,1.4396,"```json
{""risk_state"":""normal""}
```
",True
intrusion_normal_rgb_0133_cctv1_f000136_000146_000156,normal_plant_rgb,intrusion_normal_rgb_0133_cctv1,normal_candidate,normal,"[136, 146, 156]","[4.533, 4.867, 5.2]","{""start_frame"": 121, ""end_frame"": 156}","[""walk, carry/hold (an object)"", ""walk, carry/hold (an object)"", ""stand, carry/hold (an object)""]","[""normal"", ""normal"", ""normal""]",normal,"{""normal"": 36, ""unsafe"": 0, ""danger"": 0}","{""normal"": 1.0, ""unsafe"": 0.0, ""danger"": 0.0}",normal,normal,normal,True,False,labeling_yolo_sequence_coverage,sampled_danger_then_danger_ratio_sampled_unsafe_then_unsafe_ratio_else_normal,normal,normal,True,True,True,1.4416,"```json
{""risk_state"":""normal""}
```
",True
intrusion_normal_rgb_0138_cctv2_f000016_000026_000036,normal_plant_rgb,intrusion_normal_rgb_0138_cctv2,normal_candidate,normal,"[16, 26, 36]","[0.533, 0.867, 1.2]","{""start_frame"": 1, ""end_frame"": 36}","[""walk, carry/hold (an object)"", ""walk, carry/hold (an object)"", ""walk, carry/hold (an object)""]","[""normal"", ""normal"", ""normal""]",normal,"{""normal"": 36, ""unsafe"": 0, ""danger"": 0}","{""normal"": 1.0, ""unsafe"": 0.0, ""danger"": 0.0}",normal,normal,normal,True,False,labeling_yolo_sequence_coverage,sampled_danger_then_danger_ratio_sampled_unsafe_then_unsafe_ratio_else_normal,danger,intrusion,False,True,True,1.4443,"```json
{""risk_state"":""danger""}
```
",False
intrusion_normal_rgb_0138_cctv2_f000046_000056_000066,normal_plant_rgb,intrusion_normal_rgb_0138_cctv2,normal_candidate,normal,"[46, 56, 66]","[1.533, 1.867, 2.2]","{""start_frame"": 31, ""end_frame"": 66}","[""walk, carry/hold (an object)"", ""walk, carry/hold (an object)"", ""walk, carry/hold (an object)""]","[""normal"", ""normal"", ""normal""]",normal,"{""normal"": 36, ""unsafe"": 0, ""danger"": 0}","{""normal"": 1.0, ""unsafe"": 0.0, ""danger"": 0.0}",normal,normal,normal,True,False,labeling_yolo_sequence_coverage,sampled_danger_then_danger_ratio_sampled_unsafe_then_unsafe_ratio_else_normal,danger,intrusion,False,True,True,1.4416,"```json
{""risk_state"":""danger""}
```
",False
intrusion_normal_rgb_0138_cctv2_f000076_000086_000096,normal_plant_rgb,intrusion_normal_rgb_0138_cctv2,normal_candidate,normal,"[76, 86, 96]","[2.533, 2.867, 3.2]","{""start_frame"": 61, ""end_frame"": 96}","[""walk, carry/hold (an object)"", ""walk, carry/hold (an object)"", ""walk, carry/hold (an object)""]","[""normal"", ""normal"", ""normal""]",normal,"{""normal"": 36, ""unsafe"": 0, ""danger"": 0}","{""normal"": 1.0, ""unsafe"": 0.0, ""danger"": 0.0}",normal,normal,normal,True,False,labeling_yolo_sequence_coverage,sampled_danger_then_danger_ratio_sampled_unsafe_then_unsafe_ratio_else_normal,danger,intrusion,False,True,True,1.432,"```json
{""risk_state"":""danger""}
```
",False
intrusion_normal_rgb_0138_cctv2_f000106_000116_000126,normal_plant_rgb,intrusion_normal_rgb_0138_cctv2,normal_candidate,normal,"[106, 116, 126]","[3.533, 3.867, 4.2]","{""start_frame"": 91, ""end_frame"": 126}","[""walk, carry/hold (an object)"", ""walk, carry/hold (an object)"", ""walk, carry/hold (an object)""]","[""normal"", ""normal"", ""normal""]",normal,"{""normal"": 36, ""unsafe"": 0, ""danger"": 0}","{""normal"": 1.0, ""unsafe"": 0.0, ""danger"": 0.0}",normal,normal,normal,True,False,labeling_yolo_sequence_coverage,sampled_danger_then_danger_ratio_sampled_unsafe_then_unsafe_ratio_else_normal,normal,normal,True,True,True,1.4451,"```json
{""risk_state"":""normal""}
```
",True
intrusion_normal_rgb_0138_cctv2_f000136_000146_000156,normal_plant_rgb,intrusion_normal_rgb_0138_cctv2,normal_candidate,normal,"[136, 146, 156]","[4.533, 4.867, 5.2]","{""start_frame"": 121, ""end_frame"": 156}","[""carry/hold (an object), walk"", ""walk, stand"", ""walk, carry/hold (an object)""]","[""normal"", ""normal"", ""normal""]",normal,"{""normal"": 36, ""unsafe"": 0, ""danger"": 0}","{""normal"": 1.0, ""unsafe"": 0.0, ""danger"": 0.0}",normal,normal,normal,True,False,labeling_yolo_sequence_coverage,sampled_danger_then_danger_ratio_sampled_unsafe_then_unsafe_ratio_else_normal,normal,normal,True,True,True,1.4369,"```json
{""risk_state"":""normal""}
```
",True
intrusion_normal_rgb_0140_cctv4_f000016_000026_000036,normal_plant_rgb,intrusion_normal_rgb_0140_cctv4,normal_candidate,normal,"[16, 26, 36]","[0.533, 0.867, 1.2]","{""start_frame"": 1, ""end_frame"": 36}","[""walk, carry/hold (an object)"", ""walk, carry/hold (an object)"", ""walk, carry/hold (an object)""]","[""normal"", ""normal"", ""normal""]",normal,"{""normal"": 36, ""unsafe"": 0, ""danger"": 0}","{""normal"": 1.0, ""unsafe"": 0.0, ""danger"": 0.0}",normal,normal,normal,True,False,labeling_yolo_sequence_coverage,sampled_danger_then_danger_ratio_sampled_unsafe_then_unsafe_ratio_else_normal,normal,normal,True,True,True,1.4456,"```json
{""risk_state"":""normal""}
```
",True
intrusion_normal_rgb_0140_cctv4_f000046_000056_000066,normal_plant_rgb,intrusion_normal_rgb_0140_cctv4,normal_candidate,normal,"[46, 56, 66]","[1.533, 1.867, 2.2]","{""start_frame"": 31, ""end_frame"": 66}","[""walk, carry/hold (an object)"", ""walk, carry/hold (an object)"", ""walk, carry/hold (an object)""]","[""normal"", ""normal"", ""normal""]",normal,"{""normal"": 36, ""unsafe"": 0, ""danger"": 0}","{""normal"": 1.0, ""unsafe"": 0.0, ""danger"": 0.0}",normal,normal,normal,True,False,labeling_yolo_sequence_coverage,sampled_danger_then_danger_ratio_sampled_unsafe_then_unsafe_ratio_else_normal,danger,intrusion,False,True,True,1.4439,"```json
{""risk_state"":""danger""}
```
",False
intrusion_normal_rgb_0140_cctv4_f000076_000086_000096,normal_plant_rgb,intrusion_normal_rgb_0140_cctv4,normal_candidate,normal,"[76, 86, 96]","[2.533, 2.867, 3.2]","{""start_frame"": 61, ""end_frame"": 96}","[""walk, carry/hold (an object)"", ""walk, carry/hold (an object)"", ""walk, carry/hold (an object)""]","[""normal"", ""normal"", ""normal""]",normal,"{""normal"": 36, ""unsafe"": 0, ""danger"": 0}","{""normal"": 1.0, ""unsafe"": 0.0, ""danger"": 0.0}",normal,normal,normal,True,False,labeling_yolo_sequence_coverage,sampled_danger_then_danger_ratio_sampled_unsafe_then_unsafe_ratio_else_normal,danger,intrusion,False,True,True,1.4439,"```json
{""risk_state"":""danger""}
```
",False
intrusion_normal_rgb_0140_cctv4_f000106_000116_000126,normal_plant_rgb,intrusion_normal_rgb_0140_cctv4,normal_candidate,normal,"[106, 116, 126]","[3.533, 3.867, 4.2]","{""start_frame"": 91, ""end_frame"": 126}","[""walk, carry/hold (an object)"", ""walk, carry/hold (an object)"", ""walk, carry/hold (an object)""]","[""normal"", ""normal"", ""normal""]",normal,"{""normal"": 36, ""unsafe"": 0, ""danger"": 0}","{""normal"": 1.0, ""unsafe"": 0.0, ""danger"": 0.0}",normal,normal,normal,True,False,labeling_yolo_sequence_coverage,sampled_danger_then_danger_ratio_sampled_unsafe_then_unsafe_ratio_else_normal,normal,normal,True,True,True,1.4296,"```json
{""risk_state"":""normal""}
```
",True
intrusion_normal_rgb_0140_cctv4_f000136_000146_000156,normal_plant_rgb,intrusion_normal_rgb_0140_cctv4,normal_candidate,normal,"[136, 146, 156]","[4.533, 4.867, 5.2]","{""start_frame"": 121, ""end_frame"": 156}","[""walk, carry/hold (an object)"", ""walk, carry/hold (an object)"", ""walk, carry/hold (an object)""]","[""normal"", ""normal"", ""normal""]",normal,"{""normal"": 36, ""unsafe"": 0, ""danger"": 0}","{""normal"": 1.0, ""unsafe"": 0.0, ""danger"": 0.0}",normal,normal,normal,True,False,labeling_yolo_sequence_coverage,sampled_danger_then_danger_ratio_sampled_unsafe_then_unsafe_ratio_else_normal,danger,intrusion,False,True,True,1.4415,"```json
{""risk_state"":""danger""}
```
",False
intrusion_normal_rgb_0156_cctv2_f000016_000026_000036,normal_plant_rgb,intrusion_normal_rgb_0156_cctv2,normal_candidate,normal,"[16, 26, 36]","[0.533, 0.867, 1.2]","{""start_frame"": 1, ""end_frame"": 36}","[""walk, carry/hold (an object)"", ""walk, carry/hold (an object)"", ""walk, carry/hold (an object)""]","[""normal"", ""normal"", ""normal""]",normal,"{""normal"": 36, ""unsafe"": 0, ""danger"": 0}","{""normal"": 1.0, ""unsafe"": 0.0, ""danger"": 0.0}",normal,normal,normal,True,False,labeling_yolo_sequence_coverage,sampled_danger_then_danger_ratio_sampled_unsafe_then_unsafe_ratio_else_normal,danger,intrusion,False,True,True,1.4392,"```json
{""risk_state"":""danger""}
```
",False
intrusion_normal_rgb_0156_cctv2_f000046_000056_000066,normal_plant_rgb,intrusion_normal_rgb_0156_cctv2,normal_candidate,normal,"[46, 56, 66]","[1.533, 1.867, 2.2]","{""start_frame"": 31, ""end_frame"": 66}","[""walk, carry/hold (an object)"", ""walk, carry/hold (an object)"", ""walk, carry/hold (an object)""]","[""normal"", ""normal"", ""normal""]",normal,"{""normal"": 36, ""unsafe"": 0, ""danger"": 0}","{""normal"": 1.0, ""unsafe"": 0.0, ""danger"": 0.0}",normal,normal,normal,True,False,labeling_yolo_sequence_coverage,sampled_danger_then_danger_ratio_sampled_unsafe_then_unsafe_ratio_else_normal,danger,intrusion,False,True,True,1.4363,"```json
{""risk_state"":""danger""}
```
",False
intrusion_normal_rgb_0156_cctv2_f000076_000086_000096,normal_plant_rgb,intrusion_normal_rgb_0156_cctv2,normal_candidate,normal,"[76, 86, 96]","[2.533, 2.867, 3.2]","{""start_frame"": 61, ""end_frame"": 96}","[""walk, carry/hold (an object)"", ""walk, carry/hold (an object)"", ""walk, carry/hold (an object)""]","[""normal"", ""normal"", ""normal""]",normal,"{""normal"": 36, ""unsafe"": 0, ""danger"": 0}","{""normal"": 1.0, ""unsafe"": 0.0, ""danger"": 0.0}",normal,normal,normal,True,False,labeling_yolo_sequence_coverage,sampled_danger_then_danger_ratio_sampled_unsafe_then_unsafe_ratio_else_normal,normal,normal,True,True,True,1.4411,"```json
{""risk_state"":""normal""}
```
",True
intrusion_normal_rgb_0156_cctv2_f000106_000116_000126,normal_plant_rgb,intrusion_normal_rgb_0156_cctv2,normal_candidate,normal,"[106, 116, 126]","[3.533, 3.867, 4.2]","{""start_frame"": 91, ""end_frame"": 126}","[""walk, carry/hold (an object)"", ""walk, carry/hold (an object)"", ""walk, carry/hold (an object)""]","[""normal"", ""normal"", ""normal""]",normal,"{""normal"": 36, ""unsafe"": 0, ""danger"": 0}","{""normal"": 1.0, ""unsafe"": 0.0, ""danger"": 0.0}",normal,normal,normal,True,False,labeling_yolo_sequence_coverage,sampled_danger_then_danger_ratio_sampled_unsafe_then_unsafe_ratio_else_normal,normal,normal,True,True,True,1.4332,"```json
{""risk_state"":""normal""}
```
",True
intrusion_normal_rgb_0156_cctv2_f000136_000146_000156,normal_plant_rgb,intrusion_normal_rgb_0156_cctv2,normal_candidate,normal,"[136, 146, 156]","[4.533, 4.867, 5.2]","{""start_frame"": 121, ""end_frame"": 156}","[""walk, carry/hold (an object)"", ""walk, carry/hold (an object)"", ""walk, carry/hold (an object)""]","[""normal"", ""normal"", ""normal""]",normal,"{""normal"": 36, ""unsafe"": 0, ""danger"": 0}","{""normal"": 1.0, ""unsafe"": 0.0, ""danger"": 0.0}",normal,normal,normal,True,False,labeling_yolo_sequence_coverage,sampled_danger_then_danger_ratio_sampled_unsafe_then_unsafe_ratio_else_normal,danger,intrusion,False,True,True,1.4347,"```json
{""risk_state"":""danger""}
```
",False
intrusion_normal_rgb_0156_cctv2_f000166_000176_000186,normal_plant_rgb,intrusion_normal_rgb_0156_cctv2,normal_candidate,normal,"[166, 176, 186]","[5.533, 5.867, 6.2]","{""start_frame"": 151, ""end_frame"": 186}","[""walk, carry/hold (an object)"", ""walk, carry/hold (an object)"", ""walk, carry/hold (an object)""]","[""normal"", ""normal"", ""normal""]",normal,"{""normal"": 36, ""unsafe"": 0, ""danger"": 0}","{""normal"": 1.0, ""unsafe"": 0.0, ""danger"": 0.0}",normal,normal,normal,True,False,labeling_yolo_sequence_coverage,sampled_danger_then_danger_ratio_sampled_unsafe_then_unsafe_ratio_else_normal,normal,normal,True,True,True,1.4456,"```json
{""risk_state"":""normal""}
```
",True
intrusion_normal_rgb_0156_cctv2_f000196_000206_000216,normal_plant_rgb,intrusion_normal_rgb_0156_cctv2,normal_candidate,normal,"[196, 206, 216]","[6.533, 6.867, 7.2]","{""start_frame"": 181, ""end_frame"": 216}","[""walk, carry/hold (an object)"", ""walk, carry/hold (an object)"", ""walk, carry/hold (an object)""]","[""normal"", ""normal"", ""normal""]",normal,"{""normal"": 36, ""unsafe"": 0, ""danger"": 0}","{""normal"": 1.0, ""unsafe"": 0.0, ""danger"": 0.0}",normal,normal,normal,True,False,labeling_yolo_sequence_coverage,sampled_danger_then_danger_ratio_sampled_unsafe_then_unsafe_ratio_else_normal,normal,normal,True,True,True,1.4351,"```json
{""risk_state"":""normal""}
```
",True
intrusion_normal_rgb_0158_cctv2_f000016_000026_000036,normal_plant_rgb,intrusion_normal_rgb_0158_cctv2,normal_candidate,normal,"[16, 26, 36]","[0.533, 0.867, 1.2]","{""start_frame"": 1, ""end_frame"": 36}","[""walk, carry/hold (an object)"", ""walk, carry/hold (an object)"", ""walk, carry/hold (an object)""]","[""normal"", ""normal"", ""normal""]",normal,"{""normal"": 36, ""unsafe"": 0, ""danger"": 0}","{""normal"": 1.0, ""unsafe"": 0.0, ""danger"": 0.0}",normal,normal,normal,True,False,labeling_yolo_sequence_coverage,sampled_danger_then_danger_ratio_sampled_unsafe_then_unsafe_ratio_else_normal,normal,normal,True,True,True,1.4357,"```json
{""risk_state"":""normal""}
```
",True
intrusion_normal_rgb_0158_cctv2_f000046_000056_000066,normal_plant_rgb,intrusion_normal_rgb_0158_cctv2,normal_candidate,normal,"[46, 56, 66]","[1.533, 1.867, 2.2]","{""start_frame"": 31, ""end_frame"": 66}","[""walk, stand"", ""walk, stand"", ""walk, carry/hold (an object)""]","[""normal"", ""normal"", ""normal""]",normal,"{""normal"": 36, ""unsafe"": 0, ""danger"": 0}","{""normal"": 1.0, ""unsafe"": 0.0, ""danger"": 0.0}",normal,normal,normal,True,False,labeling_yolo_sequence_coverage,sampled_danger_then_danger_ratio_sampled_unsafe_then_unsafe_ratio_else_normal,normal,normal,True,True,True,1.4378,"```json
{""risk_state"":""normal""}
```
",True
intrusion_normal_rgb_0158_cctv2_f000076_000086_000096,normal_plant_rgb,intrusion_normal_rgb_0158_cctv2,normal_candidate,normal,"[76, 86, 96]","[2.533, 2.867, 3.2]","{""start_frame"": 61, ""end_frame"": 96}","[""walk, carry/hold (an object)"", ""walk, carry/hold (an object)"", ""walk, carry/hold (an object)""]","[""normal"", ""normal"", ""normal""]",normal,"{""normal"": 36, ""unsafe"": 0, ""danger"": 0}","{""normal"": 1.0, ""unsafe"": 0.0, ""danger"": 0.0}",normal,normal,normal,True,False,labeling_yolo_sequence_coverage,sampled_danger_then_danger_ratio_sampled_unsafe_then_unsafe_ratio_else_normal,normal,normal,True,True,True,1.4373,"```json
{""risk_state"":""normal""}
```
",True
intrusion_normal_rgb_0158_cctv2_f000106_000116_000126,normal_plant_rgb,intrusion_normal_rgb_0158_cctv2,normal_candidate,normal,"[106, 116, 126]","[3.533, 3.867, 4.2]","{""start_frame"": 91, ""end_frame"": 126}","[""walk, stand"", ""walk, carry/hold (an object)"", ""walk, carry/hold (an object)""]","[""normal"", ""normal"", ""normal""]",normal,"{""normal"": 36, ""unsafe"": 0, ""danger"": 0}","{""normal"": 1.0, ""unsafe"": 0.0, ""danger"": 0.0}",normal,normal,normal,True,False,labeling_yolo_sequence_coverage,sampled_danger_then_danger_ratio_sampled_unsafe_then_unsafe_ratio_else_normal,normal,normal,True,True,True,1.4361,"```json
{""risk_state"":""normal""}
```
",True
intrusion_normal_rgb_0158_cctv2_f000136_000146_000156,normal_plant_rgb,intrusion_normal_rgb_0158_cctv2,normal_candidate,normal,"[136, 146, 156]","[4.533, 4.867, 5.2]","{""start_frame"": 121, ""end_frame"": 156}","[""walk, carry/hold (an object)"", ""walk, carry/hold (an object)"", ""walk, carry/hold (an object)""]","[""normal"", ""normal"", ""normal""]",normal,"{""normal"": 36, ""unsafe"": 0, ""danger"": 0}","{""normal"": 1.0, ""unsafe"": 0.0, ""danger"": 0.0}",normal,normal,normal,True,False,labeling_yolo_sequence_coverage,sampled_danger_then_danger_ratio_sampled_unsafe_then_unsafe_ratio_else_normal,danger,intrusion,False,True,True,1.4449,"```json
{""risk_state"":""danger""}
```
",False
intrusion_normal_rgb_0161_cctv4_f000016_000026_000036,normal_plant_rgb,intrusion_normal_rgb_0161_cctv4,normal_candidate,normal,"[16, 26, 36]","[0.533, 0.867, 1.2]","{""start_frame"": 1, ""end_frame"": 36}","[""walk, carry/hold (an object)"", ""walk, carry/hold (an object)"", ""walk, carry/hold (an object)""]","[""normal"", ""normal"", ""normal""]",normal,"{""normal"": 36, ""unsafe"": 0, ""danger"": 0}","{""normal"": 1.0, ""unsafe"": 0.0, ""danger"": 0.0}",normal,normal,normal,True,False,labeling_yolo_sequence_coverage,sampled_danger_then_danger_ratio_sampled_unsafe_then_unsafe_ratio_else_normal,normal,normal,True,True,True,1.4395,"```json
{""risk_state"":""normal""}
```
",True
intrusion_normal_rgb_0161_cctv4_f000046_000056_000066,normal_plant_rgb,intrusion_normal_rgb_0161_cctv4,normal_candidate,normal,"[46, 56, 66]","[1.533, 1.867, 2.2]","{""start_frame"": 31, ""end_frame"": 66}","[""walk, carry/hold (an object)"", ""walk, carry/hold (an object)"", ""walk, carry/hold (an object)""]","[""normal"", ""normal"", ""normal""]",normal,"{""normal"": 36, ""unsafe"": 0, ""danger"": 0}","{""normal"": 1.0, ""unsafe"": 0.0, ""danger"": 0.0}",normal,normal,normal,True,False,labeling_yolo_sequence_coverage,sampled_danger_then_danger_ratio_sampled_unsafe_then_unsafe_ratio_else_normal,normal,normal,True,True,True,1.435,"```json
{""risk_state"":""normal""}
```
",True
intrusion_normal_rgb_0161_cctv4_f000076_000086_000096,normal_plant_rgb,intrusion_normal_rgb_0161_cctv4,normal_candidate,normal,"[76, 86, 96]","[2.533, 2.867, 3.2]","{""start_frame"": 61, ""end_frame"": 96}","[""walk, carry/hold (an object)"", ""walk, carry/hold (an object)"", ""walk, carry/hold (an object)""]","[""normal"", ""normal"", ""normal""]",normal,"{""normal"": 36, ""unsafe"": 0, ""danger"": 0}","{""normal"": 1.0, ""unsafe"": 0.0, ""danger"": 0.0}",normal,normal,normal,True,False,labeling_yolo_sequence_coverage,sampled_danger_then_danger_ratio_sampled_unsafe_then_unsafe_ratio_else_normal,danger,intrusion,False,True,True,1.4423,"```json
{""risk_state"":""danger""}
```
",False
intrusion_normal_rgb_0161_cctv4_f000106_000116_000126,normal_plant_rgb,intrusion_normal_rgb_0161_cctv4,normal_candidate,normal,"[106, 116, 126]","[3.533, 3.867, 4.2]","{""start_frame"": 91, ""end_frame"": 126}","[""walk, carry/hold (an object)"", ""walk, carry/hold (an object)"", ""walk, carry/hold (an object)""]","[""normal"", ""normal"", ""normal""]",normal,"{""normal"": 36, ""unsafe"": 0, ""danger"": 0}","{""normal"": 1.0, ""unsafe"": 0.0, ""danger"": 0.0}",normal,normal,normal,True,False,labeling_yolo_sequence_coverage,sampled_danger_then_danger_ratio_sampled_unsafe_then_unsafe_ratio_else_normal,normal,normal,True,True,True,1.4326,"```json
{""risk_state"":""normal""}
```
",True
intrusion_normal_rgb_0161_cctv4_f000136_000146_000156,normal_plant_rgb,intrusion_normal_rgb_0161_cctv4,normal_candidate,normal,"[136, 146, 156]","[4.533, 4.867, 5.2]","{""start_frame"": 121, ""end_frame"": 156}","[""walk, carry/hold (an object)"", ""walk, carry/hold (an object)"", ""walk, carry/hold (an object)""]","[""normal"", ""normal"", ""normal""]",normal,"{""normal"": 36, ""unsafe"": 0, ""danger"": 0}","{""normal"": 1.0, ""unsafe"": 0.0, ""danger"": 0.0}",normal,normal,normal,True,False,labeling_yolo_sequence_coverage,sampled_danger_then_danger_ratio_sampled_unsafe_then_unsafe_ratio_else_normal,normal,normal,True,True,True,1.4412,"```json
{""risk_state"":""normal""}
```
",True
intrusion_normal_rgb_0162_cctv2_f000016_000026_000036,normal_plant_rgb,intrusion_normal_rgb_0162_cctv2,normal_candidate,normal,"[16, 26, 36]","[0.533, 0.867, 1.2]","{""start_frame"": 1, ""end_frame"": 36}","[""walk, carry/hold (an object)"", ""walk, carry/hold (an object)"", ""walk, carry/hold (an object)""]","[""normal"", ""normal"", ""normal""]",normal,"{""normal"": 36, ""unsafe"": 0, ""danger"": 0}","{""normal"": 1.0, ""unsafe"": 0.0, ""danger"": 0.0}",normal,normal,normal,True,False,labeling_yolo_sequence_coverage,sampled_danger_then_danger_ratio_sampled_unsafe_then_unsafe_ratio_else_normal,normal,normal,True,True,True,1.4448,"```json
{""risk_state"":""normal""}
```
",True
intrusion_normal_rgb_0162_cctv2_f000046_000056_000066,normal_plant_rgb,intrusion_normal_rgb_0162_cctv2,normal_candidate,normal,"[46, 56, 66]","[1.533, 1.867, 2.2]","{""start_frame"": 31, ""end_frame"": 66}","[""walk, carry/hold (an object)"", ""walk, carry/hold (an object)"", ""walk, carry/hold (an object)""]","[""normal"", ""normal"", ""normal""]",normal,"{""normal"": 36, ""unsafe"": 0, ""danger"": 0}","{""normal"": 1.0, ""unsafe"": 0.0, ""danger"": 0.0}",normal,normal,normal,True,False,labeling_yolo_sequence_coverage,sampled_danger_then_danger_ratio_sampled_unsafe_then_unsafe_ratio_else_normal,normal,normal,True,True,True,1.4353,"```json
{""risk_state"":""normal""}
```
",True
intrusion_normal_rgb_0162_cctv2_f000076_000086_000096,normal_plant_rgb,intrusion_normal_rgb_0162_cctv2,normal_candidate,normal,"[76, 86, 96]","[2.533, 2.867, 3.2]","{""start_frame"": 61, ""end_frame"": 96}","[""walk, carry/hold (an object)"", ""walk, carry/hold (an object)"", ""walk, carry/hold (an object)""]","[""normal"", ""normal"", ""normal""]",normal,"{""normal"": 36, ""unsafe"": 0, ""danger"": 0}","{""normal"": 1.0, ""unsafe"": 0.0, ""danger"": 0.0}",normal,normal,normal,True,False,labeling_yolo_sequence_coverage,sampled_danger_then_danger_ratio_sampled_unsafe_then_unsafe_ratio_else_normal,normal,normal,True,True,True,1.4413,"```json
{""risk_state"":""normal""}
```
",True
intrusion_normal_rgb_0162_cctv2_f000106_000116_000126,normal_plant_rgb,intrusion_normal_rgb_0162_cctv2,normal_candidate,normal,"[106, 116, 126]","[3.533, 3.867, 4.2]","{""start_frame"": 91, ""end_frame"": 126}","[""walk, carry/hold (an object)"", ""walk, carry/hold (an object)"", ""walk, carry/hold (an object)""]","[""normal"", ""normal"", ""normal""]",normal,"{""normal"": 36, ""unsafe"": 0, ""danger"": 0}","{""normal"": 1.0, ""unsafe"": 0.0, ""danger"": 0.0}",normal,normal,normal,True,False,labeling_yolo_sequence_coverage,sampled_danger_then_danger_ratio_sampled_unsafe_then_unsafe_ratio_else_normal,normal,normal,True,True,True,1.4479,"```json
{""risk_state"":""normal""}
```
",True
intrusion_normal_rgb_0162_cctv2_f000136_000146_000156,normal_plant_rgb,intrusion_normal_rgb_0162_cctv2,normal_candidate,normal,"[136, 146, 156]","[4.533, 4.867, 5.2]","{""start_frame"": 121, ""end_frame"": 156}","[""walk, carry/hold (an object)"", ""walk, carry/hold (an object)"", ""walk, carry/hold (an object)""]","[""normal"", ""normal"", ""normal""]",normal,"{""normal"": 36, ""unsafe"": 0, ""danger"": 0}","{""normal"": 1.0, ""unsafe"": 0.0, ""danger"": 0.0}",normal,normal,normal,True,False,labeling_yolo_sequence_coverage,sampled_danger_then_danger_ratio_sampled_unsafe_then_unsafe_ratio_else_normal,danger,intrusion,False,True,True,1.5578,"```json
{
  ""risk_state"": ""danger""
}
```
",False
intrusion_normal_rgb_0163_cctv2_f000016_000026_000036,normal_plant_rgb,intrusion_normal_rgb_0163_cctv2,normal_candidate,normal,"[16, 26, 36]","[0.533, 0.867, 1.2]","{""start_frame"": 1, ""end_frame"": 36}","[""walk, carry/hold (an object)"", ""walk, carry/hold (an object)"", ""walk, carry/hold (an object)""]","[""normal"", ""normal"", ""normal""]",normal,"{""normal"": 36, ""unsafe"": 0, ""danger"": 0}","{""normal"": 1.0, ""unsafe"": 0.0, ""danger"": 0.0}",normal,normal,normal,True,False,labeling_yolo_sequence_coverage,sampled_danger_then_danger_ratio_sampled_unsafe_then_unsafe_ratio_else_normal,normal,normal,True,True,True,1.4427,"```json
{""risk_state"":""normal""}
```
",True
intrusion_normal_rgb_0163_cctv2_f000046_000056_000066,normal_plant_rgb,intrusion_normal_rgb_0163_cctv2,normal_candidate,normal,"[46, 56, 66]","[1.533, 1.867, 2.2]","{""start_frame"": 31, ""end_frame"": 66}","[""walk, carry/hold (an object)"", ""walk, carry/hold (an object)"", ""walk, carry/hold (an object)""]","[""normal"", ""normal"", ""normal""]",normal,"{""normal"": 36, ""unsafe"": 0, ""danger"": 0}","{""normal"": 1.0, ""unsafe"": 0.0, ""danger"": 0.0}",normal,normal,normal,True,False,labeling_yolo_sequence_coverage,sampled_danger_then_danger_ratio_sampled_unsafe_then_unsafe_ratio_else_normal,normal,normal,True,True,True,1.4335,"```json
{""risk_state"":""normal""}
```
",True
intrusion_normal_rgb_0163_cctv2_f000076_000086_000096,normal_plant_rgb,intrusion_normal_rgb_0163_cctv2,normal_candidate,normal,"[76, 86, 96]","[2.533, 2.867, 3.2]","{""start_frame"": 61, ""end_frame"": 96}","[""walk, carry/hold (an object)"", ""walk, carry/hold (an object)"", ""walk, carry/hold (an object)""]","[""normal"", ""normal"", ""normal""]",normal,"{""normal"": 36, ""unsafe"": 0, ""danger"": 0}","{""normal"": 1.0, ""unsafe"": 0.0, ""danger"": 0.0}",normal,normal,normal,True,False,labeling_yolo_sequence_coverage,sampled_danger_then_danger_ratio_sampled_unsafe_then_unsafe_ratio_else_normal,danger,intrusion,False,True,True,1.4408,"```json
{""risk_state"":""danger""}
```
",False
intrusion_normal_rgb_0163_cctv2_f000106_000116_000126,normal_plant_rgb,intrusion_normal_rgb_0163_cctv2,normal_candidate,normal,"[106, 116, 126]","[3.533, 3.867, 4.2]","{""start_frame"": 91, ""end_frame"": 126}","[""walk, carry/hold (an object)"", ""walk, carry/hold (an object)"", ""walk, carry/hold (an object)""]","[""normal"", ""normal"", ""normal""]",normal,"{""normal"": 36, ""unsafe"": 0, ""danger"": 0}","{""normal"": 1.0, ""unsafe"": 0.0, ""danger"": 0.0}",normal,normal,normal,True,False,labeling_yolo_sequence_coverage,sampled_danger_then_danger_ratio_sampled_unsafe_then_unsafe_ratio_else_normal,normal,normal,True,True,True,1.4331,"```json
{""risk_state"":""normal""}
```
",True
intrusion_normal_rgb_0163_cctv2_f000136_000146_000156,normal_plant_rgb,intrusion_normal_rgb_0163_cctv2,normal_candidate,normal,"[136, 146, 156]","[4.533, 4.867, 5.2]","{""start_frame"": 121, ""end_frame"": 156}","[""walk, carry/hold (an object)"", ""walk, carry/hold (an object)"", ""walk, carry/hold (an object)""]","[""normal"", ""normal"", ""normal""]",normal,"{""normal"": 36, ""unsafe"": 0, ""danger"": 0}","{""normal"": 1.0, ""unsafe"": 0.0, ""danger"": 0.0}",normal,normal,normal,True,False,labeling_yolo_sequence_coverage,sampled_danger_then_danger_ratio_sampled_unsafe_then_unsafe_ratio_else_normal,normal,normal,True,True,True,1.4419,"```json
{""risk_state"":""normal""}
```
",True
intrusion_normal_rgb_0164_cctv4_f000016_000026_000036,normal_plant_rgb,intrusion_normal_rgb_0164_cctv4,normal_candidate,normal,"[16, 26, 36]","[0.533, 0.867, 1.2]","{""start_frame"": 1, ""end_frame"": 36}","[""walk, carry/hold (an object)"", ""walk, carry/hold (an object)"", ""walk, carry/hold (an object)""]","[""normal"", ""normal"", ""normal""]",normal,"{""normal"": 36, ""unsafe"": 0, ""danger"": 0}","{""normal"": 1.0, ""unsafe"": 0.0, ""danger"": 0.0}",normal,normal,normal,True,False,labeling_yolo_sequence_coverage,sampled_danger_then_danger_ratio_sampled_unsafe_then_unsafe_ratio_else_normal,normal,normal,True,True,True,1.4344,"```json
{""risk_state"":""normal""}
```
",True
intrusion_normal_rgb_0164_cctv4_f000046_000056_000066,normal_plant_rgb,intrusion_normal_rgb_0164_cctv4,normal_candidate,normal,"[46, 56, 66]","[1.533, 1.867, 2.2]","{""start_frame"": 31, ""end_frame"": 66}","[""walk, carry/hold (an object)"", ""walk, carry/hold (an object)"", ""walk, carry/hold (an object)""]","[""normal"", ""normal"", ""normal""]",normal,"{""normal"": 36, ""unsafe"": 0, ""danger"": 0}","{""normal"": 1.0, ""unsafe"": 0.0, ""danger"": 0.0}",normal,normal,normal,True,False,labeling_yolo_sequence_coverage,sampled_danger_then_danger_ratio_sampled_unsafe_then_unsafe_ratio_else_normal,normal,normal,True,True,True,1.4366,"```json
{""risk_state"":""normal""}
```
",True
intrusion_normal_rgb_0164_cctv4_f000076_000086_000096,normal_plant_rgb,intrusion_normal_rgb_0164_cctv4,normal_candidate,normal,"[76, 86, 96]","[2.533, 2.867, 3.2]","{""start_frame"": 61, ""end_frame"": 96}","[""walk, carry/hold (an object)"", ""walk, carry/hold (an object)"", ""walk, carry/hold (an object)""]","[""normal"", ""normal"", ""normal""]",normal,"{""normal"": 36, ""unsafe"": 0, ""danger"": 0}","{""normal"": 1.0, ""unsafe"": 0.0, ""danger"": 0.0}",normal,normal,normal,True,False,labeling_yolo_sequence_coverage,sampled_danger_then_danger_ratio_sampled_unsafe_then_unsafe_ratio_else_normal,normal,normal,True,True,True,1.4407,"```json
{""risk_state"":""normal""}
```
",True
intrusion_normal_rgb_0164_cctv4_f000106_000116_000126,normal_plant_rgb,intrusion_normal_rgb_0164_cctv4,normal_candidate,normal,"[106, 116, 126]","[3.533, 3.867, 4.2]","{""start_frame"": 91, ""end_frame"": 126}","[""walk, carry/hold (an object)"", ""walk, carry/hold (an object)"", ""walk, carry/hold (an object)""]","[""normal"", ""normal"", ""normal""]",normal,"{""normal"": 36, ""unsafe"": 0, ""danger"": 0}","{""normal"": 1.0, ""unsafe"": 0.0, ""danger"": 0.0}",normal,normal,normal,True,False,labeling_yolo_sequence_coverage,sampled_danger_then_danger_ratio_sampled_unsafe_then_unsafe_ratio_else_normal,normal,normal,True,True,True,1.4346,"```json
{""risk_state"":""normal""}
```
",True
intrusion_normal_rgb_0164_cctv4_f000136_000146_000156,normal_plant_rgb,intrusion_normal_rgb_0164_cctv4,normal_candidate,normal,"[136, 146, 156]","[4.533, 4.867, 5.2]","{""start_frame"": 121, ""end_frame"": 156}","[""walk, carry/hold (an object)"", ""walk, carry/hold (an object)"", ""walk, carry/hold (an object)""]","[""normal"", ""normal"", ""normal""]",normal,"{""normal"": 36, ""unsafe"": 0, ""danger"": 0}","{""normal"": 1.0, ""unsafe"": 0.0, ""danger"": 0.0}",normal,normal,normal,True,False,labeling_yolo_sequence_coverage,sampled_danger_then_danger_ratio_sampled_unsafe_then_unsafe_ratio_else_normal,normal,normal,True,True,True,1.4541,"```json
{""risk_state"":""normal""}
```
",True
intrusion_normal_rgb_0166_cctv1_f000016_000026_000036,normal_plant_rgb,intrusion_normal_rgb_0166_cctv1,normal_candidate,normal,"[16, 26, 36]","[0.533, 0.867, 1.2]","{""start_frame"": 1, ""end_frame"": 36}","[""walk, carry/hold (an object)"", ""walk, carry/hold (an object)"", ""walk, carry/hold (an object)""]","[""normal"", ""normal"", ""normal""]",normal,"{""normal"": 36, ""unsafe"": 0, ""danger"": 0}","{""normal"": 1.0, ""unsafe"": 0.0, ""danger"": 0.0}",normal,normal,normal,True,False,labeling_yolo_sequence_coverage,sampled_danger_then_danger_ratio_sampled_unsafe_then_unsafe_ratio_else_normal,normal,normal,True,True,True,1.4433,"```json
{""risk_state"":""normal""}
```
",True
intrusion_normal_rgb_0166_cctv1_f000046_000056_000066,normal_plant_rgb,intrusion_normal_rgb_0166_cctv1,normal_candidate,normal,"[46, 56, 66]","[1.533, 1.867, 2.2]","{""start_frame"": 31, ""end_frame"": 66}","[""walk, carry/hold (an object)"", ""walk, carry/hold (an object)"", ""walk, carry/hold (an object)""]","[""normal"", ""normal"", ""normal""]",normal,"{""normal"": 36, ""unsafe"": 0, ""danger"": 0}","{""normal"": 1.0, ""unsafe"": 0.0, ""danger"": 0.0}",normal,normal,normal,True,False,labeling_yolo_sequence_coverage,sampled_danger_then_danger_ratio_sampled_unsafe_then_unsafe_ratio_else_normal,normal,normal,True,True,True,1.4396,"```json
{""risk_state"":""normal""}
```
",True
intrusion_normal_rgb_0166_cctv1_f000076_000086_000096,normal_plant_rgb,intrusion_normal_rgb_0166_cctv1,normal_candidate,normal,"[76, 86, 96]","[2.533, 2.867, 3.2]","{""start_frame"": 61, ""end_frame"": 96}","[""walk, carry/hold (an object)"", ""walk, carry/hold (an object)"", ""walk, carry/hold (an object)""]","[""normal"", ""normal"", ""normal""]",normal,"{""normal"": 36, ""unsafe"": 0, ""danger"": 0}","{""normal"": 1.0, ""unsafe"": 0.0, ""danger"": 0.0}",normal,normal,normal,True,False,labeling_yolo_sequence_coverage,sampled_danger_then_danger_ratio_sampled_unsafe_then_unsafe_ratio_else_normal,normal,normal,True,True,True,1.4451,"```json
{""risk_state"":""normal""}
```
",True
intrusion_normal_rgb_0166_cctv1_f000106_000116_000126,normal_plant_rgb,intrusion_normal_rgb_0166_cctv1,normal_candidate,normal,"[106, 116, 126]","[3.533, 3.867, 4.2]","{""start_frame"": 91, ""end_frame"": 126}","[""walk, carry/hold (an object)"", ""walk, carry/hold (an object)"", ""walk, carry/hold (an object)""]","[""normal"", ""normal"", ""normal""]",normal,"{""normal"": 36, ""unsafe"": 0, ""danger"": 0}","{""normal"": 1.0, ""unsafe"": 0.0, ""danger"": 0.0}",normal,normal,normal,True,False,labeling_yolo_sequence_coverage,sampled_danger_then_danger_ratio_sampled_unsafe_then_unsafe_ratio_else_normal,normal,normal,True,True,True,1.4331,"```json
{""risk_state"":""normal""}
```
",True
