request_id,group,video_id,folder_coarse_label,folder_binary_label,frame_indices,frame_times_sec,sequence_coverage,stage1_actions,sampled_frame_gt,sampled_only_gt,coverage_frame_count,coverage_ratio,coverage_based_gt,sequence_gt,gt_risk_state,use_for_eval,needs_review,gt_source,gt_rule,pred_risk_state,pred_binary,folder_binary_match,json_success,schema_success,latency_sec,raw_response
intrusion_climb-over-fence_rgb_0007_cctv3_f000016,climb-over-fence_plant_rgb,intrusion_climb-over-fence_rgb_0007_cctv3,intrusion_candidate,intrusion,[16],[0.533],"{""start_frame"": 16, ""end_frame"": 16}","[""stand, carry/hold (an object)""]","[""danger""]",danger,"{""normal"": 0, ""unsafe"": 0, ""danger"": 1}","{""normal"": 0.0, ""unsafe"": 0.0, ""danger"": 1.0}",danger,danger,danger,True,False,labeling_yolo_single_frame,single_frame_gt_from_sampled_frame_label,danger,intrusion,True,True,True,1.5941,"{""risk_state"":""danger""}
"
intrusion_climb-over-fence_rgb_0007_cctv3_f000026,climb-over-fence_plant_rgb,intrusion_climb-over-fence_rgb_0007_cctv3,intrusion_candidate,intrusion,[26],[0.867],"{""start_frame"": 26, ""end_frame"": 26}","[""stand, carry/hold (an object)""]","[""danger""]",danger,"{""normal"": 0, ""unsafe"": 0, ""danger"": 1}","{""normal"": 0.0, ""unsafe"": 0.0, ""danger"": 1.0}",danger,danger,danger,True,False,labeling_yolo_single_frame,single_frame_gt_from_sampled_frame_label,danger,intrusion,True,True,True,0.5896,"{""risk_state"":""danger""}
"
intrusion_climb-over-fence_rgb_0007_cctv3_f000036,climb-over-fence_plant_rgb,intrusion_climb-over-fence_rgb_0007_cctv3,intrusion_candidate,intrusion,[36],[1.2],"{""start_frame"": 36, ""end_frame"": 36}","[""stand, carry/hold (an object)""]","[""danger""]",danger,"{""normal"": 0, ""unsafe"": 0, ""danger"": 1}","{""normal"": 0.0, ""unsafe"": 0.0, ""danger"": 1.0}",danger,danger,danger,True,False,labeling_yolo_single_frame,single_frame_gt_from_sampled_frame_label,danger,intrusion,True,True,True,0.5874,"{""risk_state"":""danger""}
"
intrusion_climb-over-fence_rgb_0007_cctv3_f000046,climb-over-fence_plant_rgb,intrusion_climb-over-fence_rgb_0007_cctv3,intrusion_candidate,intrusion,[46],[1.533],"{""start_frame"": 46, ""end_frame"": 46}","[""stand, carry/hold (an object)""]","[""danger""]",danger,"{""normal"": 0, ""unsafe"": 0, ""danger"": 1}","{""normal"": 0.0, ""unsafe"": 0.0, ""danger"": 1.0}",danger,danger,danger,True,False,labeling_yolo_single_frame,single_frame_gt_from_sampled_frame_label,danger,intrusion,True,True,True,0.5977,"{""risk_state"":""danger""}
"
intrusion_climb-over-fence_rgb_0007_cctv3_f000056,climb-over-fence_plant_rgb,intrusion_climb-over-fence_rgb_0007_cctv3,intrusion_candidate,intrusion,[56],[1.867],"{""start_frame"": 56, ""end_frame"": 56}","[""stand, carry/hold (an object)""]","[""danger""]",danger,"{""normal"": 0, ""unsafe"": 0, ""danger"": 1}","{""normal"": 0.0, ""unsafe"": 0.0, ""danger"": 1.0}",danger,danger,danger,True,False,labeling_yolo_single_frame,single_frame_gt_from_sampled_frame_label,danger,intrusion,True,True,True,0.5921,"{""risk_state"":""danger""}
"
intrusion_climb-over-fence_rgb_0007_cctv3_f000066,climb-over-fence_plant_rgb,intrusion_climb-over-fence_rgb_0007_cctv3,intrusion_candidate,intrusion,[66],[2.2],"{""start_frame"": 66, ""end_frame"": 66}","[""stand, carry/hold (an object)""]","[""danger""]",danger,"{""normal"": 0, ""unsafe"": 0, ""danger"": 1}","{""normal"": 0.0, ""unsafe"": 0.0, ""danger"": 1.0}",danger,danger,danger,True,False,labeling_yolo_single_frame,single_frame_gt_from_sampled_frame_label,danger,intrusion,True,True,True,0.5955,"{""risk_state"":""danger""}
"
intrusion_climb-over-fence_rgb_0007_cctv3_f000076,climb-over-fence_plant_rgb,intrusion_climb-over-fence_rgb_0007_cctv3,intrusion_candidate,intrusion,[76],[2.533],"{""start_frame"": 76, ""end_frame"": 76}","[""stand, carry/hold (an object)""]","[""danger""]",danger,"{""normal"": 0, ""unsafe"": 0, ""danger"": 1}","{""normal"": 0.0, ""unsafe"": 0.0, ""danger"": 1.0}",danger,danger,danger,True,False,labeling_yolo_single_frame,single_frame_gt_from_sampled_frame_label,danger,intrusion,True,True,True,0.5866,"{""risk_state"":""danger""}
"
intrusion_climb-over-fence_rgb_0007_cctv3_f000086,climb-over-fence_plant_rgb,intrusion_climb-over-fence_rgb_0007_cctv3,intrusion_candidate,intrusion,[86],[2.867],"{""start_frame"": 86, ""end_frame"": 86}","[""stand, carry/hold (an object)""]","[""danger""]",danger,"{""normal"": 0, ""unsafe"": 0, ""danger"": 1}","{""normal"": 0.0, ""unsafe"": 0.0, ""danger"": 1.0}",danger,danger,danger,True,False,labeling_yolo_single_frame,single_frame_gt_from_sampled_frame_label,danger,intrusion,True,True,True,0.5839,"{""risk_state"":""danger""}
"
intrusion_climb-over-fence_rgb_0007_cctv3_f000096,climb-over-fence_plant_rgb,intrusion_climb-over-fence_rgb_0007_cctv3,intrusion_candidate,intrusion,[96],[3.2],"{""start_frame"": 96, ""end_frame"": 96}","[""stand, carry/hold (an object)""]","[""danger""]",danger,"{""normal"": 0, ""unsafe"": 0, ""danger"": 1}","{""normal"": 0.0, ""unsafe"": 0.0, ""danger"": 1.0}",danger,danger,danger,True,False,labeling_yolo_single_frame,single_frame_gt_from_sampled_frame_label,danger,intrusion,True,True,True,0.5925,"{""risk_state"":""danger""}
"
intrusion_climb-over-fence_rgb_0007_cctv3_f000106,climb-over-fence_plant_rgb,intrusion_climb-over-fence_rgb_0007_cctv3,intrusion_candidate,intrusion,[106],[3.533],"{""start_frame"": 106, ""end_frame"": 106}","[""stand, carry/hold (an object)""]","[""danger""]",danger,"{""normal"": 0, ""unsafe"": 0, ""danger"": 1}","{""normal"": 0.0, ""unsafe"": 0.0, ""danger"": 1.0}",danger,danger,danger,True,False,labeling_yolo_single_frame,single_frame_gt_from_sampled_frame_label,danger,intrusion,True,True,True,0.7136,"{""risk_state"":""danger""}
"
intrusion_climb-over-fence_rgb_0007_cctv3_f000116,climb-over-fence_plant_rgb,intrusion_climb-over-fence_rgb_0007_cctv3,intrusion_candidate,intrusion,[116],[3.867],"{""start_frame"": 116, ""end_frame"": 116}","[""stand, carry/hold (an object)""]","[""danger""]",danger,"{""normal"": 0, ""unsafe"": 0, ""danger"": 1}","{""normal"": 0.0, ""unsafe"": 0.0, ""danger"": 1.0}",danger,danger,danger,True,False,labeling_yolo_single_frame,single_frame_gt_from_sampled_frame_label,danger,intrusion,True,True,True,0.5899,"{""risk_state"":""danger""}
"
intrusion_climb-over-fence_rgb_0007_cctv3_f000126,climb-over-fence_plant_rgb,intrusion_climb-over-fence_rgb_0007_cctv3,intrusion_candidate,intrusion,[126],[4.2],"{""start_frame"": 126, ""end_frame"": 126}","[""stand, carry/hold (an object)""]","[""danger""]",danger,"{""normal"": 0, ""unsafe"": 0, ""danger"": 1}","{""normal"": 0.0, ""unsafe"": 0.0, ""danger"": 1.0}",danger,danger,danger,True,False,labeling_yolo_single_frame,single_frame_gt_from_sampled_frame_label,danger,intrusion,True,True,True,0.5901,"{""risk_state"":""danger""}
"
intrusion_climb-over-fence_rgb_0007_cctv3_f000136,climb-over-fence_plant_rgb,intrusion_climb-over-fence_rgb_0007_cctv3,intrusion_candidate,intrusion,[136],[4.533],"{""start_frame"": 136, ""end_frame"": 136}","[""stand, carry/hold (an object)""]","[""danger""]",danger,"{""normal"": 0, ""unsafe"": 0, ""danger"": 1}","{""normal"": 0.0, ""unsafe"": 0.0, ""danger"": 1.0}",danger,danger,danger,True,False,labeling_yolo_single_frame,single_frame_gt_from_sampled_frame_label,danger,intrusion,True,True,True,0.5903,"{""risk_state"":""danger""}
"
intrusion_climb-over-fence_rgb_0007_cctv3_f000146,climb-over-fence_plant_rgb,intrusion_climb-over-fence_rgb_0007_cctv3,intrusion_candidate,intrusion,[146],[4.867],"{""start_frame"": 146, ""end_frame"": 146}","[""stand, carry/hold (an object)""]","[""danger""]",danger,"{""normal"": 0, ""unsafe"": 0, ""danger"": 1}","{""normal"": 0.0, ""unsafe"": 0.0, ""danger"": 1.0}",danger,danger,danger,True,False,labeling_yolo_single_frame,single_frame_gt_from_sampled_frame_label,danger,intrusion,True,True,True,0.5886,"{""risk_state"":""danger""}
"
intrusion_climb-over-fence_rgb_0007_cctv3_f000156,climb-over-fence_plant_rgb,intrusion_climb-over-fence_rgb_0007_cctv3,intrusion_candidate,intrusion,[156],[5.2],"{""start_frame"": 156, ""end_frame"": 156}","[""stand, carry/hold (an object)""]","[""danger""]",danger,"{""normal"": 0, ""unsafe"": 0, ""danger"": 1}","{""normal"": 0.0, ""unsafe"": 0.0, ""danger"": 1.0}",danger,danger,danger,True,False,labeling_yolo_single_frame,single_frame_gt_from_sampled_frame_label,danger,intrusion,True,True,True,0.5847,"{""risk_state"":""danger""}
"
intrusion_climb-over-fence_rgb_0007_cctv3_f000166,climb-over-fence_plant_rgb,intrusion_climb-over-fence_rgb_0007_cctv3,intrusion_candidate,intrusion,[166],[5.533],"{""start_frame"": 166, ""end_frame"": 166}","[""stand, carry/hold (an object)""]","[""danger""]",danger,"{""normal"": 0, ""unsafe"": 0, ""danger"": 1}","{""normal"": 0.0, ""unsafe"": 0.0, ""danger"": 1.0}",danger,danger,danger,True,False,labeling_yolo_single_frame,single_frame_gt_from_sampled_frame_label,danger,intrusion,True,True,True,0.5876,"{""risk_state"":""danger""}
"
intrusion_climb-over-fence_rgb_0007_cctv3_f000176,climb-over-fence_plant_rgb,intrusion_climb-over-fence_rgb_0007_cctv3,intrusion_candidate,intrusion,[176],[5.867],"{""start_frame"": 176, ""end_frame"": 176}","[""stand, carry/hold (an object)""]","[""danger""]",danger,"{""normal"": 0, ""unsafe"": 0, ""danger"": 1}","{""normal"": 0.0, ""unsafe"": 0.0, ""danger"": 1.0}",danger,danger,danger,True,False,labeling_yolo_single_frame,single_frame_gt_from_sampled_frame_label,danger,intrusion,True,True,True,0.5836,"{""risk_state"":""danger""}
"
intrusion_climb-over-fence_rgb_0007_cctv3_f000186,climb-over-fence_plant_rgb,intrusion_climb-over-fence_rgb_0007_cctv3,intrusion_candidate,intrusion,[186],[6.2],"{""start_frame"": 186, ""end_frame"": 186}","[""stand, carry/hold (an object)""]","[""danger""]",danger,"{""normal"": 0, ""unsafe"": 0, ""danger"": 1}","{""normal"": 0.0, ""unsafe"": 0.0, ""danger"": 1.0}",danger,danger,danger,True,False,labeling_yolo_single_frame,single_frame_gt_from_sampled_frame_label,danger,intrusion,True,True,True,0.5839,"{""risk_state"":""danger""}
"
intrusion_climb-over-fence_rgb_0007_cctv3_f000196,climb-over-fence_plant_rgb,intrusion_climb-over-fence_rgb_0007_cctv3,intrusion_candidate,intrusion,[196],[6.533],"{""start_frame"": 196, ""end_frame"": 196}","[""stand, carry/hold (an object)""]","[""danger""]",danger,"{""normal"": 0, ""unsafe"": 0, ""danger"": 1}","{""normal"": 0.0, ""unsafe"": 0.0, ""danger"": 1.0}",danger,danger,danger,True,False,labeling_yolo_single_frame,single_frame_gt_from_sampled_frame_label,danger,intrusion,True,True,True,0.5882,"{""risk_state"":""danger""}
"
intrusion_climb-over-fence_rgb_0007_cctv3_f000206,climb-over-fence_plant_rgb,intrusion_climb-over-fence_rgb_0007_cctv3,intrusion_candidate,intrusion,[206],[6.867],"{""start_frame"": 206, ""end_frame"": 206}","[""stand, carry/hold (an object)""]","[""danger""]",danger,"{""normal"": 0, ""unsafe"": 0, ""danger"": 1}","{""normal"": 0.0, ""unsafe"": 0.0, ""danger"": 1.0}",danger,danger,danger,True,False,labeling_yolo_single_frame,single_frame_gt_from_sampled_frame_label,danger,intrusion,True,True,True,0.5852,"{""risk_state"":""danger""}
"
intrusion_climb-over-fence_rgb_0007_cctv3_f000216,climb-over-fence_plant_rgb,intrusion_climb-over-fence_rgb_0007_cctv3,intrusion_candidate,intrusion,[216],[7.2],"{""start_frame"": 216, ""end_frame"": 216}","[""stand, carry/hold (an object)""]","[""danger""]",danger,"{""normal"": 0, ""unsafe"": 0, ""danger"": 1}","{""normal"": 0.0, ""unsafe"": 0.0, ""danger"": 1.0}",danger,danger,danger,True,False,labeling_yolo_single_frame,single_frame_gt_from_sampled_frame_label,danger,intrusion,True,True,True,0.5862,"{""risk_state"":""danger""}
"
intrusion_climb-over-fence_rgb_0007_cctv3_f000226,climb-over-fence_plant_rgb,intrusion_climb-over-fence_rgb_0007_cctv3,intrusion_candidate,intrusion,[226],[7.533],"{""start_frame"": 226, ""end_frame"": 226}","[""stand, carry/hold (an object)""]","[""danger""]",danger,"{""normal"": 0, ""unsafe"": 0, ""danger"": 1}","{""normal"": 0.0, ""unsafe"": 0.0, ""danger"": 1.0}",danger,danger,danger,True,False,labeling_yolo_single_frame,single_frame_gt_from_sampled_frame_label,danger,intrusion,True,True,True,0.5861,"{""risk_state"":""danger""}
"
intrusion_climb-over-fence_rgb_0007_cctv3_f000236,climb-over-fence_plant_rgb,intrusion_climb-over-fence_rgb_0007_cctv3,intrusion_candidate,intrusion,[236],[7.867],"{""start_frame"": 236, ""end_frame"": 236}","[""stand, carry/hold (an object)""]","[""danger""]",danger,"{""normal"": 0, ""unsafe"": 0, ""danger"": 1}","{""normal"": 0.0, ""unsafe"": 0.0, ""danger"": 1.0}",danger,danger,danger,True,False,labeling_yolo_single_frame,single_frame_gt_from_sampled_frame_label,danger,intrusion,True,True,True,0.5876,"{""risk_state"":""danger""}
"
intrusion_climb-over-fence_rgb_0007_cctv3_f000246,climb-over-fence_plant_rgb,intrusion_climb-over-fence_rgb_0007_cctv3,intrusion_candidate,intrusion,[246],[8.2],"{""start_frame"": 246, ""end_frame"": 246}","[""stand, carry/hold (an object)""]","[""danger""]",danger,"{""normal"": 0, ""unsafe"": 0, ""danger"": 1}","{""normal"": 0.0, ""unsafe"": 0.0, ""danger"": 1.0}",danger,danger,danger,True,False,labeling_yolo_single_frame,single_frame_gt_from_sampled_frame_label,danger,intrusion,True,True,True,0.5852,"{""risk_state"":""danger""}
"
intrusion_climb-over-fence_rgb_0007_cctv3_f000256,climb-over-fence_plant_rgb,intrusion_climb-over-fence_rgb_0007_cctv3,intrusion_candidate,intrusion,[256],[8.533],"{""start_frame"": 256, ""end_frame"": 256}","[""stand, carry/hold (an object)""]","[""danger""]",danger,"{""normal"": 0, ""unsafe"": 0, ""danger"": 1}","{""normal"": 0.0, ""unsafe"": 0.0, ""danger"": 1.0}",danger,danger,danger,True,False,labeling_yolo_single_frame,single_frame_gt_from_sampled_frame_label,danger,intrusion,True,True,True,0.5884,"{""risk_state"":""danger""}
"
intrusion_climb-over-fence_rgb_0007_cctv3_f000266,climb-over-fence_plant_rgb,intrusion_climb-over-fence_rgb_0007_cctv3,intrusion_candidate,intrusion,[266],[8.867],"{""start_frame"": 266, ""end_frame"": 266}","[""stand, carry/hold (an object)""]","[""danger""]",danger,"{""normal"": 0, ""unsafe"": 0, ""danger"": 1}","{""normal"": 0.0, ""unsafe"": 0.0, ""danger"": 1.0}",danger,danger,danger,True,False,labeling_yolo_single_frame,single_frame_gt_from_sampled_frame_label,danger,intrusion,True,True,True,0.5886,"{""risk_state"":""danger""}
"
intrusion_climb-over-fence_rgb_0007_cctv3_f000276,climb-over-fence_plant_rgb,intrusion_climb-over-fence_rgb_0007_cctv3,intrusion_candidate,intrusion,[276],[9.2],"{""start_frame"": 276, ""end_frame"": 276}","[""stand, carry/hold (an object)""]","[""danger""]",danger,"{""normal"": 0, ""unsafe"": 0, ""danger"": 1}","{""normal"": 0.0, ""unsafe"": 0.0, ""danger"": 1.0}",danger,danger,danger,True,False,labeling_yolo_single_frame,single_frame_gt_from_sampled_frame_label,danger,intrusion,True,True,True,0.5885,"{""risk_state"":""danger""}
"
intrusion_climb-over-fence_rgb_0007_cctv3_f000286,climb-over-fence_plant_rgb,intrusion_climb-over-fence_rgb_0007_cctv3,intrusion_candidate,intrusion,[286],[9.533],"{""start_frame"": 286, ""end_frame"": 286}","[""stand, carry/hold (an object)""]","[""danger""]",danger,"{""normal"": 0, ""unsafe"": 0, ""danger"": 1}","{""normal"": 0.0, ""unsafe"": 0.0, ""danger"": 1.0}",danger,danger,danger,True,False,labeling_yolo_single_frame,single_frame_gt_from_sampled_frame_label,danger,intrusion,True,True,True,0.5955,"{""risk_state"":""danger""}
"
intrusion_climb-over-fence_rgb_0007_cctv3_f000296,climb-over-fence_plant_rgb,intrusion_climb-over-fence_rgb_0007_cctv3,intrusion_candidate,intrusion,[296],[9.867],"{""start_frame"": 296, ""end_frame"": 296}","[""stand, carry/hold (an object)""]","[""danger""]",danger,"{""normal"": 0, ""unsafe"": 0, ""danger"": 1}","{""normal"": 0.0, ""unsafe"": 0.0, ""danger"": 1.0}",danger,danger,danger,True,False,labeling_yolo_single_frame,single_frame_gt_from_sampled_frame_label,danger,intrusion,True,True,True,0.5892,"{""risk_state"":""danger""}
"
intrusion_climb-over-fence_rgb_0007_cctv3_f000306,climb-over-fence_plant_rgb,intrusion_climb-over-fence_rgb_0007_cctv3,intrusion_candidate,intrusion,[306],[10.2],"{""start_frame"": 306, ""end_frame"": 306}","[""stand, carry/hold (an object)""]","[""danger""]",danger,"{""normal"": 0, ""unsafe"": 0, ""danger"": 1}","{""normal"": 0.0, ""unsafe"": 0.0, ""danger"": 1.0}",danger,danger,danger,True,False,labeling_yolo_single_frame,single_frame_gt_from_sampled_frame_label,danger,intrusion,True,True,True,0.7206,"{""risk_state"":""danger""}
"
intrusion_climb-over-fence_rgb_0007_cctv3_f000316,climb-over-fence_plant_rgb,intrusion_climb-over-fence_rgb_0007_cctv3,intrusion_candidate,intrusion,[316],[10.533],"{""start_frame"": 316, ""end_frame"": 316}","[""stand, carry/hold (an object)""]","[""danger""]",danger,"{""normal"": 0, ""unsafe"": 0, ""danger"": 1}","{""normal"": 0.0, ""unsafe"": 0.0, ""danger"": 1.0}",danger,danger,danger,True,False,labeling_yolo_single_frame,single_frame_gt_from_sampled_frame_label,danger,intrusion,True,True,True,0.5941,"{""risk_state"":""danger""}
"
intrusion_climb-over-fence_rgb_0007_cctv3_f000326,climb-over-fence_plant_rgb,intrusion_climb-over-fence_rgb_0007_cctv3,intrusion_candidate,intrusion,[326],[10.867],"{""start_frame"": 326, ""end_frame"": 326}","[""stand, carry/hold (an object)""]","[""danger""]",danger,"{""normal"": 0, ""unsafe"": 0, ""danger"": 1}","{""normal"": 0.0, ""unsafe"": 0.0, ""danger"": 1.0}",danger,danger,danger,True,False,labeling_yolo_single_frame,single_frame_gt_from_sampled_frame_label,danger,intrusion,True,True,True,0.5918,"{""risk_state"":""danger""}
"
intrusion_climb-over-fence_rgb_0007_cctv3_f000336,climb-over-fence_plant_rgb,intrusion_climb-over-fence_rgb_0007_cctv3,intrusion_candidate,intrusion,[336],[11.2],"{""start_frame"": 336, ""end_frame"": 336}","[""stand, carry/hold (an object)""]","[""danger""]",danger,"{""normal"": 0, ""unsafe"": 0, ""danger"": 1}","{""normal"": 0.0, ""unsafe"": 0.0, ""danger"": 1.0}",danger,danger,danger,True,False,labeling_yolo_single_frame,single_frame_gt_from_sampled_frame_label,danger,intrusion,True,True,True,0.5932,"{""risk_state"":""danger""}
"
intrusion_climb-over-fence_rgb_0007_cctv3_f000346,climb-over-fence_plant_rgb,intrusion_climb-over-fence_rgb_0007_cctv3,intrusion_candidate,intrusion,[346],[11.533],"{""start_frame"": 346, ""end_frame"": 346}","[""stand, carry/hold (an object)""]","[""danger""]",danger,"{""normal"": 0, ""unsafe"": 0, ""danger"": 1}","{""normal"": 0.0, ""unsafe"": 0.0, ""danger"": 1.0}",danger,danger,danger,True,False,labeling_yolo_single_frame,single_frame_gt_from_sampled_frame_label,danger,intrusion,True,True,True,0.5926,"{""risk_state"":""danger""}
"
intrusion_climb-over-fence_rgb_0007_cctv3_f000356,climb-over-fence_plant_rgb,intrusion_climb-over-fence_rgb_0007_cctv3,intrusion_candidate,intrusion,[356],[11.867],"{""start_frame"": 356, ""end_frame"": 356}","[""stand, carry/hold (an object)""]","[""danger""]",danger,"{""normal"": 0, ""unsafe"": 0, ""danger"": 1}","{""normal"": 0.0, ""unsafe"": 0.0, ""danger"": 1.0}",danger,danger,danger,True,False,labeling_yolo_single_frame,single_frame_gt_from_sampled_frame_label,danger,intrusion,True,True,True,0.5911,"{""risk_state"":""danger""}
"
intrusion_climb-over-fence_rgb_0007_cctv3_f000366,climb-over-fence_plant_rgb,intrusion_climb-over-fence_rgb_0007_cctv3,intrusion_candidate,intrusion,[366],[12.2],"{""start_frame"": 366, ""end_frame"": 366}","[""stand, carry/hold (an object)""]","[""danger""]",danger,"{""normal"": 0, ""unsafe"": 0, ""danger"": 1}","{""normal"": 0.0, ""unsafe"": 0.0, ""danger"": 1.0}",danger,danger,danger,True,False,labeling_yolo_single_frame,single_frame_gt_from_sampled_frame_label,danger,intrusion,True,True,True,0.5897,"{""risk_state"":""danger""}
"
intrusion_climb-over-fence_rgb_0007_cctv3_f000376,climb-over-fence_plant_rgb,intrusion_climb-over-fence_rgb_0007_cctv3,intrusion_candidate,intrusion,[376],[12.533],"{""start_frame"": 376, ""end_frame"": 376}","[""stand, carry/hold (an object)""]","[""danger""]",danger,"{""normal"": 0, ""unsafe"": 0, ""danger"": 1}","{""normal"": 0.0, ""unsafe"": 0.0, ""danger"": 1.0}",danger,danger,danger,True,False,labeling_yolo_single_frame,single_frame_gt_from_sampled_frame_label,danger,intrusion,True,True,True,0.5975,"{""risk_state"":""danger""}
"
intrusion_climb-over-fence_rgb_0007_cctv3_f000386,climb-over-fence_plant_rgb,intrusion_climb-over-fence_rgb_0007_cctv3,intrusion_candidate,intrusion,[386],[12.867],"{""start_frame"": 386, ""end_frame"": 386}","[""stand, carry/hold (an object)""]","[""danger""]",danger,"{""normal"": 0, ""unsafe"": 0, ""danger"": 1}","{""normal"": 0.0, ""unsafe"": 0.0, ""danger"": 1.0}",danger,danger,danger,True,False,labeling_yolo_single_frame,single_frame_gt_from_sampled_frame_label,danger,intrusion,True,True,True,0.5882,"{""risk_state"":""danger""}
"
intrusion_climb-over-fence_rgb_0007_cctv3_f000396,climb-over-fence_plant_rgb,intrusion_climb-over-fence_rgb_0007_cctv3,intrusion_candidate,intrusion,[396],[13.2],"{""start_frame"": 396, ""end_frame"": 396}","[""stand, carry/hold (an object)""]","[""danger""]",danger,"{""normal"": 0, ""unsafe"": 0, ""danger"": 1}","{""normal"": 0.0, ""unsafe"": 0.0, ""danger"": 1.0}",danger,danger,danger,True,False,labeling_yolo_single_frame,single_frame_gt_from_sampled_frame_label,danger,intrusion,True,True,True,0.5905,"{""risk_state"":""danger""}
"
intrusion_climb-over-fence_rgb_0008_cctv2_f000016,climb-over-fence_plant_rgb,intrusion_climb-over-fence_rgb_0008_cctv2,intrusion_candidate,intrusion,[16],[0.533],"{""start_frame"": 16, ""end_frame"": 16}","[""bend/bow (at the waist), carry/hold (an object)""]","[""unsafe""]",unsafe,"{""normal"": 0, ""unsafe"": 1, ""danger"": 0}","{""normal"": 0.0, ""unsafe"": 1.0, ""danger"": 0.0}",unsafe,unsafe,unsafe,True,False,labeling_yolo_single_frame,single_frame_gt_from_sampled_frame_label,unsafe,intrusion,True,True,True,0.7273,"{""risk_state"":""unsafe""}
"
intrusion_climb-over-fence_rgb_0008_cctv2_f000026,climb-over-fence_plant_rgb,intrusion_climb-over-fence_rgb_0008_cctv2,intrusion_candidate,intrusion,[26],[0.867],"{""start_frame"": 26, ""end_frame"": 26}","[""bend/bow (at the waist), carry/hold (an object)""]","[""unsafe""]",unsafe,"{""normal"": 0, ""unsafe"": 1, ""danger"": 0}","{""normal"": 0.0, ""unsafe"": 1.0, ""danger"": 0.0}",unsafe,unsafe,unsafe,True,False,labeling_yolo_single_frame,single_frame_gt_from_sampled_frame_label,unsafe,intrusion,True,True,True,0.594,"{""risk_state"":""unsafe""}
"
intrusion_climb-over-fence_rgb_0008_cctv2_f000036,climb-over-fence_plant_rgb,intrusion_climb-over-fence_rgb_0008_cctv2,intrusion_candidate,intrusion,[36],[1.2],"{""start_frame"": 36, ""end_frame"": 36}","[""bend/bow (at the waist), carry/hold (an object)""]","[""unsafe""]",unsafe,"{""normal"": 0, ""unsafe"": 1, ""danger"": 0}","{""normal"": 0.0, ""unsafe"": 1.0, ""danger"": 0.0}",unsafe,unsafe,unsafe,True,False,labeling_yolo_single_frame,single_frame_gt_from_sampled_frame_label,unsafe,intrusion,True,True,True,0.5968,"{""risk_state"":""unsafe""}
"
intrusion_climb-over-fence_rgb_0008_cctv2_f000046,climb-over-fence_plant_rgb,intrusion_climb-over-fence_rgb_0008_cctv2,intrusion_candidate,intrusion,[46],[1.533],"{""start_frame"": 46, ""end_frame"": 46}","[""bend/bow (at the waist), carry/hold (an object)""]","[""danger""]",danger,"{""normal"": 0, ""unsafe"": 0, ""danger"": 1}","{""normal"": 0.0, ""unsafe"": 0.0, ""danger"": 1.0}",danger,danger,danger,True,False,labeling_yolo_single_frame,single_frame_gt_from_sampled_frame_label,unsafe,intrusion,True,True,True,0.5908,"{""risk_state"":""unsafe""}
"
intrusion_climb-over-fence_rgb_0008_cctv2_f000056,climb-over-fence_plant_rgb,intrusion_climb-over-fence_rgb_0008_cctv2,intrusion_candidate,intrusion,[56],[1.867],"{""start_frame"": 56, ""end_frame"": 56}","[""stand, carry/hold (an object)""]","[""danger""]",danger,"{""normal"": 0, ""unsafe"": 0, ""danger"": 1}","{""normal"": 0.0, ""unsafe"": 0.0, ""danger"": 1.0}",danger,danger,danger,True,False,labeling_yolo_single_frame,single_frame_gt_from_sampled_frame_label,unsafe,intrusion,True,True,True,0.5911,"{""risk_state"":""unsafe""}
"
intrusion_climb-over-fence_rgb_0008_cctv2_f000066,climb-over-fence_plant_rgb,intrusion_climb-over-fence_rgb_0008_cctv2,intrusion_candidate,intrusion,[66],[2.2],"{""start_frame"": 66, ""end_frame"": 66}","[""stand, carry/hold (an object)""]","[""danger""]",danger,"{""normal"": 0, ""unsafe"": 0, ""danger"": 1}","{""normal"": 0.0, ""unsafe"": 0.0, ""danger"": 1.0}",danger,danger,danger,True,False,labeling_yolo_single_frame,single_frame_gt_from_sampled_frame_label,unsafe,intrusion,True,True,True,0.592,"{""risk_state"":""unsafe""}
"
intrusion_climb-over-fence_rgb_0008_cctv2_f000076,climb-over-fence_plant_rgb,intrusion_climb-over-fence_rgb_0008_cctv2,intrusion_candidate,intrusion,[76],[2.533],"{""start_frame"": 76, ""end_frame"": 76}","[""stand, carry/hold (an object)""]","[""danger""]",danger,"{""normal"": 0, ""unsafe"": 0, ""danger"": 1}","{""normal"": 0.0, ""unsafe"": 0.0, ""danger"": 1.0}",danger,danger,danger,True,False,labeling_yolo_single_frame,single_frame_gt_from_sampled_frame_label,danger,intrusion,True,True,True,0.5938,"{""risk_state"":""danger""}
"
intrusion_climb-over-fence_rgb_0008_cctv2_f000086,climb-over-fence_plant_rgb,intrusion_climb-over-fence_rgb_0008_cctv2,intrusion_candidate,intrusion,[86],[2.867],"{""start_frame"": 86, ""end_frame"": 86}","[""walk, carry/hold (an object)""]","[""danger""]",danger,"{""normal"": 0, ""unsafe"": 0, ""danger"": 1}","{""normal"": 0.0, ""unsafe"": 0.0, ""danger"": 1.0}",danger,danger,danger,True,False,labeling_yolo_single_frame,single_frame_gt_from_sampled_frame_label,danger,intrusion,True,True,True,0.5997,"{""risk_state"":""danger""}
"
intrusion_climb-over-fence_rgb_0008_cctv2_f000096,climb-over-fence_plant_rgb,intrusion_climb-over-fence_rgb_0008_cctv2,intrusion_candidate,intrusion,[96],[3.2],"{""start_frame"": 96, ""end_frame"": 96}","[""walk, carry/hold (an object)""]","[""danger""]",danger,"{""normal"": 0, ""unsafe"": 0, ""danger"": 1}","{""normal"": 0.0, ""unsafe"": 0.0, ""danger"": 1.0}",danger,danger,danger,True,False,labeling_yolo_single_frame,single_frame_gt_from_sampled_frame_label,danger,intrusion,True,True,True,0.5947,"{""risk_state"":""danger""}
"
intrusion_climb-over-fence_rgb_0008_cctv2_f000106,climb-over-fence_plant_rgb,intrusion_climb-over-fence_rgb_0008_cctv2,intrusion_candidate,intrusion,[106],[3.533],"{""start_frame"": 106, ""end_frame"": 106}","[""walk, carry/hold (an object)""]","[""danger""]",danger,"{""normal"": 0, ""unsafe"": 0, ""danger"": 1}","{""normal"": 0.0, ""unsafe"": 0.0, ""danger"": 1.0}",danger,danger,danger,True,False,labeling_yolo_single_frame,single_frame_gt_from_sampled_frame_label,danger,intrusion,True,True,True,0.5905,"{""risk_state"":""danger""}
"
intrusion_climb-over-fence_rgb_0008_cctv2_f000116,climb-over-fence_plant_rgb,intrusion_climb-over-fence_rgb_0008_cctv2,intrusion_candidate,intrusion,[116],[3.867],"{""start_frame"": 116, ""end_frame"": 116}","[""carry/hold (an object), walk""]","[""danger""]",danger,"{""normal"": 0, ""unsafe"": 0, ""danger"": 1}","{""normal"": 0.0, ""unsafe"": 0.0, ""danger"": 1.0}",danger,danger,danger,True,False,labeling_yolo_single_frame,single_frame_gt_from_sampled_frame_label,danger,intrusion,True,True,True,0.5923,"{""risk_state"":""danger""}
"
intrusion_climb-over-fence_rgb_0008_cctv2_f000126,climb-over-fence_plant_rgb,intrusion_climb-over-fence_rgb_0008_cctv2,intrusion_candidate,intrusion,[126],[4.2],"{""start_frame"": 126, ""end_frame"": 126}","[""stand, carry/hold (an object)""]","[""danger""]",danger,"{""normal"": 0, ""unsafe"": 0, ""danger"": 1}","{""normal"": 0.0, ""unsafe"": 0.0, ""danger"": 1.0}",danger,danger,danger,True,False,labeling_yolo_single_frame,single_frame_gt_from_sampled_frame_label,danger,intrusion,True,True,True,0.5893,"{""risk_state"":""danger""}
"
intrusion_climb-over-fence_rgb_0008_cctv2_f000136,climb-over-fence_plant_rgb,intrusion_climb-over-fence_rgb_0008_cctv2,intrusion_candidate,intrusion,[136],[4.533],"{""start_frame"": 136, ""end_frame"": 136}","[""carry/hold (an object), stand""]","[""danger""]",danger,"{""normal"": 0, ""unsafe"": 0, ""danger"": 1}","{""normal"": 0.0, ""unsafe"": 0.0, ""danger"": 1.0}",danger,danger,danger,True,False,labeling_yolo_single_frame,single_frame_gt_from_sampled_frame_label,danger,intrusion,True,True,True,0.5881,"{""risk_state"":""danger""}
"
intrusion_climb-over-fence_rgb_0008_cctv2_f000146,climb-over-fence_plant_rgb,intrusion_climb-over-fence_rgb_0008_cctv2,intrusion_candidate,intrusion,[146],[4.867],"{""start_frame"": 146, ""end_frame"": 146}","[""stand, carry/hold (an object)""]","[""danger""]",danger,"{""normal"": 0, ""unsafe"": 0, ""danger"": 1}","{""normal"": 0.0, ""unsafe"": 0.0, ""danger"": 1.0}",danger,danger,danger,True,False,labeling_yolo_single_frame,single_frame_gt_from_sampled_frame_label,danger,intrusion,True,True,True,0.5923,"{""risk_state"":""danger""}
"
intrusion_climb-over-fence_rgb_0008_cctv2_f000156,climb-over-fence_plant_rgb,intrusion_climb-over-fence_rgb_0008_cctv2,intrusion_candidate,intrusion,[156],[5.2],"{""start_frame"": 156, ""end_frame"": 156}","[""stand, carry/hold (an object)""]","[""danger""]",danger,"{""normal"": 0, ""unsafe"": 0, ""danger"": 1}","{""normal"": 0.0, ""unsafe"": 0.0, ""danger"": 1.0}",danger,danger,danger,True,False,labeling_yolo_single_frame,single_frame_gt_from_sampled_frame_label,danger,intrusion,True,True,True,0.6021,"{""risk_state"":""danger""}
"
intrusion_climb-over-fence_rgb_0008_cctv2_f000166,climb-over-fence_plant_rgb,intrusion_climb-over-fence_rgb_0008_cctv2,intrusion_candidate,intrusion,[166],[5.533],"{""start_frame"": 166, ""end_frame"": 166}","[""stand, carry/hold (an object)""]","[""danger""]",danger,"{""normal"": 0, ""unsafe"": 0, ""danger"": 1}","{""normal"": 0.0, ""unsafe"": 0.0, ""danger"": 1.0}",danger,danger,danger,True,False,labeling_yolo_single_frame,single_frame_gt_from_sampled_frame_label,danger,intrusion,True,True,True,0.5912,"{""risk_state"":""danger""}
"
intrusion_climb-over-fence_rgb_0008_cctv2_f000176,climb-over-fence_plant_rgb,intrusion_climb-over-fence_rgb_0008_cctv2,intrusion_candidate,intrusion,[176],[5.867],"{""start_frame"": 176, ""end_frame"": 176}","[""stand, carry/hold (an object)""]","[""danger""]",danger,"{""normal"": 0, ""unsafe"": 0, ""danger"": 1}","{""normal"": 0.0, ""unsafe"": 0.0, ""danger"": 1.0}",danger,danger,danger,True,False,labeling_yolo_single_frame,single_frame_gt_from_sampled_frame_label,danger,intrusion,True,True,True,0.5927,"{""risk_state"":""danger""}
"
intrusion_climb-over-fence_rgb_0008_cctv2_f000186,climb-over-fence_plant_rgb,intrusion_climb-over-fence_rgb_0008_cctv2,intrusion_candidate,intrusion,[186],[6.2],"{""start_frame"": 186, ""end_frame"": 186}","[""stand, carry/hold (an object)""]","[""danger""]",danger,"{""normal"": 0, ""unsafe"": 0, ""danger"": 1}","{""normal"": 0.0, ""unsafe"": 0.0, ""danger"": 1.0}",danger,danger,danger,True,False,labeling_yolo_single_frame,single_frame_gt_from_sampled_frame_label,danger,intrusion,True,True,True,0.5941,"{""risk_state"":""danger""}
"
intrusion_climb-over-fence_rgb_0008_cctv2_f000196,climb-over-fence_plant_rgb,intrusion_climb-over-fence_rgb_0008_cctv2,intrusion_candidate,intrusion,[196],[6.533],"{""start_frame"": 196, ""end_frame"": 196}","[""stand, carry/hold (an object)""]","[""danger""]",danger,"{""normal"": 0, ""unsafe"": 0, ""danger"": 1}","{""normal"": 0.0, ""unsafe"": 0.0, ""danger"": 1.0}",danger,danger,danger,True,False,labeling_yolo_single_frame,single_frame_gt_from_sampled_frame_label,danger,intrusion,True,True,True,0.5882,"{""risk_state"":""danger""}
"
intrusion_climb-over-fence_rgb_0008_cctv2_f000206,climb-over-fence_plant_rgb,intrusion_climb-over-fence_rgb_0008_cctv2,intrusion_candidate,intrusion,[206],[6.867],"{""start_frame"": 206, ""end_frame"": 206}","[""stand, carry/hold (an object)""]","[""danger""]",danger,"{""normal"": 0, ""unsafe"": 0, ""danger"": 1}","{""normal"": 0.0, ""unsafe"": 0.0, ""danger"": 1.0}",danger,danger,danger,True,False,labeling_yolo_single_frame,single_frame_gt_from_sampled_frame_label,danger,intrusion,True,True,True,0.5928,"{""risk_state"":""danger""}
"
intrusion_climb-over-fence_rgb_0008_cctv2_f000216,climb-over-fence_plant_rgb,intrusion_climb-over-fence_rgb_0008_cctv2,intrusion_candidate,intrusion,[216],[7.2],"{""start_frame"": 216, ""end_frame"": 216}","[""stand, carry/hold (an object)""]","[""danger""]",danger,"{""normal"": 0, ""unsafe"": 0, ""danger"": 1}","{""normal"": 0.0, ""unsafe"": 0.0, ""danger"": 1.0}",danger,danger,danger,True,False,labeling_yolo_single_frame,single_frame_gt_from_sampled_frame_label,danger,intrusion,True,True,True,0.5928,"{""risk_state"":""danger""}
"
intrusion_climb-over-fence_rgb_0008_cctv2_f000226,climb-over-fence_plant_rgb,intrusion_climb-over-fence_rgb_0008_cctv2,intrusion_candidate,intrusion,[226],[7.533],"{""start_frame"": 226, ""end_frame"": 226}","[""stand, carry/hold (an object)""]","[""danger""]",danger,"{""normal"": 0, ""unsafe"": 0, ""danger"": 1}","{""normal"": 0.0, ""unsafe"": 0.0, ""danger"": 1.0}",danger,danger,danger,True,False,labeling_yolo_single_frame,single_frame_gt_from_sampled_frame_label,danger,intrusion,True,True,True,0.5946,"{""risk_state"":""danger""}
"
intrusion_climb-over-fence_rgb_0008_cctv2_f000236,climb-over-fence_plant_rgb,intrusion_climb-over-fence_rgb_0008_cctv2,intrusion_candidate,intrusion,[236],[7.867],"{""start_frame"": 236, ""end_frame"": 236}","[""stand""]","[""danger""]",danger,"{""normal"": 0, ""unsafe"": 0, ""danger"": 1}","{""normal"": 0.0, ""unsafe"": 0.0, ""danger"": 1.0}",danger,danger,danger,True,False,labeling_yolo_single_frame,single_frame_gt_from_sampled_frame_label,danger,intrusion,True,True,True,0.7121,"{""risk_state"":""danger""}
"
intrusion_climb-over-fence_rgb_0008_cctv2_f000246,climb-over-fence_plant_rgb,intrusion_climb-over-fence_rgb_0008_cctv2,intrusion_candidate,intrusion,[246],[8.2],"{""start_frame"": 246, ""end_frame"": 246}","[""stand, carry/hold (an object)""]","[""danger""]",danger,"{""normal"": 0, ""unsafe"": 0, ""danger"": 1}","{""normal"": 0.0, ""unsafe"": 0.0, ""danger"": 1.0}",danger,danger,danger,True,False,labeling_yolo_single_frame,single_frame_gt_from_sampled_frame_label,danger,intrusion,True,True,True,0.593,"{""risk_state"":""danger""}
"
intrusion_climb-over-fence_rgb_0008_cctv2_f000256,climb-over-fence_plant_rgb,intrusion_climb-over-fence_rgb_0008_cctv2,intrusion_candidate,intrusion,[256],[8.533],"{""start_frame"": 256, ""end_frame"": 256}","[""walk, stand""]","[""danger""]",danger,"{""normal"": 0, ""unsafe"": 0, ""danger"": 1}","{""normal"": 0.0, ""unsafe"": 0.0, ""danger"": 1.0}",danger,danger,danger,True,False,labeling_yolo_single_frame,single_frame_gt_from_sampled_frame_label,danger,intrusion,True,True,True,0.7183,"{""risk_state"":""danger""}
"
intrusion_climb-over-fence_rgb_0008_cctv2_f000266,climb-over-fence_plant_rgb,intrusion_climb-over-fence_rgb_0008_cctv2,intrusion_candidate,intrusion,[266],[8.867],"{""start_frame"": 266, ""end_frame"": 266}","[""stand, walk""]","[""danger""]",danger,"{""normal"": 0, ""unsafe"": 0, ""danger"": 1}","{""normal"": 0.0, ""unsafe"": 0.0, ""danger"": 1.0}",danger,danger,danger,True,False,labeling_yolo_single_frame,single_frame_gt_from_sampled_frame_label,danger,intrusion,True,True,True,0.5919,"{""risk_state"":""danger""}
"
intrusion_climb-over-fence_rgb_0008_cctv2_f000276,climb-over-fence_plant_rgb,intrusion_climb-over-fence_rgb_0008_cctv2,intrusion_candidate,intrusion,[276],[9.2],"{""start_frame"": 276, ""end_frame"": 276}","[""stand, carry/hold (an object)""]","[""danger""]",danger,"{""normal"": 0, ""unsafe"": 0, ""danger"": 1}","{""normal"": 0.0, ""unsafe"": 0.0, ""danger"": 1.0}",danger,danger,danger,True,False,labeling_yolo_single_frame,single_frame_gt_from_sampled_frame_label,danger,intrusion,True,True,True,0.5905,"{""risk_state"":""danger""}
"
intrusion_climb-over-fence_rgb_0008_cctv2_f000286,climb-over-fence_plant_rgb,intrusion_climb-over-fence_rgb_0008_cctv2,intrusion_candidate,intrusion,[286],[9.533],"{""start_frame"": 286, ""end_frame"": 286}","[""stand, carry/hold (an object)""]","[""danger""]",danger,"{""normal"": 0, ""unsafe"": 0, ""danger"": 1}","{""normal"": 0.0, ""unsafe"": 0.0, ""danger"": 1.0}",danger,danger,danger,True,False,labeling_yolo_single_frame,single_frame_gt_from_sampled_frame_label,danger,intrusion,True,True,True,0.5924,"{""risk_state"":""danger""}
"
intrusion_climb-over-fence_rgb_0008_cctv2_f000296,climb-over-fence_plant_rgb,intrusion_climb-over-fence_rgb_0008_cctv2,intrusion_candidate,intrusion,[296],[9.867],"{""start_frame"": 296, ""end_frame"": 296}","[""stand, carry/hold (an object)""]","[""danger""]",danger,"{""normal"": 0, ""unsafe"": 0, ""danger"": 1}","{""normal"": 0.0, ""unsafe"": 0.0, ""danger"": 1.0}",danger,danger,danger,True,False,labeling_yolo_single_frame,single_frame_gt_from_sampled_frame_label,danger,intrusion,True,True,True,0.5947,"{""risk_state"":""danger""}
"
intrusion_climb-over-fence_rgb_0008_cctv2_f000306,climb-over-fence_plant_rgb,intrusion_climb-over-fence_rgb_0008_cctv2,intrusion_candidate,intrusion,[306],[10.2],"{""start_frame"": 306, ""end_frame"": 306}","[""stand, carry/hold (an object)""]","[""danger""]",danger,"{""normal"": 0, ""unsafe"": 0, ""danger"": 1}","{""normal"": 0.0, ""unsafe"": 0.0, ""danger"": 1.0}",danger,danger,danger,True,False,labeling_yolo_single_frame,single_frame_gt_from_sampled_frame_label,danger,intrusion,True,True,True,0.5875,"{""risk_state"":""danger""}
"
intrusion_climb-over-fence_rgb_0008_cctv2_f000316,climb-over-fence_plant_rgb,intrusion_climb-over-fence_rgb_0008_cctv2,intrusion_candidate,intrusion,[316],[10.533],"{""start_frame"": 316, ""end_frame"": 316}","[""bend/bow (at the waist), stand""]","[""danger""]",danger,"{""normal"": 0, ""unsafe"": 0, ""danger"": 1}","{""normal"": 0.0, ""unsafe"": 0.0, ""danger"": 1.0}",danger,danger,danger,True,False,labeling_yolo_single_frame,single_frame_gt_from_sampled_frame_label,danger,intrusion,True,True,True,0.5896,"{""risk_state"":""danger""}
"
intrusion_climb-over-fence_rgb_0008_cctv2_f000326,climb-over-fence_plant_rgb,intrusion_climb-over-fence_rgb_0008_cctv2,intrusion_candidate,intrusion,[326],[10.867],"{""start_frame"": 326, ""end_frame"": 326}","[""bend/bow (at the waist), carry/hold (an object)""]","[""danger""]",danger,"{""normal"": 0, ""unsafe"": 0, ""danger"": 1}","{""normal"": 0.0, ""unsafe"": 0.0, ""danger"": 1.0}",danger,danger,danger,True,False,labeling_yolo_single_frame,single_frame_gt_from_sampled_frame_label,danger,intrusion,True,True,True,0.7173,"{""risk_state"":""danger""}
"
intrusion_climb-over-fence_rgb_0008_cctv2_f000336,climb-over-fence_plant_rgb,intrusion_climb-over-fence_rgb_0008_cctv2,intrusion_candidate,intrusion,[336],[11.2],"{""start_frame"": 336, ""end_frame"": 336}","[""bend/bow (at the waist), carry/hold (an object)""]","[""danger""]",danger,"{""normal"": 0, ""unsafe"": 0, ""danger"": 1}","{""normal"": 0.0, ""unsafe"": 0.0, ""danger"": 1.0}",danger,danger,danger,True,False,labeling_yolo_single_frame,single_frame_gt_from_sampled_frame_label,danger,intrusion,True,True,True,0.5978,"{""risk_state"":""danger""}
"
intrusion_climb-over-fence_rgb_0008_cctv2_f000346,climb-over-fence_plant_rgb,intrusion_climb-over-fence_rgb_0008_cctv2,intrusion_candidate,intrusion,[346],[11.533],"{""start_frame"": 346, ""end_frame"": 346}","[""stand, bend/bow (at the waist)""]","[""danger""]",danger,"{""normal"": 0, ""unsafe"": 0, ""danger"": 1}","{""normal"": 0.0, ""unsafe"": 0.0, ""danger"": 1.0}",danger,danger,danger,True,False,labeling_yolo_single_frame,single_frame_gt_from_sampled_frame_label,danger,intrusion,True,True,True,0.7087,"{""risk_state"":""danger""}
"
intrusion_climb-over-fence_rgb_0008_cctv2_f000356,climb-over-fence_plant_rgb,intrusion_climb-over-fence_rgb_0008_cctv2,intrusion_candidate,intrusion,[356],[11.867],"{""start_frame"": 356, ""end_frame"": 356}","[""stand, carry/hold (an object)""]","[""danger""]",danger,"{""normal"": 0, ""unsafe"": 0, ""danger"": 1}","{""normal"": 0.0, ""unsafe"": 0.0, ""danger"": 1.0}",danger,danger,danger,True,False,labeling_yolo_single_frame,single_frame_gt_from_sampled_frame_label,danger,intrusion,True,True,True,0.6042,"{""risk_state"":""danger""}
"
intrusion_climb-over-fence_rgb_0008_cctv2_f000366,climb-over-fence_plant_rgb,intrusion_climb-over-fence_rgb_0008_cctv2,intrusion_candidate,intrusion,[366],[12.2],"{""start_frame"": 366, ""end_frame"": 366}","[""stand, carry/hold (an object)""]","[""danger""]",danger,"{""normal"": 0, ""unsafe"": 0, ""danger"": 1}","{""normal"": 0.0, ""unsafe"": 0.0, ""danger"": 1.0}",danger,danger,danger,True,False,labeling_yolo_single_frame,single_frame_gt_from_sampled_frame_label,danger,intrusion,True,True,True,0.5892,"{""risk_state"":""danger""}
"
intrusion_climb-over-fence_rgb_0008_cctv2_f000376,climb-over-fence_plant_rgb,intrusion_climb-over-fence_rgb_0008_cctv2,intrusion_candidate,intrusion,[376],[12.533],"{""start_frame"": 376, ""end_frame"": 376}","[""stand, bend/bow (at the waist)""]","[""danger""]",danger,"{""normal"": 0, ""unsafe"": 0, ""danger"": 1}","{""normal"": 0.0, ""unsafe"": 0.0, ""danger"": 1.0}",danger,danger,danger,True,False,labeling_yolo_single_frame,single_frame_gt_from_sampled_frame_label,danger,intrusion,True,True,True,0.5931,"{""risk_state"":""danger""}
"
intrusion_climb-over-fence_rgb_0008_cctv2_f000386,climb-over-fence_plant_rgb,intrusion_climb-over-fence_rgb_0008_cctv2,intrusion_candidate,intrusion,[386],[12.867],"{""start_frame"": 386, ""end_frame"": 386}","[""stand, carry/hold (an object)""]","[""danger""]",danger,"{""normal"": 0, ""unsafe"": 0, ""danger"": 1}","{""normal"": 0.0, ""unsafe"": 0.0, ""danger"": 1.0}",danger,danger,danger,True,False,labeling_yolo_single_frame,single_frame_gt_from_sampled_frame_label,danger,intrusion,True,True,True,0.5947,"{""risk_state"":""danger""}
"
intrusion_climb-over-fence_rgb_0008_cctv2_f000396,climb-over-fence_plant_rgb,intrusion_climb-over-fence_rgb_0008_cctv2,intrusion_candidate,intrusion,[396],[13.2],"{""start_frame"": 396, ""end_frame"": 396}","[""stand, carry/hold (an object)""]","[""danger""]",danger,"{""normal"": 0, ""unsafe"": 0, ""danger"": 1}","{""normal"": 0.0, ""unsafe"": 0.0, ""danger"": 1.0}",danger,danger,danger,True,False,labeling_yolo_single_frame,single_frame_gt_from_sampled_frame_label,danger,intrusion,True,True,True,0.5963,"{""risk_state"":""danger""}
"
intrusion_climb-over-fence_rgb_0017_cctv1_f000016,climb-over-fence_plant_rgb,intrusion_climb-over-fence_rgb_0017_cctv1,intrusion_candidate,intrusion,[16],[0.533],"{""start_frame"": 16, ""end_frame"": 16}","[""carry/hold (an object), walk""]","[""danger""]",danger,"{""normal"": 0, ""unsafe"": 0, ""danger"": 1}","{""normal"": 0.0, ""unsafe"": 0.0, ""danger"": 1.0}",danger,danger,danger,True,False,labeling_yolo_single_frame,single_frame_gt_from_sampled_frame_label,unsafe,intrusion,True,True,True,0.7155,"{""risk_state"":""unsafe""}
"
intrusion_climb-over-fence_rgb_0017_cctv1_f000026,climb-over-fence_plant_rgb,intrusion_climb-over-fence_rgb_0017_cctv1,intrusion_candidate,intrusion,[26],[0.867],"{""start_frame"": 26, ""end_frame"": 26}","[""walk, carry/hold (an object)""]","[""danger""]",danger,"{""normal"": 0, ""unsafe"": 0, ""danger"": 1}","{""normal"": 0.0, ""unsafe"": 0.0, ""danger"": 1.0}",danger,danger,danger,True,False,labeling_yolo_single_frame,single_frame_gt_from_sampled_frame_label,danger,intrusion,True,True,True,0.5939,"{""risk_state"":""danger""}
"
intrusion_climb-over-fence_rgb_0017_cctv1_f000036,climb-over-fence_plant_rgb,intrusion_climb-over-fence_rgb_0017_cctv1,intrusion_candidate,intrusion,[36],[1.2],"{""start_frame"": 36, ""end_frame"": 36}","[""walk""]","[""danger""]",danger,"{""normal"": 0, ""unsafe"": 0, ""danger"": 1}","{""normal"": 0.0, ""unsafe"": 0.0, ""danger"": 1.0}",danger,danger,danger,True,False,labeling_yolo_single_frame,single_frame_gt_from_sampled_frame_label,danger,intrusion,True,True,True,0.7148,"{""risk_state"":""danger""}
"
intrusion_climb-over-fence_rgb_0017_cctv1_f000046,climb-over-fence_plant_rgb,intrusion_climb-over-fence_rgb_0017_cctv1,intrusion_candidate,intrusion,[46],[1.533],"{""start_frame"": 46, ""end_frame"": 46}","[""none""]","[""danger""]",danger,"{""normal"": 0, ""unsafe"": 0, ""danger"": 1}","{""normal"": 0.0, ""unsafe"": 0.0, ""danger"": 1.0}",danger,danger,danger,True,False,labeling_yolo_single_frame,single_frame_gt_from_sampled_frame_label,danger,intrusion,True,True,True,0.5933,"{""risk_state"":""danger""}
"
intrusion_climb-over-fence_rgb_0017_cctv1_f000056,climb-over-fence_plant_rgb,intrusion_climb-over-fence_rgb_0017_cctv1,intrusion_candidate,intrusion,[56],[1.867],"{""start_frame"": 56, ""end_frame"": 56}","[""stand""]","[""danger""]",danger,"{""normal"": 0, ""unsafe"": 0, ""danger"": 1}","{""normal"": 0.0, ""unsafe"": 0.0, ""danger"": 1.0}",danger,danger,danger,True,False,labeling_yolo_single_frame,single_frame_gt_from_sampled_frame_label,danger,intrusion,True,True,True,0.5936,"{""risk_state"":""danger""}
"
intrusion_climb-over-fence_rgb_0017_cctv1_f000066,climb-over-fence_plant_rgb,intrusion_climb-over-fence_rgb_0017_cctv1,intrusion_candidate,intrusion,[66],[2.2],"{""start_frame"": 66, ""end_frame"": 66}","[""stand""]","[""danger""]",danger,"{""normal"": 0, ""unsafe"": 0, ""danger"": 1}","{""normal"": 0.0, ""unsafe"": 0.0, ""danger"": 1.0}",danger,danger,danger,True,False,labeling_yolo_single_frame,single_frame_gt_from_sampled_frame_label,danger,intrusion,True,True,True,0.5984,"{""risk_state"":""danger""}
"
intrusion_climb-over-fence_rgb_0017_cctv1_f000076,climb-over-fence_plant_rgb,intrusion_climb-over-fence_rgb_0017_cctv1,intrusion_candidate,intrusion,[76],[2.533],"{""start_frame"": 76, ""end_frame"": 76}","[""stand""]","[""danger""]",danger,"{""normal"": 0, ""unsafe"": 0, ""danger"": 1}","{""normal"": 0.0, ""unsafe"": 0.0, ""danger"": 1.0}",danger,danger,danger,True,False,labeling_yolo_single_frame,single_frame_gt_from_sampled_frame_label,danger,intrusion,True,True,True,0.5932,"{""risk_state"":""danger""}
"
intrusion_climb-over-fence_rgb_0017_cctv1_f000086,climb-over-fence_plant_rgb,intrusion_climb-over-fence_rgb_0017_cctv1,intrusion_candidate,intrusion,[86],[2.867],"{""start_frame"": 86, ""end_frame"": 86}","[""stand""]","[""danger""]",danger,"{""normal"": 0, ""unsafe"": 0, ""danger"": 1}","{""normal"": 0.0, ""unsafe"": 0.0, ""danger"": 1.0}",danger,danger,danger,True,False,labeling_yolo_single_frame,single_frame_gt_from_sampled_frame_label,danger,intrusion,True,True,True,0.5961,"{""risk_state"":""danger""}
"
intrusion_climb-over-fence_rgb_0017_cctv1_f000096,climb-over-fence_plant_rgb,intrusion_climb-over-fence_rgb_0017_cctv1,intrusion_candidate,intrusion,[96],[3.2],"{""start_frame"": 96, ""end_frame"": 96}","[""stand""]","[""danger""]",danger,"{""normal"": 0, ""unsafe"": 0, ""danger"": 1}","{""normal"": 0.0, ""unsafe"": 0.0, ""danger"": 1.0}",danger,danger,danger,True,False,labeling_yolo_single_frame,single_frame_gt_from_sampled_frame_label,danger,intrusion,True,True,True,0.5933,"{""risk_state"":""danger""}
"
intrusion_climb-over-fence_rgb_0017_cctv1_f000106,climb-over-fence_plant_rgb,intrusion_climb-over-fence_rgb_0017_cctv1,intrusion_candidate,intrusion,[106],[3.533],"{""start_frame"": 106, ""end_frame"": 106}","[""stand""]","[""danger""]",danger,"{""normal"": 0, ""unsafe"": 0, ""danger"": 1}","{""normal"": 0.0, ""unsafe"": 0.0, ""danger"": 1.0}",danger,danger,danger,True,False,labeling_yolo_single_frame,single_frame_gt_from_sampled_frame_label,danger,intrusion,True,True,True,0.593,"{""risk_state"":""danger""}
"
intrusion_climb-over-fence_rgb_0017_cctv1_f000116,climb-over-fence_plant_rgb,intrusion_climb-over-fence_rgb_0017_cctv1,intrusion_candidate,intrusion,[116],[3.867],"{""start_frame"": 116, ""end_frame"": 116}","[""stand""]","[""danger""]",danger,"{""normal"": 0, ""unsafe"": 0, ""danger"": 1}","{""normal"": 0.0, ""unsafe"": 0.0, ""danger"": 1.0}",danger,danger,danger,True,False,labeling_yolo_single_frame,single_frame_gt_from_sampled_frame_label,danger,intrusion,True,True,True,0.5951,"{""risk_state"":""danger""}
"
intrusion_climb-over-fence_rgb_0017_cctv1_f000126,climb-over-fence_plant_rgb,intrusion_climb-over-fence_rgb_0017_cctv1,intrusion_candidate,intrusion,[126],[4.2],"{""start_frame"": 126, ""end_frame"": 126}","[""stand""]","[""danger""]",danger,"{""normal"": 0, ""unsafe"": 0, ""danger"": 1}","{""normal"": 0.0, ""unsafe"": 0.0, ""danger"": 1.0}",danger,danger,danger,True,False,labeling_yolo_single_frame,single_frame_gt_from_sampled_frame_label,danger,intrusion,True,True,True,0.5998,"{""risk_state"":""danger""}
"
intrusion_climb-over-fence_rgb_0017_cctv1_f000136,climb-over-fence_plant_rgb,intrusion_climb-over-fence_rgb_0017_cctv1,intrusion_candidate,intrusion,[136],[4.533],"{""start_frame"": 136, ""end_frame"": 136}","[""stand""]","[""danger""]",danger,"{""normal"": 0, ""unsafe"": 0, ""danger"": 1}","{""normal"": 0.0, ""unsafe"": 0.0, ""danger"": 1.0}",danger,danger,danger,True,False,labeling_yolo_single_frame,single_frame_gt_from_sampled_frame_label,danger,intrusion,True,True,True,0.5979,"{""risk_state"":""danger""}
"
intrusion_climb-over-fence_rgb_0017_cctv1_f000146,climb-over-fence_plant_rgb,intrusion_climb-over-fence_rgb_0017_cctv1,intrusion_candidate,intrusion,[146],[4.867],"{""start_frame"": 146, ""end_frame"": 146}","[""none""]","[""danger""]",danger,"{""normal"": 0, ""unsafe"": 0, ""danger"": 1}","{""normal"": 0.0, ""unsafe"": 0.0, ""danger"": 1.0}",danger,danger,danger,True,False,labeling_yolo_single_frame,single_frame_gt_from_sampled_frame_label,danger,intrusion,True,True,True,0.5949,"{""risk_state"":""danger""}
"
intrusion_climb-over-fence_rgb_0017_cctv1_f000156,climb-over-fence_plant_rgb,intrusion_climb-over-fence_rgb_0017_cctv1,intrusion_candidate,intrusion,[156],[5.2],"{""start_frame"": 156, ""end_frame"": 156}","[""stand""]","[""danger""]",danger,"{""normal"": 0, ""unsafe"": 0, ""danger"": 1}","{""normal"": 0.0, ""unsafe"": 0.0, ""danger"": 1.0}",danger,danger,danger,True,False,labeling_yolo_single_frame,single_frame_gt_from_sampled_frame_label,danger,intrusion,True,True,True,0.5953,"{""risk_state"":""danger""}
"
intrusion_climb-over-fence_rgb_0017_cctv1_f000166,climb-over-fence_plant_rgb,intrusion_climb-over-fence_rgb_0017_cctv1,intrusion_candidate,intrusion,[166],[5.533],"{""start_frame"": 166, ""end_frame"": 166}","[""stand""]","[""danger""]",danger,"{""normal"": 0, ""unsafe"": 0, ""danger"": 1}","{""normal"": 0.0, ""unsafe"": 0.0, ""danger"": 1.0}",danger,danger,danger,True,False,labeling_yolo_single_frame,single_frame_gt_from_sampled_frame_label,unsafe,intrusion,True,True,True,0.5998,"{""risk_state"":""unsafe""}
"
intrusion_climb-over-fence_rgb_0017_cctv1_f000176,climb-over-fence_plant_rgb,intrusion_climb-over-fence_rgb_0017_cctv1,intrusion_candidate,intrusion,[176],[5.867],"{""start_frame"": 176, ""end_frame"": 176}","[""none""]","[""danger""]",danger,"{""normal"": 0, ""unsafe"": 0, ""danger"": 1}","{""normal"": 0.0, ""unsafe"": 0.0, ""danger"": 1.0}",danger,danger,danger,True,False,labeling_yolo_single_frame,single_frame_gt_from_sampled_frame_label,danger,intrusion,True,True,True,0.5989,"{""risk_state"":""danger""}
"
intrusion_climb-over-fence_rgb_0017_cctv1_f000186,climb-over-fence_plant_rgb,intrusion_climb-over-fence_rgb_0017_cctv1,intrusion_candidate,intrusion,[186],[6.2],"{""start_frame"": 186, ""end_frame"": 186}","[""stand""]","[""danger""]",danger,"{""normal"": 0, ""unsafe"": 0, ""danger"": 1}","{""normal"": 0.0, ""unsafe"": 0.0, ""danger"": 1.0}",danger,danger,danger,True,False,labeling_yolo_single_frame,single_frame_gt_from_sampled_frame_label,danger,intrusion,True,True,True,0.5946,"{""risk_state"":""danger""}
"
intrusion_climb-over-fence_rgb_0017_cctv1_f000196,climb-over-fence_plant_rgb,intrusion_climb-over-fence_rgb_0017_cctv1,intrusion_candidate,intrusion,[196],[6.533],"{""start_frame"": 196, ""end_frame"": 196}","[""stand""]","[""danger""]",danger,"{""normal"": 0, ""unsafe"": 0, ""danger"": 1}","{""normal"": 0.0, ""unsafe"": 0.0, ""danger"": 1.0}",danger,danger,danger,True,False,labeling_yolo_single_frame,single_frame_gt_from_sampled_frame_label,danger,intrusion,True,True,True,0.5973,"{""risk_state"":""danger""}
"
intrusion_climb-over-fence_rgb_0017_cctv1_f000206,climb-over-fence_plant_rgb,intrusion_climb-over-fence_rgb_0017_cctv1,intrusion_candidate,intrusion,[206],[6.867],"{""start_frame"": 206, ""end_frame"": 206}","[""stand""]","[""danger""]",danger,"{""normal"": 0, ""unsafe"": 0, ""danger"": 1}","{""normal"": 0.0, ""unsafe"": 0.0, ""danger"": 1.0}",danger,danger,danger,True,False,labeling_yolo_single_frame,single_frame_gt_from_sampled_frame_label,danger,intrusion,True,True,True,0.5932,"{""risk_state"":""danger""}
"
intrusion_climb-over-fence_rgb_0017_cctv1_f000216,climb-over-fence_plant_rgb,intrusion_climb-over-fence_rgb_0017_cctv1,intrusion_candidate,intrusion,[216],[7.2],"{""start_frame"": 216, ""end_frame"": 216}","[""stand""]","[""danger""]",danger,"{""normal"": 0, ""unsafe"": 0, ""danger"": 1}","{""normal"": 0.0, ""unsafe"": 0.0, ""danger"": 1.0}",danger,danger,danger,True,False,labeling_yolo_single_frame,single_frame_gt_from_sampled_frame_label,danger,intrusion,True,True,True,0.595,"{""risk_state"":""danger""}
"
intrusion_climb-over-fence_rgb_0019_cctv1_f000016,climb-over-fence_plant_rgb,intrusion_climb-over-fence_rgb_0019_cctv1,intrusion_candidate,intrusion,[16],[0.533],"{""start_frame"": 16, ""end_frame"": 16}","[""stand, carry/hold (an object)""]","[""danger""]",danger,"{""normal"": 0, ""unsafe"": 0, ""danger"": 1}","{""normal"": 0.0, ""unsafe"": 0.0, ""danger"": 1.0}",danger,danger,danger,True,False,labeling_yolo_single_frame,single_frame_gt_from_sampled_frame_label,danger,intrusion,True,True,True,0.6036,"{""risk_state"":""danger""}
"
intrusion_climb-over-fence_rgb_0019_cctv1_f000026,climb-over-fence_plant_rgb,intrusion_climb-over-fence_rgb_0019_cctv1,intrusion_candidate,intrusion,[26],[0.867],"{""start_frame"": 26, ""end_frame"": 26}","[""stand, carry/hold (an object)""]","[""danger""]",danger,"{""normal"": 0, ""unsafe"": 0, ""danger"": 1}","{""normal"": 0.0, ""unsafe"": 0.0, ""danger"": 1.0}",danger,danger,danger,True,False,labeling_yolo_single_frame,single_frame_gt_from_sampled_frame_label,danger,intrusion,True,True,True,0.603,"{""risk_state"":""danger""}
"
intrusion_climb-over-fence_rgb_0019_cctv1_f000036,climb-over-fence_plant_rgb,intrusion_climb-over-fence_rgb_0019_cctv1,intrusion_candidate,intrusion,[36],[1.2],"{""start_frame"": 36, ""end_frame"": 36}","[""stand, carry/hold (an object)""]","[""danger""]",danger,"{""normal"": 0, ""unsafe"": 0, ""danger"": 1}","{""normal"": 0.0, ""unsafe"": 0.0, ""danger"": 1.0}",danger,danger,danger,True,False,labeling_yolo_single_frame,single_frame_gt_from_sampled_frame_label,danger,intrusion,True,True,True,0.5977,"{""risk_state"":""danger""}
"
intrusion_climb-over-fence_rgb_0019_cctv1_f000046,climb-over-fence_plant_rgb,intrusion_climb-over-fence_rgb_0019_cctv1,intrusion_candidate,intrusion,[46],[1.533],"{""start_frame"": 46, ""end_frame"": 46}","[""stand, carry/hold (an object)""]","[""danger""]",danger,"{""normal"": 0, ""unsafe"": 0, ""danger"": 1}","{""normal"": 0.0, ""unsafe"": 0.0, ""danger"": 1.0}",danger,danger,danger,True,False,labeling_yolo_single_frame,single_frame_gt_from_sampled_frame_label,danger,intrusion,True,True,True,0.5929,"{""risk_state"":""danger""}
"
intrusion_climb-over-fence_rgb_0019_cctv1_f000056,climb-over-fence_plant_rgb,intrusion_climb-over-fence_rgb_0019_cctv1,intrusion_candidate,intrusion,[56],[1.867],"{""start_frame"": 56, ""end_frame"": 56}","[""stand, carry/hold (an object)""]","[""danger""]",danger,"{""normal"": 0, ""unsafe"": 0, ""danger"": 1}","{""normal"": 0.0, ""unsafe"": 0.0, ""danger"": 1.0}",danger,danger,danger,True,False,labeling_yolo_single_frame,single_frame_gt_from_sampled_frame_label,danger,intrusion,True,True,True,0.5924,"{""risk_state"":""danger""}
"
intrusion_climb-over-fence_rgb_0019_cctv1_f000066,climb-over-fence_plant_rgb,intrusion_climb-over-fence_rgb_0019_cctv1,intrusion_candidate,intrusion,[66],[2.2],"{""start_frame"": 66, ""end_frame"": 66}","[""stand""]","[""danger""]",danger,"{""normal"": 0, ""unsafe"": 0, ""danger"": 1}","{""normal"": 0.0, ""unsafe"": 0.0, ""danger"": 1.0}",danger,danger,danger,True,False,labeling_yolo_single_frame,single_frame_gt_from_sampled_frame_label,danger,intrusion,True,True,True,0.5951,"{""risk_state"":""danger""}
"
intrusion_climb-over-fence_rgb_0019_cctv1_f000076,climb-over-fence_plant_rgb,intrusion_climb-over-fence_rgb_0019_cctv1,intrusion_candidate,intrusion,[76],[2.533],"{""start_frame"": 76, ""end_frame"": 76}","[""stand""]","[""danger""]",danger,"{""normal"": 0, ""unsafe"": 0, ""danger"": 1}","{""normal"": 0.0, ""unsafe"": 0.0, ""danger"": 1.0}",danger,danger,danger,True,False,labeling_yolo_single_frame,single_frame_gt_from_sampled_frame_label,danger,intrusion,True,True,True,0.5994,"{""risk_state"":""danger""}
"
intrusion_climb-over-fence_rgb_0019_cctv1_f000086,climb-over-fence_plant_rgb,intrusion_climb-over-fence_rgb_0019_cctv1,intrusion_candidate,intrusion,[86],[2.867],"{""start_frame"": 86, ""end_frame"": 86}","[""stand""]","[""danger""]",danger,"{""normal"": 0, ""unsafe"": 0, ""danger"": 1}","{""normal"": 0.0, ""unsafe"": 0.0, ""danger"": 1.0}",danger,danger,danger,True,False,labeling_yolo_single_frame,single_frame_gt_from_sampled_frame_label,danger,intrusion,True,True,True,0.595,"{""risk_state"":""danger""}
"
intrusion_climb-over-fence_rgb_0019_cctv1_f000096,climb-over-fence_plant_rgb,intrusion_climb-over-fence_rgb_0019_cctv1,intrusion_candidate,intrusion,[96],[3.2],"{""start_frame"": 96, ""end_frame"": 96}","[""stand""]","[""danger""]",danger,"{""normal"": 0, ""unsafe"": 0, ""danger"": 1}","{""normal"": 0.0, ""unsafe"": 0.0, ""danger"": 1.0}",danger,danger,danger,True,False,labeling_yolo_single_frame,single_frame_gt_from_sampled_frame_label,danger,intrusion,True,True,True,0.5957,"{""risk_state"":""danger""}
"
intrusion_climb-over-fence_rgb_0019_cctv1_f000106,climb-over-fence_plant_rgb,intrusion_climb-over-fence_rgb_0019_cctv1,intrusion_candidate,intrusion,[106],[3.533],"{""start_frame"": 106, ""end_frame"": 106}","[""stand, carry/hold (an object)""]","[""danger""]",danger,"{""normal"": 0, ""unsafe"": 0, ""danger"": 1}","{""normal"": 0.0, ""unsafe"": 0.0, ""danger"": 1.0}",danger,danger,danger,True,False,labeling_yolo_single_frame,single_frame_gt_from_sampled_frame_label,danger,intrusion,True,True,True,0.5943,"{""risk_state"":""danger""}
"
intrusion_climb-over-fence_rgb_0019_cctv1_f000116,climb-over-fence_plant_rgb,intrusion_climb-over-fence_rgb_0019_cctv1,intrusion_candidate,intrusion,[116],[3.867],"{""start_frame"": 116, ""end_frame"": 116}","[""stand""]","[""danger""]",danger,"{""normal"": 0, ""unsafe"": 0, ""danger"": 1}","{""normal"": 0.0, ""unsafe"": 0.0, ""danger"": 1.0}",danger,danger,danger,True,False,labeling_yolo_single_frame,single_frame_gt_from_sampled_frame_label,danger,intrusion,True,True,True,0.5902,"{""risk_state"":""danger""}
"
intrusion_climb-over-fence_rgb_0019_cctv1_f000126,climb-over-fence_plant_rgb,intrusion_climb-over-fence_rgb_0019_cctv1,intrusion_candidate,intrusion,[126],[4.2],"{""start_frame"": 126, ""end_frame"": 126}","[""stand""]","[""danger""]",danger,"{""normal"": 0, ""unsafe"": 0, ""danger"": 1}","{""normal"": 0.0, ""unsafe"": 0.0, ""danger"": 1.0}",danger,danger,danger,True,False,labeling_yolo_single_frame,single_frame_gt_from_sampled_frame_label,danger,intrusion,True,True,True,0.5988,"{""risk_state"":""danger""}
"
intrusion_climb-over-fence_rgb_0019_cctv1_f000136,climb-over-fence_plant_rgb,intrusion_climb-over-fence_rgb_0019_cctv1,intrusion_candidate,intrusion,[136],[4.533],"{""start_frame"": 136, ""end_frame"": 136}","[""stand""]","[""danger""]",danger,"{""normal"": 0, ""unsafe"": 0, ""danger"": 1}","{""normal"": 0.0, ""unsafe"": 0.0, ""danger"": 1.0}",danger,danger,danger,True,False,labeling_yolo_single_frame,single_frame_gt_from_sampled_frame_label,danger,intrusion,True,True,True,0.5928,"{""risk_state"":""danger""}
"
intrusion_climb-over-fence_rgb_0019_cctv1_f000146,climb-over-fence_plant_rgb,intrusion_climb-over-fence_rgb_0019_cctv1,intrusion_candidate,intrusion,[146],[4.867],"{""start_frame"": 146, ""end_frame"": 146}","[""stand""]","[""danger""]",danger,"{""normal"": 0, ""unsafe"": 0, ""danger"": 1}","{""normal"": 0.0, ""unsafe"": 0.0, ""danger"": 1.0}",danger,danger,danger,True,False,labeling_yolo_single_frame,single_frame_gt_from_sampled_frame_label,danger,intrusion,True,True,True,0.5924,"{""risk_state"":""danger""}
"
intrusion_climb-over-fence_rgb_0019_cctv1_f000156,climb-over-fence_plant_rgb,intrusion_climb-over-fence_rgb_0019_cctv1,intrusion_candidate,intrusion,[156],[5.2],"{""start_frame"": 156, ""end_frame"": 156}","[""stand""]","[""danger""]",danger,"{""normal"": 0, ""unsafe"": 0, ""danger"": 1}","{""normal"": 0.0, ""unsafe"": 0.0, ""danger"": 1.0}",danger,danger,danger,True,False,labeling_yolo_single_frame,single_frame_gt_from_sampled_frame_label,danger,intrusion,True,True,True,0.5894,"{""risk_state"":""danger""}
"
intrusion_climb-over-fence_rgb_0019_cctv1_f000166,climb-over-fence_plant_rgb,intrusion_climb-over-fence_rgb_0019_cctv1,intrusion_candidate,intrusion,[166],[5.533],"{""start_frame"": 166, ""end_frame"": 166}","[""stand, carry/hold (an object)""]","[""danger""]",danger,"{""normal"": 0, ""unsafe"": 0, ""danger"": 1}","{""normal"": 0.0, ""unsafe"": 0.0, ""danger"": 1.0}",danger,danger,danger,True,False,labeling_yolo_single_frame,single_frame_gt_from_sampled_frame_label,danger,intrusion,True,True,True,0.5885,"{""risk_state"":""danger""}
"
intrusion_climb-over-fence_rgb_0019_cctv1_f000176,climb-over-fence_plant_rgb,intrusion_climb-over-fence_rgb_0019_cctv1,intrusion_candidate,intrusion,[176],[5.867],"{""start_frame"": 176, ""end_frame"": 176}","[""stand, carry/hold (an object)""]","[""danger""]",danger,"{""normal"": 0, ""unsafe"": 0, ""danger"": 1}","{""normal"": 0.0, ""unsafe"": 0.0, ""danger"": 1.0}",danger,danger,danger,True,False,labeling_yolo_single_frame,single_frame_gt_from_sampled_frame_label,danger,intrusion,True,True,True,0.5951,"{""risk_state"":""danger""}
"
intrusion_climb-over-fence_rgb_0019_cctv1_f000186,climb-over-fence_plant_rgb,intrusion_climb-over-fence_rgb_0019_cctv1,intrusion_candidate,intrusion,[186],[6.2],"{""start_frame"": 186, ""end_frame"": 186}","[""stand, carry/hold (an object)""]","[""danger""]",danger,"{""normal"": 0, ""unsafe"": 0, ""danger"": 1}","{""normal"": 0.0, ""unsafe"": 0.0, ""danger"": 1.0}",danger,danger,danger,True,False,labeling_yolo_single_frame,single_frame_gt_from_sampled_frame_label,danger,intrusion,True,True,True,0.5951,"{""risk_state"":""danger""}
"
intrusion_climb-over-fence_rgb_0019_cctv1_f000196,climb-over-fence_plant_rgb,intrusion_climb-over-fence_rgb_0019_cctv1,intrusion_candidate,intrusion,[196],[6.533],"{""start_frame"": 196, ""end_frame"": 196}","[""stand""]","[""danger""]",danger,"{""normal"": 0, ""unsafe"": 0, ""danger"": 1}","{""normal"": 0.0, ""unsafe"": 0.0, ""danger"": 1.0}",danger,danger,danger,True,False,labeling_yolo_single_frame,single_frame_gt_from_sampled_frame_label,danger,intrusion,True,True,True,0.605,"{""risk_state"":""danger""}
"
intrusion_climb-over-fence_rgb_0019_cctv1_f000206,climb-over-fence_plant_rgb,intrusion_climb-over-fence_rgb_0019_cctv1,intrusion_candidate,intrusion,[206],[6.867],"{""start_frame"": 206, ""end_frame"": 206}","[""stand""]","[""danger""]",danger,"{""normal"": 0, ""unsafe"": 0, ""danger"": 1}","{""normal"": 0.0, ""unsafe"": 0.0, ""danger"": 1.0}",danger,danger,danger,True,False,labeling_yolo_single_frame,single_frame_gt_from_sampled_frame_label,danger,intrusion,True,True,True,0.5984,"{""risk_state"":""danger""}
"
intrusion_climb-over-fence_rgb_0019_cctv1_f000216,climb-over-fence_plant_rgb,intrusion_climb-over-fence_rgb_0019_cctv1,intrusion_candidate,intrusion,[216],[7.2],"{""start_frame"": 216, ""end_frame"": 216}","[""stand""]","[""danger""]",danger,"{""normal"": 0, ""unsafe"": 0, ""danger"": 1}","{""normal"": 0.0, ""unsafe"": 0.0, ""danger"": 1.0}",danger,danger,danger,True,False,labeling_yolo_single_frame,single_frame_gt_from_sampled_frame_label,danger,intrusion,True,True,True,0.5966,"{""risk_state"":""danger""}
"
intrusion_climb-over-fence_rgb_0024_cctv3_f000016,climb-over-fence_plant_rgb,intrusion_climb-over-fence_rgb_0024_cctv3,intrusion_candidate,intrusion,[16],[0.533],"{""start_frame"": 16, ""end_frame"": 16}","[""carry/hold (an object), walk""]","[""danger""]",danger,"{""normal"": 0, ""unsafe"": 0, ""danger"": 1}","{""normal"": 0.0, ""unsafe"": 0.0, ""danger"": 1.0}",danger,danger,danger,True,False,labeling_yolo_single_frame,single_frame_gt_from_sampled_frame_label,danger,intrusion,True,True,True,0.5968,"{""risk_state"":""danger""}
"
intrusion_climb-over-fence_rgb_0024_cctv3_f000026,climb-over-fence_plant_rgb,intrusion_climb-over-fence_rgb_0024_cctv3,intrusion_candidate,intrusion,[26],[0.867],"{""start_frame"": 26, ""end_frame"": 26}","[""walk, carry/hold (an object)""]","[""danger""]",danger,"{""normal"": 0, ""unsafe"": 0, ""danger"": 1}","{""normal"": 0.0, ""unsafe"": 0.0, ""danger"": 1.0}",danger,danger,danger,True,False,labeling_yolo_single_frame,single_frame_gt_from_sampled_frame_label,danger,intrusion,True,True,True,0.6041,"{""risk_state"":""danger""}
"
intrusion_climb-over-fence_rgb_0024_cctv3_f000036,climb-over-fence_plant_rgb,intrusion_climb-over-fence_rgb_0024_cctv3,intrusion_candidate,intrusion,[36],[1.2],"{""start_frame"": 36, ""end_frame"": 36}","[""walk, carry/hold (an object)""]","[""danger""]",danger,"{""normal"": 0, ""unsafe"": 0, ""danger"": 1}","{""normal"": 0.0, ""unsafe"": 0.0, ""danger"": 1.0}",danger,danger,danger,True,False,labeling_yolo_single_frame,single_frame_gt_from_sampled_frame_label,danger,intrusion,True,True,True,0.5908,"{""risk_state"":""danger""}
"
intrusion_climb-over-fence_rgb_0024_cctv3_f000046,climb-over-fence_plant_rgb,intrusion_climb-over-fence_rgb_0024_cctv3,intrusion_candidate,intrusion,[46],[1.533],"{""start_frame"": 46, ""end_frame"": 46}","[""walk, carry/hold (an object)""]","[""danger""]",danger,"{""normal"": 0, ""unsafe"": 0, ""danger"": 1}","{""normal"": 0.0, ""unsafe"": 0.0, ""danger"": 1.0}",danger,danger,danger,True,False,labeling_yolo_single_frame,single_frame_gt_from_sampled_frame_label,danger,intrusion,True,True,True,0.591,"{""risk_state"":""danger""}
"
intrusion_climb-over-fence_rgb_0024_cctv3_f000056,climb-over-fence_plant_rgb,intrusion_climb-over-fence_rgb_0024_cctv3,intrusion_candidate,intrusion,[56],[1.867],"{""start_frame"": 56, ""end_frame"": 56}","[""walk, carry/hold (an object)""]","[""danger""]",danger,"{""normal"": 0, ""unsafe"": 0, ""danger"": 1}","{""normal"": 0.0, ""unsafe"": 0.0, ""danger"": 1.0}",danger,danger,danger,True,False,labeling_yolo_single_frame,single_frame_gt_from_sampled_frame_label,danger,intrusion,True,True,True,0.5958,"{""risk_state"":""danger""}
"
intrusion_climb-over-fence_rgb_0024_cctv3_f000066,climb-over-fence_plant_rgb,intrusion_climb-over-fence_rgb_0024_cctv3,intrusion_candidate,intrusion,[66],[2.2],"{""start_frame"": 66, ""end_frame"": 66}","[""walk, carry/hold (an object)""]","[""danger""]",danger,"{""normal"": 0, ""unsafe"": 0, ""danger"": 1}","{""normal"": 0.0, ""unsafe"": 0.0, ""danger"": 1.0}",danger,danger,danger,True,False,labeling_yolo_single_frame,single_frame_gt_from_sampled_frame_label,danger,intrusion,True,True,True,0.5894,"{""risk_state"":""danger""}
"
intrusion_climb-over-fence_rgb_0024_cctv3_f000076,climb-over-fence_plant_rgb,intrusion_climb-over-fence_rgb_0024_cctv3,intrusion_candidate,intrusion,[76],[2.533],"{""start_frame"": 76, ""end_frame"": 76}","[""stand, walk""]","[""danger""]",danger,"{""normal"": 0, ""unsafe"": 0, ""danger"": 1}","{""normal"": 0.0, ""unsafe"": 0.0, ""danger"": 1.0}",danger,danger,danger,True,False,labeling_yolo_single_frame,single_frame_gt_from_sampled_frame_label,danger,intrusion,True,True,True,0.7098,"{""risk_state"":""danger""}
"
intrusion_climb-over-fence_rgb_0024_cctv3_f000086,climb-over-fence_plant_rgb,intrusion_climb-over-fence_rgb_0024_cctv3,intrusion_candidate,intrusion,[86],[2.867],"{""start_frame"": 86, ""end_frame"": 86}","[""carry/hold (an object), stand""]","[""danger""]",danger,"{""normal"": 0, ""unsafe"": 0, ""danger"": 1}","{""normal"": 0.0, ""unsafe"": 0.0, ""danger"": 1.0}",danger,danger,danger,True,False,labeling_yolo_single_frame,single_frame_gt_from_sampled_frame_label,danger,intrusion,True,True,True,0.6038,"{""risk_state"":""danger""}
"
intrusion_climb-over-fence_rgb_0024_cctv3_f000096,climb-over-fence_plant_rgb,intrusion_climb-over-fence_rgb_0024_cctv3,intrusion_candidate,intrusion,[96],[3.2],"{""start_frame"": 96, ""end_frame"": 96}","[""bend/bow (at the waist), carry/hold (an object)""]","[""danger""]",danger,"{""normal"": 0, ""unsafe"": 0, ""danger"": 1}","{""normal"": 0.0, ""unsafe"": 0.0, ""danger"": 1.0}",danger,danger,danger,True,False,labeling_yolo_single_frame,single_frame_gt_from_sampled_frame_label,danger,intrusion,True,True,True,0.6035,"{""risk_state"":""danger""}
"
intrusion_climb-over-fence_rgb_0024_cctv3_f000106,climb-over-fence_plant_rgb,intrusion_climb-over-fence_rgb_0024_cctv3,intrusion_candidate,intrusion,[106],[3.533],"{""start_frame"": 106, ""end_frame"": 106}","[""bend/bow (at the waist), carry/hold (an object)""]","[""danger""]",danger,"{""normal"": 0, ""unsafe"": 0, ""danger"": 1}","{""normal"": 0.0, ""unsafe"": 0.0, ""danger"": 1.0}",danger,danger,danger,True,False,labeling_yolo_single_frame,single_frame_gt_from_sampled_frame_label,danger,intrusion,True,True,True,0.7108,"{""risk_state"":""danger""}
"
intrusion_climb-over-fence_rgb_0024_cctv3_f000116,climb-over-fence_plant_rgb,intrusion_climb-over-fence_rgb_0024_cctv3,intrusion_candidate,intrusion,[116],[3.867],"{""start_frame"": 116, ""end_frame"": 116}","[""bend/bow (at the waist), carry/hold (an object)""]","[""danger""]",danger,"{""normal"": 0, ""unsafe"": 0, ""danger"": 1}","{""normal"": 0.0, ""unsafe"": 0.0, ""danger"": 1.0}",danger,danger,danger,True,False,labeling_yolo_single_frame,single_frame_gt_from_sampled_frame_label,danger,intrusion,True,True,True,0.5981,"{""risk_state"":""danger""}
"
intrusion_climb-over-fence_rgb_0024_cctv3_f000126,climb-over-fence_plant_rgb,intrusion_climb-over-fence_rgb_0024_cctv3,intrusion_candidate,intrusion,[126],[4.2],"{""start_frame"": 126, ""end_frame"": 126}","[""bend/bow (at the waist), carry/hold (an object)""]","[""danger""]",danger,"{""normal"": 0, ""unsafe"": 0, ""danger"": 1}","{""normal"": 0.0, ""unsafe"": 0.0, ""danger"": 1.0}",danger,danger,danger,True,False,labeling_yolo_single_frame,single_frame_gt_from_sampled_frame_label,danger,intrusion,True,True,True,0.5994,"{""risk_state"":""danger""}
"
intrusion_climb-over-fence_rgb_0024_cctv3_f000136,climb-over-fence_plant_rgb,intrusion_climb-over-fence_rgb_0024_cctv3,intrusion_candidate,intrusion,[136],[4.533],"{""start_frame"": 136, ""end_frame"": 136}","[""bend/bow (at the waist), carry/hold (an object)""]","[""danger""]",danger,"{""normal"": 0, ""unsafe"": 0, ""danger"": 1}","{""normal"": 0.0, ""unsafe"": 0.0, ""danger"": 1.0}",danger,danger,danger,True,False,labeling_yolo_single_frame,single_frame_gt_from_sampled_frame_label,danger,intrusion,True,True,True,0.5986,"{""risk_state"":""danger""}
"
intrusion_climb-over-fence_rgb_0024_cctv3_f000146,climb-over-fence_plant_rgb,intrusion_climb-over-fence_rgb_0024_cctv3,intrusion_candidate,intrusion,[146],[4.867],"{""start_frame"": 146, ""end_frame"": 146}","[""bend/bow (at the waist)""]","[""danger""]",danger,"{""normal"": 0, ""unsafe"": 0, ""danger"": 1}","{""normal"": 0.0, ""unsafe"": 0.0, ""danger"": 1.0}",danger,danger,danger,True,False,labeling_yolo_single_frame,single_frame_gt_from_sampled_frame_label,danger,intrusion,True,True,True,0.594,"{""risk_state"":""danger""}
"
intrusion_climb-over-fence_rgb_0024_cctv3_f000156,climb-over-fence_plant_rgb,intrusion_climb-over-fence_rgb_0024_cctv3,intrusion_candidate,intrusion,[156],[5.2],"{""start_frame"": 156, ""end_frame"": 156}","[""bend/bow (at the waist), carry/hold (an object)""]","[""danger""]",danger,"{""normal"": 0, ""unsafe"": 0, ""danger"": 1}","{""normal"": 0.0, ""unsafe"": 0.0, ""danger"": 1.0}",danger,danger,danger,True,False,labeling_yolo_single_frame,single_frame_gt_from_sampled_frame_label,danger,intrusion,True,True,True,0.5978,"{""risk_state"":""danger""}
"
intrusion_climb-over-fence_rgb_0024_cctv3_f000166,climb-over-fence_plant_rgb,intrusion_climb-over-fence_rgb_0024_cctv3,intrusion_candidate,intrusion,[166],[5.533],"{""start_frame"": 166, ""end_frame"": 166}","[""bend/bow (at the waist), carry/hold (an object)""]","[""danger""]",danger,"{""normal"": 0, ""unsafe"": 0, ""danger"": 1}","{""normal"": 0.0, ""unsafe"": 0.0, ""danger"": 1.0}",danger,danger,danger,True,False,labeling_yolo_single_frame,single_frame_gt_from_sampled_frame_label,danger,intrusion,True,True,True,0.599,"{""risk_state"":""danger""}
"
intrusion_climb-over-fence_rgb_0024_cctv3_f000176,climb-over-fence_plant_rgb,intrusion_climb-over-fence_rgb_0024_cctv3,intrusion_candidate,intrusion,[176],[5.867],"{""start_frame"": 176, ""end_frame"": 176}","[""bend/bow (at the waist)""]","[""danger""]",danger,"{""normal"": 0, ""unsafe"": 0, ""danger"": 1}","{""normal"": 0.0, ""unsafe"": 0.0, ""danger"": 1.0}",danger,danger,danger,True,False,labeling_yolo_single_frame,single_frame_gt_from_sampled_frame_label,danger,intrusion,True,True,True,0.5936,"{""risk_state"":""danger""}
"
intrusion_climb-over-fence_rgb_0024_cctv3_f000186,climb-over-fence_plant_rgb,intrusion_climb-over-fence_rgb_0024_cctv3,intrusion_candidate,intrusion,[186],[6.2],"{""start_frame"": 186, ""end_frame"": 186}","[""bend/bow (at the waist)""]","[""danger""]",danger,"{""normal"": 0, ""unsafe"": 0, ""danger"": 1}","{""normal"": 0.0, ""unsafe"": 0.0, ""danger"": 1.0}",danger,danger,danger,True,False,labeling_yolo_single_frame,single_frame_gt_from_sampled_frame_label,danger,intrusion,True,True,True,0.6029,"{""risk_state"":""danger""}
"
intrusion_climb-over-fence_rgb_0024_cctv3_f000196,climb-over-fence_plant_rgb,intrusion_climb-over-fence_rgb_0024_cctv3,intrusion_candidate,intrusion,[196],[6.533],"{""start_frame"": 196, ""end_frame"": 196}","[""bend/bow (at the waist)""]","[""danger""]",danger,"{""normal"": 0, ""unsafe"": 0, ""danger"": 1}","{""normal"": 0.0, ""unsafe"": 0.0, ""danger"": 1.0}",danger,danger,danger,True,False,labeling_yolo_single_frame,single_frame_gt_from_sampled_frame_label,danger,intrusion,True,True,True,0.5968,"{""risk_state"":""danger""}
"
intrusion_climb-over-fence_rgb_0024_cctv3_f000206,climb-over-fence_plant_rgb,intrusion_climb-over-fence_rgb_0024_cctv3,intrusion_candidate,intrusion,[206],[6.867],"{""start_frame"": 206, ""end_frame"": 206}","[""bend/bow (at the waist)""]","[""danger""]",danger,"{""normal"": 0, ""unsafe"": 0, ""danger"": 1}","{""normal"": 0.0, ""unsafe"": 0.0, ""danger"": 1.0}",danger,danger,danger,True,False,labeling_yolo_single_frame,single_frame_gt_from_sampled_frame_label,danger,intrusion,True,True,True,0.593,"{""risk_state"":""danger""}
"
intrusion_climb-over-fence_rgb_0024_cctv3_f000216,climb-over-fence_plant_rgb,intrusion_climb-over-fence_rgb_0024_cctv3,intrusion_candidate,intrusion,[216],[7.2],"{""start_frame"": 216, ""end_frame"": 216}","[""bend/bow (at the waist), carry/hold (an object)""]","[""danger""]",danger,"{""normal"": 0, ""unsafe"": 0, ""danger"": 1}","{""normal"": 0.0, ""unsafe"": 0.0, ""danger"": 1.0}",danger,danger,danger,True,False,labeling_yolo_single_frame,single_frame_gt_from_sampled_frame_label,danger,intrusion,True,True,True,0.5993,"{""risk_state"":""danger""}
"
intrusion_climb-over-fence_rgb_0024_cctv3_f000226,climb-over-fence_plant_rgb,intrusion_climb-over-fence_rgb_0024_cctv3,intrusion_candidate,intrusion,[226],[7.533],"{""start_frame"": 226, ""end_frame"": 226}","[""bend/bow (at the waist), carry/hold (an object)""]","[""danger""]",danger,"{""normal"": 0, ""unsafe"": 0, ""danger"": 1}","{""normal"": 0.0, ""unsafe"": 0.0, ""danger"": 1.0}",danger,danger,danger,True,False,labeling_yolo_single_frame,single_frame_gt_from_sampled_frame_label,danger,intrusion,True,True,True,0.6016,"{""risk_state"":""danger""}
"
intrusion_climb-over-fence_rgb_0024_cctv3_f000236,climb-over-fence_plant_rgb,intrusion_climb-over-fence_rgb_0024_cctv3,intrusion_candidate,intrusion,[236],[7.867],"{""start_frame"": 236, ""end_frame"": 236}","[""bend/bow (at the waist), carry/hold (an object)""]","[""danger""]",danger,"{""normal"": 0, ""unsafe"": 0, ""danger"": 1}","{""normal"": 0.0, ""unsafe"": 0.0, ""danger"": 1.0}",danger,danger,danger,True,False,labeling_yolo_single_frame,single_frame_gt_from_sampled_frame_label,danger,intrusion,True,True,True,0.5977,"{""risk_state"":""danger""}
"
intrusion_climb-over-fence_rgb_0024_cctv3_f000246,climb-over-fence_plant_rgb,intrusion_climb-over-fence_rgb_0024_cctv3,intrusion_candidate,intrusion,[246],[8.2],"{""start_frame"": 246, ""end_frame"": 246}","[""bend/bow (at the waist), carry/hold (an object)""]","[""danger""]",danger,"{""normal"": 0, ""unsafe"": 0, ""danger"": 1}","{""normal"": 0.0, ""unsafe"": 0.0, ""danger"": 1.0}",danger,danger,danger,True,False,labeling_yolo_single_frame,single_frame_gt_from_sampled_frame_label,danger,intrusion,True,True,True,0.599,"{""risk_state"":""danger""}
"
intrusion_climb-over-fence_rgb_0025_cctv2_f000016,climb-over-fence_plant_rgb,intrusion_climb-over-fence_rgb_0025_cctv2,intrusion_candidate,intrusion,[16],[0.533],"{""start_frame"": 16, ""end_frame"": 16}","[""walk, carry/hold (an object)""]","[""danger""]",danger,"{""normal"": 0, ""unsafe"": 0, ""danger"": 1}","{""normal"": 0.0, ""unsafe"": 0.0, ""danger"": 1.0}",danger,danger,danger,True,False,labeling_yolo_single_frame,single_frame_gt_from_sampled_frame_label,danger,intrusion,True,True,True,0.6061,"{""risk_state"":""danger""}
"
intrusion_climb-over-fence_rgb_0025_cctv2_f000026,climb-over-fence_plant_rgb,intrusion_climb-over-fence_rgb_0025_cctv2,intrusion_candidate,intrusion,[26],[0.867],"{""start_frame"": 26, ""end_frame"": 26}","[""bend/bow (at the waist), carry/hold (an object)""]","[""danger""]",danger,"{""normal"": 0, ""unsafe"": 0, ""danger"": 1}","{""normal"": 0.0, ""unsafe"": 0.0, ""danger"": 1.0}",danger,danger,danger,True,False,labeling_yolo_single_frame,single_frame_gt_from_sampled_frame_label,danger,intrusion,True,True,True,0.6022,"{""risk_state"":""danger""}
"
intrusion_climb-over-fence_rgb_0025_cctv2_f000036,climb-over-fence_plant_rgb,intrusion_climb-over-fence_rgb_0025_cctv2,intrusion_candidate,intrusion,[36],[1.2],"{""start_frame"": 36, ""end_frame"": 36}","[""bend/bow (at the waist), carry/hold (an object)""]","[""danger""]",danger,"{""normal"": 0, ""unsafe"": 0, ""danger"": 1}","{""normal"": 0.0, ""unsafe"": 0.0, ""danger"": 1.0}",danger,danger,danger,True,False,labeling_yolo_single_frame,single_frame_gt_from_sampled_frame_label,danger,intrusion,True,True,True,0.5976,"{""risk_state"":""danger""}
"
intrusion_climb-over-fence_rgb_0025_cctv2_f000046,climb-over-fence_plant_rgb,intrusion_climb-over-fence_rgb_0025_cctv2,intrusion_candidate,intrusion,[46],[1.533],"{""start_frame"": 46, ""end_frame"": 46}","[""bend/bow (at the waist), carry/hold (an object)""]","[""danger""]",danger,"{""normal"": 0, ""unsafe"": 0, ""danger"": 1}","{""normal"": 0.0, ""unsafe"": 0.0, ""danger"": 1.0}",danger,danger,danger,True,False,labeling_yolo_single_frame,single_frame_gt_from_sampled_frame_label,danger,intrusion,True,True,True,0.601,"{""risk_state"":""danger""}
"
intrusion_climb-over-fence_rgb_0025_cctv2_f000056,climb-over-fence_plant_rgb,intrusion_climb-over-fence_rgb_0025_cctv2,intrusion_candidate,intrusion,[56],[1.867],"{""start_frame"": 56, ""end_frame"": 56}","[""bend/bow (at the waist), carry/hold (an object)""]","[""danger""]",danger,"{""normal"": 0, ""unsafe"": 0, ""danger"": 1}","{""normal"": 0.0, ""unsafe"": 0.0, ""danger"": 1.0}",danger,danger,danger,True,False,labeling_yolo_single_frame,single_frame_gt_from_sampled_frame_label,danger,intrusion,True,True,True,0.5968,"{""risk_state"":""danger""}
"
intrusion_climb-over-fence_rgb_0025_cctv2_f000066,climb-over-fence_plant_rgb,intrusion_climb-over-fence_rgb_0025_cctv2,intrusion_candidate,intrusion,[66],[2.2],"{""start_frame"": 66, ""end_frame"": 66}","[""bend/bow (at the waist), carry/hold (an object)""]","[""danger""]",danger,"{""normal"": 0, ""unsafe"": 0, ""danger"": 1}","{""normal"": 0.0, ""unsafe"": 0.0, ""danger"": 1.0}",danger,danger,danger,True,False,labeling_yolo_single_frame,single_frame_gt_from_sampled_frame_label,danger,intrusion,True,True,True,0.5989,"{""risk_state"":""danger""}
"
intrusion_climb-over-fence_rgb_0025_cctv2_f000076,climb-over-fence_plant_rgb,intrusion_climb-over-fence_rgb_0025_cctv2,intrusion_candidate,intrusion,[76],[2.533],"{""start_frame"": 76, ""end_frame"": 76}","[""bend/bow (at the waist), carry/hold (an object)""]","[""danger""]",danger,"{""normal"": 0, ""unsafe"": 0, ""danger"": 1}","{""normal"": 0.0, ""unsafe"": 0.0, ""danger"": 1.0}",danger,danger,danger,True,False,labeling_yolo_single_frame,single_frame_gt_from_sampled_frame_label,danger,intrusion,True,True,True,0.6004,"{""risk_state"":""danger""}
"
intrusion_climb-over-fence_rgb_0025_cctv2_f000086,climb-over-fence_plant_rgb,intrusion_climb-over-fence_rgb_0025_cctv2,intrusion_candidate,intrusion,[86],[2.867],"{""start_frame"": 86, ""end_frame"": 86}","[""bend/bow (at the waist), carry/hold (an object)""]","[""danger""]",danger,"{""normal"": 0, ""unsafe"": 0, ""danger"": 1}","{""normal"": 0.0, ""unsafe"": 0.0, ""danger"": 1.0}",danger,danger,danger,True,False,labeling_yolo_single_frame,single_frame_gt_from_sampled_frame_label,danger,intrusion,True,True,True,0.5969,"{""risk_state"":""danger""}
"
intrusion_climb-over-fence_rgb_0025_cctv2_f000096,climb-over-fence_plant_rgb,intrusion_climb-over-fence_rgb_0025_cctv2,intrusion_candidate,intrusion,[96],[3.2],"{""start_frame"": 96, ""end_frame"": 96}","[""bend/bow (at the waist), carry/hold (an object)""]","[""danger""]",danger,"{""normal"": 0, ""unsafe"": 0, ""danger"": 1}","{""normal"": 0.0, ""unsafe"": 0.0, ""danger"": 1.0}",danger,danger,danger,True,False,labeling_yolo_single_frame,single_frame_gt_from_sampled_frame_label,danger,intrusion,True,True,True,0.5971,"{""risk_state"":""danger""}
"
intrusion_climb-over-fence_rgb_0025_cctv2_f000106,climb-over-fence_plant_rgb,intrusion_climb-over-fence_rgb_0025_cctv2,intrusion_candidate,intrusion,[106],[3.533],"{""start_frame"": 106, ""end_frame"": 106}","[""bend/bow (at the waist), carry/hold (an object)""]","[""danger""]",danger,"{""normal"": 0, ""unsafe"": 0, ""danger"": 1}","{""normal"": 0.0, ""unsafe"": 0.0, ""danger"": 1.0}",danger,danger,danger,True,False,labeling_yolo_single_frame,single_frame_gt_from_sampled_frame_label,danger,intrusion,True,True,True,0.6034,"{""risk_state"":""danger""}
"
intrusion_climb-over-fence_rgb_0025_cctv2_f000116,climb-over-fence_plant_rgb,intrusion_climb-over-fence_rgb_0025_cctv2,intrusion_candidate,intrusion,[116],[3.867],"{""start_frame"": 116, ""end_frame"": 116}","[""bend/bow (at the waist), carry/hold (an object)""]","[""danger""]",danger,"{""normal"": 0, ""unsafe"": 0, ""danger"": 1}","{""normal"": 0.0, ""unsafe"": 0.0, ""danger"": 1.0}",danger,danger,danger,True,False,labeling_yolo_single_frame,single_frame_gt_from_sampled_frame_label,danger,intrusion,True,True,True,0.6049,"{""risk_state"":""danger""}
"
intrusion_climb-over-fence_rgb_0025_cctv2_f000126,climb-over-fence_plant_rgb,intrusion_climb-over-fence_rgb_0025_cctv2,intrusion_candidate,intrusion,[126],[4.2],"{""start_frame"": 126, ""end_frame"": 126}","[""bend/bow (at the waist), carry/hold (an object)""]","[""danger""]",danger,"{""normal"": 0, ""unsafe"": 0, ""danger"": 1}","{""normal"": 0.0, ""unsafe"": 0.0, ""danger"": 1.0}",danger,danger,danger,True,False,labeling_yolo_single_frame,single_frame_gt_from_sampled_frame_label,danger,intrusion,True,True,True,0.6016,"{""risk_state"":""danger""}
"
intrusion_climb-over-fence_rgb_0025_cctv2_f000136,climb-over-fence_plant_rgb,intrusion_climb-over-fence_rgb_0025_cctv2,intrusion_candidate,intrusion,[136],[4.533],"{""start_frame"": 136, ""end_frame"": 136}","[""bend/bow (at the waist), carry/hold (an object)""]","[""danger""]",danger,"{""normal"": 0, ""unsafe"": 0, ""danger"": 1}","{""normal"": 0.0, ""unsafe"": 0.0, ""danger"": 1.0}",danger,danger,danger,True,False,labeling_yolo_single_frame,single_frame_gt_from_sampled_frame_label,danger,intrusion,True,True,True,0.5997,"{""risk_state"":""danger""}
"
intrusion_climb-over-fence_rgb_0025_cctv2_f000146,climb-over-fence_plant_rgb,intrusion_climb-over-fence_rgb_0025_cctv2,intrusion_candidate,intrusion,[146],[4.867],"{""start_frame"": 146, ""end_frame"": 146}","[""bend/bow (at the waist), carry/hold (an object)""]","[""danger""]",danger,"{""normal"": 0, ""unsafe"": 0, ""danger"": 1}","{""normal"": 0.0, ""unsafe"": 0.0, ""danger"": 1.0}",danger,danger,danger,True,False,labeling_yolo_single_frame,single_frame_gt_from_sampled_frame_label,danger,intrusion,True,True,True,0.6024,"{""risk_state"":""danger""}
"
intrusion_climb-over-fence_rgb_0025_cctv2_f000156,climb-over-fence_plant_rgb,intrusion_climb-over-fence_rgb_0025_cctv2,intrusion_candidate,intrusion,[156],[5.2],"{""start_frame"": 156, ""end_frame"": 156}","[""bend/bow (at the waist), carry/hold (an object)""]","[""danger""]",danger,"{""normal"": 0, ""unsafe"": 0, ""danger"": 1}","{""normal"": 0.0, ""unsafe"": 0.0, ""danger"": 1.0}",danger,danger,danger,True,False,labeling_yolo_single_frame,single_frame_gt_from_sampled_frame_label,danger,intrusion,True,True,True,0.5975,"{""risk_state"":""danger""}
"
intrusion_climb-over-fence_rgb_0025_cctv2_f000166,climb-over-fence_plant_rgb,intrusion_climb-over-fence_rgb_0025_cctv2,intrusion_candidate,intrusion,[166],[5.533],"{""start_frame"": 166, ""end_frame"": 166}","[""bend/bow (at the waist), carry/hold (an object)""]","[""danger""]",danger,"{""normal"": 0, ""unsafe"": 0, ""danger"": 1}","{""normal"": 0.0, ""unsafe"": 0.0, ""danger"": 1.0}",danger,danger,danger,True,False,labeling_yolo_single_frame,single_frame_gt_from_sampled_frame_label,danger,intrusion,True,True,True,0.5998,"{""risk_state"":""danger""}
"
intrusion_climb-over-fence_rgb_0025_cctv2_f000176,climb-over-fence_plant_rgb,intrusion_climb-over-fence_rgb_0025_cctv2,intrusion_candidate,intrusion,[176],[5.867],"{""start_frame"": 176, ""end_frame"": 176}","[""bend/bow (at the waist), carry/hold (an object)""]","[""danger""]",danger,"{""normal"": 0, ""unsafe"": 0, ""danger"": 1}","{""normal"": 0.0, ""unsafe"": 0.0, ""danger"": 1.0}",danger,danger,danger,True,False,labeling_yolo_single_frame,single_frame_gt_from_sampled_frame_label,danger,intrusion,True,True,True,0.6016,"{""risk_state"":""danger""}
"
intrusion_climb-over-fence_rgb_0025_cctv2_f000186,climb-over-fence_plant_rgb,intrusion_climb-over-fence_rgb_0025_cctv2,intrusion_candidate,intrusion,[186],[6.2],"{""start_frame"": 186, ""end_frame"": 186}","[""bend/bow (at the waist), carry/hold (an object)""]","[""danger""]",danger,"{""normal"": 0, ""unsafe"": 0, ""danger"": 1}","{""normal"": 0.0, ""unsafe"": 0.0, ""danger"": 1.0}",danger,danger,danger,True,False,labeling_yolo_single_frame,single_frame_gt_from_sampled_frame_label,danger,intrusion,True,True,True,0.6079,"{""risk_state"":""danger""}
"
intrusion_climb-over-fence_rgb_0025_cctv2_f000196,climb-over-fence_plant_rgb,intrusion_climb-over-fence_rgb_0025_cctv2,intrusion_candidate,intrusion,[196],[6.533],"{""start_frame"": 196, ""end_frame"": 196}","[""bend/bow (at the waist), carry/hold (an object)""]","[""danger""]",danger,"{""normal"": 0, ""unsafe"": 0, ""danger"": 1}","{""normal"": 0.0, ""unsafe"": 0.0, ""danger"": 1.0}",danger,danger,danger,True,False,labeling_yolo_single_frame,single_frame_gt_from_sampled_frame_label,danger,intrusion,True,True,True,0.6011,"{""risk_state"":""danger""}
"
intrusion_climb-over-fence_rgb_0025_cctv2_f000206,climb-over-fence_plant_rgb,intrusion_climb-over-fence_rgb_0025_cctv2,intrusion_candidate,intrusion,[206],[6.867],"{""start_frame"": 206, ""end_frame"": 206}","[""bend/bow (at the waist), carry/hold (an object)""]","[""danger""]",danger,"{""normal"": 0, ""unsafe"": 0, ""danger"": 1}","{""normal"": 0.0, ""unsafe"": 0.0, ""danger"": 1.0}",danger,danger,danger,True,False,labeling_yolo_single_frame,single_frame_gt_from_sampled_frame_label,danger,intrusion,True,True,True,0.6018,"{""risk_state"":""danger""}
"
intrusion_climb-over-fence_rgb_0025_cctv2_f000216,climb-over-fence_plant_rgb,intrusion_climb-over-fence_rgb_0025_cctv2,intrusion_candidate,intrusion,[216],[7.2],"{""start_frame"": 216, ""end_frame"": 216}","[""bend/bow (at the waist), carry/hold (an object)""]","[""danger""]",danger,"{""normal"": 0, ""unsafe"": 0, ""danger"": 1}","{""normal"": 0.0, ""unsafe"": 0.0, ""danger"": 1.0}",danger,danger,danger,True,False,labeling_yolo_single_frame,single_frame_gt_from_sampled_frame_label,danger,intrusion,True,True,True,0.5984,"{""risk_state"":""danger""}
"
intrusion_climb-over-fence_rgb_0034_cctv3_f000016,climb-over-fence_plant_rgb,intrusion_climb-over-fence_rgb_0034_cctv3,intrusion_candidate,intrusion,[16],[0.533],"{""start_frame"": 16, ""end_frame"": 16}","[""walk, carry/hold (an object)""]","[""danger""]",danger,"{""normal"": 0, ""unsafe"": 0, ""danger"": 1}","{""normal"": 0.0, ""unsafe"": 0.0, ""danger"": 1.0}",danger,danger,danger,True,False,labeling_yolo_single_frame,single_frame_gt_from_sampled_frame_label,unsafe,intrusion,True,True,True,0.5996,"{""risk_state"":""unsafe""}
"
intrusion_climb-over-fence_rgb_0034_cctv3_f000026,climb-over-fence_plant_rgb,intrusion_climb-over-fence_rgb_0034_cctv3,intrusion_candidate,intrusion,[26],[0.867],"{""start_frame"": 26, ""end_frame"": 26}","[""walk, carry/hold (an object)""]","[""danger""]",danger,"{""normal"": 0, ""unsafe"": 0, ""danger"": 1}","{""normal"": 0.0, ""unsafe"": 0.0, ""danger"": 1.0}",danger,danger,danger,True,False,labeling_yolo_single_frame,single_frame_gt_from_sampled_frame_label,unsafe,intrusion,True,True,True,0.5979,"{""risk_state"":""unsafe""}
"
intrusion_climb-over-fence_rgb_0034_cctv3_f000036,climb-over-fence_plant_rgb,intrusion_climb-over-fence_rgb_0034_cctv3,intrusion_candidate,intrusion,[36],[1.2],"{""start_frame"": 36, ""end_frame"": 36}","[""walk, carry/hold (an object)""]","[""danger""]",danger,"{""normal"": 0, ""unsafe"": 0, ""danger"": 1}","{""normal"": 0.0, ""unsafe"": 0.0, ""danger"": 1.0}",danger,danger,danger,True,False,labeling_yolo_single_frame,single_frame_gt_from_sampled_frame_label,unsafe,intrusion,True,True,True,0.5968,"{""risk_state"":""unsafe""}
"
intrusion_climb-over-fence_rgb_0034_cctv3_f000046,climb-over-fence_plant_rgb,intrusion_climb-over-fence_rgb_0034_cctv3,intrusion_candidate,intrusion,[46],[1.533],"{""start_frame"": 46, ""end_frame"": 46}","[""carry/hold (an object), walk""]","[""danger""]",danger,"{""normal"": 0, ""unsafe"": 0, ""danger"": 1}","{""normal"": 0.0, ""unsafe"": 0.0, ""danger"": 1.0}",danger,danger,danger,True,False,labeling_yolo_single_frame,single_frame_gt_from_sampled_frame_label,unsafe,intrusion,True,True,True,0.5957,"{""risk_state"":""unsafe""}
"
intrusion_climb-over-fence_rgb_0034_cctv3_f000056,climb-over-fence_plant_rgb,intrusion_climb-over-fence_rgb_0034_cctv3,intrusion_candidate,intrusion,[56],[1.867],"{""start_frame"": 56, ""end_frame"": 56}","[""carry/hold (an object), walk""]","[""danger""]",danger,"{""normal"": 0, ""unsafe"": 0, ""danger"": 1}","{""normal"": 0.0, ""unsafe"": 0.0, ""danger"": 1.0}",danger,danger,danger,True,False,labeling_yolo_single_frame,single_frame_gt_from_sampled_frame_label,danger,intrusion,True,True,True,0.5949,"{""risk_state"":""danger""}
"
intrusion_climb-over-fence_rgb_0034_cctv3_f000066,climb-over-fence_plant_rgb,intrusion_climb-over-fence_rgb_0034_cctv3,intrusion_candidate,intrusion,[66],[2.2],"{""start_frame"": 66, ""end_frame"": 66}","[""carry/hold (an object), stand""]","[""danger""]",danger,"{""normal"": 0, ""unsafe"": 0, ""danger"": 1}","{""normal"": 0.0, ""unsafe"": 0.0, ""danger"": 1.0}",danger,danger,danger,True,False,labeling_yolo_single_frame,single_frame_gt_from_sampled_frame_label,danger,intrusion,True,True,True,0.5981,"{""risk_state"":""danger""}
"
intrusion_climb-over-fence_rgb_0034_cctv3_f000076,climb-over-fence_plant_rgb,intrusion_climb-over-fence_rgb_0034_cctv3,intrusion_candidate,intrusion,[76],[2.533],"{""start_frame"": 76, ""end_frame"": 76}","[""bend/bow (at the waist), carry/hold (an object)""]","[""danger""]",danger,"{""normal"": 0, ""unsafe"": 0, ""danger"": 1}","{""normal"": 0.0, ""unsafe"": 0.0, ""danger"": 1.0}",danger,danger,danger,True,False,labeling_yolo_single_frame,single_frame_gt_from_sampled_frame_label,danger,intrusion,True,True,True,0.6081,"{""risk_state"":""danger""}
"
intrusion_climb-over-fence_rgb_0034_cctv3_f000086,climb-over-fence_plant_rgb,intrusion_climb-over-fence_rgb_0034_cctv3,intrusion_candidate,intrusion,[86],[2.867],"{""start_frame"": 86, ""end_frame"": 86}","[""bend/bow (at the waist), carry/hold (an object)""]","[""danger""]",danger,"{""normal"": 0, ""unsafe"": 0, ""danger"": 1}","{""normal"": 0.0, ""unsafe"": 0.0, ""danger"": 1.0}",danger,danger,danger,True,False,labeling_yolo_single_frame,single_frame_gt_from_sampled_frame_label,danger,intrusion,True,True,True,0.6078,"{""risk_state"":""danger""}
"
intrusion_climb-over-fence_rgb_0034_cctv3_f000096,climb-over-fence_plant_rgb,intrusion_climb-over-fence_rgb_0034_cctv3,intrusion_candidate,intrusion,[96],[3.2],"{""start_frame"": 96, ""end_frame"": 96}","[""bend/bow (at the waist), carry/hold (an object)""]","[""danger""]",danger,"{""normal"": 0, ""unsafe"": 0, ""danger"": 1}","{""normal"": 0.0, ""unsafe"": 0.0, ""danger"": 1.0}",danger,danger,danger,True,False,labeling_yolo_single_frame,single_frame_gt_from_sampled_frame_label,danger,intrusion,True,True,True,0.603,"{""risk_state"":""danger""}
"
intrusion_climb-over-fence_rgb_0034_cctv3_f000106,climb-over-fence_plant_rgb,intrusion_climb-over-fence_rgb_0034_cctv3,intrusion_candidate,intrusion,[106],[3.533],"{""start_frame"": 106, ""end_frame"": 106}","[""bend/bow (at the waist), carry/hold (an object)""]","[""danger""]",danger,"{""normal"": 0, ""unsafe"": 0, ""danger"": 1}","{""normal"": 0.0, ""unsafe"": 0.0, ""danger"": 1.0}",danger,danger,danger,True,False,labeling_yolo_single_frame,single_frame_gt_from_sampled_frame_label,danger,intrusion,True,True,True,0.6048,"{""risk_state"":""danger""}
"
intrusion_climb-over-fence_rgb_0034_cctv3_f000116,climb-over-fence_plant_rgb,intrusion_climb-over-fence_rgb_0034_cctv3,intrusion_candidate,intrusion,[116],[3.867],"{""start_frame"": 116, ""end_frame"": 116}","[""bend/bow (at the waist), carry/hold (an object)""]","[""danger""]",danger,"{""normal"": 0, ""unsafe"": 0, ""danger"": 1}","{""normal"": 0.0, ""unsafe"": 0.0, ""danger"": 1.0}",danger,danger,danger,True,False,labeling_yolo_single_frame,single_frame_gt_from_sampled_frame_label,danger,intrusion,True,True,True,0.6053,"{""risk_state"":""danger""}
"
intrusion_climb-over-fence_rgb_0034_cctv3_f000126,climb-over-fence_plant_rgb,intrusion_climb-over-fence_rgb_0034_cctv3,intrusion_candidate,intrusion,[126],[4.2],"{""start_frame"": 126, ""end_frame"": 126}","[""bend/bow (at the waist), carry/hold (an object)""]","[""danger""]",danger,"{""normal"": 0, ""unsafe"": 0, ""danger"": 1}","{""normal"": 0.0, ""unsafe"": 0.0, ""danger"": 1.0}",danger,danger,danger,True,False,labeling_yolo_single_frame,single_frame_gt_from_sampled_frame_label,danger,intrusion,True,True,True,0.6038,"{""risk_state"":""danger""}
"
intrusion_climb-over-fence_rgb_0034_cctv3_f000136,climb-over-fence_plant_rgb,intrusion_climb-over-fence_rgb_0034_cctv3,intrusion_candidate,intrusion,[136],[4.533],"{""start_frame"": 136, ""end_frame"": 136}","[""bend/bow (at the waist), carry/hold (an object)""]","[""danger""]",danger,"{""normal"": 0, ""unsafe"": 0, ""danger"": 1}","{""normal"": 0.0, ""unsafe"": 0.0, ""danger"": 1.0}",danger,danger,danger,True,False,labeling_yolo_single_frame,single_frame_gt_from_sampled_frame_label,danger,intrusion,True,True,True,0.6049,"{""risk_state"":""danger""}
"
intrusion_climb-over-fence_rgb_0034_cctv3_f000146,climb-over-fence_plant_rgb,intrusion_climb-over-fence_rgb_0034_cctv3,intrusion_candidate,intrusion,[146],[4.867],"{""start_frame"": 146, ""end_frame"": 146}","[""bend/bow (at the waist), carry/hold (an object)""]","[""danger""]",danger,"{""normal"": 0, ""unsafe"": 0, ""danger"": 1}","{""normal"": 0.0, ""unsafe"": 0.0, ""danger"": 1.0}",danger,danger,danger,True,False,labeling_yolo_single_frame,single_frame_gt_from_sampled_frame_label,danger,intrusion,True,True,True,0.6104,"{""risk_state"":""danger""}
"
intrusion_climb-over-fence_rgb_0034_cctv3_f000156,climb-over-fence_plant_rgb,intrusion_climb-over-fence_rgb_0034_cctv3,intrusion_candidate,intrusion,[156],[5.2],"{""start_frame"": 156, ""end_frame"": 156}","[""bend/bow (at the waist), carry/hold (an object)""]","[""danger""]",danger,"{""normal"": 0, ""unsafe"": 0, ""danger"": 1}","{""normal"": 0.0, ""unsafe"": 0.0, ""danger"": 1.0}",danger,danger,danger,True,False,labeling_yolo_single_frame,single_frame_gt_from_sampled_frame_label,danger,intrusion,True,True,True,0.6055,"{""risk_state"":""danger""}
"
intrusion_climb-over-fence_rgb_0034_cctv3_f000166,climb-over-fence_plant_rgb,intrusion_climb-over-fence_rgb_0034_cctv3,intrusion_candidate,intrusion,[166],[5.533],"{""start_frame"": 166, ""end_frame"": 166}","[""bend/bow (at the waist), carry/hold (an object)""]","[""danger""]",danger,"{""normal"": 0, ""unsafe"": 0, ""danger"": 1}","{""normal"": 0.0, ""unsafe"": 0.0, ""danger"": 1.0}",danger,danger,danger,True,False,labeling_yolo_single_frame,single_frame_gt_from_sampled_frame_label,danger,intrusion,True,True,True,0.6064,"{""risk_state"":""danger""}
"
intrusion_climb-over-fence_rgb_0034_cctv3_f000176,climb-over-fence_plant_rgb,intrusion_climb-over-fence_rgb_0034_cctv3,intrusion_candidate,intrusion,[176],[5.867],"{""start_frame"": 176, ""end_frame"": 176}","[""bend/bow (at the waist), carry/hold (an object)""]","[""danger""]",danger,"{""normal"": 0, ""unsafe"": 0, ""danger"": 1}","{""normal"": 0.0, ""unsafe"": 0.0, ""danger"": 1.0}",danger,danger,danger,True,False,labeling_yolo_single_frame,single_frame_gt_from_sampled_frame_label,danger,intrusion,True,True,True,0.6081,"{""risk_state"":""danger""}
"
intrusion_climb-over-fence_rgb_0034_cctv3_f000186,climb-over-fence_plant_rgb,intrusion_climb-over-fence_rgb_0034_cctv3,intrusion_candidate,intrusion,[186],[6.2],"{""start_frame"": 186, ""end_frame"": 186}","[""bend/bow (at the waist), carry/hold (an object)""]","[""danger""]",danger,"{""normal"": 0, ""unsafe"": 0, ""danger"": 1}","{""normal"": 0.0, ""unsafe"": 0.0, ""danger"": 1.0}",danger,danger,danger,True,False,labeling_yolo_single_frame,single_frame_gt_from_sampled_frame_label,danger,intrusion,True,True,True,0.6076,"{""risk_state"":""danger""}
"
intrusion_climb-over-fence_rgb_0034_cctv3_f000196,climb-over-fence_plant_rgb,intrusion_climb-over-fence_rgb_0034_cctv3,intrusion_candidate,intrusion,[196],[6.533],"{""start_frame"": 196, ""end_frame"": 196}","[""bend/bow (at the waist), carry/hold (an object)""]","[""danger""]",danger,"{""normal"": 0, ""unsafe"": 0, ""danger"": 1}","{""normal"": 0.0, ""unsafe"": 0.0, ""danger"": 1.0}",danger,danger,danger,True,False,labeling_yolo_single_frame,single_frame_gt_from_sampled_frame_label,danger,intrusion,True,True,True,0.6062,"{""risk_state"":""danger""}
"
intrusion_climb-over-fence_rgb_0034_cctv3_f000206,climb-over-fence_plant_rgb,intrusion_climb-over-fence_rgb_0034_cctv3,intrusion_candidate,intrusion,[206],[6.867],"{""start_frame"": 206, ""end_frame"": 206}","[""bend/bow (at the waist), carry/hold (an object)""]","[""danger""]",danger,"{""normal"": 0, ""unsafe"": 0, ""danger"": 1}","{""normal"": 0.0, ""unsafe"": 0.0, ""danger"": 1.0}",danger,danger,danger,True,False,labeling_yolo_single_frame,single_frame_gt_from_sampled_frame_label,danger,intrusion,True,True,True,0.6052,"{""risk_state"":""danger""}
"
intrusion_climb-over-fence_rgb_0034_cctv3_f000216,climb-over-fence_plant_rgb,intrusion_climb-over-fence_rgb_0034_cctv3,intrusion_candidate,intrusion,[216],[7.2],"{""start_frame"": 216, ""end_frame"": 216}","[""bend/bow (at the waist), carry/hold (an object)""]","[""danger""]",danger,"{""normal"": 0, ""unsafe"": 0, ""danger"": 1}","{""normal"": 0.0, ""unsafe"": 0.0, ""danger"": 1.0}",danger,danger,danger,True,False,labeling_yolo_single_frame,single_frame_gt_from_sampled_frame_label,danger,intrusion,True,True,True,0.6014,"{""risk_state"":""danger""}
"
intrusion_climb-over-fence_rgb_0038_cctv3_f000016,climb-over-fence_plant_rgb,intrusion_climb-over-fence_rgb_0038_cctv3,intrusion_candidate,intrusion,[16],[0.533],"{""start_frame"": 16, ""end_frame"": 16}","[""walk, carry/hold (an object)""]","[""danger""]",danger,"{""normal"": 0, ""unsafe"": 0, ""danger"": 1}","{""normal"": 0.0, ""unsafe"": 0.0, ""danger"": 1.0}",danger,danger,danger,True,False,labeling_yolo_single_frame,single_frame_gt_from_sampled_frame_label,danger,intrusion,True,True,True,0.6018,"{""risk_state"":""danger""}
"
intrusion_climb-over-fence_rgb_0038_cctv3_f000026,climb-over-fence_plant_rgb,intrusion_climb-over-fence_rgb_0038_cctv3,intrusion_candidate,intrusion,[26],[0.867],"{""start_frame"": 26, ""end_frame"": 26}","[""stand, carry/hold (an object)""]","[""danger""]",danger,"{""normal"": 0, ""unsafe"": 0, ""danger"": 1}","{""normal"": 0.0, ""unsafe"": 0.0, ""danger"": 1.0}",danger,danger,danger,True,False,labeling_yolo_single_frame,single_frame_gt_from_sampled_frame_label,danger,intrusion,True,True,True,0.6037,"{""risk_state"":""danger""}
"
intrusion_climb-over-fence_rgb_0038_cctv3_f000036,climb-over-fence_plant_rgb,intrusion_climb-over-fence_rgb_0038_cctv3,intrusion_candidate,intrusion,[36],[1.2],"{""start_frame"": 36, ""end_frame"": 36}","[""walk, carry/hold (an object)""]","[""danger""]",danger,"{""normal"": 0, ""unsafe"": 0, ""danger"": 1}","{""normal"": 0.0, ""unsafe"": 0.0, ""danger"": 1.0}",danger,danger,danger,True,False,labeling_yolo_single_frame,single_frame_gt_from_sampled_frame_label,danger,intrusion,True,True,True,0.6072,"{""risk_state"":""danger""}
"
intrusion_climb-over-fence_rgb_0038_cctv3_f000046,climb-over-fence_plant_rgb,intrusion_climb-over-fence_rgb_0038_cctv3,intrusion_candidate,intrusion,[46],[1.533],"{""start_frame"": 46, ""end_frame"": 46}","[""carry/hold (an object), run/jog""]","[""danger""]",danger,"{""normal"": 0, ""unsafe"": 0, ""danger"": 1}","{""normal"": 0.0, ""unsafe"": 0.0, ""danger"": 1.0}",danger,danger,danger,True,False,labeling_yolo_single_frame,single_frame_gt_from_sampled_frame_label,danger,intrusion,True,True,True,0.5996,"{""risk_state"":""danger""}
"
intrusion_climb-over-fence_rgb_0038_cctv3_f000056,climb-over-fence_plant_rgb,intrusion_climb-over-fence_rgb_0038_cctv3,intrusion_candidate,intrusion,[56],[1.867],"{""start_frame"": 56, ""end_frame"": 56}","[""walk, carry/hold (an object)""]","[""danger""]",danger,"{""normal"": 0, ""unsafe"": 0, ""danger"": 1}","{""normal"": 0.0, ""unsafe"": 0.0, ""danger"": 1.0}",danger,danger,danger,True,False,labeling_yolo_single_frame,single_frame_gt_from_sampled_frame_label,danger,intrusion,True,True,True,0.5999,"{""risk_state"":""danger""}
"
intrusion_climb-over-fence_rgb_0038_cctv3_f000066,climb-over-fence_plant_rgb,intrusion_climb-over-fence_rgb_0038_cctv3,intrusion_candidate,intrusion,[66],[2.2],"{""start_frame"": 66, ""end_frame"": 66}","[""walk, carry/hold (an object)""]","[""danger""]",danger,"{""normal"": 0, ""unsafe"": 0, ""danger"": 1}","{""normal"": 0.0, ""unsafe"": 0.0, ""danger"": 1.0}",danger,danger,danger,True,False,labeling_yolo_single_frame,single_frame_gt_from_sampled_frame_label,danger,intrusion,True,True,True,0.5951,"{""risk_state"":""danger""}
"
intrusion_climb-over-fence_rgb_0038_cctv3_f000076,climb-over-fence_plant_rgb,intrusion_climb-over-fence_rgb_0038_cctv3,intrusion_candidate,intrusion,[76],[2.533],"{""start_frame"": 76, ""end_frame"": 76}","[""walk, carry/hold (an object)""]","[""danger""]",danger,"{""normal"": 0, ""unsafe"": 0, ""danger"": 1}","{""normal"": 0.0, ""unsafe"": 0.0, ""danger"": 1.0}",danger,danger,danger,True,False,labeling_yolo_single_frame,single_frame_gt_from_sampled_frame_label,danger,intrusion,True,True,True,0.6018,"{""risk_state"":""danger""}
"
intrusion_climb-over-fence_rgb_0038_cctv3_f000086,climb-over-fence_plant_rgb,intrusion_climb-over-fence_rgb_0038_cctv3,intrusion_candidate,intrusion,[86],[2.867],"{""start_frame"": 86, ""end_frame"": 86}","[""walk, stand""]","[""danger""]",danger,"{""normal"": 0, ""unsafe"": 0, ""danger"": 1}","{""normal"": 0.0, ""unsafe"": 0.0, ""danger"": 1.0}",danger,danger,danger,True,False,labeling_yolo_single_frame,single_frame_gt_from_sampled_frame_label,danger,intrusion,True,True,True,0.5946,"{""risk_state"":""danger""}
"
intrusion_climb-over-fence_rgb_0038_cctv3_f000096,climb-over-fence_plant_rgb,intrusion_climb-over-fence_rgb_0038_cctv3,intrusion_candidate,intrusion,[96],[3.2],"{""start_frame"": 96, ""end_frame"": 96}","[""walk, carry/hold (an object)""]","[""danger""]",danger,"{""normal"": 0, ""unsafe"": 0, ""danger"": 1}","{""normal"": 0.0, ""unsafe"": 0.0, ""danger"": 1.0}",danger,danger,danger,True,False,labeling_yolo_single_frame,single_frame_gt_from_sampled_frame_label,danger,intrusion,True,True,True,0.5984,"{""risk_state"":""danger""}
"
intrusion_climb-over-fence_rgb_0038_cctv3_f000106,climb-over-fence_plant_rgb,intrusion_climb-over-fence_rgb_0038_cctv3,intrusion_candidate,intrusion,[106],[3.533],"{""start_frame"": 106, ""end_frame"": 106}","[""stand, carry/hold (an object)""]","[""danger""]",danger,"{""normal"": 0, ""unsafe"": 0, ""danger"": 1}","{""normal"": 0.0, ""unsafe"": 0.0, ""danger"": 1.0}",danger,danger,danger,True,False,labeling_yolo_single_frame,single_frame_gt_from_sampled_frame_label,danger,intrusion,True,True,True,0.601,"{""risk_state"":""danger""}
"
intrusion_climb-over-fence_rgb_0038_cctv3_f000116,climb-over-fence_plant_rgb,intrusion_climb-over-fence_rgb_0038_cctv3,intrusion_candidate,intrusion,[116],[3.867],"{""start_frame"": 116, ""end_frame"": 116}","[""stand, walk""]","[""danger""]",danger,"{""normal"": 0, ""unsafe"": 0, ""danger"": 1}","{""normal"": 0.0, ""unsafe"": 0.0, ""danger"": 1.0}",danger,danger,danger,True,False,labeling_yolo_single_frame,single_frame_gt_from_sampled_frame_label,danger,intrusion,True,True,True,0.6003,"{""risk_state"":""danger""}
"
intrusion_climb-over-fence_rgb_0038_cctv3_f000126,climb-over-fence_plant_rgb,intrusion_climb-over-fence_rgb_0038_cctv3,intrusion_candidate,intrusion,[126],[4.2],"{""start_frame"": 126, ""end_frame"": 126}","[""walk, carry/hold (an object)""]","[""danger""]",danger,"{""normal"": 0, ""unsafe"": 0, ""danger"": 1}","{""normal"": 0.0, ""unsafe"": 0.0, ""danger"": 1.0}",danger,danger,danger,True,False,labeling_yolo_single_frame,single_frame_gt_from_sampled_frame_label,danger,intrusion,True,True,True,0.598,"{""risk_state"":""danger""}
"
intrusion_climb-over-fence_rgb_0038_cctv3_f000136,climb-over-fence_plant_rgb,intrusion_climb-over-fence_rgb_0038_cctv3,intrusion_candidate,intrusion,[136],[4.533],"{""start_frame"": 136, ""end_frame"": 136}","[""carry/hold (an object), walk""]","[""danger""]",danger,"{""normal"": 0, ""unsafe"": 0, ""danger"": 1}","{""normal"": 0.0, ""unsafe"": 0.0, ""danger"": 1.0}",danger,danger,danger,True,False,labeling_yolo_single_frame,single_frame_gt_from_sampled_frame_label,danger,intrusion,True,True,True,0.6105,"{""risk_state"":""danger""}
"
intrusion_climb-over-fence_rgb_0038_cctv3_f000146,climb-over-fence_plant_rgb,intrusion_climb-over-fence_rgb_0038_cctv3,intrusion_candidate,intrusion,[146],[4.867],"{""start_frame"": 146, ""end_frame"": 146}","[""carry/hold (an object), stand""]","[""danger""]",danger,"{""normal"": 0, ""unsafe"": 0, ""danger"": 1}","{""normal"": 0.0, ""unsafe"": 0.0, ""danger"": 1.0}",danger,danger,danger,True,False,labeling_yolo_single_frame,single_frame_gt_from_sampled_frame_label,danger,intrusion,True,True,True,0.5991,"{""risk_state"":""danger""}
"
intrusion_climb-over-fence_rgb_0038_cctv3_f000156,climb-over-fence_plant_rgb,intrusion_climb-over-fence_rgb_0038_cctv3,intrusion_candidate,intrusion,[156],[5.2],"{""start_frame"": 156, ""end_frame"": 156}","[""stand, carry/hold (an object)""]","[""danger""]",danger,"{""normal"": 0, ""unsafe"": 0, ""danger"": 1}","{""normal"": 0.0, ""unsafe"": 0.0, ""danger"": 1.0}",danger,danger,danger,True,False,labeling_yolo_single_frame,single_frame_gt_from_sampled_frame_label,danger,intrusion,True,True,True,0.603,"{""risk_state"":""danger""}
"
intrusion_climb-over-fence_rgb_0038_cctv3_f000166,climb-over-fence_plant_rgb,intrusion_climb-over-fence_rgb_0038_cctv3,intrusion_candidate,intrusion,[166],[5.533],"{""start_frame"": 166, ""end_frame"": 166}","[""stand, carry/hold (an object)""]","[""danger""]",danger,"{""normal"": 0, ""unsafe"": 0, ""danger"": 1}","{""normal"": 0.0, ""unsafe"": 0.0, ""danger"": 1.0}",danger,danger,danger,True,False,labeling_yolo_single_frame,single_frame_gt_from_sampled_frame_label,danger,intrusion,True,True,True,0.5999,"{""risk_state"":""danger""}
"
intrusion_climb-over-fence_rgb_0038_cctv3_f000176,climb-over-fence_plant_rgb,intrusion_climb-over-fence_rgb_0038_cctv3,intrusion_candidate,intrusion,[176],[5.867],"{""start_frame"": 176, ""end_frame"": 176}","[""bend/bow (at the waist), carry/hold (an object)""]","[""danger""]",danger,"{""normal"": 0, ""unsafe"": 0, ""danger"": 1}","{""normal"": 0.0, ""unsafe"": 0.0, ""danger"": 1.0}",danger,danger,danger,True,False,labeling_yolo_single_frame,single_frame_gt_from_sampled_frame_label,danger,intrusion,True,True,True,0.601,"{""risk_state"":""danger""}
"
intrusion_climb-over-fence_rgb_0038_cctv3_f000186,climb-over-fence_plant_rgb,intrusion_climb-over-fence_rgb_0038_cctv3,intrusion_candidate,intrusion,[186],[6.2],"{""start_frame"": 186, ""end_frame"": 186}","[""bend/bow (at the waist)""]","[""danger""]",danger,"{""normal"": 0, ""unsafe"": 0, ""danger"": 1}","{""normal"": 0.0, ""unsafe"": 0.0, ""danger"": 1.0}",danger,danger,danger,True,False,labeling_yolo_single_frame,single_frame_gt_from_sampled_frame_label,danger,intrusion,True,True,True,0.5969,"{""risk_state"":""danger""}
"
intrusion_climb-over-fence_rgb_0038_cctv3_f000196,climb-over-fence_plant_rgb,intrusion_climb-over-fence_rgb_0038_cctv3,intrusion_candidate,intrusion,[196],[6.533],"{""start_frame"": 196, ""end_frame"": 196}","[""bend/bow (at the waist), carry/hold (an object)""]","[""danger""]",danger,"{""normal"": 0, ""unsafe"": 0, ""danger"": 1}","{""normal"": 0.0, ""unsafe"": 0.0, ""danger"": 1.0}",danger,danger,danger,True,False,labeling_yolo_single_frame,single_frame_gt_from_sampled_frame_label,danger,intrusion,True,True,True,0.598,"{""risk_state"":""danger""}
"
intrusion_climb-over-fence_rgb_0038_cctv3_f000206,climb-over-fence_plant_rgb,intrusion_climb-over-fence_rgb_0038_cctv3,intrusion_candidate,intrusion,[206],[6.867],"{""start_frame"": 206, ""end_frame"": 206}","[""bend/bow (at the waist), carry/hold (an object)""]","[""danger""]",danger,"{""normal"": 0, ""unsafe"": 0, ""danger"": 1}","{""normal"": 0.0, ""unsafe"": 0.0, ""danger"": 1.0}",danger,danger,danger,True,False,labeling_yolo_single_frame,single_frame_gt_from_sampled_frame_label,danger,intrusion,True,True,True,0.6089,"{""risk_state"":""danger""}
"
intrusion_climb-over-fence_rgb_0038_cctv3_f000216,climb-over-fence_plant_rgb,intrusion_climb-over-fence_rgb_0038_cctv3,intrusion_candidate,intrusion,[216],[7.2],"{""start_frame"": 216, ""end_frame"": 216}","[""bend/bow (at the waist), carry/hold (an object)""]","[""danger""]",danger,"{""normal"": 0, ""unsafe"": 0, ""danger"": 1}","{""normal"": 0.0, ""unsafe"": 0.0, ""danger"": 1.0}",danger,danger,danger,True,False,labeling_yolo_single_frame,single_frame_gt_from_sampled_frame_label,danger,intrusion,True,True,True,0.6043,"{""risk_state"":""danger""}
"
intrusion_climb-over-fence_rgb_0038_cctv3_f000226,climb-over-fence_plant_rgb,intrusion_climb-over-fence_rgb_0038_cctv3,intrusion_candidate,intrusion,[226],[7.533],"{""start_frame"": 226, ""end_frame"": 226}","[""bend/bow (at the waist), carry/hold (an object)""]","[""danger""]",danger,"{""normal"": 0, ""unsafe"": 0, ""danger"": 1}","{""normal"": 0.0, ""unsafe"": 0.0, ""danger"": 1.0}",danger,danger,danger,True,False,labeling_yolo_single_frame,single_frame_gt_from_sampled_frame_label,danger,intrusion,True,True,True,0.6033,"{""risk_state"":""danger""}
"
intrusion_climb-over-fence_rgb_0038_cctv3_f000236,climb-over-fence_plant_rgb,intrusion_climb-over-fence_rgb_0038_cctv3,intrusion_candidate,intrusion,[236],[7.867],"{""start_frame"": 236, ""end_frame"": 236}","[""bend/bow (at the waist), carry/hold (an object)""]","[""danger""]",danger,"{""normal"": 0, ""unsafe"": 0, ""danger"": 1}","{""normal"": 0.0, ""unsafe"": 0.0, ""danger"": 1.0}",danger,danger,danger,True,False,labeling_yolo_single_frame,single_frame_gt_from_sampled_frame_label,danger,intrusion,True,True,True,0.5992,"{""risk_state"":""danger""}
"
intrusion_climb-over-fence_rgb_0038_cctv3_f000246,climb-over-fence_plant_rgb,intrusion_climb-over-fence_rgb_0038_cctv3,intrusion_candidate,intrusion,[246],[8.2],"{""start_frame"": 246, ""end_frame"": 246}","[""bend/bow (at the waist), carry/hold (an object)""]","[""danger""]",danger,"{""normal"": 0, ""unsafe"": 0, ""danger"": 1}","{""normal"": 0.0, ""unsafe"": 0.0, ""danger"": 1.0}",danger,danger,danger,True,False,labeling_yolo_single_frame,single_frame_gt_from_sampled_frame_label,danger,intrusion,True,True,True,0.6021,"{""risk_state"":""danger""}
"
intrusion_climb-over-fence_rgb_0052_cctv1_f000016,climb-over-fence_plant_rgb,intrusion_climb-over-fence_rgb_0052_cctv1,intrusion_candidate,intrusion,[16],[0.533],"{""start_frame"": 16, ""end_frame"": 16}","[""carry/hold (an object), walk""]","[""danger""]",danger,"{""normal"": 0, ""unsafe"": 0, ""danger"": 1}","{""normal"": 0.0, ""unsafe"": 0.0, ""danger"": 1.0}",danger,danger,danger,True,False,labeling_yolo_single_frame,single_frame_gt_from_sampled_frame_label,danger,intrusion,True,True,True,0.5989,"{""risk_state"":""danger""}
"
intrusion_climb-over-fence_rgb_0052_cctv1_f000026,climb-over-fence_plant_rgb,intrusion_climb-over-fence_rgb_0052_cctv1,intrusion_candidate,intrusion,[26],[0.867],"{""start_frame"": 26, ""end_frame"": 26}","[""bend/bow (at the waist), carry/hold (an object)""]","[""danger""]",danger,"{""normal"": 0, ""unsafe"": 0, ""danger"": 1}","{""normal"": 0.0, ""unsafe"": 0.0, ""danger"": 1.0}",danger,danger,danger,True,False,labeling_yolo_single_frame,single_frame_gt_from_sampled_frame_label,danger,intrusion,True,True,True,0.6001,"{""risk_state"":""danger""}
"
intrusion_climb-over-fence_rgb_0052_cctv1_f000036,climb-over-fence_plant_rgb,intrusion_climb-over-fence_rgb_0052_cctv1,intrusion_candidate,intrusion,[36],[1.2],"{""start_frame"": 36, ""end_frame"": 36}","[""bend/bow (at the waist), carry/hold (an object)""]","[""danger""]",danger,"{""normal"": 0, ""unsafe"": 0, ""danger"": 1}","{""normal"": 0.0, ""unsafe"": 0.0, ""danger"": 1.0}",danger,danger,danger,True,False,labeling_yolo_single_frame,single_frame_gt_from_sampled_frame_label,danger,intrusion,True,True,True,0.6066,"{""risk_state"":""danger""}
"
intrusion_climb-over-fence_rgb_0052_cctv1_f000046,climb-over-fence_plant_rgb,intrusion_climb-over-fence_rgb_0052_cctv1,intrusion_candidate,intrusion,[46],[1.533],"{""start_frame"": 46, ""end_frame"": 46}","[""bend/bow (at the waist), carry/hold (an object)""]","[""danger""]",danger,"{""normal"": 0, ""unsafe"": 0, ""danger"": 1}","{""normal"": 0.0, ""unsafe"": 0.0, ""danger"": 1.0}",danger,danger,danger,True,False,labeling_yolo_single_frame,single_frame_gt_from_sampled_frame_label,danger,intrusion,True,True,True,0.6074,"{""risk_state"":""danger""}
"
intrusion_climb-over-fence_rgb_0052_cctv1_f000056,climb-over-fence_plant_rgb,intrusion_climb-over-fence_rgb_0052_cctv1,intrusion_candidate,intrusion,[56],[1.867],"{""start_frame"": 56, ""end_frame"": 56}","[""bend/bow (at the waist)""]","[""danger""]",danger,"{""normal"": 0, ""unsafe"": 0, ""danger"": 1}","{""normal"": 0.0, ""unsafe"": 0.0, ""danger"": 1.0}",danger,danger,danger,True,False,labeling_yolo_single_frame,single_frame_gt_from_sampled_frame_label,danger,intrusion,True,True,True,0.6,"{""risk_state"":""danger""}
"
intrusion_climb-over-fence_rgb_0052_cctv1_f000066,climb-over-fence_plant_rgb,intrusion_climb-over-fence_rgb_0052_cctv1,intrusion_candidate,intrusion,[66],[2.2],"{""start_frame"": 66, ""end_frame"": 66}","[""bend/bow (at the waist)""]","[""danger""]",danger,"{""normal"": 0, ""unsafe"": 0, ""danger"": 1}","{""normal"": 0.0, ""unsafe"": 0.0, ""danger"": 1.0}",danger,danger,danger,True,False,labeling_yolo_single_frame,single_frame_gt_from_sampled_frame_label,danger,intrusion,True,True,True,0.6045,"{""risk_state"":""danger""}
"
intrusion_climb-over-fence_rgb_0052_cctv1_f000076,climb-over-fence_plant_rgb,intrusion_climb-over-fence_rgb_0052_cctv1,intrusion_candidate,intrusion,[76],[2.533],"{""start_frame"": 76, ""end_frame"": 76}","[""bend/bow (at the waist), carry/hold (an object)""]","[""danger""]",danger,"{""normal"": 0, ""unsafe"": 0, ""danger"": 1}","{""normal"": 0.0, ""unsafe"": 0.0, ""danger"": 1.0}",danger,danger,danger,True,False,labeling_yolo_single_frame,single_frame_gt_from_sampled_frame_label,danger,intrusion,True,True,True,0.6071,"{""risk_state"":""danger""}
"
intrusion_climb-over-fence_rgb_0052_cctv1_f000086,climb-over-fence_plant_rgb,intrusion_climb-over-fence_rgb_0052_cctv1,intrusion_candidate,intrusion,[86],[2.867],"{""start_frame"": 86, ""end_frame"": 86}","[""bend/bow (at the waist), stand""]","[""danger""]",danger,"{""normal"": 0, ""unsafe"": 0, ""danger"": 1}","{""normal"": 0.0, ""unsafe"": 0.0, ""danger"": 1.0}",danger,danger,danger,True,False,labeling_yolo_single_frame,single_frame_gt_from_sampled_frame_label,danger,intrusion,True,True,True,0.5967,"{""risk_state"":""danger""}
"
intrusion_climb-over-fence_rgb_0052_cctv1_f000096,climb-over-fence_plant_rgb,intrusion_climb-over-fence_rgb_0052_cctv1,intrusion_candidate,intrusion,[96],[3.2],"{""start_frame"": 96, ""end_frame"": 96}","[""bend/bow (at the waist), carry/hold (an object)""]","[""danger""]",danger,"{""normal"": 0, ""unsafe"": 0, ""danger"": 1}","{""normal"": 0.0, ""unsafe"": 0.0, ""danger"": 1.0}",danger,danger,danger,True,False,labeling_yolo_single_frame,single_frame_gt_from_sampled_frame_label,danger,intrusion,True,True,True,0.6057,"{""risk_state"":""danger""}
"
intrusion_climb-over-fence_rgb_0052_cctv1_f000106,climb-over-fence_plant_rgb,intrusion_climb-over-fence_rgb_0052_cctv1,intrusion_candidate,intrusion,[106],[3.533],"{""start_frame"": 106, ""end_frame"": 106}","[""stand, carry/hold (an object)""]","[""danger""]",danger,"{""normal"": 0, ""unsafe"": 0, ""danger"": 1}","{""normal"": 0.0, ""unsafe"": 0.0, ""danger"": 1.0}",danger,danger,danger,True,False,labeling_yolo_single_frame,single_frame_gt_from_sampled_frame_label,danger,intrusion,True,True,True,0.6003,"{""risk_state"":""danger""}
"
intrusion_climb-over-fence_rgb_0052_cctv1_f000116,climb-over-fence_plant_rgb,intrusion_climb-over-fence_rgb_0052_cctv1,intrusion_candidate,intrusion,[116],[3.867],"{""start_frame"": 116, ""end_frame"": 116}","[""stand, carry/hold (an object)""]","[""danger""]",danger,"{""normal"": 0, ""unsafe"": 0, ""danger"": 1}","{""normal"": 0.0, ""unsafe"": 0.0, ""danger"": 1.0}",danger,danger,danger,True,False,labeling_yolo_single_frame,single_frame_gt_from_sampled_frame_label,danger,intrusion,True,True,True,0.5985,"{""risk_state"":""danger""}
"
intrusion_climb-over-fence_rgb_0052_cctv1_f000126,climb-over-fence_plant_rgb,intrusion_climb-over-fence_rgb_0052_cctv1,intrusion_candidate,intrusion,[126],[4.2],"{""start_frame"": 126, ""end_frame"": 126}","[""stand, bend/bow (at the waist)""]","[""danger""]",danger,"{""normal"": 0, ""unsafe"": 0, ""danger"": 1}","{""normal"": 0.0, ""unsafe"": 0.0, ""danger"": 1.0}",danger,danger,danger,True,False,labeling_yolo_single_frame,single_frame_gt_from_sampled_frame_label,danger,intrusion,True,True,True,0.6042,"{""risk_state"":""danger""}
"
intrusion_climb-over-fence_rgb_0052_cctv1_f000136,climb-over-fence_plant_rgb,intrusion_climb-over-fence_rgb_0052_cctv1,intrusion_candidate,intrusion,[136],[4.533],"{""start_frame"": 136, ""end_frame"": 136}","[""stand, carry/hold (an object)""]","[""danger""]",danger,"{""normal"": 0, ""unsafe"": 0, ""danger"": 1}","{""normal"": 0.0, ""unsafe"": 0.0, ""danger"": 1.0}",danger,danger,danger,True,False,labeling_yolo_single_frame,single_frame_gt_from_sampled_frame_label,danger,intrusion,True,True,True,0.6063,"{""risk_state"":""danger""}
"
intrusion_climb-over-fence_rgb_0052_cctv1_f000146,climb-over-fence_plant_rgb,intrusion_climb-over-fence_rgb_0052_cctv1,intrusion_candidate,intrusion,[146],[4.867],"{""start_frame"": 146, ""end_frame"": 146}","[""bend/bow (at the waist), carry/hold (an object)""]","[""danger""]",danger,"{""normal"": 0, ""unsafe"": 0, ""danger"": 1}","{""normal"": 0.0, ""unsafe"": 0.0, ""danger"": 1.0}",danger,danger,danger,True,False,labeling_yolo_single_frame,single_frame_gt_from_sampled_frame_label,danger,intrusion,True,True,True,0.6015,"{""risk_state"":""danger""}
"
intrusion_climb-over-fence_rgb_0052_cctv1_f000156,climb-over-fence_plant_rgb,intrusion_climb-over-fence_rgb_0052_cctv1,intrusion_candidate,intrusion,[156],[5.2],"{""start_frame"": 156, ""end_frame"": 156}","[""bend/bow (at the waist), carry/hold (an object)""]","[""danger""]",danger,"{""normal"": 0, ""unsafe"": 0, ""danger"": 1}","{""normal"": 0.0, ""unsafe"": 0.0, ""danger"": 1.0}",danger,danger,danger,True,False,labeling_yolo_single_frame,single_frame_gt_from_sampled_frame_label,danger,intrusion,True,True,True,0.6022,"{""risk_state"":""danger""}
"
intrusion_climb-over-fence_rgb_0052_cctv1_f000166,climb-over-fence_plant_rgb,intrusion_climb-over-fence_rgb_0052_cctv1,intrusion_candidate,intrusion,[166],[5.533],"{""start_frame"": 166, ""end_frame"": 166}","[""bend/bow (at the waist)""]","[""danger""]",danger,"{""normal"": 0, ""unsafe"": 0, ""danger"": 1}","{""normal"": 0.0, ""unsafe"": 0.0, ""danger"": 1.0}",danger,danger,danger,True,False,labeling_yolo_single_frame,single_frame_gt_from_sampled_frame_label,danger,intrusion,True,True,True,0.6002,"{""risk_state"":""danger""}
"
intrusion_climb-over-fence_rgb_0052_cctv1_f000176,climb-over-fence_plant_rgb,intrusion_climb-over-fence_rgb_0052_cctv1,intrusion_candidate,intrusion,[176],[5.867],"{""start_frame"": 176, ""end_frame"": 176}","[""bend/bow (at the waist), stand""]","[""danger""]",danger,"{""normal"": 0, ""unsafe"": 0, ""danger"": 1}","{""normal"": 0.0, ""unsafe"": 0.0, ""danger"": 1.0}",danger,danger,danger,True,False,labeling_yolo_single_frame,single_frame_gt_from_sampled_frame_label,danger,intrusion,True,True,True,0.5993,"{""risk_state"":""danger""}
"
intrusion_climb-over-fence_rgb_0052_cctv1_f000186,climb-over-fence_plant_rgb,intrusion_climb-over-fence_rgb_0052_cctv1,intrusion_candidate,intrusion,[186],[6.2],"{""start_frame"": 186, ""end_frame"": 186}","[""stand, carry/hold (an object)""]","[""danger""]",danger,"{""normal"": 0, ""unsafe"": 0, ""danger"": 1}","{""normal"": 0.0, ""unsafe"": 0.0, ""danger"": 1.0}",danger,danger,danger,True,False,labeling_yolo_single_frame,single_frame_gt_from_sampled_frame_label,danger,intrusion,True,True,True,0.5949,"{""risk_state"":""danger""}
"
intrusion_climb-over-fence_rgb_0052_cctv1_f000196,climb-over-fence_plant_rgb,intrusion_climb-over-fence_rgb_0052_cctv1,intrusion_candidate,intrusion,[196],[6.533],"{""start_frame"": 196, ""end_frame"": 196}","[""stand, carry/hold (an object)""]","[""danger""]",danger,"{""normal"": 0, ""unsafe"": 0, ""danger"": 1}","{""normal"": 0.0, ""unsafe"": 0.0, ""danger"": 1.0}",danger,danger,danger,True,False,labeling_yolo_single_frame,single_frame_gt_from_sampled_frame_label,danger,intrusion,True,True,True,0.5972,"{""risk_state"":""danger""}
"
intrusion_climb-over-fence_rgb_0052_cctv1_f000206,climb-over-fence_plant_rgb,intrusion_climb-over-fence_rgb_0052_cctv1,intrusion_candidate,intrusion,[206],[6.867],"{""start_frame"": 206, ""end_frame"": 206}","[""stand, carry/hold (an object)""]","[""danger""]",danger,"{""normal"": 0, ""unsafe"": 0, ""danger"": 1}","{""normal"": 0.0, ""unsafe"": 0.0, ""danger"": 1.0}",danger,danger,danger,True,False,labeling_yolo_single_frame,single_frame_gt_from_sampled_frame_label,danger,intrusion,True,True,True,0.5983,"{""risk_state"":""danger""}
"
intrusion_climb-over-fence_rgb_0052_cctv1_f000216,climb-over-fence_plant_rgb,intrusion_climb-over-fence_rgb_0052_cctv1,intrusion_candidate,intrusion,[216],[7.2],"{""start_frame"": 216, ""end_frame"": 216}","[""none""]","[""danger""]",danger,"{""normal"": 0, ""unsafe"": 0, ""danger"": 1}","{""normal"": 0.0, ""unsafe"": 0.0, ""danger"": 1.0}",danger,danger,danger,True,False,labeling_yolo_single_frame,single_frame_gt_from_sampled_frame_label,danger,intrusion,True,True,True,0.5971,"{""risk_state"":""danger""}
"
intrusion_climb-over-fence_rgb_0052_cctv1_f000226,climb-over-fence_plant_rgb,intrusion_climb-over-fence_rgb_0052_cctv1,intrusion_candidate,intrusion,[226],[7.533],"{""start_frame"": 226, ""end_frame"": 226}","[""stand, carry/hold (an object)""]","[""danger""]",danger,"{""normal"": 0, ""unsafe"": 0, ""danger"": 1}","{""normal"": 0.0, ""unsafe"": 0.0, ""danger"": 1.0}",danger,danger,danger,True,False,labeling_yolo_single_frame,single_frame_gt_from_sampled_frame_label,unsafe,intrusion,True,True,True,0.5969,"{""risk_state"":""unsafe""}
"
intrusion_climb-over-fence_rgb_0052_cctv1_f000236,climb-over-fence_plant_rgb,intrusion_climb-over-fence_rgb_0052_cctv1,intrusion_candidate,intrusion,[236],[7.867],"{""start_frame"": 236, ""end_frame"": 236}","[""stand, carry/hold (an object)""]","[""danger""]",danger,"{""normal"": 0, ""unsafe"": 0, ""danger"": 1}","{""normal"": 0.0, ""unsafe"": 0.0, ""danger"": 1.0}",danger,danger,danger,True,False,labeling_yolo_single_frame,single_frame_gt_from_sampled_frame_label,unsafe,intrusion,True,True,True,0.603,"{""risk_state"":""unsafe""}
"
intrusion_climb-over-fence_rgb_0052_cctv1_f000246,climb-over-fence_plant_rgb,intrusion_climb-over-fence_rgb_0052_cctv1,intrusion_candidate,intrusion,[246],[8.2],"{""start_frame"": 246, ""end_frame"": 246}","[""stand, carry/hold (an object)""]","[""danger""]",danger,"{""normal"": 0, ""unsafe"": 0, ""danger"": 1}","{""normal"": 0.0, ""unsafe"": 0.0, ""danger"": 1.0}",danger,danger,danger,True,False,labeling_yolo_single_frame,single_frame_gt_from_sampled_frame_label,unsafe,intrusion,True,True,True,0.6011,"{""risk_state"":""unsafe""}
"
intrusion_climb-over-fence_rgb_0054_cctv1_f000016,climb-over-fence_plant_rgb,intrusion_climb-over-fence_rgb_0054_cctv1,intrusion_candidate,intrusion,[16],[0.533],"{""start_frame"": 16, ""end_frame"": 16}","[""bend/bow (at the waist), carry/hold (an object)""]","[""danger""]",danger,"{""normal"": 0, ""unsafe"": 0, ""danger"": 1}","{""normal"": 0.0, ""unsafe"": 0.0, ""danger"": 1.0}",danger,danger,danger,True,False,labeling_yolo_single_frame,single_frame_gt_from_sampled_frame_label,danger,intrusion,True,True,True,0.5998,"{""risk_state"":""danger""}
"
intrusion_climb-over-fence_rgb_0054_cctv1_f000026,climb-over-fence_plant_rgb,intrusion_climb-over-fence_rgb_0054_cctv1,intrusion_candidate,intrusion,[26],[0.867],"{""start_frame"": 26, ""end_frame"": 26}","[""bend/bow (at the waist), carry/hold (an object)""]","[""danger""]",danger,"{""normal"": 0, ""unsafe"": 0, ""danger"": 1}","{""normal"": 0.0, ""unsafe"": 0.0, ""danger"": 1.0}",danger,danger,danger,True,False,labeling_yolo_single_frame,single_frame_gt_from_sampled_frame_label,danger,intrusion,True,True,True,0.604,"{""risk_state"":""danger""}
"
intrusion_climb-over-fence_rgb_0054_cctv1_f000036,climb-over-fence_plant_rgb,intrusion_climb-over-fence_rgb_0054_cctv1,intrusion_candidate,intrusion,[36],[1.2],"{""start_frame"": 36, ""end_frame"": 36}","[""bend/bow (at the waist), carry/hold (an object)""]","[""danger""]",danger,"{""normal"": 0, ""unsafe"": 0, ""danger"": 1}","{""normal"": 0.0, ""unsafe"": 0.0, ""danger"": 1.0}",danger,danger,danger,True,False,labeling_yolo_single_frame,single_frame_gt_from_sampled_frame_label,danger,intrusion,True,True,True,0.5974,"{""risk_state"":""danger""}
"
intrusion_climb-over-fence_rgb_0054_cctv1_f000046,climb-over-fence_plant_rgb,intrusion_climb-over-fence_rgb_0054_cctv1,intrusion_candidate,intrusion,[46],[1.533],"{""start_frame"": 46, ""end_frame"": 46}","[""bend/bow (at the waist), carry/hold (an object)""]","[""danger""]",danger,"{""normal"": 0, ""unsafe"": 0, ""danger"": 1}","{""normal"": 0.0, ""unsafe"": 0.0, ""danger"": 1.0}",danger,danger,danger,True,False,labeling_yolo_single_frame,single_frame_gt_from_sampled_frame_label,danger,intrusion,True,True,True,0.5987,"{""risk_state"":""danger""}
"
intrusion_climb-over-fence_rgb_0054_cctv1_f000056,climb-over-fence_plant_rgb,intrusion_climb-over-fence_rgb_0054_cctv1,intrusion_candidate,intrusion,[56],[1.867],"{""start_frame"": 56, ""end_frame"": 56}","[""bend/bow (at the waist), stand""]","[""danger""]",danger,"{""normal"": 0, ""unsafe"": 0, ""danger"": 1}","{""normal"": 0.0, ""unsafe"": 0.0, ""danger"": 1.0}",danger,danger,danger,True,False,labeling_yolo_single_frame,single_frame_gt_from_sampled_frame_label,danger,intrusion,True,True,True,0.5983,"{""risk_state"":""danger""}
"
intrusion_climb-over-fence_rgb_0054_cctv1_f000066,climb-over-fence_plant_rgb,intrusion_climb-over-fence_rgb_0054_cctv1,intrusion_candidate,intrusion,[66],[2.2],"{""start_frame"": 66, ""end_frame"": 66}","[""bend/bow (at the waist), stand""]","[""danger""]",danger,"{""normal"": 0, ""unsafe"": 0, ""danger"": 1}","{""normal"": 0.0, ""unsafe"": 0.0, ""danger"": 1.0}",danger,danger,danger,True,False,labeling_yolo_single_frame,single_frame_gt_from_sampled_frame_label,danger,intrusion,True,True,True,0.6085,"{""risk_state"":""danger""}
"
intrusion_climb-over-fence_rgb_0054_cctv1_f000076,climb-over-fence_plant_rgb,intrusion_climb-over-fence_rgb_0054_cctv1,intrusion_candidate,intrusion,[76],[2.533],"{""start_frame"": 76, ""end_frame"": 76}","[""stand, carry/hold (an object)""]","[""danger""]",danger,"{""normal"": 0, ""unsafe"": 0, ""danger"": 1}","{""normal"": 0.0, ""unsafe"": 0.0, ""danger"": 1.0}",danger,danger,danger,True,False,labeling_yolo_single_frame,single_frame_gt_from_sampled_frame_label,danger,intrusion,True,True,True,0.6025,"{""risk_state"":""danger""}
"
intrusion_climb-over-fence_rgb_0054_cctv1_f000086,climb-over-fence_plant_rgb,intrusion_climb-over-fence_rgb_0054_cctv1,intrusion_candidate,intrusion,[86],[2.867],"{""start_frame"": 86, ""end_frame"": 86}","[""stand, carry/hold (an object)""]","[""danger""]",danger,"{""normal"": 0, ""unsafe"": 0, ""danger"": 1}","{""normal"": 0.0, ""unsafe"": 0.0, ""danger"": 1.0}",danger,danger,danger,True,False,labeling_yolo_single_frame,single_frame_gt_from_sampled_frame_label,danger,intrusion,True,True,True,0.6028,"{""risk_state"":""danger""}
"
intrusion_climb-over-fence_rgb_0054_cctv1_f000096,climb-over-fence_plant_rgb,intrusion_climb-over-fence_rgb_0054_cctv1,intrusion_candidate,intrusion,[96],[3.2],"{""start_frame"": 96, ""end_frame"": 96}","[""stand, carry/hold (an object)""]","[""danger""]",danger,"{""normal"": 0, ""unsafe"": 0, ""danger"": 1}","{""normal"": 0.0, ""unsafe"": 0.0, ""danger"": 1.0}",danger,danger,danger,True,False,labeling_yolo_single_frame,single_frame_gt_from_sampled_frame_label,danger,intrusion,True,True,True,0.6011,"{""risk_state"":""danger""}
"
intrusion_climb-over-fence_rgb_0054_cctv1_f000106,climb-over-fence_plant_rgb,intrusion_climb-over-fence_rgb_0054_cctv1,intrusion_candidate,intrusion,[106],[3.533],"{""start_frame"": 106, ""end_frame"": 106}","[""stand, carry/hold (an object)""]","[""danger""]",danger,"{""normal"": 0, ""unsafe"": 0, ""danger"": 1}","{""normal"": 0.0, ""unsafe"": 0.0, ""danger"": 1.0}",danger,danger,danger,True,False,labeling_yolo_single_frame,single_frame_gt_from_sampled_frame_label,danger,intrusion,True,True,True,0.5981,"{""risk_state"":""danger""}
"
intrusion_climb-over-fence_rgb_0054_cctv1_f000116,climb-over-fence_plant_rgb,intrusion_climb-over-fence_rgb_0054_cctv1,intrusion_candidate,intrusion,[116],[3.867],"{""start_frame"": 116, ""end_frame"": 116}","[""carry/hold (an object), stand""]","[""danger""]",danger,"{""normal"": 0, ""unsafe"": 0, ""danger"": 1}","{""normal"": 0.0, ""unsafe"": 0.0, ""danger"": 1.0}",danger,danger,danger,True,False,labeling_yolo_single_frame,single_frame_gt_from_sampled_frame_label,danger,intrusion,True,True,True,0.5994,"{""risk_state"":""danger""}
"
intrusion_climb-over-fence_rgb_0054_cctv1_f000126,climb-over-fence_plant_rgb,intrusion_climb-over-fence_rgb_0054_cctv1,intrusion_candidate,intrusion,[126],[4.2],"{""start_frame"": 126, ""end_frame"": 126}","[""carry/hold (an object), bend/bow (at the waist)""]","[""danger""]",danger,"{""normal"": 0, ""unsafe"": 0, ""danger"": 1}","{""normal"": 0.0, ""unsafe"": 0.0, ""danger"": 1.0}",danger,danger,danger,True,False,labeling_yolo_single_frame,single_frame_gt_from_sampled_frame_label,danger,intrusion,True,True,True,0.6002,"{""risk_state"":""danger""}
"
intrusion_climb-over-fence_rgb_0054_cctv1_f000136,climb-over-fence_plant_rgb,intrusion_climb-over-fence_rgb_0054_cctv1,intrusion_candidate,intrusion,[136],[4.533],"{""start_frame"": 136, ""end_frame"": 136}","[""stand, carry/hold (an object)""]","[""danger""]",danger,"{""normal"": 0, ""unsafe"": 0, ""danger"": 1}","{""normal"": 0.0, ""unsafe"": 0.0, ""danger"": 1.0}",danger,danger,danger,True,False,labeling_yolo_single_frame,single_frame_gt_from_sampled_frame_label,danger,intrusion,True,True,True,0.5963,"{""risk_state"":""danger""}
"
intrusion_climb-over-fence_rgb_0054_cctv1_f000146,climb-over-fence_plant_rgb,intrusion_climb-over-fence_rgb_0054_cctv1,intrusion_candidate,intrusion,[146],[4.867],"{""start_frame"": 146, ""end_frame"": 146}","[""stand, carry/hold (an object)""]","[""danger""]",danger,"{""normal"": 0, ""unsafe"": 0, ""danger"": 1}","{""normal"": 0.0, ""unsafe"": 0.0, ""danger"": 1.0}",danger,danger,danger,True,False,labeling_yolo_single_frame,single_frame_gt_from_sampled_frame_label,danger,intrusion,True,True,True,0.5929,"{""risk_state"":""danger""}
"
intrusion_climb-over-fence_rgb_0054_cctv1_f000156,climb-over-fence_plant_rgb,intrusion_climb-over-fence_rgb_0054_cctv1,intrusion_candidate,intrusion,[156],[5.2],"{""start_frame"": 156, ""end_frame"": 156}","[""stand, carry/hold (an object)""]","[""danger""]",danger,"{""normal"": 0, ""unsafe"": 0, ""danger"": 1}","{""normal"": 0.0, ""unsafe"": 0.0, ""danger"": 1.0}",danger,danger,danger,True,False,labeling_yolo_single_frame,single_frame_gt_from_sampled_frame_label,danger,intrusion,True,True,True,0.5943,"{""risk_state"":""danger""}
"
intrusion_climb-over-fence_rgb_0004_cctv1_f000016,climb-over-fence_smart_rgb,intrusion_climb-over-fence_rgb_0004_cctv1,intrusion_candidate,intrusion,[16],[0.533],"{""start_frame"": 16, ""end_frame"": 16}","[""walk, carry/hold (an object)""]","[""normal""]",normal,"{""normal"": 1, ""unsafe"": 0, ""danger"": 0}","{""normal"": 1.0, ""unsafe"": 0.0, ""danger"": 0.0}",normal,normal,normal,True,False,labeling_yolo_single_frame,single_frame_gt_from_sampled_frame_label,unsafe,intrusion,True,True,True,0.6049,"{""risk_state"":""unsafe""}
"
intrusion_climb-over-fence_rgb_0004_cctv1_f000026,climb-over-fence_smart_rgb,intrusion_climb-over-fence_rgb_0004_cctv1,intrusion_candidate,intrusion,[26],[0.867],"{""start_frame"": 26, ""end_frame"": 26}","[""walk, carry/hold (an object)""]","[""normal""]",normal,"{""normal"": 1, ""unsafe"": 0, ""danger"": 0}","{""normal"": 1.0, ""unsafe"": 0.0, ""danger"": 0.0}",normal,normal,normal,True,False,labeling_yolo_single_frame,single_frame_gt_from_sampled_frame_label,unsafe,intrusion,True,True,True,0.5957,"{""risk_state"":""unsafe""}
"
intrusion_climb-over-fence_rgb_0004_cctv1_f000036,climb-over-fence_smart_rgb,intrusion_climb-over-fence_rgb_0004_cctv1,intrusion_candidate,intrusion,[36],[1.2],"{""start_frame"": 36, ""end_frame"": 36}","[""walk, carry/hold (an object)""]","[""unsafe""]",unsafe,"{""normal"": 0, ""unsafe"": 1, ""danger"": 0}","{""normal"": 0.0, ""unsafe"": 1.0, ""danger"": 0.0}",unsafe,unsafe,unsafe,True,False,labeling_yolo_single_frame,single_frame_gt_from_sampled_frame_label,unsafe,intrusion,True,True,True,0.603,"{""risk_state"":""unsafe""}
"
intrusion_climb-over-fence_rgb_0004_cctv1_f000046,climb-over-fence_smart_rgb,intrusion_climb-over-fence_rgb_0004_cctv1,intrusion_candidate,intrusion,[46],[1.533],"{""start_frame"": 46, ""end_frame"": 46}","[""run/jog, carry/hold (an object)""]","[""danger""]",danger,"{""normal"": 0, ""unsafe"": 0, ""danger"": 1}","{""normal"": 0.0, ""unsafe"": 0.0, ""danger"": 1.0}",danger,danger,danger,True,False,labeling_yolo_single_frame,single_frame_gt_from_sampled_frame_label,danger,intrusion,True,True,True,0.6042,"{""risk_state"":""danger""}
"
intrusion_climb-over-fence_rgb_0004_cctv1_f000056,climb-over-fence_smart_rgb,intrusion_climb-over-fence_rgb_0004_cctv1,intrusion_candidate,intrusion,[56],[1.867],"{""start_frame"": 56, ""end_frame"": 56}","[""carry/hold (an object), walk""]","[""danger""]",danger,"{""normal"": 0, ""unsafe"": 0, ""danger"": 1}","{""normal"": 0.0, ""unsafe"": 0.0, ""danger"": 1.0}",danger,danger,danger,True,False,labeling_yolo_single_frame,single_frame_gt_from_sampled_frame_label,danger,intrusion,True,True,True,0.598,"{""risk_state"":""danger""}
"
intrusion_climb-over-fence_rgb_0004_cctv1_f000066,climb-over-fence_smart_rgb,intrusion_climb-over-fence_rgb_0004_cctv1,intrusion_candidate,intrusion,[66],[2.2],"{""start_frame"": 66, ""end_frame"": 66}","[""walk, carry/hold (an object)""]","[""danger""]",danger,"{""normal"": 0, ""unsafe"": 0, ""danger"": 1}","{""normal"": 0.0, ""unsafe"": 0.0, ""danger"": 1.0}",danger,danger,danger,True,False,labeling_yolo_single_frame,single_frame_gt_from_sampled_frame_label,danger,intrusion,True,True,True,0.6007,"{""risk_state"":""danger""}
"
intrusion_climb-over-fence_rgb_0004_cctv1_f000076,climb-over-fence_smart_rgb,intrusion_climb-over-fence_rgb_0004_cctv1,intrusion_candidate,intrusion,[76],[2.533],"{""start_frame"": 76, ""end_frame"": 76}","[""walk, carry/hold (an object)""]","[""danger""]",danger,"{""normal"": 0, ""unsafe"": 0, ""danger"": 1}","{""normal"": 0.0, ""unsafe"": 0.0, ""danger"": 1.0}",danger,danger,danger,True,False,labeling_yolo_single_frame,single_frame_gt_from_sampled_frame_label,unsafe,intrusion,True,True,True,0.5987,"{""risk_state"":""unsafe""}
"
intrusion_climb-over-fence_rgb_0004_cctv1_f000086,climb-over-fence_smart_rgb,intrusion_climb-over-fence_rgb_0004_cctv1,intrusion_candidate,intrusion,[86],[2.867],"{""start_frame"": 86, ""end_frame"": 86}","[""stand, carry/hold (an object)""]","[""danger""]",danger,"{""normal"": 0, ""unsafe"": 0, ""danger"": 1}","{""normal"": 0.0, ""unsafe"": 0.0, ""danger"": 1.0}",danger,danger,danger,True,False,labeling_yolo_single_frame,single_frame_gt_from_sampled_frame_label,unsafe,intrusion,True,True,True,0.6096,"{""risk_state"":""unsafe""}
"
intrusion_climb-over-fence_rgb_0004_cctv1_f000096,climb-over-fence_smart_rgb,intrusion_climb-over-fence_rgb_0004_cctv1,intrusion_candidate,intrusion,[96],[3.2],"{""start_frame"": 96, ""end_frame"": 96}","[""stand, answer phone""]","[""danger""]",danger,"{""normal"": 0, ""unsafe"": 0, ""danger"": 1}","{""normal"": 0.0, ""unsafe"": 0.0, ""danger"": 1.0}",danger,danger,danger,True,False,labeling_yolo_single_frame,single_frame_gt_from_sampled_frame_label,unsafe,intrusion,True,True,True,0.6031,"{""risk_state"":""unsafe""}
"
intrusion_climb-over-fence_rgb_0004_cctv1_f000106,climb-over-fence_smart_rgb,intrusion_climb-over-fence_rgb_0004_cctv1,intrusion_candidate,intrusion,[106],[3.533],"{""start_frame"": 106, ""end_frame"": 106}","[""stand""]","[""danger""]",danger,"{""normal"": 0, ""unsafe"": 0, ""danger"": 1}","{""normal"": 0.0, ""unsafe"": 0.0, ""danger"": 1.0}",danger,danger,danger,True,False,labeling_yolo_single_frame,single_frame_gt_from_sampled_frame_label,unsafe,intrusion,True,True,True,0.6004,"{""risk_state"":""unsafe""}
"
intrusion_climb-over-fence_rgb_0004_cctv1_f000116,climb-over-fence_smart_rgb,intrusion_climb-over-fence_rgb_0004_cctv1,intrusion_candidate,intrusion,[116],[3.867],"{""start_frame"": 116, ""end_frame"": 116}","[""stand, answer phone""]","[""danger""]",danger,"{""normal"": 0, ""unsafe"": 0, ""danger"": 1}","{""normal"": 0.0, ""unsafe"": 0.0, ""danger"": 1.0}",danger,danger,danger,True,False,labeling_yolo_single_frame,single_frame_gt_from_sampled_frame_label,unsafe,intrusion,True,True,True,0.7258,"{""risk_state"":""unsafe""}
"
intrusion_climb-over-fence_rgb_0004_cctv1_f000126,climb-over-fence_smart_rgb,intrusion_climb-over-fence_rgb_0004_cctv1,intrusion_candidate,intrusion,[126],[4.2],"{""start_frame"": 126, ""end_frame"": 126}","[""stand, answer phone""]","[""danger""]",danger,"{""normal"": 0, ""unsafe"": 0, ""danger"": 1}","{""normal"": 0.0, ""unsafe"": 0.0, ""danger"": 1.0}",danger,danger,danger,True,False,labeling_yolo_single_frame,single_frame_gt_from_sampled_frame_label,unsafe,intrusion,True,True,True,0.6009,"{""risk_state"":""unsafe""}
"
intrusion_climb-over-fence_rgb_0004_cctv1_f000136,climb-over-fence_smart_rgb,intrusion_climb-over-fence_rgb_0004_cctv1,intrusion_candidate,intrusion,[136],[4.533],"{""start_frame"": 136, ""end_frame"": 136}","[""stand, answer phone""]","[""danger""]",danger,"{""normal"": 0, ""unsafe"": 0, ""danger"": 1}","{""normal"": 0.0, ""unsafe"": 0.0, ""danger"": 1.0}",danger,danger,danger,True,False,labeling_yolo_single_frame,single_frame_gt_from_sampled_frame_label,unsafe,intrusion,True,True,True,0.5984,"{""risk_state"":""unsafe""}
"
intrusion_climb-over-fence_rgb_0004_cctv1_f000146,climb-over-fence_smart_rgb,intrusion_climb-over-fence_rgb_0004_cctv1,intrusion_candidate,intrusion,[146],[4.867],"{""start_frame"": 146, ""end_frame"": 146}","[""stand, answer phone""]","[""danger""]",danger,"{""normal"": 0, ""unsafe"": 0, ""danger"": 1}","{""normal"": 0.0, ""unsafe"": 0.0, ""danger"": 1.0}",danger,danger,danger,True,False,labeling_yolo_single_frame,single_frame_gt_from_sampled_frame_label,unsafe,intrusion,True,True,True,0.6082,"{""risk_state"":""unsafe""}
"
intrusion_climb-over-fence_rgb_0004_cctv1_f000156,climb-over-fence_smart_rgb,intrusion_climb-over-fence_rgb_0004_cctv1,intrusion_candidate,intrusion,[156],[5.2],"{""start_frame"": 156, ""end_frame"": 156}","[""stand, answer phone""]","[""danger""]",danger,"{""normal"": 0, ""unsafe"": 0, ""danger"": 1}","{""normal"": 0.0, ""unsafe"": 0.0, ""danger"": 1.0}",danger,danger,danger,True,False,labeling_yolo_single_frame,single_frame_gt_from_sampled_frame_label,unsafe,intrusion,True,True,True,0.6043,"{""risk_state"":""unsafe""}
"
intrusion_climb-over-fence_rgb_0004_cctv1_f000166,climb-over-fence_smart_rgb,intrusion_climb-over-fence_rgb_0004_cctv1,intrusion_candidate,intrusion,[166],[5.533],"{""start_frame"": 166, ""end_frame"": 166}","[""stand, carry/hold (an object)""]","[""danger""]",danger,"{""normal"": 0, ""unsafe"": 0, ""danger"": 1}","{""normal"": 0.0, ""unsafe"": 0.0, ""danger"": 1.0}",danger,danger,danger,True,False,labeling_yolo_single_frame,single_frame_gt_from_sampled_frame_label,unsafe,intrusion,True,True,True,0.6021,"{""risk_state"":""unsafe""}
"
intrusion_climb-over-fence_rgb_0004_cctv1_f000176,climb-over-fence_smart_rgb,intrusion_climb-over-fence_rgb_0004_cctv1,intrusion_candidate,intrusion,[176],[5.867],"{""start_frame"": 176, ""end_frame"": 176}","[""walk, carry/hold (an object)""]","[""danger""]",danger,"{""normal"": 0, ""unsafe"": 0, ""danger"": 1}","{""normal"": 0.0, ""unsafe"": 0.0, ""danger"": 1.0}",danger,danger,danger,True,False,labeling_yolo_single_frame,single_frame_gt_from_sampled_frame_label,danger,intrusion,True,True,True,0.6043,"{""risk_state"":""danger""}
"
intrusion_climb-over-fence_rgb_0004_cctv1_f000186,climb-over-fence_smart_rgb,intrusion_climb-over-fence_rgb_0004_cctv1,intrusion_candidate,intrusion,[186],[6.2],"{""start_frame"": 186, ""end_frame"": 186}","[""stand, carry/hold (an object)""]","[""danger""]",danger,"{""normal"": 0, ""unsafe"": 0, ""danger"": 1}","{""normal"": 0.0, ""unsafe"": 0.0, ""danger"": 1.0}",danger,danger,danger,True,False,labeling_yolo_single_frame,single_frame_gt_from_sampled_frame_label,danger,intrusion,True,True,True,0.6081,"{""risk_state"":""danger""}
"
intrusion_climb-over-fence_rgb_0004_cctv1_f000196,climb-over-fence_smart_rgb,intrusion_climb-over-fence_rgb_0004_cctv1,intrusion_candidate,intrusion,[196],[6.533],"{""start_frame"": 196, ""end_frame"": 196}","[""stand, carry/hold (an object)""]","[""danger""]",danger,"{""normal"": 0, ""unsafe"": 0, ""danger"": 1}","{""normal"": 0.0, ""unsafe"": 0.0, ""danger"": 1.0}",danger,danger,danger,True,False,labeling_yolo_single_frame,single_frame_gt_from_sampled_frame_label,danger,intrusion,True,True,True,0.6041,"{""risk_state"":""danger""}
"
intrusion_climb-over-fence_rgb_0004_cctv1_f000206,climb-over-fence_smart_rgb,intrusion_climb-over-fence_rgb_0004_cctv1,intrusion_candidate,intrusion,[206],[6.867],"{""start_frame"": 206, ""end_frame"": 206}","[""stand, walk""]","[""danger""]",danger,"{""normal"": 0, ""unsafe"": 0, ""danger"": 1}","{""normal"": 0.0, ""unsafe"": 0.0, ""danger"": 1.0}",danger,danger,danger,True,False,labeling_yolo_single_frame,single_frame_gt_from_sampled_frame_label,danger,intrusion,True,True,True,0.6008,"{""risk_state"":""danger""}
"
intrusion_climb-over-fence_rgb_0004_cctv1_f000216,climb-over-fence_smart_rgb,intrusion_climb-over-fence_rgb_0004_cctv1,intrusion_candidate,intrusion,[216],[7.2],"{""start_frame"": 216, ""end_frame"": 216}","[""bend/bow (at the waist), carry/hold (an object)""]","[""danger""]",danger,"{""normal"": 0, ""unsafe"": 0, ""danger"": 1}","{""normal"": 0.0, ""unsafe"": 0.0, ""danger"": 1.0}",danger,danger,danger,True,False,labeling_yolo_single_frame,single_frame_gt_from_sampled_frame_label,danger,intrusion,True,True,True,0.6108,"{""risk_state"":""danger""}
"
intrusion_climb-over-fence_rgb_0004_cctv1_f000226,climb-over-fence_smart_rgb,intrusion_climb-over-fence_rgb_0004_cctv1,intrusion_candidate,intrusion,[226],[7.533],"{""start_frame"": 226, ""end_frame"": 226}","[""bend/bow (at the waist), carry/hold (an object)""]","[""danger""]",danger,"{""normal"": 0, ""unsafe"": 0, ""danger"": 1}","{""normal"": 0.0, ""unsafe"": 0.0, ""danger"": 1.0}",danger,danger,danger,True,False,labeling_yolo_single_frame,single_frame_gt_from_sampled_frame_label,danger,intrusion,True,True,True,0.6073,"{""risk_state"":""danger""}
"
intrusion_climb-over-fence_rgb_0004_cctv1_f000236,climb-over-fence_smart_rgb,intrusion_climb-over-fence_rgb_0004_cctv1,intrusion_candidate,intrusion,[236],[7.867],"{""start_frame"": 236, ""end_frame"": 236}","[""bend/bow (at the waist), carry/hold (an object)""]","[""danger""]",danger,"{""normal"": 0, ""unsafe"": 0, ""danger"": 1}","{""normal"": 0.0, ""unsafe"": 0.0, ""danger"": 1.0}",danger,danger,danger,True,False,labeling_yolo_single_frame,single_frame_gt_from_sampled_frame_label,danger,intrusion,True,True,True,0.6025,"{""risk_state"":""danger""}
"
intrusion_climb-over-fence_rgb_0004_cctv1_f000246,climb-over-fence_smart_rgb,intrusion_climb-over-fence_rgb_0004_cctv1,intrusion_candidate,intrusion,[246],[8.2],"{""start_frame"": 246, ""end_frame"": 246}","[""stand, carry/hold (an object)""]","[""danger""]",danger,"{""normal"": 0, ""unsafe"": 0, ""danger"": 1}","{""normal"": 0.0, ""unsafe"": 0.0, ""danger"": 1.0}",danger,danger,danger,True,False,labeling_yolo_single_frame,single_frame_gt_from_sampled_frame_label,unsafe,intrusion,True,True,True,0.6015,"{""risk_state"":""unsafe""}
"
intrusion_climb-over-fence_rgb_0004_cctv1_f000256,climb-over-fence_smart_rgb,intrusion_climb-over-fence_rgb_0004_cctv1,intrusion_candidate,intrusion,[256],[8.533],"{""start_frame"": 256, ""end_frame"": 256}","[""stand, answer phone""]","[""danger""]",danger,"{""normal"": 0, ""unsafe"": 0, ""danger"": 1}","{""normal"": 0.0, ""unsafe"": 0.0, ""danger"": 1.0}",danger,danger,danger,True,False,labeling_yolo_single_frame,single_frame_gt_from_sampled_frame_label,danger,intrusion,True,True,True,0.6015,"{""risk_state"":""danger""}
"
intrusion_climb-over-fence_rgb_0004_cctv1_f000266,climb-over-fence_smart_rgb,intrusion_climb-over-fence_rgb_0004_cctv1,intrusion_candidate,intrusion,[266],[8.867],"{""start_frame"": 266, ""end_frame"": 266}","[""stand, answer phone""]","[""danger""]",danger,"{""normal"": 0, ""unsafe"": 0, ""danger"": 1}","{""normal"": 0.0, ""unsafe"": 0.0, ""danger"": 1.0}",danger,danger,danger,True,False,labeling_yolo_single_frame,single_frame_gt_from_sampled_frame_label,danger,intrusion,True,True,True,0.6025,"{""risk_state"":""danger""}
"
intrusion_climb-over-fence_rgb_0004_cctv1_f000276,climb-over-fence_smart_rgb,intrusion_climb-over-fence_rgb_0004_cctv1,intrusion_candidate,intrusion,[276],[9.2],"{""start_frame"": 276, ""end_frame"": 276}","[""stand, answer phone""]","[""danger""]",danger,"{""normal"": 0, ""unsafe"": 0, ""danger"": 1}","{""normal"": 0.0, ""unsafe"": 0.0, ""danger"": 1.0}",danger,danger,danger,True,False,labeling_yolo_single_frame,single_frame_gt_from_sampled_frame_label,danger,intrusion,True,True,True,0.6044,"{""risk_state"":""danger""}
"
intrusion_climb-over-fence_rgb_0004_cctv1_f000286,climb-over-fence_smart_rgb,intrusion_climb-over-fence_rgb_0004_cctv1,intrusion_candidate,intrusion,[286],[9.533],"{""start_frame"": 286, ""end_frame"": 286}","[""stand, carry/hold (an object)""]","[""danger""]",danger,"{""normal"": 0, ""unsafe"": 0, ""danger"": 1}","{""normal"": 0.0, ""unsafe"": 0.0, ""danger"": 1.0}",danger,danger,danger,True,False,labeling_yolo_single_frame,single_frame_gt_from_sampled_frame_label,danger,intrusion,True,True,True,0.608,"{""risk_state"":""danger""}
"
intrusion_climb-over-fence_rgb_0004_cctv1_f000296,climb-over-fence_smart_rgb,intrusion_climb-over-fence_rgb_0004_cctv1,intrusion_candidate,intrusion,[296],[9.867],"{""start_frame"": 296, ""end_frame"": 296}","[""bend/bow (at the waist), carry/hold (an object)""]","[""danger""]",danger,"{""normal"": 0, ""unsafe"": 0, ""danger"": 1}","{""normal"": 0.0, ""unsafe"": 0.0, ""danger"": 1.0}",danger,danger,danger,True,False,labeling_yolo_single_frame,single_frame_gt_from_sampled_frame_label,danger,intrusion,True,True,True,0.6049,"{""risk_state"":""danger""}
"
intrusion_climb-over-fence_rgb_0004_cctv1_f000306,climb-over-fence_smart_rgb,intrusion_climb-over-fence_rgb_0004_cctv1,intrusion_candidate,intrusion,[306],[10.2],"{""start_frame"": 306, ""end_frame"": 306}","[""stand, carry/hold (an object)""]","[""danger""]",danger,"{""normal"": 0, ""unsafe"": 0, ""danger"": 1}","{""normal"": 0.0, ""unsafe"": 0.0, ""danger"": 1.0}",danger,danger,danger,True,False,labeling_yolo_single_frame,single_frame_gt_from_sampled_frame_label,danger,intrusion,True,True,True,0.6027,"{""risk_state"":""danger""}
"
intrusion_climb-over-fence_rgb_0004_cctv1_f000316,climb-over-fence_smart_rgb,intrusion_climb-over-fence_rgb_0004_cctv1,intrusion_candidate,intrusion,[316],[10.533],"{""start_frame"": 316, ""end_frame"": 316}","[""stand, carry/hold (an object)""]","[""danger""]",danger,"{""normal"": 0, ""unsafe"": 0, ""danger"": 1}","{""normal"": 0.0, ""unsafe"": 0.0, ""danger"": 1.0}",danger,danger,danger,True,False,labeling_yolo_single_frame,single_frame_gt_from_sampled_frame_label,danger,intrusion,True,True,True,0.5991,"{""risk_state"":""danger""}
"
intrusion_climb-over-fence_rgb_0004_cctv1_f000326,climb-over-fence_smart_rgb,intrusion_climb-over-fence_rgb_0004_cctv1,intrusion_candidate,intrusion,[326],[10.867],"{""start_frame"": 326, ""end_frame"": 326}","[""bend/bow (at the waist), carry/hold (an object)""]","[""danger""]",danger,"{""normal"": 0, ""unsafe"": 0, ""danger"": 1}","{""normal"": 0.0, ""unsafe"": 0.0, ""danger"": 1.0}",danger,danger,danger,True,False,labeling_yolo_single_frame,single_frame_gt_from_sampled_frame_label,danger,intrusion,True,True,True,0.6044,"{""risk_state"":""danger""}
"
intrusion_climb-over-fence_rgb_0004_cctv1_f000336,climb-over-fence_smart_rgb,intrusion_climb-over-fence_rgb_0004_cctv1,intrusion_candidate,intrusion,[336],[11.2],"{""start_frame"": 336, ""end_frame"": 336}","[""stand, answer phone""]","[""danger""]",danger,"{""normal"": 0, ""unsafe"": 0, ""danger"": 1}","{""normal"": 0.0, ""unsafe"": 0.0, ""danger"": 1.0}",danger,danger,danger,True,False,labeling_yolo_single_frame,single_frame_gt_from_sampled_frame_label,danger,intrusion,True,True,True,0.7224,"{""risk_state"":""danger""}
"
intrusion_climb-over-fence_rgb_0004_cctv1_f000346,climb-over-fence_smart_rgb,intrusion_climb-over-fence_rgb_0004_cctv1,intrusion_candidate,intrusion,[346],[11.533],"{""start_frame"": 346, ""end_frame"": 346}","[""stand, answer phone""]","[""danger""]",danger,"{""normal"": 0, ""unsafe"": 0, ""danger"": 1}","{""normal"": 0.0, ""unsafe"": 0.0, ""danger"": 1.0}",danger,danger,danger,True,False,labeling_yolo_single_frame,single_frame_gt_from_sampled_frame_label,danger,intrusion,True,True,True,0.6019,"{""risk_state"":""danger""}
"
intrusion_climb-over-fence_rgb_0004_cctv1_f000356,climb-over-fence_smart_rgb,intrusion_climb-over-fence_rgb_0004_cctv1,intrusion_candidate,intrusion,[356],[11.867],"{""start_frame"": 356, ""end_frame"": 356}","[""bend/bow (at the waist), stand""]","[""danger""]",danger,"{""normal"": 0, ""unsafe"": 0, ""danger"": 1}","{""normal"": 0.0, ""unsafe"": 0.0, ""danger"": 1.0}",danger,danger,danger,True,False,labeling_yolo_single_frame,single_frame_gt_from_sampled_frame_label,danger,intrusion,True,True,True,0.6019,"{""risk_state"":""danger""}
"
intrusion_climb-over-fence_rgb_0004_cctv1_f000366,climb-over-fence_smart_rgb,intrusion_climb-over-fence_rgb_0004_cctv1,intrusion_candidate,intrusion,[366],[12.2],"{""start_frame"": 366, ""end_frame"": 366}","[""bend/bow (at the waist), carry/hold (an object)""]","[""danger""]",danger,"{""normal"": 0, ""unsafe"": 0, ""danger"": 1}","{""normal"": 0.0, ""unsafe"": 0.0, ""danger"": 1.0}",danger,danger,danger,True,False,labeling_yolo_single_frame,single_frame_gt_from_sampled_frame_label,danger,intrusion,True,True,True,0.6028,"{""risk_state"":""danger""}
"
intrusion_climb-over-fence_rgb_0004_cctv1_f000376,climb-over-fence_smart_rgb,intrusion_climb-over-fence_rgb_0004_cctv1,intrusion_candidate,intrusion,[376],[12.533],"{""start_frame"": 376, ""end_frame"": 376}","[""bend/bow (at the waist), stand""]","[""danger""]",danger,"{""normal"": 0, ""unsafe"": 0, ""danger"": 1}","{""normal"": 0.0, ""unsafe"": 0.0, ""danger"": 1.0}",danger,danger,danger,True,False,labeling_yolo_single_frame,single_frame_gt_from_sampled_frame_label,danger,intrusion,True,True,True,0.5976,"{""risk_state"":""danger""}
"
intrusion_climb-over-fence_rgb_0004_cctv1_f000386,climb-over-fence_smart_rgb,intrusion_climb-over-fence_rgb_0004_cctv1,intrusion_candidate,intrusion,[386],[12.867],"{""start_frame"": 386, ""end_frame"": 386}","[""bend/bow (at the waist), stand""]","[""danger""]",danger,"{""normal"": 0, ""unsafe"": 0, ""danger"": 1}","{""normal"": 0.0, ""unsafe"": 0.0, ""danger"": 1.0}",danger,danger,danger,True,False,labeling_yolo_single_frame,single_frame_gt_from_sampled_frame_label,danger,intrusion,True,True,True,0.6093,"{""risk_state"":""danger""}
"
intrusion_climb-over-fence_rgb_0004_cctv1_f000396,climb-over-fence_smart_rgb,intrusion_climb-over-fence_rgb_0004_cctv1,intrusion_candidate,intrusion,[396],[13.2],"{""start_frame"": 396, ""end_frame"": 396}","[""sit, stand""]","[""danger""]",danger,"{""normal"": 0, ""unsafe"": 0, ""danger"": 1}","{""normal"": 0.0, ""unsafe"": 0.0, ""danger"": 1.0}",danger,danger,danger,True,False,labeling_yolo_single_frame,single_frame_gt_from_sampled_frame_label,danger,intrusion,True,True,True,0.5995,"{""risk_state"":""danger""}
"
intrusion_climb-over-fence_rgb_0004_cctv1_f000406,climb-over-fence_smart_rgb,intrusion_climb-over-fence_rgb_0004_cctv1,intrusion_candidate,intrusion,[406],[13.533],"{""start_frame"": 406, ""end_frame"": 406}","[""stand, sit""]","[""danger""]",danger,"{""normal"": 0, ""unsafe"": 0, ""danger"": 1}","{""normal"": 0.0, ""unsafe"": 0.0, ""danger"": 1.0}",danger,danger,danger,True,False,labeling_yolo_single_frame,single_frame_gt_from_sampled_frame_label,danger,intrusion,True,True,True,0.6016,"{""risk_state"":""danger""}
"
intrusion_climb-over-fence_rgb_0004_cctv1_f000416,climb-over-fence_smart_rgb,intrusion_climb-over-fence_rgb_0004_cctv1,intrusion_candidate,intrusion,[416],[13.867],"{""start_frame"": 416, ""end_frame"": 416}","[""stand""]","[""danger""]",danger,"{""normal"": 0, ""unsafe"": 0, ""danger"": 1}","{""normal"": 0.0, ""unsafe"": 0.0, ""danger"": 1.0}",danger,danger,danger,True,False,labeling_yolo_single_frame,single_frame_gt_from_sampled_frame_label,danger,intrusion,True,True,True,0.6022,"{""risk_state"":""danger""}
"
intrusion_climb-over-fence_rgb_0004_cctv1_f000426,climb-over-fence_smart_rgb,intrusion_climb-over-fence_rgb_0004_cctv1,intrusion_candidate,intrusion,[426],[14.2],"{""start_frame"": 426, ""end_frame"": 426}","[""stand""]","[""danger""]",danger,"{""normal"": 0, ""unsafe"": 0, ""danger"": 1}","{""normal"": 0.0, ""unsafe"": 0.0, ""danger"": 1.0}",danger,danger,danger,True,False,labeling_yolo_single_frame,single_frame_gt_from_sampled_frame_label,danger,intrusion,True,True,True,0.6,"{""risk_state"":""danger""}
"
intrusion_climb-over-fence_rgb_0004_cctv1_f000436,climb-over-fence_smart_rgb,intrusion_climb-over-fence_rgb_0004_cctv1,intrusion_candidate,intrusion,[436],[14.533],"{""start_frame"": 436, ""end_frame"": 436}","[""bend/bow (at the waist), stand""]","[""danger""]",danger,"{""normal"": 0, ""unsafe"": 0, ""danger"": 1}","{""normal"": 0.0, ""unsafe"": 0.0, ""danger"": 1.0}",danger,danger,danger,True,False,labeling_yolo_single_frame,single_frame_gt_from_sampled_frame_label,danger,intrusion,True,True,True,0.5999,"{""risk_state"":""danger""}
"
intrusion_climb-over-fence_rgb_0004_cctv1_f000446,climb-over-fence_smart_rgb,intrusion_climb-over-fence_rgb_0004_cctv1,intrusion_candidate,intrusion,[446],[14.867],"{""start_frame"": 446, ""end_frame"": 446}","[""bend/bow (at the waist), carry/hold (an object)""]","[""danger""]",danger,"{""normal"": 0, ""unsafe"": 0, ""danger"": 1}","{""normal"": 0.0, ""unsafe"": 0.0, ""danger"": 1.0}",danger,danger,danger,True,False,labeling_yolo_single_frame,single_frame_gt_from_sampled_frame_label,danger,intrusion,True,True,True,0.6037,"{""risk_state"":""danger""}
"
intrusion_climb-over-fence_rgb_0004_cctv1_f000456,climb-over-fence_smart_rgb,intrusion_climb-over-fence_rgb_0004_cctv1,intrusion_candidate,intrusion,[456],[15.2],"{""start_frame"": 456, ""end_frame"": 456}","[""bend/bow (at the waist), carry/hold (an object)""]","[""danger""]",danger,"{""normal"": 0, ""unsafe"": 0, ""danger"": 1}","{""normal"": 0.0, ""unsafe"": 0.0, ""danger"": 1.0}",danger,danger,danger,True,False,labeling_yolo_single_frame,single_frame_gt_from_sampled_frame_label,danger,intrusion,True,True,True,0.6061,"{""risk_state"":""danger""}
"
intrusion_climb-over-fence_rgb_0005_cctv2_f000016,climb-over-fence_smart_rgb,intrusion_climb-over-fence_rgb_0005_cctv2,intrusion_candidate,intrusion,[16],[0.533],"{""start_frame"": 16, ""end_frame"": 16}","[""walk, carry/hold (an object)""]","[""normal""]",normal,"{""normal"": 1, ""unsafe"": 0, ""danger"": 0}","{""normal"": 1.0, ""unsafe"": 0.0, ""danger"": 0.0}",normal,normal,normal,True,False,labeling_yolo_single_frame,single_frame_gt_from_sampled_frame_label,normal,normal,False,True,True,0.6009,"{""risk_state"":""normal""}
"
intrusion_climb-over-fence_rgb_0005_cctv2_f000026,climb-over-fence_smart_rgb,intrusion_climb-over-fence_rgb_0005_cctv2,intrusion_candidate,intrusion,[26],[0.867],"{""start_frame"": 26, ""end_frame"": 26}","[""walk, carry/hold (an object)""]","[""normal""]",normal,"{""normal"": 1, ""unsafe"": 0, ""danger"": 0}","{""normal"": 1.0, ""unsafe"": 0.0, ""danger"": 0.0}",normal,normal,normal,True,False,labeling_yolo_single_frame,single_frame_gt_from_sampled_frame_label,normal,normal,False,True,True,0.6083,"{""risk_state"":""normal""}
"
intrusion_climb-over-fence_rgb_0005_cctv2_f000036,climb-over-fence_smart_rgb,intrusion_climb-over-fence_rgb_0005_cctv2,intrusion_candidate,intrusion,[36],[1.2],"{""start_frame"": 36, ""end_frame"": 36}","[""walk, carry/hold (an object)""]","[""normal""]",normal,"{""normal"": 1, ""unsafe"": 0, ""danger"": 0}","{""normal"": 1.0, ""unsafe"": 0.0, ""danger"": 0.0}",normal,normal,normal,True,False,labeling_yolo_single_frame,single_frame_gt_from_sampled_frame_label,unsafe,intrusion,True,True,True,0.5946,"{""risk_state"":""unsafe""}
"
intrusion_climb-over-fence_rgb_0005_cctv2_f000046,climb-over-fence_smart_rgb,intrusion_climb-over-fence_rgb_0005_cctv2,intrusion_candidate,intrusion,[46],[1.533],"{""start_frame"": 46, ""end_frame"": 46}","[""walk, carry/hold (an object)""]","[""normal""]",normal,"{""normal"": 1, ""unsafe"": 0, ""danger"": 0}","{""normal"": 1.0, ""unsafe"": 0.0, ""danger"": 0.0}",normal,normal,normal,True,False,labeling_yolo_single_frame,single_frame_gt_from_sampled_frame_label,normal,normal,False,True,True,0.5934,"{""risk_state"":""normal""}
"
intrusion_climb-over-fence_rgb_0005_cctv2_f000056,climb-over-fence_smart_rgb,intrusion_climb-over-fence_rgb_0005_cctv2,intrusion_candidate,intrusion,[56],[1.867],"{""start_frame"": 56, ""end_frame"": 56}","[""walk, carry/hold (an object)""]","[""normal""]",normal,"{""normal"": 1, ""unsafe"": 0, ""danger"": 0}","{""normal"": 1.0, ""unsafe"": 0.0, ""danger"": 0.0}",normal,normal,normal,True,False,labeling_yolo_single_frame,single_frame_gt_from_sampled_frame_label,unsafe,intrusion,True,True,True,0.5844,"{""risk_state"":""unsafe""}
"
intrusion_climb-over-fence_rgb_0005_cctv2_f000066,climb-over-fence_smart_rgb,intrusion_climb-over-fence_rgb_0005_cctv2,intrusion_candidate,intrusion,[66],[2.2],"{""start_frame"": 66, ""end_frame"": 66}","[""walk, carry/hold (an object)""]","[""unsafe""]",unsafe,"{""normal"": 0, ""unsafe"": 1, ""danger"": 0}","{""normal"": 0.0, ""unsafe"": 1.0, ""danger"": 0.0}",unsafe,unsafe,unsafe,True,False,labeling_yolo_single_frame,single_frame_gt_from_sampled_frame_label,normal,normal,False,True,True,0.6031,"{""risk_state"":""normal""}
"
intrusion_climb-over-fence_rgb_0005_cctv2_f000076,climb-over-fence_smart_rgb,intrusion_climb-over-fence_rgb_0005_cctv2,intrusion_candidate,intrusion,[76],[2.533],"{""start_frame"": 76, ""end_frame"": 76}","[""walk, carry/hold (an object)""]","[""unsafe""]",unsafe,"{""normal"": 0, ""unsafe"": 1, ""danger"": 0}","{""normal"": 0.0, ""unsafe"": 1.0, ""danger"": 0.0}",unsafe,unsafe,unsafe,True,False,labeling_yolo_single_frame,single_frame_gt_from_sampled_frame_label,unsafe,intrusion,True,True,True,0.6085,"{""risk_state"":""unsafe""}
"
intrusion_climb-over-fence_rgb_0005_cctv2_f000086,climb-over-fence_smart_rgb,intrusion_climb-over-fence_rgb_0005_cctv2,intrusion_candidate,intrusion,[86],[2.867],"{""start_frame"": 86, ""end_frame"": 86}","[""carry/hold (an object), stand""]","[""danger""]",danger,"{""normal"": 0, ""unsafe"": 0, ""danger"": 1}","{""normal"": 0.0, ""unsafe"": 0.0, ""danger"": 1.0}",danger,danger,danger,True,False,labeling_yolo_single_frame,single_frame_gt_from_sampled_frame_label,unsafe,intrusion,True,True,True,0.6081,"{""risk_state"":""unsafe""}
"
intrusion_climb-over-fence_rgb_0005_cctv2_f000096,climb-over-fence_smart_rgb,intrusion_climb-over-fence_rgb_0005_cctv2,intrusion_candidate,intrusion,[96],[3.2],"{""start_frame"": 96, ""end_frame"": 96}","[""carry/hold (an object), walk""]","[""danger""]",danger,"{""normal"": 0, ""unsafe"": 0, ""danger"": 1}","{""normal"": 0.0, ""unsafe"": 0.0, ""danger"": 1.0}",danger,danger,danger,True,False,labeling_yolo_single_frame,single_frame_gt_from_sampled_frame_label,danger,intrusion,True,True,True,0.588,"{""risk_state"":""danger""}
"
intrusion_climb-over-fence_rgb_0005_cctv2_f000106,climb-over-fence_smart_rgb,intrusion_climb-over-fence_rgb_0005_cctv2,intrusion_candidate,intrusion,[106],[3.533],"{""start_frame"": 106, ""end_frame"": 106}","[""carry/hold (an object), stand""]","[""danger""]",danger,"{""normal"": 0, ""unsafe"": 0, ""danger"": 1}","{""normal"": 0.0, ""unsafe"": 0.0, ""danger"": 1.0}",danger,danger,danger,True,False,labeling_yolo_single_frame,single_frame_gt_from_sampled_frame_label,danger,intrusion,True,True,True,0.6074,"{""risk_state"":""danger""}
"
intrusion_climb-over-fence_rgb_0005_cctv2_f000116,climb-over-fence_smart_rgb,intrusion_climb-over-fence_rgb_0005_cctv2,intrusion_candidate,intrusion,[116],[3.867],"{""start_frame"": 116, ""end_frame"": 116}","[""carry/hold (an object), stand""]","[""danger""]",danger,"{""normal"": 0, ""unsafe"": 0, ""danger"": 1}","{""normal"": 0.0, ""unsafe"": 0.0, ""danger"": 1.0}",danger,danger,danger,True,False,labeling_yolo_single_frame,single_frame_gt_from_sampled_frame_label,danger,intrusion,True,True,True,0.601,"{""risk_state"":""danger""}
"
intrusion_climb-over-fence_rgb_0005_cctv2_f000126,climb-over-fence_smart_rgb,intrusion_climb-over-fence_rgb_0005_cctv2,intrusion_candidate,intrusion,[126],[4.2],"{""start_frame"": 126, ""end_frame"": 126}","[""carry/hold (an object), walk""]","[""danger""]",danger,"{""normal"": 0, ""unsafe"": 0, ""danger"": 1}","{""normal"": 0.0, ""unsafe"": 0.0, ""danger"": 1.0}",danger,danger,danger,True,False,labeling_yolo_single_frame,single_frame_gt_from_sampled_frame_label,danger,intrusion,True,True,True,0.5961,"{""risk_state"":""danger""}
"
intrusion_climb-over-fence_rgb_0005_cctv2_f000136,climb-over-fence_smart_rgb,intrusion_climb-over-fence_rgb_0005_cctv2,intrusion_candidate,intrusion,[136],[4.533],"{""start_frame"": 136, ""end_frame"": 136}","[""run/jog, walk""]","[""danger""]",danger,"{""normal"": 0, ""unsafe"": 0, ""danger"": 1}","{""normal"": 0.0, ""unsafe"": 0.0, ""danger"": 1.0}",danger,danger,danger,True,False,labeling_yolo_single_frame,single_frame_gt_from_sampled_frame_label,danger,intrusion,True,True,True,0.5991,"{""risk_state"":""danger""}
"
intrusion_climb-over-fence_rgb_0005_cctv2_f000146,climb-over-fence_smart_rgb,intrusion_climb-over-fence_rgb_0005_cctv2,intrusion_candidate,intrusion,[146],[4.867],"{""start_frame"": 146, ""end_frame"": 146}","[""stand, walk""]","[""danger""]",danger,"{""normal"": 0, ""unsafe"": 0, ""danger"": 1}","{""normal"": 0.0, ""unsafe"": 0.0, ""danger"": 1.0}",danger,danger,danger,True,False,labeling_yolo_single_frame,single_frame_gt_from_sampled_frame_label,danger,intrusion,True,True,True,0.5998,"{""risk_state"":""danger""}
"
intrusion_climb-over-fence_rgb_0005_cctv2_f000156,climb-over-fence_smart_rgb,intrusion_climb-over-fence_rgb_0005_cctv2,intrusion_candidate,intrusion,[156],[5.2],"{""start_frame"": 156, ""end_frame"": 156}","[""stand, carry/hold (an object)""]","[""danger""]",danger,"{""normal"": 0, ""unsafe"": 0, ""danger"": 1}","{""normal"": 0.0, ""unsafe"": 0.0, ""danger"": 1.0}",danger,danger,danger,True,False,labeling_yolo_single_frame,single_frame_gt_from_sampled_frame_label,danger,intrusion,True,True,True,0.5993,"{""risk_state"":""danger""}
"
intrusion_climb-over-fence_rgb_0005_cctv2_f000166,climb-over-fence_smart_rgb,intrusion_climb-over-fence_rgb_0005_cctv2,intrusion_candidate,intrusion,[166],[5.533],"{""start_frame"": 166, ""end_frame"": 166}","[""stand, carry/hold (an object)""]","[""danger""]",danger,"{""normal"": 0, ""unsafe"": 0, ""danger"": 1}","{""normal"": 0.0, ""unsafe"": 0.0, ""danger"": 1.0}",danger,danger,danger,True,False,labeling_yolo_single_frame,single_frame_gt_from_sampled_frame_label,danger,intrusion,True,True,True,0.5989,"{""risk_state"":""danger""}
"
intrusion_climb-over-fence_rgb_0005_cctv2_f000176,climb-over-fence_smart_rgb,intrusion_climb-over-fence_rgb_0005_cctv2,intrusion_candidate,intrusion,[176],[5.867],"{""start_frame"": 176, ""end_frame"": 176}","[""stand, carry/hold (an object)""]","[""danger""]",danger,"{""normal"": 0, ""unsafe"": 0, ""danger"": 1}","{""normal"": 0.0, ""unsafe"": 0.0, ""danger"": 1.0}",danger,danger,danger,True,False,labeling_yolo_single_frame,single_frame_gt_from_sampled_frame_label,danger,intrusion,True,True,True,0.6104,"{""risk_state"":""danger""}
"
intrusion_climb-over-fence_rgb_0005_cctv2_f000186,climb-over-fence_smart_rgb,intrusion_climb-over-fence_rgb_0005_cctv2,intrusion_candidate,intrusion,[186],[6.2],"{""start_frame"": 186, ""end_frame"": 186}","[""stand, carry/hold (an object)""]","[""danger""]",danger,"{""normal"": 0, ""unsafe"": 0, ""danger"": 1}","{""normal"": 0.0, ""unsafe"": 0.0, ""danger"": 1.0}",danger,danger,danger,True,False,labeling_yolo_single_frame,single_frame_gt_from_sampled_frame_label,danger,intrusion,True,True,True,0.5993,"{""risk_state"":""danger""}
"
intrusion_climb-over-fence_rgb_0005_cctv2_f000196,climb-over-fence_smart_rgb,intrusion_climb-over-fence_rgb_0005_cctv2,intrusion_candidate,intrusion,[196],[6.533],"{""start_frame"": 196, ""end_frame"": 196}","[""stand, carry/hold (an object)""]","[""danger""]",danger,"{""normal"": 0, ""unsafe"": 0, ""danger"": 1}","{""normal"": 0.0, ""unsafe"": 0.0, ""danger"": 1.0}",danger,danger,danger,True,False,labeling_yolo_single_frame,single_frame_gt_from_sampled_frame_label,danger,intrusion,True,True,True,0.6018,"{""risk_state"":""danger""}
"
intrusion_climb-over-fence_rgb_0005_cctv2_f000206,climb-over-fence_smart_rgb,intrusion_climb-over-fence_rgb_0005_cctv2,intrusion_candidate,intrusion,[206],[6.867],"{""start_frame"": 206, ""end_frame"": 206}","[""stand, carry/hold (an object)""]","[""danger""]",danger,"{""normal"": 0, ""unsafe"": 0, ""danger"": 1}","{""normal"": 0.0, ""unsafe"": 0.0, ""danger"": 1.0}",danger,danger,danger,True,False,labeling_yolo_single_frame,single_frame_gt_from_sampled_frame_label,unsafe,intrusion,True,True,True,0.6009,"{""risk_state"":""unsafe""}
"
intrusion_climb-over-fence_rgb_0005_cctv2_f000216,climb-over-fence_smart_rgb,intrusion_climb-over-fence_rgb_0005_cctv2,intrusion_candidate,intrusion,[216],[7.2],"{""start_frame"": 216, ""end_frame"": 216}","[""carry/hold (an object), stand""]","[""danger""]",danger,"{""normal"": 0, ""unsafe"": 0, ""danger"": 1}","{""normal"": 0.0, ""unsafe"": 0.0, ""danger"": 1.0}",danger,danger,danger,True,False,labeling_yolo_single_frame,single_frame_gt_from_sampled_frame_label,danger,intrusion,True,True,True,0.5989,"{""risk_state"":""danger""}
"
intrusion_climb-over-fence_rgb_0005_cctv2_f000226,climb-over-fence_smart_rgb,intrusion_climb-over-fence_rgb_0005_cctv2,intrusion_candidate,intrusion,[226],[7.533],"{""start_frame"": 226, ""end_frame"": 226}","[""stand, carry/hold (an object)""]","[""danger""]",danger,"{""normal"": 0, ""unsafe"": 0, ""danger"": 1}","{""normal"": 0.0, ""unsafe"": 0.0, ""danger"": 1.0}",danger,danger,danger,True,False,labeling_yolo_single_frame,single_frame_gt_from_sampled_frame_label,danger,intrusion,True,True,True,0.5991,"{""risk_state"":""danger""}
"
intrusion_climb-over-fence_rgb_0005_cctv2_f000236,climb-over-fence_smart_rgb,intrusion_climb-over-fence_rgb_0005_cctv2,intrusion_candidate,intrusion,[236],[7.867],"{""start_frame"": 236, ""end_frame"": 236}","[""stand, carry/hold (an object)""]","[""danger""]",danger,"{""normal"": 0, ""unsafe"": 0, ""danger"": 1}","{""normal"": 0.0, ""unsafe"": 0.0, ""danger"": 1.0}",danger,danger,danger,True,False,labeling_yolo_single_frame,single_frame_gt_from_sampled_frame_label,danger,intrusion,True,True,True,0.6022,"{""risk_state"":""danger""}
"
intrusion_climb-over-fence_rgb_0005_cctv2_f000246,climb-over-fence_smart_rgb,intrusion_climb-over-fence_rgb_0005_cctv2,intrusion_candidate,intrusion,[246],[8.2],"{""start_frame"": 246, ""end_frame"": 246}","[""stand, carry/hold (an object)""]","[""danger""]",danger,"{""normal"": 0, ""unsafe"": 0, ""danger"": 1}","{""normal"": 0.0, ""unsafe"": 0.0, ""danger"": 1.0}",danger,danger,danger,True,False,labeling_yolo_single_frame,single_frame_gt_from_sampled_frame_label,danger,intrusion,True,True,True,0.6076,"{""risk_state"":""danger""}
"
intrusion_climb-over-fence_rgb_0005_cctv2_f000256,climb-over-fence_smart_rgb,intrusion_climb-over-fence_rgb_0005_cctv2,intrusion_candidate,intrusion,[256],[8.533],"{""start_frame"": 256, ""end_frame"": 256}","[""walk, stand""]","[""danger""]",danger,"{""normal"": 0, ""unsafe"": 0, ""danger"": 1}","{""normal"": 0.0, ""unsafe"": 0.0, ""danger"": 1.0}",danger,danger,danger,True,False,labeling_yolo_single_frame,single_frame_gt_from_sampled_frame_label,danger,intrusion,True,True,True,0.5978,"{""risk_state"":""danger""}
"
intrusion_climb-over-fence_rgb_0005_cctv2_f000266,climb-over-fence_smart_rgb,intrusion_climb-over-fence_rgb_0005_cctv2,intrusion_candidate,intrusion,[266],[8.867],"{""start_frame"": 266, ""end_frame"": 266}","[""stand, carry/hold (an object)""]","[""danger""]",danger,"{""normal"": 0, ""unsafe"": 0, ""danger"": 1}","{""normal"": 0.0, ""unsafe"": 0.0, ""danger"": 1.0}",danger,danger,danger,True,False,labeling_yolo_single_frame,single_frame_gt_from_sampled_frame_label,danger,intrusion,True,True,True,0.6026,"{""risk_state"":""danger""}
"
intrusion_climb-over-fence_rgb_0005_cctv2_f000276,climb-over-fence_smart_rgb,intrusion_climb-over-fence_rgb_0005_cctv2,intrusion_candidate,intrusion,[276],[9.2],"{""start_frame"": 276, ""end_frame"": 276}","[""stand, carry/hold (an object)""]","[""danger""]",danger,"{""normal"": 0, ""unsafe"": 0, ""danger"": 1}","{""normal"": 0.0, ""unsafe"": 0.0, ""danger"": 1.0}",danger,danger,danger,True,False,labeling_yolo_single_frame,single_frame_gt_from_sampled_frame_label,danger,intrusion,True,True,True,0.6028,"{""risk_state"":""danger""}
"
intrusion_climb-over-fence_rgb_0005_cctv2_f000286,climb-over-fence_smart_rgb,intrusion_climb-over-fence_rgb_0005_cctv2,intrusion_candidate,intrusion,[286],[9.533],"{""start_frame"": 286, ""end_frame"": 286}","[""bend/bow (at the waist), carry/hold (an object)""]","[""danger""]",danger,"{""normal"": 0, ""unsafe"": 0, ""danger"": 1}","{""normal"": 0.0, ""unsafe"": 0.0, ""danger"": 1.0}",danger,danger,danger,True,False,labeling_yolo_single_frame,single_frame_gt_from_sampled_frame_label,danger,intrusion,True,True,True,0.6046,"{""risk_state"":""danger""}
"
intrusion_climb-over-fence_rgb_0005_cctv2_f000296,climb-over-fence_smart_rgb,intrusion_climb-over-fence_rgb_0005_cctv2,intrusion_candidate,intrusion,[296],[9.867],"{""start_frame"": 296, ""end_frame"": 296}","[""bend/bow (at the waist), stand""]","[""danger""]",danger,"{""normal"": 0, ""unsafe"": 0, ""danger"": 1}","{""normal"": 0.0, ""unsafe"": 0.0, ""danger"": 1.0}",danger,danger,danger,True,False,labeling_yolo_single_frame,single_frame_gt_from_sampled_frame_label,danger,intrusion,True,True,True,0.6036,"{""risk_state"":""danger""}
"
intrusion_climb-over-fence_rgb_0005_cctv2_f000306,climb-over-fence_smart_rgb,intrusion_climb-over-fence_rgb_0005_cctv2,intrusion_candidate,intrusion,[306],[10.2],"{""start_frame"": 306, ""end_frame"": 306}","[""stand, bend/bow (at the waist)""]","[""danger""]",danger,"{""normal"": 0, ""unsafe"": 0, ""danger"": 1}","{""normal"": 0.0, ""unsafe"": 0.0, ""danger"": 1.0}",danger,danger,danger,True,False,labeling_yolo_single_frame,single_frame_gt_from_sampled_frame_label,danger,intrusion,True,True,True,0.6025,"{""risk_state"":""danger""}
"
intrusion_climb-over-fence_rgb_0005_cctv2_f000316,climb-over-fence_smart_rgb,intrusion_climb-over-fence_rgb_0005_cctv2,intrusion_candidate,intrusion,[316],[10.533],"{""start_frame"": 316, ""end_frame"": 316}","[""bend/bow (at the waist), carry/hold (an object)""]","[""danger""]",danger,"{""normal"": 0, ""unsafe"": 0, ""danger"": 1}","{""normal"": 0.0, ""unsafe"": 0.0, ""danger"": 1.0}",danger,danger,danger,True,False,labeling_yolo_single_frame,single_frame_gt_from_sampled_frame_label,danger,intrusion,True,True,True,0.6043,"{""risk_state"":""danger""}
"
intrusion_climb-over-fence_rgb_0005_cctv2_f000326,climb-over-fence_smart_rgb,intrusion_climb-over-fence_rgb_0005_cctv2,intrusion_candidate,intrusion,[326],[10.867],"{""start_frame"": 326, ""end_frame"": 326}","[""bend/bow (at the waist), stand""]","[""danger""]",danger,"{""normal"": 0, ""unsafe"": 0, ""danger"": 1}","{""normal"": 0.0, ""unsafe"": 0.0, ""danger"": 1.0}",danger,danger,danger,True,False,labeling_yolo_single_frame,single_frame_gt_from_sampled_frame_label,danger,intrusion,True,True,True,0.5962,"{""risk_state"":""danger""}
"
intrusion_climb-over-fence_rgb_0005_cctv2_f000336,climb-over-fence_smart_rgb,intrusion_climb-over-fence_rgb_0005_cctv2,intrusion_candidate,intrusion,[336],[11.2],"{""start_frame"": 336, ""end_frame"": 336}","[""stand, bend/bow (at the waist)""]","[""danger""]",danger,"{""normal"": 0, ""unsafe"": 0, ""danger"": 1}","{""normal"": 0.0, ""unsafe"": 0.0, ""danger"": 1.0}",danger,danger,danger,True,False,labeling_yolo_single_frame,single_frame_gt_from_sampled_frame_label,danger,intrusion,True,True,True,0.6001,"{""risk_state"":""danger""}
"
intrusion_climb-over-fence_rgb_0005_cctv2_f000346,climb-over-fence_smart_rgb,intrusion_climb-over-fence_rgb_0005_cctv2,intrusion_candidate,intrusion,[346],[11.533],"{""start_frame"": 346, ""end_frame"": 346}","[""stand, bend/bow (at the waist)""]","[""danger""]",danger,"{""normal"": 0, ""unsafe"": 0, ""danger"": 1}","{""normal"": 0.0, ""unsafe"": 0.0, ""danger"": 1.0}",danger,danger,danger,True,False,labeling_yolo_single_frame,single_frame_gt_from_sampled_frame_label,danger,intrusion,True,True,True,0.6053,"{""risk_state"":""danger""}
"
intrusion_climb-over-fence_rgb_0005_cctv2_f000356,climb-over-fence_smart_rgb,intrusion_climb-over-fence_rgb_0005_cctv2,intrusion_candidate,intrusion,[356],[11.867],"{""start_frame"": 356, ""end_frame"": 356}","[""stand, walk""]","[""danger""]",danger,"{""normal"": 0, ""unsafe"": 0, ""danger"": 1}","{""normal"": 0.0, ""unsafe"": 0.0, ""danger"": 1.0}",danger,danger,danger,True,False,labeling_yolo_single_frame,single_frame_gt_from_sampled_frame_label,danger,intrusion,True,True,True,0.6051,"{""risk_state"":""danger""}
"
intrusion_climb-over-fence_rgb_0005_cctv2_f000366,climb-over-fence_smart_rgb,intrusion_climb-over-fence_rgb_0005_cctv2,intrusion_candidate,intrusion,[366],[12.2],"{""start_frame"": 366, ""end_frame"": 366}","[""stand, walk""]","[""danger""]",danger,"{""normal"": 0, ""unsafe"": 0, ""danger"": 1}","{""normal"": 0.0, ""unsafe"": 0.0, ""danger"": 1.0}",danger,danger,danger,True,False,labeling_yolo_single_frame,single_frame_gt_from_sampled_frame_label,danger,intrusion,True,True,True,0.5987,"{""risk_state"":""danger""}
"
intrusion_climb-over-fence_rgb_0005_cctv2_f000376,climb-over-fence_smart_rgb,intrusion_climb-over-fence_rgb_0005_cctv2,intrusion_candidate,intrusion,[376],[12.533],"{""start_frame"": 376, ""end_frame"": 376}","[""stand, walk""]","[""danger""]",danger,"{""normal"": 0, ""unsafe"": 0, ""danger"": 1}","{""normal"": 0.0, ""unsafe"": 0.0, ""danger"": 1.0}",danger,danger,danger,True,False,labeling_yolo_single_frame,single_frame_gt_from_sampled_frame_label,danger,intrusion,True,True,True,0.6017,"{""risk_state"":""danger""}
"
intrusion_climb-over-fence_rgb_0005_cctv2_f000386,climb-over-fence_smart_rgb,intrusion_climb-over-fence_rgb_0005_cctv2,intrusion_candidate,intrusion,[386],[12.867],"{""start_frame"": 386, ""end_frame"": 386}","[""stand, walk""]","[""danger""]",danger,"{""normal"": 0, ""unsafe"": 0, ""danger"": 1}","{""normal"": 0.0, ""unsafe"": 0.0, ""danger"": 1.0}",danger,danger,danger,True,False,labeling_yolo_single_frame,single_frame_gt_from_sampled_frame_label,danger,intrusion,True,True,True,0.5992,"{""risk_state"":""danger""}
"
intrusion_climb-over-fence_rgb_0005_cctv2_f000396,climb-over-fence_smart_rgb,intrusion_climb-over-fence_rgb_0005_cctv2,intrusion_candidate,intrusion,[396],[13.2],"{""start_frame"": 396, ""end_frame"": 396}","[""stand, bend/bow (at the waist)""]","[""danger""]",danger,"{""normal"": 0, ""unsafe"": 0, ""danger"": 1}","{""normal"": 0.0, ""unsafe"": 0.0, ""danger"": 1.0}",danger,danger,danger,True,False,labeling_yolo_single_frame,single_frame_gt_from_sampled_frame_label,danger,intrusion,True,True,True,0.6012,"{""risk_state"":""danger""}
"
intrusion_climb-over-fence_rgb_0005_cctv2_f000406,climb-over-fence_smart_rgb,intrusion_climb-over-fence_rgb_0005_cctv2,intrusion_candidate,intrusion,[406],[13.533],"{""start_frame"": 406, ""end_frame"": 406}","[""bend/bow (at the waist), stand""]","[""danger""]",danger,"{""normal"": 0, ""unsafe"": 0, ""danger"": 1}","{""normal"": 0.0, ""unsafe"": 0.0, ""danger"": 1.0}",danger,danger,danger,True,False,labeling_yolo_single_frame,single_frame_gt_from_sampled_frame_label,danger,intrusion,True,True,True,0.6026,"{""risk_state"":""danger""}
"
intrusion_climb-over-fence_rgb_0005_cctv2_f000416,climb-over-fence_smart_rgb,intrusion_climb-over-fence_rgb_0005_cctv2,intrusion_candidate,intrusion,[416],[13.867],"{""start_frame"": 416, ""end_frame"": 416}","[""bend/bow (at the waist), stand""]","[""danger""]",danger,"{""normal"": 0, ""unsafe"": 0, ""danger"": 1}","{""normal"": 0.0, ""unsafe"": 0.0, ""danger"": 1.0}",danger,danger,danger,True,False,labeling_yolo_single_frame,single_frame_gt_from_sampled_frame_label,danger,intrusion,True,True,True,0.6076,"{""risk_state"":""danger""}
"
intrusion_climb-over-fence_rgb_0005_cctv2_f000426,climb-over-fence_smart_rgb,intrusion_climb-over-fence_rgb_0005_cctv2,intrusion_candidate,intrusion,[426],[14.2],"{""start_frame"": 426, ""end_frame"": 426}","[""bend/bow (at the waist), carry/hold (an object)""]","[""danger""]",danger,"{""normal"": 0, ""unsafe"": 0, ""danger"": 1}","{""normal"": 0.0, ""unsafe"": 0.0, ""danger"": 1.0}",danger,danger,danger,True,False,labeling_yolo_single_frame,single_frame_gt_from_sampled_frame_label,danger,intrusion,True,True,True,0.6053,"{""risk_state"":""danger""}
"
intrusion_climb-over-fence_rgb_0005_cctv2_f000436,climb-over-fence_smart_rgb,intrusion_climb-over-fence_rgb_0005_cctv2,intrusion_candidate,intrusion,[436],[14.533],"{""start_frame"": 436, ""end_frame"": 436}","[""bend/bow (at the waist), stand""]","[""danger""]",danger,"{""normal"": 0, ""unsafe"": 0, ""danger"": 1}","{""normal"": 0.0, ""unsafe"": 0.0, ""danger"": 1.0}",danger,danger,danger,True,False,labeling_yolo_single_frame,single_frame_gt_from_sampled_frame_label,danger,intrusion,True,True,True,0.6039,"{""risk_state"":""danger""}
"
intrusion_climb-over-fence_rgb_0005_cctv2_f000446,climb-over-fence_smart_rgb,intrusion_climb-over-fence_rgb_0005_cctv2,intrusion_candidate,intrusion,[446],[14.867],"{""start_frame"": 446, ""end_frame"": 446}","[""bend/bow (at the waist), stand""]","[""danger""]",danger,"{""normal"": 0, ""unsafe"": 0, ""danger"": 1}","{""normal"": 0.0, ""unsafe"": 0.0, ""danger"": 1.0}",danger,danger,danger,True,False,labeling_yolo_single_frame,single_frame_gt_from_sampled_frame_label,danger,intrusion,True,True,True,0.6014,"{""risk_state"":""danger""}
"
intrusion_climb-over-fence_rgb_0005_cctv2_f000456,climb-over-fence_smart_rgb,intrusion_climb-over-fence_rgb_0005_cctv2,intrusion_candidate,intrusion,[456],[15.2],"{""start_frame"": 456, ""end_frame"": 456}","[""stand""]","[""danger""]",danger,"{""normal"": 0, ""unsafe"": 0, ""danger"": 1}","{""normal"": 0.0, ""unsafe"": 0.0, ""danger"": 1.0}",danger,danger,danger,True,False,labeling_yolo_single_frame,single_frame_gt_from_sampled_frame_label,danger,intrusion,True,True,True,0.6029,"{""risk_state"":""danger""}
"
intrusion_climb-over-fence_rgb_0005_cctv2_f000466,climb-over-fence_smart_rgb,intrusion_climb-over-fence_rgb_0005_cctv2,intrusion_candidate,intrusion,[466],[15.533],"{""start_frame"": 466, ""end_frame"": 466}","[""stand, bend/bow (at the waist)""]","[""danger""]",danger,"{""normal"": 0, ""unsafe"": 0, ""danger"": 1}","{""normal"": 0.0, ""unsafe"": 0.0, ""danger"": 1.0}",danger,danger,danger,True,False,labeling_yolo_single_frame,single_frame_gt_from_sampled_frame_label,danger,intrusion,True,True,True,0.6021,"{""risk_state"":""danger""}
"
intrusion_climb-over-fence_rgb_0005_cctv2_f000476,climb-over-fence_smart_rgb,intrusion_climb-over-fence_rgb_0005_cctv2,intrusion_candidate,intrusion,[476],[15.867],"{""start_frame"": 476, ""end_frame"": 476}","[""stand""]","[""danger""]",danger,"{""normal"": 0, ""unsafe"": 0, ""danger"": 1}","{""normal"": 0.0, ""unsafe"": 0.0, ""danger"": 1.0}",danger,danger,danger,True,False,labeling_yolo_single_frame,single_frame_gt_from_sampled_frame_label,danger,intrusion,True,True,True,0.6036,"{""risk_state"":""danger""}
"
intrusion_climb-over-fence_rgb_0005_cctv2_f000486,climb-over-fence_smart_rgb,intrusion_climb-over-fence_rgb_0005_cctv2,intrusion_candidate,intrusion,[486],[16.2],"{""start_frame"": 486, ""end_frame"": 486}","[""stand""]","[""danger""]",danger,"{""normal"": 0, ""unsafe"": 0, ""danger"": 1}","{""normal"": 0.0, ""unsafe"": 0.0, ""danger"": 1.0}",danger,danger,danger,True,False,labeling_yolo_single_frame,single_frame_gt_from_sampled_frame_label,danger,intrusion,True,True,True,0.6075,"{""risk_state"":""danger""}
"
intrusion_climb-over-fence_rgb_0053_cctv1_f000016,climb-over-fence_smart_rgb,intrusion_climb-over-fence_rgb_0053_cctv1,intrusion_candidate,intrusion,[16],[0.533],"{""start_frame"": 16, ""end_frame"": 16}","[""walk, carry/hold (an object)""]","[""normal""]",normal,"{""normal"": 1, ""unsafe"": 0, ""danger"": 0}","{""normal"": 1.0, ""unsafe"": 0.0, ""danger"": 0.0}",normal,normal,normal,True,False,labeling_yolo_single_frame,single_frame_gt_from_sampled_frame_label,unsafe,intrusion,True,True,True,0.6001,"{""risk_state"":""unsafe""}
"
intrusion_climb-over-fence_rgb_0053_cctv1_f000026,climb-over-fence_smart_rgb,intrusion_climb-over-fence_rgb_0053_cctv1,intrusion_candidate,intrusion,[26],[0.867],"{""start_frame"": 26, ""end_frame"": 26}","[""walk, run/jog""]","[""normal""]",normal,"{""normal"": 1, ""unsafe"": 0, ""danger"": 0}","{""normal"": 1.0, ""unsafe"": 0.0, ""danger"": 0.0}",normal,normal,normal,True,False,labeling_yolo_single_frame,single_frame_gt_from_sampled_frame_label,unsafe,intrusion,True,True,True,0.6038,"{""risk_state"":""unsafe""}
"
intrusion_climb-over-fence_rgb_0053_cctv1_f000036,climb-over-fence_smart_rgb,intrusion_climb-over-fence_rgb_0053_cctv1,intrusion_candidate,intrusion,[36],[1.2],"{""start_frame"": 36, ""end_frame"": 36}","[""walk, carry/hold (an object)""]","[""unsafe""]",unsafe,"{""normal"": 0, ""unsafe"": 1, ""danger"": 0}","{""normal"": 0.0, ""unsafe"": 1.0, ""danger"": 0.0}",unsafe,unsafe,unsafe,True,False,labeling_yolo_single_frame,single_frame_gt_from_sampled_frame_label,unsafe,intrusion,True,True,True,0.6063,"{""risk_state"":""unsafe""}
"
intrusion_climb-over-fence_rgb_0053_cctv1_f000046,climb-over-fence_smart_rgb,intrusion_climb-over-fence_rgb_0053_cctv1,intrusion_candidate,intrusion,[46],[1.533],"{""start_frame"": 46, ""end_frame"": 46}","[""walk, carry/hold (an object)""]","[""unsafe""]",unsafe,"{""normal"": 0, ""unsafe"": 1, ""danger"": 0}","{""normal"": 0.0, ""unsafe"": 1.0, ""danger"": 0.0}",unsafe,unsafe,unsafe,True,False,labeling_yolo_single_frame,single_frame_gt_from_sampled_frame_label,unsafe,intrusion,True,True,True,0.603,"{""risk_state"":""unsafe""}
"
intrusion_climb-over-fence_rgb_0053_cctv1_f000056,climb-over-fence_smart_rgb,intrusion_climb-over-fence_rgb_0053_cctv1,intrusion_candidate,intrusion,[56],[1.867],"{""start_frame"": 56, ""end_frame"": 56}","[""walk, carry/hold (an object)""]","[""unsafe""]",unsafe,"{""normal"": 0, ""unsafe"": 1, ""danger"": 0}","{""normal"": 0.0, ""unsafe"": 1.0, ""danger"": 0.0}",unsafe,unsafe,unsafe,True,False,labeling_yolo_single_frame,single_frame_gt_from_sampled_frame_label,unsafe,intrusion,True,True,True,0.5996,"{""risk_state"":""unsafe""}
"
intrusion_climb-over-fence_rgb_0053_cctv1_f000066,climb-over-fence_smart_rgb,intrusion_climb-over-fence_rgb_0053_cctv1,intrusion_candidate,intrusion,[66],[2.2],"{""start_frame"": 66, ""end_frame"": 66}","[""walk, carry/hold (an object)""]","[""unsafe""]",unsafe,"{""normal"": 0, ""unsafe"": 1, ""danger"": 0}","{""normal"": 0.0, ""unsafe"": 1.0, ""danger"": 0.0}",unsafe,unsafe,unsafe,True,False,labeling_yolo_single_frame,single_frame_gt_from_sampled_frame_label,unsafe,intrusion,True,True,True,0.6046,"{""risk_state"":""unsafe""}
"
intrusion_climb-over-fence_rgb_0053_cctv1_f000076,climb-over-fence_smart_rgb,intrusion_climb-over-fence_rgb_0053_cctv1,intrusion_candidate,intrusion,[76],[2.533],"{""start_frame"": 76, ""end_frame"": 76}","[""stand, walk""]","[""unsafe""]",unsafe,"{""normal"": 0, ""unsafe"": 1, ""danger"": 0}","{""normal"": 0.0, ""unsafe"": 1.0, ""danger"": 0.0}",unsafe,unsafe,unsafe,True,False,labeling_yolo_single_frame,single_frame_gt_from_sampled_frame_label,unsafe,intrusion,True,True,True,0.6014,"{""risk_state"":""unsafe""}
"
intrusion_climb-over-fence_rgb_0053_cctv1_f000086,climb-over-fence_smart_rgb,intrusion_climb-over-fence_rgb_0053_cctv1,intrusion_candidate,intrusion,[86],[2.867],"{""start_frame"": 86, ""end_frame"": 86}","[""stand, walk""]","[""unsafe""]",unsafe,"{""normal"": 0, ""unsafe"": 1, ""danger"": 0}","{""normal"": 0.0, ""unsafe"": 1.0, ""danger"": 0.0}",unsafe,unsafe,unsafe,True,False,labeling_yolo_single_frame,single_frame_gt_from_sampled_frame_label,unsafe,intrusion,True,True,True,0.5995,"{""risk_state"":""unsafe""}
"
intrusion_climb-over-fence_rgb_0053_cctv1_f000096,climb-over-fence_smart_rgb,intrusion_climb-over-fence_rgb_0053_cctv1,intrusion_candidate,intrusion,[96],[3.2],"{""start_frame"": 96, ""end_frame"": 96}","[""walk, carry/hold (an object)""]","[""danger""]",danger,"{""normal"": 0, ""unsafe"": 0, ""danger"": 1}","{""normal"": 0.0, ""unsafe"": 0.0, ""danger"": 1.0}",danger,danger,danger,True,False,labeling_yolo_single_frame,single_frame_gt_from_sampled_frame_label,unsafe,intrusion,True,True,True,0.6033,"{""risk_state"":""unsafe""}
"
intrusion_climb-over-fence_rgb_0053_cctv1_f000106,climb-over-fence_smart_rgb,intrusion_climb-over-fence_rgb_0053_cctv1,intrusion_candidate,intrusion,[106],[3.533],"{""start_frame"": 106, ""end_frame"": 106}","[""walk, carry/hold (an object)""]","[""danger""]",danger,"{""normal"": 0, ""unsafe"": 0, ""danger"": 1}","{""normal"": 0.0, ""unsafe"": 0.0, ""danger"": 1.0}",danger,danger,danger,True,False,labeling_yolo_single_frame,single_frame_gt_from_sampled_frame_label,danger,intrusion,True,True,True,0.6063,"{""risk_state"":""danger""}
"
intrusion_climb-over-fence_rgb_0053_cctv1_f000116,climb-over-fence_smart_rgb,intrusion_climb-over-fence_rgb_0053_cctv1,intrusion_candidate,intrusion,[116],[3.867],"{""start_frame"": 116, ""end_frame"": 116}","[""stand, carry/hold (an object)""]","[""danger""]",danger,"{""normal"": 0, ""unsafe"": 0, ""danger"": 1}","{""normal"": 0.0, ""unsafe"": 0.0, ""danger"": 1.0}",danger,danger,danger,True,False,labeling_yolo_single_frame,single_frame_gt_from_sampled_frame_label,unsafe,intrusion,True,True,True,0.6054,"{""risk_state"":""unsafe""}
"
intrusion_climb-over-fence_rgb_0053_cctv1_f000126,climb-over-fence_smart_rgb,intrusion_climb-over-fence_rgb_0053_cctv1,intrusion_candidate,intrusion,[126],[4.2],"{""start_frame"": 126, ""end_frame"": 126}","[""walk, stand""]","[""danger""]",danger,"{""normal"": 0, ""unsafe"": 0, ""danger"": 1}","{""normal"": 0.0, ""unsafe"": 0.0, ""danger"": 1.0}",danger,danger,danger,True,False,labeling_yolo_single_frame,single_frame_gt_from_sampled_frame_label,unsafe,intrusion,True,True,True,0.6002,"{""risk_state"":""unsafe""}
"
intrusion_climb-over-fence_rgb_0053_cctv1_f000136,climb-over-fence_smart_rgb,intrusion_climb-over-fence_rgb_0053_cctv1,intrusion_candidate,intrusion,[136],[4.533],"{""start_frame"": 136, ""end_frame"": 136}","[""stand, carry/hold (an object)""]","[""danger""]",danger,"{""normal"": 0, ""unsafe"": 0, ""danger"": 1}","{""normal"": 0.0, ""unsafe"": 0.0, ""danger"": 1.0}",danger,danger,danger,True,False,labeling_yolo_single_frame,single_frame_gt_from_sampled_frame_label,unsafe,intrusion,True,True,True,0.6025,"{""risk_state"":""unsafe""}
"
intrusion_climb-over-fence_rgb_0053_cctv1_f000146,climb-over-fence_smart_rgb,intrusion_climb-over-fence_rgb_0053_cctv1,intrusion_candidate,intrusion,[146],[4.867],"{""start_frame"": 146, ""end_frame"": 146}","[""stand, carry/hold (an object)""]","[""danger""]",danger,"{""normal"": 0, ""unsafe"": 0, ""danger"": 1}","{""normal"": 0.0, ""unsafe"": 0.0, ""danger"": 1.0}",danger,danger,danger,True,False,labeling_yolo_single_frame,single_frame_gt_from_sampled_frame_label,unsafe,intrusion,True,True,True,0.602,"{""risk_state"":""unsafe""}
"
intrusion_climb-over-fence_rgb_0053_cctv1_f000156,climb-over-fence_smart_rgb,intrusion_climb-over-fence_rgb_0053_cctv1,intrusion_candidate,intrusion,[156],[5.2],"{""start_frame"": 156, ""end_frame"": 156}","[""bend/bow (at the waist), carry/hold (an object)""]","[""danger""]",danger,"{""normal"": 0, ""unsafe"": 0, ""danger"": 1}","{""normal"": 0.0, ""unsafe"": 0.0, ""danger"": 1.0}",danger,danger,danger,True,False,labeling_yolo_single_frame,single_frame_gt_from_sampled_frame_label,danger,intrusion,True,True,True,0.6061,"{""risk_state"":""danger""}
"
intrusion_climb-over-fence_rgb_0053_cctv1_f000166,climb-over-fence_smart_rgb,intrusion_climb-over-fence_rgb_0053_cctv1,intrusion_candidate,intrusion,[166],[5.533],"{""start_frame"": 166, ""end_frame"": 166}","[""bend/bow (at the waist), carry/hold (an object)""]","[""danger""]",danger,"{""normal"": 0, ""unsafe"": 0, ""danger"": 1}","{""normal"": 0.0, ""unsafe"": 0.0, ""danger"": 1.0}",danger,danger,danger,True,False,labeling_yolo_single_frame,single_frame_gt_from_sampled_frame_label,danger,intrusion,True,True,True,0.6067,"{""risk_state"":""danger""}
"
intrusion_climb-over-fence_rgb_0053_cctv1_f000176,climb-over-fence_smart_rgb,intrusion_climb-over-fence_rgb_0053_cctv1,intrusion_candidate,intrusion,[176],[5.867],"{""start_frame"": 176, ""end_frame"": 176}","[""stand, carry/hold (an object)""]","[""danger""]",danger,"{""normal"": 0, ""unsafe"": 0, ""danger"": 1}","{""normal"": 0.0, ""unsafe"": 0.0, ""danger"": 1.0}",danger,danger,danger,True,False,labeling_yolo_single_frame,single_frame_gt_from_sampled_frame_label,danger,intrusion,True,True,True,0.6102,"{""risk_state"":""danger""}
"
intrusion_climb-over-fence_rgb_0053_cctv1_f000186,climb-over-fence_smart_rgb,intrusion_climb-over-fence_rgb_0053_cctv1,intrusion_candidate,intrusion,[186],[6.2],"{""start_frame"": 186, ""end_frame"": 186}","[""stand, carry/hold (an object)""]","[""danger""]",danger,"{""normal"": 0, ""unsafe"": 0, ""danger"": 1}","{""normal"": 0.0, ""unsafe"": 0.0, ""danger"": 1.0}",danger,danger,danger,True,False,labeling_yolo_single_frame,single_frame_gt_from_sampled_frame_label,danger,intrusion,True,True,True,0.5984,"{""risk_state"":""danger""}
"
intrusion_climb-over-fence_rgb_0053_cctv1_f000196,climb-over-fence_smart_rgb,intrusion_climb-over-fence_rgb_0053_cctv1,intrusion_candidate,intrusion,[196],[6.533],"{""start_frame"": 196, ""end_frame"": 196}","[""stand, carry/hold (an object)""]","[""danger""]",danger,"{""normal"": 0, ""unsafe"": 0, ""danger"": 1}","{""normal"": 0.0, ""unsafe"": 0.0, ""danger"": 1.0}",danger,danger,danger,True,False,labeling_yolo_single_frame,single_frame_gt_from_sampled_frame_label,danger,intrusion,True,True,True,0.6041,"{""risk_state"":""danger""}
"
intrusion_climb-over-fence_rgb_0053_cctv1_f000206,climb-over-fence_smart_rgb,intrusion_climb-over-fence_rgb_0053_cctv1,intrusion_candidate,intrusion,[206],[6.867],"{""start_frame"": 206, ""end_frame"": 206}","[""stand, carry/hold (an object)""]","[""danger""]",danger,"{""normal"": 0, ""unsafe"": 0, ""danger"": 1}","{""normal"": 0.0, ""unsafe"": 0.0, ""danger"": 1.0}",danger,danger,danger,True,False,labeling_yolo_single_frame,single_frame_gt_from_sampled_frame_label,danger,intrusion,True,True,True,0.5996,"{""risk_state"":""danger""}
"
intrusion_climb-over-fence_rgb_0053_cctv1_f000216,climb-over-fence_smart_rgb,intrusion_climb-over-fence_rgb_0053_cctv1,intrusion_candidate,intrusion,[216],[7.2],"{""start_frame"": 216, ""end_frame"": 216}","[""stand, carry/hold (an object)""]","[""danger""]",danger,"{""normal"": 0, ""unsafe"": 0, ""danger"": 1}","{""normal"": 0.0, ""unsafe"": 0.0, ""danger"": 1.0}",danger,danger,danger,True,False,labeling_yolo_single_frame,single_frame_gt_from_sampled_frame_label,danger,intrusion,True,True,True,0.6009,"{""risk_state"":""danger""}
"
intrusion_climb-over-fence_rgb_0053_cctv1_f000226,climb-over-fence_smart_rgb,intrusion_climb-over-fence_rgb_0053_cctv1,intrusion_candidate,intrusion,[226],[7.533],"{""start_frame"": 226, ""end_frame"": 226}","[""stand, carry/hold (an object)""]","[""danger""]",danger,"{""normal"": 0, ""unsafe"": 0, ""danger"": 1}","{""normal"": 0.0, ""unsafe"": 0.0, ""danger"": 1.0}",danger,danger,danger,True,False,labeling_yolo_single_frame,single_frame_gt_from_sampled_frame_label,danger,intrusion,True,True,True,0.5991,"{""risk_state"":""danger""}
"
intrusion_climb-over-fence_rgb_0053_cctv1_f000236,climb-over-fence_smart_rgb,intrusion_climb-over-fence_rgb_0053_cctv1,intrusion_candidate,intrusion,[236],[7.867],"{""start_frame"": 236, ""end_frame"": 236}","[""stand, carry/hold (an object)""]","[""danger""]",danger,"{""normal"": 0, ""unsafe"": 0, ""danger"": 1}","{""normal"": 0.0, ""unsafe"": 0.0, ""danger"": 1.0}",danger,danger,danger,True,False,labeling_yolo_single_frame,single_frame_gt_from_sampled_frame_label,danger,intrusion,True,True,True,0.6004,"{""risk_state"":""danger""}
"
intrusion_climb-over-fence_rgb_0053_cctv1_f000246,climb-over-fence_smart_rgb,intrusion_climb-over-fence_rgb_0053_cctv1,intrusion_candidate,intrusion,[246],[8.2],"{""start_frame"": 246, ""end_frame"": 246}","[""stand, answer phone""]","[""danger""]",danger,"{""normal"": 0, ""unsafe"": 0, ""danger"": 1}","{""normal"": 0.0, ""unsafe"": 0.0, ""danger"": 1.0}",danger,danger,danger,True,False,labeling_yolo_single_frame,single_frame_gt_from_sampled_frame_label,danger,intrusion,True,True,True,0.6048,"{""risk_state"":""danger""}
"
intrusion_climb-over-fence_rgb_0053_cctv1_f000256,climb-over-fence_smart_rgb,intrusion_climb-over-fence_rgb_0053_cctv1,intrusion_candidate,intrusion,[256],[8.533],"{""start_frame"": 256, ""end_frame"": 256}","[""stand, answer phone""]","[""danger""]",danger,"{""normal"": 0, ""unsafe"": 0, ""danger"": 1}","{""normal"": 0.0, ""unsafe"": 0.0, ""danger"": 1.0}",danger,danger,danger,True,False,labeling_yolo_single_frame,single_frame_gt_from_sampled_frame_label,danger,intrusion,True,True,True,0.5976,"{""risk_state"":""danger""}
"
intrusion_climb-over-fence_rgb_0053_cctv1_f000266,climb-over-fence_smart_rgb,intrusion_climb-over-fence_rgb_0053_cctv1,intrusion_candidate,intrusion,[266],[8.867],"{""start_frame"": 266, ""end_frame"": 266}","[""stand, answer phone""]","[""danger""]",danger,"{""normal"": 0, ""unsafe"": 0, ""danger"": 1}","{""normal"": 0.0, ""unsafe"": 0.0, ""danger"": 1.0}",danger,danger,danger,True,False,labeling_yolo_single_frame,single_frame_gt_from_sampled_frame_label,danger,intrusion,True,True,True,0.6012,"{""risk_state"":""danger""}
"
intrusion_climb-over-fence_rgb_0053_cctv1_f000276,climb-over-fence_smart_rgb,intrusion_climb-over-fence_rgb_0053_cctv1,intrusion_candidate,intrusion,[276],[9.2],"{""start_frame"": 276, ""end_frame"": 276}","[""stand, carry/hold (an object)""]","[""danger""]",danger,"{""normal"": 0, ""unsafe"": 0, ""danger"": 1}","{""normal"": 0.0, ""unsafe"": 0.0, ""danger"": 1.0}",danger,danger,danger,True,False,labeling_yolo_single_frame,single_frame_gt_from_sampled_frame_label,danger,intrusion,True,True,True,0.6042,"{""risk_state"":""danger""}
"
intrusion_climb-over-fence_rgb_0053_cctv1_f000286,climb-over-fence_smart_rgb,intrusion_climb-over-fence_rgb_0053_cctv1,intrusion_candidate,intrusion,[286],[9.533],"{""start_frame"": 286, ""end_frame"": 286}","[""stand, carry/hold (an object)""]","[""danger""]",danger,"{""normal"": 0, ""unsafe"": 0, ""danger"": 1}","{""normal"": 0.0, ""unsafe"": 0.0, ""danger"": 1.0}",danger,danger,danger,True,False,labeling_yolo_single_frame,single_frame_gt_from_sampled_frame_label,danger,intrusion,True,True,True,0.6021,"{""risk_state"":""danger""}
"
intrusion_climb-over-fence_rgb_0053_cctv1_f000296,climb-over-fence_smart_rgb,intrusion_climb-over-fence_rgb_0053_cctv1,intrusion_candidate,intrusion,[296],[9.867],"{""start_frame"": 296, ""end_frame"": 296}","[""stand, carry/hold (an object)""]","[""danger""]",danger,"{""normal"": 0, ""unsafe"": 0, ""danger"": 1}","{""normal"": 0.0, ""unsafe"": 0.0, ""danger"": 1.0}",danger,danger,danger,True,False,labeling_yolo_single_frame,single_frame_gt_from_sampled_frame_label,danger,intrusion,True,True,True,0.5993,"{""risk_state"":""danger""}
"
intrusion_climb-over-fence_rgb_0053_cctv1_f000306,climb-over-fence_smart_rgb,intrusion_climb-over-fence_rgb_0053_cctv1,intrusion_candidate,intrusion,[306],[10.2],"{""start_frame"": 306, ""end_frame"": 306}","[""stand, carry/hold (an object)""]","[""danger""]",danger,"{""normal"": 0, ""unsafe"": 0, ""danger"": 1}","{""normal"": 0.0, ""unsafe"": 0.0, ""danger"": 1.0}",danger,danger,danger,True,False,labeling_yolo_single_frame,single_frame_gt_from_sampled_frame_label,danger,intrusion,True,True,True,0.6039,"{""risk_state"":""danger""}
"
intrusion_climb-over-fence_rgb_0053_cctv1_f000316,climb-over-fence_smart_rgb,intrusion_climb-over-fence_rgb_0053_cctv1,intrusion_candidate,intrusion,[316],[10.533],"{""start_frame"": 316, ""end_frame"": 316}","[""stand, carry/hold (an object)""]","[""danger""]",danger,"{""normal"": 0, ""unsafe"": 0, ""danger"": 1}","{""normal"": 0.0, ""unsafe"": 0.0, ""danger"": 1.0}",danger,danger,danger,True,False,labeling_yolo_single_frame,single_frame_gt_from_sampled_frame_label,danger,intrusion,True,True,True,0.6037,"{""risk_state"":""danger""}
"
intrusion_climb-over-fence_rgb_0053_cctv1_f000326,climb-over-fence_smart_rgb,intrusion_climb-over-fence_rgb_0053_cctv1,intrusion_candidate,intrusion,[326],[10.867],"{""start_frame"": 326, ""end_frame"": 326}","[""stand, bend/bow (at the waist)""]","[""danger""]",danger,"{""normal"": 0, ""unsafe"": 0, ""danger"": 1}","{""normal"": 0.0, ""unsafe"": 0.0, ""danger"": 1.0}",danger,danger,danger,True,False,labeling_yolo_single_frame,single_frame_gt_from_sampled_frame_label,danger,intrusion,True,True,True,0.6049,"{""risk_state"":""danger""}
"
intrusion_climb-over-fence_rgb_0053_cctv1_f000336,climb-over-fence_smart_rgb,intrusion_climb-over-fence_rgb_0053_cctv1,intrusion_candidate,intrusion,[336],[11.2],"{""start_frame"": 336, ""end_frame"": 336}","[""stand, carry/hold (an object)""]","[""danger""]",danger,"{""normal"": 0, ""unsafe"": 0, ""danger"": 1}","{""normal"": 0.0, ""unsafe"": 0.0, ""danger"": 1.0}",danger,danger,danger,True,False,labeling_yolo_single_frame,single_frame_gt_from_sampled_frame_label,danger,intrusion,True,True,True,0.6037,"{""risk_state"":""danger""}
"
intrusion_climb-over-fence_rgb_0053_cctv1_f000346,climb-over-fence_smart_rgb,intrusion_climb-over-fence_rgb_0053_cctv1,intrusion_candidate,intrusion,[346],[11.533],"{""start_frame"": 346, ""end_frame"": 346}","[""stand, carry/hold (an object)""]","[""danger""]",danger,"{""normal"": 0, ""unsafe"": 0, ""danger"": 1}","{""normal"": 0.0, ""unsafe"": 0.0, ""danger"": 1.0}",danger,danger,danger,True,False,labeling_yolo_single_frame,single_frame_gt_from_sampled_frame_label,danger,intrusion,True,True,True,0.6085,"{""risk_state"":""danger""}
"
intrusion_climb-over-fence_rgb_0053_cctv1_f000356,climb-over-fence_smart_rgb,intrusion_climb-over-fence_rgb_0053_cctv1,intrusion_candidate,intrusion,[356],[11.867],"{""start_frame"": 356, ""end_frame"": 356}","[""stand, carry/hold (an object)""]","[""danger""]",danger,"{""normal"": 0, ""unsafe"": 0, ""danger"": 1}","{""normal"": 0.0, ""unsafe"": 0.0, ""danger"": 1.0}",danger,danger,danger,True,False,labeling_yolo_single_frame,single_frame_gt_from_sampled_frame_label,danger,intrusion,True,True,True,0.6027,"{""risk_state"":""danger""}
"
intrusion_climb-over-fence_rgb_0053_cctv1_f000366,climb-over-fence_smart_rgb,intrusion_climb-over-fence_rgb_0053_cctv1,intrusion_candidate,intrusion,[366],[12.2],"{""start_frame"": 366, ""end_frame"": 366}","[""stand, bend/bow (at the waist)""]","[""danger""]",danger,"{""normal"": 0, ""unsafe"": 0, ""danger"": 1}","{""normal"": 0.0, ""unsafe"": 0.0, ""danger"": 1.0}",danger,danger,danger,True,False,labeling_yolo_single_frame,single_frame_gt_from_sampled_frame_label,danger,intrusion,True,True,True,0.6045,"{""risk_state"":""danger""}
"
intrusion_climb-over-fence_rgb_0053_cctv1_f000376,climb-over-fence_smart_rgb,intrusion_climb-over-fence_rgb_0053_cctv1,intrusion_candidate,intrusion,[376],[12.533],"{""start_frame"": 376, ""end_frame"": 376}","[""stand, bend/bow (at the waist)""]","[""danger""]",danger,"{""normal"": 0, ""unsafe"": 0, ""danger"": 1}","{""normal"": 0.0, ""unsafe"": 0.0, ""danger"": 1.0}",danger,danger,danger,True,False,labeling_yolo_single_frame,single_frame_gt_from_sampled_frame_label,danger,intrusion,True,True,True,0.6041,"{""risk_state"":""danger""}
"
intrusion_climb-over-fence_rgb_0053_cctv1_f000386,climb-over-fence_smart_rgb,intrusion_climb-over-fence_rgb_0053_cctv1,intrusion_candidate,intrusion,[386],[12.867],"{""start_frame"": 386, ""end_frame"": 386}","[""stand, bend/bow (at the waist)""]","[""danger""]",danger,"{""normal"": 0, ""unsafe"": 0, ""danger"": 1}","{""normal"": 0.0, ""unsafe"": 0.0, ""danger"": 1.0}",danger,danger,danger,True,False,labeling_yolo_single_frame,single_frame_gt_from_sampled_frame_label,danger,intrusion,True,True,True,0.6015,"{""risk_state"":""danger""}
"
intrusion_climb-over-fence_rgb_0053_cctv1_f000396,climb-over-fence_smart_rgb,intrusion_climb-over-fence_rgb_0053_cctv1,intrusion_candidate,intrusion,[396],[13.2],"{""start_frame"": 396, ""end_frame"": 396}","[""bend/bow (at the waist), stand""]","[""danger""]",danger,"{""normal"": 0, ""unsafe"": 0, ""danger"": 1}","{""normal"": 0.0, ""unsafe"": 0.0, ""danger"": 1.0}",danger,danger,danger,True,False,labeling_yolo_single_frame,single_frame_gt_from_sampled_frame_label,danger,intrusion,True,True,True,0.6033,"{""risk_state"":""danger""}
"
intrusion_climb-over-fence_rgb_0053_cctv1_f000406,climb-over-fence_smart_rgb,intrusion_climb-over-fence_rgb_0053_cctv1,intrusion_candidate,intrusion,[406],[13.533],"{""start_frame"": 406, ""end_frame"": 406}","[""bend/bow (at the waist), stand""]","[""danger""]",danger,"{""normal"": 0, ""unsafe"": 0, ""danger"": 1}","{""normal"": 0.0, ""unsafe"": 0.0, ""danger"": 1.0}",danger,danger,danger,True,False,labeling_yolo_single_frame,single_frame_gt_from_sampled_frame_label,danger,intrusion,True,True,True,0.6042,"{""risk_state"":""danger""}
"
intrusion_climb-over-fence_rgb_0053_cctv1_f000416,climb-over-fence_smart_rgb,intrusion_climb-over-fence_rgb_0053_cctv1,intrusion_candidate,intrusion,[416],[13.867],"{""start_frame"": 416, ""end_frame"": 416}","[""bend/bow (at the waist), stand""]","[""danger""]",danger,"{""normal"": 0, ""unsafe"": 0, ""danger"": 1}","{""normal"": 0.0, ""unsafe"": 0.0, ""danger"": 1.0}",danger,danger,danger,True,False,labeling_yolo_single_frame,single_frame_gt_from_sampled_frame_label,danger,intrusion,True,True,True,0.6101,"{""risk_state"":""danger""}
"
intrusion_climb-over-fence_rgb_0053_cctv1_f000426,climb-over-fence_smart_rgb,intrusion_climb-over-fence_rgb_0053_cctv1,intrusion_candidate,intrusion,[426],[14.2],"{""start_frame"": 426, ""end_frame"": 426}","[""bend/bow (at the waist), stand""]","[""danger""]",danger,"{""normal"": 0, ""unsafe"": 0, ""danger"": 1}","{""normal"": 0.0, ""unsafe"": 0.0, ""danger"": 1.0}",danger,danger,danger,True,False,labeling_yolo_single_frame,single_frame_gt_from_sampled_frame_label,danger,intrusion,True,True,True,0.6035,"{""risk_state"":""danger""}
"
intrusion_climb-over-fence_rgb_0078_cctv3_f000016,climb-over-fence_smart_rgb,intrusion_climb-over-fence_rgb_0078_cctv3,intrusion_candidate,intrusion,[16],[0.533],"{""start_frame"": 16, ""end_frame"": 16}","[""walk, carry/hold (an object)""]","[""unsafe""]",unsafe,"{""normal"": 0, ""unsafe"": 1, ""danger"": 0}","{""normal"": 0.0, ""unsafe"": 1.0, ""danger"": 0.0}",unsafe,unsafe,unsafe,True,False,labeling_yolo_single_frame,single_frame_gt_from_sampled_frame_label,unsafe,intrusion,True,True,True,0.6018,"{""risk_state"":""unsafe""}
"
intrusion_climb-over-fence_rgb_0078_cctv3_f000026,climb-over-fence_smart_rgb,intrusion_climb-over-fence_rgb_0078_cctv3,intrusion_candidate,intrusion,[26],[0.867],"{""start_frame"": 26, ""end_frame"": 26}","[""walk, carry/hold (an object)""]","[""unsafe""]",unsafe,"{""normal"": 0, ""unsafe"": 1, ""danger"": 0}","{""normal"": 0.0, ""unsafe"": 1.0, ""danger"": 0.0}",unsafe,unsafe,unsafe,True,False,labeling_yolo_single_frame,single_frame_gt_from_sampled_frame_label,unsafe,intrusion,True,True,True,0.6019,"{""risk_state"":""unsafe""}
"
intrusion_climb-over-fence_rgb_0078_cctv3_f000036,climb-over-fence_smart_rgb,intrusion_climb-over-fence_rgb_0078_cctv3,intrusion_candidate,intrusion,[36],[1.2],"{""start_frame"": 36, ""end_frame"": 36}","[""walk, carry/hold (an object)""]","[""unsafe""]",unsafe,"{""normal"": 0, ""unsafe"": 1, ""danger"": 0}","{""normal"": 0.0, ""unsafe"": 1.0, ""danger"": 0.0}",unsafe,unsafe,unsafe,True,False,labeling_yolo_single_frame,single_frame_gt_from_sampled_frame_label,unsafe,intrusion,True,True,True,0.6016,"{""risk_state"":""unsafe""}
"
intrusion_climb-over-fence_rgb_0078_cctv3_f000046,climb-over-fence_smart_rgb,intrusion_climb-over-fence_rgb_0078_cctv3,intrusion_candidate,intrusion,[46],[1.533],"{""start_frame"": 46, ""end_frame"": 46}","[""walk, carry/hold (an object)""]","[""unsafe""]",unsafe,"{""normal"": 0, ""unsafe"": 1, ""danger"": 0}","{""normal"": 0.0, ""unsafe"": 1.0, ""danger"": 0.0}",unsafe,unsafe,unsafe,True,False,labeling_yolo_single_frame,single_frame_gt_from_sampled_frame_label,unsafe,intrusion,True,True,True,0.6043,"{""risk_state"":""unsafe""}
"
intrusion_climb-over-fence_rgb_0078_cctv3_f000056,climb-over-fence_smart_rgb,intrusion_climb-over-fence_rgb_0078_cctv3,intrusion_candidate,intrusion,[56],[1.867],"{""start_frame"": 56, ""end_frame"": 56}","[""walk, carry/hold (an object)""]","[""danger""]",danger,"{""normal"": 0, ""unsafe"": 0, ""danger"": 1}","{""normal"": 0.0, ""unsafe"": 0.0, ""danger"": 1.0}",danger,danger,danger,True,False,labeling_yolo_single_frame,single_frame_gt_from_sampled_frame_label,unsafe,intrusion,True,True,True,0.6006,"{""risk_state"":""unsafe""}
"
intrusion_climb-over-fence_rgb_0078_cctv3_f000066,climb-over-fence_smart_rgb,intrusion_climb-over-fence_rgb_0078_cctv3,intrusion_candidate,intrusion,[66],[2.2],"{""start_frame"": 66, ""end_frame"": 66}","[""walk, carry/hold (an object)""]","[""danger""]",danger,"{""normal"": 0, ""unsafe"": 0, ""danger"": 1}","{""normal"": 0.0, ""unsafe"": 0.0, ""danger"": 1.0}",danger,danger,danger,True,False,labeling_yolo_single_frame,single_frame_gt_from_sampled_frame_label,unsafe,intrusion,True,True,True,0.5996,"{""risk_state"":""unsafe""}
"
intrusion_climb-over-fence_rgb_0078_cctv3_f000076,climb-over-fence_smart_rgb,intrusion_climb-over-fence_rgb_0078_cctv3,intrusion_candidate,intrusion,[76],[2.533],"{""start_frame"": 76, ""end_frame"": 76}","[""walk, carry/hold (an object)""]","[""danger""]",danger,"{""normal"": 0, ""unsafe"": 0, ""danger"": 1}","{""normal"": 0.0, ""unsafe"": 0.0, ""danger"": 1.0}",danger,danger,danger,True,False,labeling_yolo_single_frame,single_frame_gt_from_sampled_frame_label,danger,intrusion,True,True,True,0.6027,"{""risk_state"":""danger""}
"
intrusion_climb-over-fence_rgb_0078_cctv3_f000086,climb-over-fence_smart_rgb,intrusion_climb-over-fence_rgb_0078_cctv3,intrusion_candidate,intrusion,[86],[2.867],"{""start_frame"": 86, ""end_frame"": 86}","[""carry/hold (an object), walk""]","[""danger""]",danger,"{""normal"": 0, ""unsafe"": 0, ""danger"": 1}","{""normal"": 0.0, ""unsafe"": 0.0, ""danger"": 1.0}",danger,danger,danger,True,False,labeling_yolo_single_frame,single_frame_gt_from_sampled_frame_label,danger,intrusion,True,True,True,0.6021,"{""risk_state"":""danger""}
"
intrusion_climb-over-fence_rgb_0078_cctv3_f000096,climb-over-fence_smart_rgb,intrusion_climb-over-fence_rgb_0078_cctv3,intrusion_candidate,intrusion,[96],[3.2],"{""start_frame"": 96, ""end_frame"": 96}","[""walk, carry/hold (an object)""]","[""danger""]",danger,"{""normal"": 0, ""unsafe"": 0, ""danger"": 1}","{""normal"": 0.0, ""unsafe"": 0.0, ""danger"": 1.0}",danger,danger,danger,True,False,labeling_yolo_single_frame,single_frame_gt_from_sampled_frame_label,danger,intrusion,True,True,True,0.6082,"{""risk_state"":""danger""}
"
intrusion_climb-over-fence_rgb_0078_cctv3_f000106,climb-over-fence_smart_rgb,intrusion_climb-over-fence_rgb_0078_cctv3,intrusion_candidate,intrusion,[106],[3.533],"{""start_frame"": 106, ""end_frame"": 106}","[""walk, carry/hold (an object)""]","[""danger""]",danger,"{""normal"": 0, ""unsafe"": 0, ""danger"": 1}","{""normal"": 0.0, ""unsafe"": 0.0, ""danger"": 1.0}",danger,danger,danger,True,False,labeling_yolo_single_frame,single_frame_gt_from_sampled_frame_label,danger,intrusion,True,True,True,0.6,"{""risk_state"":""danger""}
"
intrusion_climb-over-fence_rgb_0078_cctv3_f000116,climb-over-fence_smart_rgb,intrusion_climb-over-fence_rgb_0078_cctv3,intrusion_candidate,intrusion,[116],[3.867],"{""start_frame"": 116, ""end_frame"": 116}","[""walk, stand""]","[""danger""]",danger,"{""normal"": 0, ""unsafe"": 0, ""danger"": 1}","{""normal"": 0.0, ""unsafe"": 0.0, ""danger"": 1.0}",danger,danger,danger,True,False,labeling_yolo_single_frame,single_frame_gt_from_sampled_frame_label,danger,intrusion,True,True,True,0.5981,"{""risk_state"":""danger""}
"
intrusion_climb-over-fence_rgb_0078_cctv3_f000126,climb-over-fence_smart_rgb,intrusion_climb-over-fence_rgb_0078_cctv3,intrusion_candidate,intrusion,[126],[4.2],"{""start_frame"": 126, ""end_frame"": 126}","[""stand, carry/hold (an object)""]","[""danger""]",danger,"{""normal"": 0, ""unsafe"": 0, ""danger"": 1}","{""normal"": 0.0, ""unsafe"": 0.0, ""danger"": 1.0}",danger,danger,danger,True,False,labeling_yolo_single_frame,single_frame_gt_from_sampled_frame_label,danger,intrusion,True,True,True,0.601,"{""risk_state"":""danger""}
"
intrusion_climb-over-fence_rgb_0078_cctv3_f000136,climb-over-fence_smart_rgb,intrusion_climb-over-fence_rgb_0078_cctv3,intrusion_candidate,intrusion,[136],[4.533],"{""start_frame"": 136, ""end_frame"": 136}","[""walk, carry/hold (an object)""]","[""danger""]",danger,"{""normal"": 0, ""unsafe"": 0, ""danger"": 1}","{""normal"": 0.0, ""unsafe"": 0.0, ""danger"": 1.0}",danger,danger,danger,True,False,labeling_yolo_single_frame,single_frame_gt_from_sampled_frame_label,danger,intrusion,True,True,True,0.6024,"{""risk_state"":""danger""}
"
intrusion_climb-over-fence_rgb_0078_cctv3_f000146,climb-over-fence_smart_rgb,intrusion_climb-over-fence_rgb_0078_cctv3,intrusion_candidate,intrusion,[146],[4.867],"{""start_frame"": 146, ""end_frame"": 146}","[""walk, carry/hold (an object)""]","[""danger""]",danger,"{""normal"": 0, ""unsafe"": 0, ""danger"": 1}","{""normal"": 0.0, ""unsafe"": 0.0, ""danger"": 1.0}",danger,danger,danger,True,False,labeling_yolo_single_frame,single_frame_gt_from_sampled_frame_label,danger,intrusion,True,True,True,0.599,"{""risk_state"":""danger""}
"
intrusion_climb-over-fence_rgb_0078_cctv3_f000156,climb-over-fence_smart_rgb,intrusion_climb-over-fence_rgb_0078_cctv3,intrusion_candidate,intrusion,[156],[5.2],"{""start_frame"": 156, ""end_frame"": 156}","[""walk, stand""]","[""danger""]",danger,"{""normal"": 0, ""unsafe"": 0, ""danger"": 1}","{""normal"": 0.0, ""unsafe"": 0.0, ""danger"": 1.0}",danger,danger,danger,True,False,labeling_yolo_single_frame,single_frame_gt_from_sampled_frame_label,danger,intrusion,True,True,True,0.5996,"{""risk_state"":""danger""}
"
intrusion_climb-over-fence_rgb_0078_cctv3_f000166,climb-over-fence_smart_rgb,intrusion_climb-over-fence_rgb_0078_cctv3,intrusion_candidate,intrusion,[166],[5.533],"{""start_frame"": 166, ""end_frame"": 166}","[""stand, carry/hold (an object)""]","[""danger""]",danger,"{""normal"": 0, ""unsafe"": 0, ""danger"": 1}","{""normal"": 0.0, ""unsafe"": 0.0, ""danger"": 1.0}",danger,danger,danger,True,False,labeling_yolo_single_frame,single_frame_gt_from_sampled_frame_label,danger,intrusion,True,True,True,0.6105,"{""risk_state"":""danger""}
"
intrusion_climb-over-fence_rgb_0078_cctv3_f000176,climb-over-fence_smart_rgb,intrusion_climb-over-fence_rgb_0078_cctv3,intrusion_candidate,intrusion,[176],[5.867],"{""start_frame"": 176, ""end_frame"": 176}","[""stand, carry/hold (an object)""]","[""danger""]",danger,"{""normal"": 0, ""unsafe"": 0, ""danger"": 1}","{""normal"": 0.0, ""unsafe"": 0.0, ""danger"": 1.0}",danger,danger,danger,True,False,labeling_yolo_single_frame,single_frame_gt_from_sampled_frame_label,danger,intrusion,True,True,True,0.6017,"{""risk_state"":""danger""}
"
intrusion_climb-over-fence_rgb_0078_cctv3_f000186,climb-over-fence_smart_rgb,intrusion_climb-over-fence_rgb_0078_cctv3,intrusion_candidate,intrusion,[186],[6.2],"{""start_frame"": 186, ""end_frame"": 186}","[""stand, carry/hold (an object)""]","[""danger""]",danger,"{""normal"": 0, ""unsafe"": 0, ""danger"": 1}","{""normal"": 0.0, ""unsafe"": 0.0, ""danger"": 1.0}",danger,danger,danger,True,False,labeling_yolo_single_frame,single_frame_gt_from_sampled_frame_label,danger,intrusion,True,True,True,0.5987,"{""risk_state"":""danger""}
"
intrusion_climb-over-fence_rgb_0078_cctv3_f000196,climb-over-fence_smart_rgb,intrusion_climb-over-fence_rgb_0078_cctv3,intrusion_candidate,intrusion,[196],[6.533],"{""start_frame"": 196, ""end_frame"": 196}","[""stand, answer phone""]","[""danger""]",danger,"{""normal"": 0, ""unsafe"": 0, ""danger"": 1}","{""normal"": 0.0, ""unsafe"": 0.0, ""danger"": 1.0}",danger,danger,danger,True,False,labeling_yolo_single_frame,single_frame_gt_from_sampled_frame_label,danger,intrusion,True,True,True,0.6018,"{""risk_state"":""danger""}
"
intrusion_climb-over-fence_rgb_0078_cctv3_f000206,climb-over-fence_smart_rgb,intrusion_climb-over-fence_rgb_0078_cctv3,intrusion_candidate,intrusion,[206],[6.867],"{""start_frame"": 206, ""end_frame"": 206}","[""walk, carry/hold (an object)""]","[""danger""]",danger,"{""normal"": 0, ""unsafe"": 0, ""danger"": 1}","{""normal"": 0.0, ""unsafe"": 0.0, ""danger"": 1.0}",danger,danger,danger,True,False,labeling_yolo_single_frame,single_frame_gt_from_sampled_frame_label,danger,intrusion,True,True,True,0.602,"{""risk_state"":""danger""}
"
intrusion_climb-over-fence_rgb_0078_cctv3_f000216,climb-over-fence_smart_rgb,intrusion_climb-over-fence_rgb_0078_cctv3,intrusion_candidate,intrusion,[216],[7.2],"{""start_frame"": 216, ""end_frame"": 216}","[""walk, carry/hold (an object)""]","[""danger""]",danger,"{""normal"": 0, ""unsafe"": 0, ""danger"": 1}","{""normal"": 0.0, ""unsafe"": 0.0, ""danger"": 1.0}",danger,danger,danger,True,False,labeling_yolo_single_frame,single_frame_gt_from_sampled_frame_label,danger,intrusion,True,True,True,0.6028,"{""risk_state"":""danger""}
"
intrusion_climb-over-fence_rgb_0078_cctv3_f000226,climb-over-fence_smart_rgb,intrusion_climb-over-fence_rgb_0078_cctv3,intrusion_candidate,intrusion,[226],[7.533],"{""start_frame"": 226, ""end_frame"": 226}","[""stand, walk""]","[""danger""]",danger,"{""normal"": 0, ""unsafe"": 0, ""danger"": 1}","{""normal"": 0.0, ""unsafe"": 0.0, ""danger"": 1.0}",danger,danger,danger,True,False,labeling_yolo_single_frame,single_frame_gt_from_sampled_frame_label,danger,intrusion,True,True,True,0.6025,"{""risk_state"":""danger""}
"
intrusion_climb-over-fence_rgb_0078_cctv3_f000236,climb-over-fence_smart_rgb,intrusion_climb-over-fence_rgb_0078_cctv3,intrusion_candidate,intrusion,[236],[7.867],"{""start_frame"": 236, ""end_frame"": 236}","[""stand, carry/hold (an object)""]","[""danger""]",danger,"{""normal"": 0, ""unsafe"": 0, ""danger"": 1}","{""normal"": 0.0, ""unsafe"": 0.0, ""danger"": 1.0}",danger,danger,danger,True,False,labeling_yolo_single_frame,single_frame_gt_from_sampled_frame_label,danger,intrusion,True,True,True,0.6037,"{""risk_state"":""danger""}
"
intrusion_climb-over-fence_rgb_0078_cctv3_f000246,climb-over-fence_smart_rgb,intrusion_climb-over-fence_rgb_0078_cctv3,intrusion_candidate,intrusion,[246],[8.2],"{""start_frame"": 246, ""end_frame"": 246}","[""stand, answer phone""]","[""danger""]",danger,"{""normal"": 0, ""unsafe"": 0, ""danger"": 1}","{""normal"": 0.0, ""unsafe"": 0.0, ""danger"": 1.0}",danger,danger,danger,True,False,labeling_yolo_single_frame,single_frame_gt_from_sampled_frame_label,danger,intrusion,True,True,True,0.6019,"{""risk_state"":""danger""}
"
intrusion_climb-over-fence_rgb_0078_cctv3_f000256,climb-over-fence_smart_rgb,intrusion_climb-over-fence_rgb_0078_cctv3,intrusion_candidate,intrusion,[256],[8.533],"{""start_frame"": 256, ""end_frame"": 256}","[""stand, carry/hold (an object)""]","[""danger""]",danger,"{""normal"": 0, ""unsafe"": 0, ""danger"": 1}","{""normal"": 0.0, ""unsafe"": 0.0, ""danger"": 1.0}",danger,danger,danger,True,False,labeling_yolo_single_frame,single_frame_gt_from_sampled_frame_label,danger,intrusion,True,True,True,0.6023,"{""risk_state"":""danger""}
"
intrusion_climb-over-fence_rgb_0078_cctv3_f000266,climb-over-fence_smart_rgb,intrusion_climb-over-fence_rgb_0078_cctv3,intrusion_candidate,intrusion,[266],[8.867],"{""start_frame"": 266, ""end_frame"": 266}","[""stand, carry/hold (an object)""]","[""danger""]",danger,"{""normal"": 0, ""unsafe"": 0, ""danger"": 1}","{""normal"": 0.0, ""unsafe"": 0.0, ""danger"": 1.0}",danger,danger,danger,True,False,labeling_yolo_single_frame,single_frame_gt_from_sampled_frame_label,danger,intrusion,True,True,True,0.6062,"{""risk_state"":""danger""}
"
intrusion_climb-over-fence_rgb_0078_cctv3_f000276,climb-over-fence_smart_rgb,intrusion_climb-over-fence_rgb_0078_cctv3,intrusion_candidate,intrusion,[276],[9.2],"{""start_frame"": 276, ""end_frame"": 276}","[""bend/bow (at the waist), stand""]","[""danger""]",danger,"{""normal"": 0, ""unsafe"": 0, ""danger"": 1}","{""normal"": 0.0, ""unsafe"": 0.0, ""danger"": 1.0}",danger,danger,danger,True,False,labeling_yolo_single_frame,single_frame_gt_from_sampled_frame_label,danger,intrusion,True,True,True,0.5975,"{""risk_state"":""danger""}
"
intrusion_climb-over-fence_rgb_0078_cctv3_f000286,climb-over-fence_smart_rgb,intrusion_climb-over-fence_rgb_0078_cctv3,intrusion_candidate,intrusion,[286],[9.533],"{""start_frame"": 286, ""end_frame"": 286}","[""stand, carry/hold (an object)""]","[""danger""]",danger,"{""normal"": 0, ""unsafe"": 0, ""danger"": 1}","{""normal"": 0.0, ""unsafe"": 0.0, ""danger"": 1.0}",danger,danger,danger,True,False,labeling_yolo_single_frame,single_frame_gt_from_sampled_frame_label,danger,intrusion,True,True,True,0.5987,"{""risk_state"":""danger""}
"
intrusion_climb-over-fence_rgb_0078_cctv3_f000296,climb-over-fence_smart_rgb,intrusion_climb-over-fence_rgb_0078_cctv3,intrusion_candidate,intrusion,[296],[9.867],"{""start_frame"": 296, ""end_frame"": 296}","[""stand, carry/hold (an object)""]","[""danger""]",danger,"{""normal"": 0, ""unsafe"": 0, ""danger"": 1}","{""normal"": 0.0, ""unsafe"": 0.0, ""danger"": 1.0}",danger,danger,danger,True,False,labeling_yolo_single_frame,single_frame_gt_from_sampled_frame_label,danger,intrusion,True,True,True,0.5997,"{""risk_state"":""danger""}
"
intrusion_climb-over-fence_rgb_0078_cctv3_f000306,climb-over-fence_smart_rgb,intrusion_climb-over-fence_rgb_0078_cctv3,intrusion_candidate,intrusion,[306],[10.2],"{""start_frame"": 306, ""end_frame"": 306}","[""stand, carry/hold (an object)""]","[""danger""]",danger,"{""normal"": 0, ""unsafe"": 0, ""danger"": 1}","{""normal"": 0.0, ""unsafe"": 0.0, ""danger"": 1.0}",danger,danger,danger,True,False,labeling_yolo_single_frame,single_frame_gt_from_sampled_frame_label,danger,intrusion,True,True,True,0.6001,"{""risk_state"":""danger""}
"
intrusion_climb-over-fence_rgb_0078_cctv3_f000316,climb-over-fence_smart_rgb,intrusion_climb-over-fence_rgb_0078_cctv3,intrusion_candidate,intrusion,[316],[10.533],"{""start_frame"": 316, ""end_frame"": 316}","[""stand, carry/hold (an object)""]","[""danger""]",danger,"{""normal"": 0, ""unsafe"": 0, ""danger"": 1}","{""normal"": 0.0, ""unsafe"": 0.0, ""danger"": 1.0}",danger,danger,danger,True,False,labeling_yolo_single_frame,single_frame_gt_from_sampled_frame_label,danger,intrusion,True,True,True,0.6057,"{""risk_state"":""danger""}
"
intrusion_climb-over-fence_rgb_0078_cctv3_f000326,climb-over-fence_smart_rgb,intrusion_climb-over-fence_rgb_0078_cctv3,intrusion_candidate,intrusion,[326],[10.867],"{""start_frame"": 326, ""end_frame"": 326}","[""stand, carry/hold (an object)""]","[""danger""]",danger,"{""normal"": 0, ""unsafe"": 0, ""danger"": 1}","{""normal"": 0.0, ""unsafe"": 0.0, ""danger"": 1.0}",danger,danger,danger,True,False,labeling_yolo_single_frame,single_frame_gt_from_sampled_frame_label,danger,intrusion,True,True,True,0.6042,"{""risk_state"":""danger""}
"
intrusion_climb-over-fence_rgb_0078_cctv3_f000336,climb-over-fence_smart_rgb,intrusion_climb-over-fence_rgb_0078_cctv3,intrusion_candidate,intrusion,[336],[11.2],"{""start_frame"": 336, ""end_frame"": 336}","[""stand, carry/hold (an object)""]","[""danger""]",danger,"{""normal"": 0, ""unsafe"": 0, ""danger"": 1}","{""normal"": 0.0, ""unsafe"": 0.0, ""danger"": 1.0}",danger,danger,danger,True,False,labeling_yolo_single_frame,single_frame_gt_from_sampled_frame_label,danger,intrusion,True,True,True,0.6101,"{""risk_state"":""danger""}
"
intrusion_climb-over-fence_rgb_0078_cctv3_f000346,climb-over-fence_smart_rgb,intrusion_climb-over-fence_rgb_0078_cctv3,intrusion_candidate,intrusion,[346],[11.533],"{""start_frame"": 346, ""end_frame"": 346}","[""stand, carry/hold (an object)""]","[""danger""]",danger,"{""normal"": 0, ""unsafe"": 0, ""danger"": 1}","{""normal"": 0.0, ""unsafe"": 0.0, ""danger"": 1.0}",danger,danger,danger,True,False,labeling_yolo_single_frame,single_frame_gt_from_sampled_frame_label,danger,intrusion,True,True,True,0.6032,"{""risk_state"":""danger""}
"
intrusion_climb-over-fence_rgb_0078_cctv3_f000356,climb-over-fence_smart_rgb,intrusion_climb-over-fence_rgb_0078_cctv3,intrusion_candidate,intrusion,[356],[11.867],"{""start_frame"": 356, ""end_frame"": 356}","[""stand, carry/hold (an object)""]","[""danger""]",danger,"{""normal"": 0, ""unsafe"": 0, ""danger"": 1}","{""normal"": 0.0, ""unsafe"": 0.0, ""danger"": 1.0}",danger,danger,danger,True,False,labeling_yolo_single_frame,single_frame_gt_from_sampled_frame_label,danger,intrusion,True,True,True,0.5995,"{""risk_state"":""danger""}
"
intrusion_climb-over-fence_rgb_0078_cctv3_f000366,climb-over-fence_smart_rgb,intrusion_climb-over-fence_rgb_0078_cctv3,intrusion_candidate,intrusion,[366],[12.2],"{""start_frame"": 366, ""end_frame"": 366}","[""stand, walk""]","[""danger""]",danger,"{""normal"": 0, ""unsafe"": 0, ""danger"": 1}","{""normal"": 0.0, ""unsafe"": 0.0, ""danger"": 1.0}",danger,danger,danger,True,False,labeling_yolo_single_frame,single_frame_gt_from_sampled_frame_label,danger,intrusion,True,True,True,0.598,"{""risk_state"":""danger""}
"
intrusion_climb-over-fence_rgb_0078_cctv3_f000376,climb-over-fence_smart_rgb,intrusion_climb-over-fence_rgb_0078_cctv3,intrusion_candidate,intrusion,[376],[12.533],"{""start_frame"": 376, ""end_frame"": 376}","[""walk, stand""]","[""danger""]",danger,"{""normal"": 0, ""unsafe"": 0, ""danger"": 1}","{""normal"": 0.0, ""unsafe"": 0.0, ""danger"": 1.0}",danger,danger,danger,True,False,labeling_yolo_single_frame,single_frame_gt_from_sampled_frame_label,danger,intrusion,True,True,True,0.603,"{""risk_state"":""danger""}
"
intrusion_climb-over-fence_rgb_0078_cctv3_f000386,climb-over-fence_smart_rgb,intrusion_climb-over-fence_rgb_0078_cctv3,intrusion_candidate,intrusion,[386],[12.867],"{""start_frame"": 386, ""end_frame"": 386}","[""stand, walk""]","[""danger""]",danger,"{""normal"": 0, ""unsafe"": 0, ""danger"": 1}","{""normal"": 0.0, ""unsafe"": 0.0, ""danger"": 1.0}",danger,danger,danger,True,False,labeling_yolo_single_frame,single_frame_gt_from_sampled_frame_label,danger,intrusion,True,True,True,0.6043,"{""risk_state"":""danger""}
"
intrusion_climb-over-fence_rgb_0078_cctv3_f000396,climb-over-fence_smart_rgb,intrusion_climb-over-fence_rgb_0078_cctv3,intrusion_candidate,intrusion,[396],[13.2],"{""start_frame"": 396, ""end_frame"": 396}","[""stand, walk""]","[""danger""]",danger,"{""normal"": 0, ""unsafe"": 0, ""danger"": 1}","{""normal"": 0.0, ""unsafe"": 0.0, ""danger"": 1.0}",danger,danger,danger,True,False,labeling_yolo_single_frame,single_frame_gt_from_sampled_frame_label,danger,intrusion,True,True,True,0.6033,"{""risk_state"":""danger""}
"
intrusion_climb-over-fence_rgb_0078_cctv3_f000406,climb-over-fence_smart_rgb,intrusion_climb-over-fence_rgb_0078_cctv3,intrusion_candidate,intrusion,[406],[13.533],"{""start_frame"": 406, ""end_frame"": 406}","[""stand""]","[""danger""]",danger,"{""normal"": 0, ""unsafe"": 0, ""danger"": 1}","{""normal"": 0.0, ""unsafe"": 0.0, ""danger"": 1.0}",danger,danger,danger,True,False,labeling_yolo_single_frame,single_frame_gt_from_sampled_frame_label,danger,intrusion,True,True,True,0.6048,"{""risk_state"":""danger""}
"
intrusion_climb-over-fence_rgb_0078_cctv3_f000416,climb-over-fence_smart_rgb,intrusion_climb-over-fence_rgb_0078_cctv3,intrusion_candidate,intrusion,[416],[13.867],"{""start_frame"": 416, ""end_frame"": 416}","[""walk, stand""]","[""danger""]",danger,"{""normal"": 0, ""unsafe"": 0, ""danger"": 1}","{""normal"": 0.0, ""unsafe"": 0.0, ""danger"": 1.0}",danger,danger,danger,True,False,labeling_yolo_single_frame,single_frame_gt_from_sampled_frame_label,danger,intrusion,True,True,True,0.5972,"{""risk_state"":""danger""}
"
intrusion_climb-over-fence_rgb_0078_cctv3_f000426,climb-over-fence_smart_rgb,intrusion_climb-over-fence_rgb_0078_cctv3,intrusion_candidate,intrusion,[426],[14.2],"{""start_frame"": 426, ""end_frame"": 426}","[""stand, walk""]","[""danger""]",danger,"{""normal"": 0, ""unsafe"": 0, ""danger"": 1}","{""normal"": 0.0, ""unsafe"": 0.0, ""danger"": 1.0}",danger,danger,danger,True,False,labeling_yolo_single_frame,single_frame_gt_from_sampled_frame_label,danger,intrusion,True,True,True,0.6024,"{""risk_state"":""danger""}
"
intrusion_climb-over-fence_rgb_0078_cctv3_f000436,climb-over-fence_smart_rgb,intrusion_climb-over-fence_rgb_0078_cctv3,intrusion_candidate,intrusion,[436],[14.533],"{""start_frame"": 436, ""end_frame"": 436}","[""stand, walk""]","[""danger""]",danger,"{""normal"": 0, ""unsafe"": 0, ""danger"": 1}","{""normal"": 0.0, ""unsafe"": 0.0, ""danger"": 1.0}",danger,danger,danger,True,False,labeling_yolo_single_frame,single_frame_gt_from_sampled_frame_label,danger,intrusion,True,True,True,0.6059,"{""risk_state"":""danger""}
"
intrusion_climb-over-fence_rgb_0078_cctv3_f000446,climb-over-fence_smart_rgb,intrusion_climb-over-fence_rgb_0078_cctv3,intrusion_candidate,intrusion,[446],[14.867],"{""start_frame"": 446, ""end_frame"": 446}","[""stand, carry/hold (an object)""]","[""danger""]",danger,"{""normal"": 0, ""unsafe"": 0, ""danger"": 1}","{""normal"": 0.0, ""unsafe"": 0.0, ""danger"": 1.0}",danger,danger,danger,True,False,labeling_yolo_single_frame,single_frame_gt_from_sampled_frame_label,danger,intrusion,True,True,True,0.6049,"{""risk_state"":""danger""}
"
intrusion_climb-over-fence_rgb_0078_cctv3_f000456,climb-over-fence_smart_rgb,intrusion_climb-over-fence_rgb_0078_cctv3,intrusion_candidate,intrusion,[456],[15.2],"{""start_frame"": 456, ""end_frame"": 456}","[""stand, carry/hold (an object)""]","[""danger""]",danger,"{""normal"": 0, ""unsafe"": 0, ""danger"": 1}","{""normal"": 0.0, ""unsafe"": 0.0, ""danger"": 1.0}",danger,danger,danger,True,False,labeling_yolo_single_frame,single_frame_gt_from_sampled_frame_label,danger,intrusion,True,True,True,0.6033,"{""risk_state"":""danger""}
"
intrusion_climb-over-fence_rgb_0079_cctv3_f000016,climb-over-fence_smart_rgb,intrusion_climb-over-fence_rgb_0079_cctv3,intrusion_candidate,intrusion,[16],[0.533],"{""start_frame"": 16, ""end_frame"": 16}","[""walk, stand""]","[""unsafe""]",unsafe,"{""normal"": 0, ""unsafe"": 1, ""danger"": 0}","{""normal"": 0.0, ""unsafe"": 1.0, ""danger"": 0.0}",unsafe,unsafe,unsafe,True,False,labeling_yolo_single_frame,single_frame_gt_from_sampled_frame_label,unsafe,intrusion,True,True,True,0.6041,"{""risk_state"":""unsafe""}
"
intrusion_climb-over-fence_rgb_0079_cctv3_f000026,climb-over-fence_smart_rgb,intrusion_climb-over-fence_rgb_0079_cctv3,intrusion_candidate,intrusion,[26],[0.867],"{""start_frame"": 26, ""end_frame"": 26}","[""walk, carry/hold (an object)""]","[""danger""]",danger,"{""normal"": 0, ""unsafe"": 0, ""danger"": 1}","{""normal"": 0.0, ""unsafe"": 0.0, ""danger"": 1.0}",danger,danger,danger,True,False,labeling_yolo_single_frame,single_frame_gt_from_sampled_frame_label,unsafe,intrusion,True,True,True,0.6017,"{""risk_state"":""unsafe""}
"
intrusion_climb-over-fence_rgb_0079_cctv3_f000036,climb-over-fence_smart_rgb,intrusion_climb-over-fence_rgb_0079_cctv3,intrusion_candidate,intrusion,[36],[1.2],"{""start_frame"": 36, ""end_frame"": 36}","[""walk, carry/hold (an object)""]","[""danger""]",danger,"{""normal"": 0, ""unsafe"": 0, ""danger"": 1}","{""normal"": 0.0, ""unsafe"": 0.0, ""danger"": 1.0}",danger,danger,danger,True,False,labeling_yolo_single_frame,single_frame_gt_from_sampled_frame_label,unsafe,intrusion,True,True,True,0.599,"{""risk_state"":""unsafe""}
"
intrusion_climb-over-fence_rgb_0079_cctv3_f000046,climb-over-fence_smart_rgb,intrusion_climb-over-fence_rgb_0079_cctv3,intrusion_candidate,intrusion,[46],[1.533],"{""start_frame"": 46, ""end_frame"": 46}","[""walk, carry/hold (an object)""]","[""danger""]",danger,"{""normal"": 0, ""unsafe"": 0, ""danger"": 1}","{""normal"": 0.0, ""unsafe"": 0.0, ""danger"": 1.0}",danger,danger,danger,True,False,labeling_yolo_single_frame,single_frame_gt_from_sampled_frame_label,unsafe,intrusion,True,True,True,0.603,"{""risk_state"":""unsafe""}
"
intrusion_climb-over-fence_rgb_0079_cctv3_f000056,climb-over-fence_smart_rgb,intrusion_climb-over-fence_rgb_0079_cctv3,intrusion_candidate,intrusion,[56],[1.867],"{""start_frame"": 56, ""end_frame"": 56}","[""walk, carry/hold (an object)""]","[""danger""]",danger,"{""normal"": 0, ""unsafe"": 0, ""danger"": 1}","{""normal"": 0.0, ""unsafe"": 0.0, ""danger"": 1.0}",danger,danger,danger,True,False,labeling_yolo_single_frame,single_frame_gt_from_sampled_frame_label,unsafe,intrusion,True,True,True,0.6194,"{""risk_state"":""unsafe""}
"
intrusion_climb-over-fence_rgb_0079_cctv3_f000066,climb-over-fence_smart_rgb,intrusion_climb-over-fence_rgb_0079_cctv3,intrusion_candidate,intrusion,[66],[2.2],"{""start_frame"": 66, ""end_frame"": 66}","[""walk, carry/hold (an object)""]","[""danger""]",danger,"{""normal"": 0, ""unsafe"": 0, ""danger"": 1}","{""normal"": 0.0, ""unsafe"": 0.0, ""danger"": 1.0}",danger,danger,danger,True,False,labeling_yolo_single_frame,single_frame_gt_from_sampled_frame_label,danger,intrusion,True,True,True,0.6032,"{""risk_state"":""danger""}
"
intrusion_climb-over-fence_rgb_0079_cctv3_f000076,climb-over-fence_smart_rgb,intrusion_climb-over-fence_rgb_0079_cctv3,intrusion_candidate,intrusion,[76],[2.533],"{""start_frame"": 76, ""end_frame"": 76}","[""walk, carry/hold (an object)""]","[""danger""]",danger,"{""normal"": 0, ""unsafe"": 0, ""danger"": 1}","{""normal"": 0.0, ""unsafe"": 0.0, ""danger"": 1.0}",danger,danger,danger,True,False,labeling_yolo_single_frame,single_frame_gt_from_sampled_frame_label,danger,intrusion,True,True,True,0.6002,"{""risk_state"":""danger""}
"
intrusion_climb-over-fence_rgb_0079_cctv3_f000086,climb-over-fence_smart_rgb,intrusion_climb-over-fence_rgb_0079_cctv3,intrusion_candidate,intrusion,[86],[2.867],"{""start_frame"": 86, ""end_frame"": 86}","[""carry/hold (an object), walk""]","[""danger""]",danger,"{""normal"": 0, ""unsafe"": 0, ""danger"": 1}","{""normal"": 0.0, ""unsafe"": 0.0, ""danger"": 1.0}",danger,danger,danger,True,False,labeling_yolo_single_frame,single_frame_gt_from_sampled_frame_label,danger,intrusion,True,True,True,0.6032,"{""risk_state"":""danger""}
"
intrusion_climb-over-fence_rgb_0079_cctv3_f000096,climb-over-fence_smart_rgb,intrusion_climb-over-fence_rgb_0079_cctv3,intrusion_candidate,intrusion,[96],[3.2],"{""start_frame"": 96, ""end_frame"": 96}","[""carry/hold (an object), stand""]","[""danger""]",danger,"{""normal"": 0, ""unsafe"": 0, ""danger"": 1}","{""normal"": 0.0, ""unsafe"": 0.0, ""danger"": 1.0}",danger,danger,danger,True,False,labeling_yolo_single_frame,single_frame_gt_from_sampled_frame_label,danger,intrusion,True,True,True,0.5992,"{""risk_state"":""danger""}
"
intrusion_climb-over-fence_rgb_0079_cctv3_f000106,climb-over-fence_smart_rgb,intrusion_climb-over-fence_rgb_0079_cctv3,intrusion_candidate,intrusion,[106],[3.533],"{""start_frame"": 106, ""end_frame"": 106}","[""carry/hold (an object), walk""]","[""danger""]",danger,"{""normal"": 0, ""unsafe"": 0, ""danger"": 1}","{""normal"": 0.0, ""unsafe"": 0.0, ""danger"": 1.0}",danger,danger,danger,True,False,labeling_yolo_single_frame,single_frame_gt_from_sampled_frame_label,danger,intrusion,True,True,True,0.6029,"{""risk_state"":""danger""}
"
intrusion_climb-over-fence_rgb_0079_cctv3_f000116,climb-over-fence_smart_rgb,intrusion_climb-over-fence_rgb_0079_cctv3,intrusion_candidate,intrusion,[116],[3.867],"{""start_frame"": 116, ""end_frame"": 116}","[""carry/hold (an object), walk""]","[""danger""]",danger,"{""normal"": 0, ""unsafe"": 0, ""danger"": 1}","{""normal"": 0.0, ""unsafe"": 0.0, ""danger"": 1.0}",danger,danger,danger,True,False,labeling_yolo_single_frame,single_frame_gt_from_sampled_frame_label,danger,intrusion,True,True,True,0.5992,"{""risk_state"":""danger""}
"
intrusion_climb-over-fence_rgb_0079_cctv3_f000126,climb-over-fence_smart_rgb,intrusion_climb-over-fence_rgb_0079_cctv3,intrusion_candidate,intrusion,[126],[4.2],"{""start_frame"": 126, ""end_frame"": 126}","[""stand, carry/hold (an object)""]","[""danger""]",danger,"{""normal"": 0, ""unsafe"": 0, ""danger"": 1}","{""normal"": 0.0, ""unsafe"": 0.0, ""danger"": 1.0}",danger,danger,danger,True,False,labeling_yolo_single_frame,single_frame_gt_from_sampled_frame_label,danger,intrusion,True,True,True,0.6017,"{""risk_state"":""danger""}
"
intrusion_climb-over-fence_rgb_0079_cctv3_f000136,climb-over-fence_smart_rgb,intrusion_climb-over-fence_rgb_0079_cctv3,intrusion_candidate,intrusion,[136],[4.533],"{""start_frame"": 136, ""end_frame"": 136}","[""stand, carry/hold (an object)""]","[""danger""]",danger,"{""normal"": 0, ""unsafe"": 0, ""danger"": 1}","{""normal"": 0.0, ""unsafe"": 0.0, ""danger"": 1.0}",danger,danger,danger,True,False,labeling_yolo_single_frame,single_frame_gt_from_sampled_frame_label,danger,intrusion,True,True,True,0.6013,"{""risk_state"":""danger""}
"
intrusion_climb-over-fence_rgb_0079_cctv3_f000146,climb-over-fence_smart_rgb,intrusion_climb-over-fence_rgb_0079_cctv3,intrusion_candidate,intrusion,[146],[4.867],"{""start_frame"": 146, ""end_frame"": 146}","[""stand, carry/hold (an object)""]","[""danger""]",danger,"{""normal"": 0, ""unsafe"": 0, ""danger"": 1}","{""normal"": 0.0, ""unsafe"": 0.0, ""danger"": 1.0}",danger,danger,danger,True,False,labeling_yolo_single_frame,single_frame_gt_from_sampled_frame_label,danger,intrusion,True,True,True,0.6034,"{""risk_state"":""danger""}
"
intrusion_climb-over-fence_rgb_0079_cctv3_f000156,climb-over-fence_smart_rgb,intrusion_climb-over-fence_rgb_0079_cctv3,intrusion_candidate,intrusion,[156],[5.2],"{""start_frame"": 156, ""end_frame"": 156}","[""stand, carry/hold (an object)""]","[""danger""]",danger,"{""normal"": 0, ""unsafe"": 0, ""danger"": 1}","{""normal"": 0.0, ""unsafe"": 0.0, ""danger"": 1.0}",danger,danger,danger,True,False,labeling_yolo_single_frame,single_frame_gt_from_sampled_frame_label,danger,intrusion,True,True,True,0.6085,"{""risk_state"":""danger""}
"
intrusion_climb-over-fence_rgb_0079_cctv3_f000166,climb-over-fence_smart_rgb,intrusion_climb-over-fence_rgb_0079_cctv3,intrusion_candidate,intrusion,[166],[5.533],"{""start_frame"": 166, ""end_frame"": 166}","[""stand, carry/hold (an object)""]","[""danger""]",danger,"{""normal"": 0, ""unsafe"": 0, ""danger"": 1}","{""normal"": 0.0, ""unsafe"": 0.0, ""danger"": 1.0}",danger,danger,danger,True,False,labeling_yolo_single_frame,single_frame_gt_from_sampled_frame_label,danger,intrusion,True,True,True,0.6047,"{""risk_state"":""danger""}
"
intrusion_climb-over-fence_rgb_0079_cctv3_f000176,climb-over-fence_smart_rgb,intrusion_climb-over-fence_rgb_0079_cctv3,intrusion_candidate,intrusion,[176],[5.867],"{""start_frame"": 176, ""end_frame"": 176}","[""stand, carry/hold (an object)""]","[""danger""]",danger,"{""normal"": 0, ""unsafe"": 0, ""danger"": 1}","{""normal"": 0.0, ""unsafe"": 0.0, ""danger"": 1.0}",danger,danger,danger,True,False,labeling_yolo_single_frame,single_frame_gt_from_sampled_frame_label,danger,intrusion,True,True,True,0.5963,"{""risk_state"":""danger""}
"
intrusion_climb-over-fence_rgb_0079_cctv3_f000186,climb-over-fence_smart_rgb,intrusion_climb-over-fence_rgb_0079_cctv3,intrusion_candidate,intrusion,[186],[6.2],"{""start_frame"": 186, ""end_frame"": 186}","[""stand, carry/hold (an object)""]","[""danger""]",danger,"{""normal"": 0, ""unsafe"": 0, ""danger"": 1}","{""normal"": 0.0, ""unsafe"": 0.0, ""danger"": 1.0}",danger,danger,danger,True,False,labeling_yolo_single_frame,single_frame_gt_from_sampled_frame_label,danger,intrusion,True,True,True,0.5968,"{""risk_state"":""danger""}
"
intrusion_climb-over-fence_rgb_0079_cctv3_f000196,climb-over-fence_smart_rgb,intrusion_climb-over-fence_rgb_0079_cctv3,intrusion_candidate,intrusion,[196],[6.533],"{""start_frame"": 196, ""end_frame"": 196}","[""stand, carry/hold (an object)""]","[""danger""]",danger,"{""normal"": 0, ""unsafe"": 0, ""danger"": 1}","{""normal"": 0.0, ""unsafe"": 0.0, ""danger"": 1.0}",danger,danger,danger,True,False,labeling_yolo_single_frame,single_frame_gt_from_sampled_frame_label,danger,intrusion,True,True,True,0.5967,"{""risk_state"":""danger""}
"
intrusion_climb-over-fence_rgb_0079_cctv3_f000206,climb-over-fence_smart_rgb,intrusion_climb-over-fence_rgb_0079_cctv3,intrusion_candidate,intrusion,[206],[6.867],"{""start_frame"": 206, ""end_frame"": 206}","[""stand, carry/hold (an object)""]","[""danger""]",danger,"{""normal"": 0, ""unsafe"": 0, ""danger"": 1}","{""normal"": 0.0, ""unsafe"": 0.0, ""danger"": 1.0}",danger,danger,danger,True,False,labeling_yolo_single_frame,single_frame_gt_from_sampled_frame_label,danger,intrusion,True,True,True,0.5994,"{""risk_state"":""danger""}
"
intrusion_climb-over-fence_rgb_0079_cctv3_f000216,climb-over-fence_smart_rgb,intrusion_climb-over-fence_rgb_0079_cctv3,intrusion_candidate,intrusion,[216],[7.2],"{""start_frame"": 216, ""end_frame"": 216}","[""stand, carry/hold (an object)""]","[""danger""]",danger,"{""normal"": 0, ""unsafe"": 0, ""danger"": 1}","{""normal"": 0.0, ""unsafe"": 0.0, ""danger"": 1.0}",danger,danger,danger,True,False,labeling_yolo_single_frame,single_frame_gt_from_sampled_frame_label,danger,intrusion,True,True,True,0.6002,"{""risk_state"":""danger""}
"
intrusion_climb-over-fence_rgb_0079_cctv3_f000226,climb-over-fence_smart_rgb,intrusion_climb-over-fence_rgb_0079_cctv3,intrusion_candidate,intrusion,[226],[7.533],"{""start_frame"": 226, ""end_frame"": 226}","[""stand, carry/hold (an object)""]","[""danger""]",danger,"{""normal"": 0, ""unsafe"": 0, ""danger"": 1}","{""normal"": 0.0, ""unsafe"": 0.0, ""danger"": 1.0}",danger,danger,danger,True,False,labeling_yolo_single_frame,single_frame_gt_from_sampled_frame_label,danger,intrusion,True,True,True,0.6067,"{""risk_state"":""danger""}
"
intrusion_climb-over-fence_rgb_0079_cctv3_f000236,climb-over-fence_smart_rgb,intrusion_climb-over-fence_rgb_0079_cctv3,intrusion_candidate,intrusion,[236],[7.867],"{""start_frame"": 236, ""end_frame"": 236}","[""stand, carry/hold (an object)""]","[""danger""]",danger,"{""normal"": 0, ""unsafe"": 0, ""danger"": 1}","{""normal"": 0.0, ""unsafe"": 0.0, ""danger"": 1.0}",danger,danger,danger,True,False,labeling_yolo_single_frame,single_frame_gt_from_sampled_frame_label,danger,intrusion,True,True,True,0.5969,"{""risk_state"":""danger""}
"
intrusion_climb-over-fence_rgb_0079_cctv3_f000246,climb-over-fence_smart_rgb,intrusion_climb-over-fence_rgb_0079_cctv3,intrusion_candidate,intrusion,[246],[8.2],"{""start_frame"": 246, ""end_frame"": 246}","[""walk, carry/hold (an object)""]","[""danger""]",danger,"{""normal"": 0, ""unsafe"": 0, ""danger"": 1}","{""normal"": 0.0, ""unsafe"": 0.0, ""danger"": 1.0}",danger,danger,danger,True,False,labeling_yolo_single_frame,single_frame_gt_from_sampled_frame_label,danger,intrusion,True,True,True,0.5997,"{""risk_state"":""danger""}
"
intrusion_climb-over-fence_rgb_0079_cctv3_f000256,climb-over-fence_smart_rgb,intrusion_climb-over-fence_rgb_0079_cctv3,intrusion_candidate,intrusion,[256],[8.533],"{""start_frame"": 256, ""end_frame"": 256}","[""walk, carry/hold (an object)""]","[""danger""]",danger,"{""normal"": 0, ""unsafe"": 0, ""danger"": 1}","{""normal"": 0.0, ""unsafe"": 0.0, ""danger"": 1.0}",danger,danger,danger,True,False,labeling_yolo_single_frame,single_frame_gt_from_sampled_frame_label,danger,intrusion,True,True,True,0.6032,"{""risk_state"":""danger""}
"
intrusion_climb-over-fence_rgb_0079_cctv3_f000266,climb-over-fence_smart_rgb,intrusion_climb-over-fence_rgb_0079_cctv3,intrusion_candidate,intrusion,[266],[8.867],"{""start_frame"": 266, ""end_frame"": 266}","[""stand, carry/hold (an object)""]","[""danger""]",danger,"{""normal"": 0, ""unsafe"": 0, ""danger"": 1}","{""normal"": 0.0, ""unsafe"": 0.0, ""danger"": 1.0}",danger,danger,danger,True,False,labeling_yolo_single_frame,single_frame_gt_from_sampled_frame_label,danger,intrusion,True,True,True,0.5996,"{""risk_state"":""danger""}
"
intrusion_climb-over-fence_rgb_0079_cctv3_f000276,climb-over-fence_smart_rgb,intrusion_climb-over-fence_rgb_0079_cctv3,intrusion_candidate,intrusion,[276],[9.2],"{""start_frame"": 276, ""end_frame"": 276}","[""stand, carry/hold (an object)""]","[""danger""]",danger,"{""normal"": 0, ""unsafe"": 0, ""danger"": 1}","{""normal"": 0.0, ""unsafe"": 0.0, ""danger"": 1.0}",danger,danger,danger,True,False,labeling_yolo_single_frame,single_frame_gt_from_sampled_frame_label,danger,intrusion,True,True,True,0.5963,"{""risk_state"":""danger""}
"
intrusion_climb-over-fence_rgb_0079_cctv3_f000286,climb-over-fence_smart_rgb,intrusion_climb-over-fence_rgb_0079_cctv3,intrusion_candidate,intrusion,[286],[9.533],"{""start_frame"": 286, ""end_frame"": 286}","[""walk, carry/hold (an object)""]","[""danger""]",danger,"{""normal"": 0, ""unsafe"": 0, ""danger"": 1}","{""normal"": 0.0, ""unsafe"": 0.0, ""danger"": 1.0}",danger,danger,danger,True,False,labeling_yolo_single_frame,single_frame_gt_from_sampled_frame_label,danger,intrusion,True,True,True,0.5998,"{""risk_state"":""danger""}
"
intrusion_climb-over-fence_rgb_0079_cctv3_f000296,climb-over-fence_smart_rgb,intrusion_climb-over-fence_rgb_0079_cctv3,intrusion_candidate,intrusion,[296],[9.867],"{""start_frame"": 296, ""end_frame"": 296}","[""walk, stand""]","[""danger""]",danger,"{""normal"": 0, ""unsafe"": 0, ""danger"": 1}","{""normal"": 0.0, ""unsafe"": 0.0, ""danger"": 1.0}",danger,danger,danger,True,False,labeling_yolo_single_frame,single_frame_gt_from_sampled_frame_label,danger,intrusion,True,True,True,0.5953,"{""risk_state"":""danger""}
"
intrusion_climb-over-fence_rgb_0079_cctv3_f000306,climb-over-fence_smart_rgb,intrusion_climb-over-fence_rgb_0079_cctv3,intrusion_candidate,intrusion,[306],[10.2],"{""start_frame"": 306, ""end_frame"": 306}","[""stand, carry/hold (an object)""]","[""danger""]",danger,"{""normal"": 0, ""unsafe"": 0, ""danger"": 1}","{""normal"": 0.0, ""unsafe"": 0.0, ""danger"": 1.0}",danger,danger,danger,True,False,labeling_yolo_single_frame,single_frame_gt_from_sampled_frame_label,danger,intrusion,True,True,True,0.5961,"{""risk_state"":""danger""}
"
intrusion_climb-over-fence_rgb_0079_cctv3_f000316,climb-over-fence_smart_rgb,intrusion_climb-over-fence_rgb_0079_cctv3,intrusion_candidate,intrusion,[316],[10.533],"{""start_frame"": 316, ""end_frame"": 316}","[""stand, carry/hold (an object)""]","[""danger""]",danger,"{""normal"": 0, ""unsafe"": 0, ""danger"": 1}","{""normal"": 0.0, ""unsafe"": 0.0, ""danger"": 1.0}",danger,danger,danger,True,False,labeling_yolo_single_frame,single_frame_gt_from_sampled_frame_label,danger,intrusion,True,True,True,0.5977,"{""risk_state"":""danger""}
"
intrusion_climb-over-fence_rgb_0079_cctv3_f000326,climb-over-fence_smart_rgb,intrusion_climb-over-fence_rgb_0079_cctv3,intrusion_candidate,intrusion,[326],[10.867],"{""start_frame"": 326, ""end_frame"": 326}","[""stand, carry/hold (an object)""]","[""danger""]",danger,"{""normal"": 0, ""unsafe"": 0, ""danger"": 1}","{""normal"": 0.0, ""unsafe"": 0.0, ""danger"": 1.0}",danger,danger,danger,True,False,labeling_yolo_single_frame,single_frame_gt_from_sampled_frame_label,danger,intrusion,True,True,True,0.6106,"{""risk_state"":""danger""}
"
intrusion_climb-over-fence_rgb_0079_cctv3_f000336,climb-over-fence_smart_rgb,intrusion_climb-over-fence_rgb_0079_cctv3,intrusion_candidate,intrusion,[336],[11.2],"{""start_frame"": 336, ""end_frame"": 336}","[""stand, carry/hold (an object)""]","[""danger""]",danger,"{""normal"": 0, ""unsafe"": 0, ""danger"": 1}","{""normal"": 0.0, ""unsafe"": 0.0, ""danger"": 1.0}",danger,danger,danger,True,False,labeling_yolo_single_frame,single_frame_gt_from_sampled_frame_label,danger,intrusion,True,True,True,0.5981,"{""risk_state"":""danger""}
"
intrusion_climb-over-fence_rgb_0079_cctv3_f000346,climb-over-fence_smart_rgb,intrusion_climb-over-fence_rgb_0079_cctv3,intrusion_candidate,intrusion,[346],[11.533],"{""start_frame"": 346, ""end_frame"": 346}","[""stand, carry/hold (an object)""]","[""danger""]",danger,"{""normal"": 0, ""unsafe"": 0, ""danger"": 1}","{""normal"": 0.0, ""unsafe"": 0.0, ""danger"": 1.0}",danger,danger,danger,True,False,labeling_yolo_single_frame,single_frame_gt_from_sampled_frame_label,danger,intrusion,True,True,True,0.5984,"{""risk_state"":""danger""}
"
intrusion_climb-over-fence_rgb_0079_cctv3_f000356,climb-over-fence_smart_rgb,intrusion_climb-over-fence_rgb_0079_cctv3,intrusion_candidate,intrusion,[356],[11.867],"{""start_frame"": 356, ""end_frame"": 356}","[""stand, carry/hold (an object)""]","[""danger""]",danger,"{""normal"": 0, ""unsafe"": 0, ""danger"": 1}","{""normal"": 0.0, ""unsafe"": 0.0, ""danger"": 1.0}",danger,danger,danger,True,False,labeling_yolo_single_frame,single_frame_gt_from_sampled_frame_label,danger,intrusion,True,True,True,0.5966,"{""risk_state"":""danger""}
"
intrusion_climb-over-fence_rgb_0079_cctv3_f000366,climb-over-fence_smart_rgb,intrusion_climb-over-fence_rgb_0079_cctv3,intrusion_candidate,intrusion,[366],[12.2],"{""start_frame"": 366, ""end_frame"": 366}","[""stand, carry/hold (an object)""]","[""danger""]",danger,"{""normal"": 0, ""unsafe"": 0, ""danger"": 1}","{""normal"": 0.0, ""unsafe"": 0.0, ""danger"": 1.0}",danger,danger,danger,True,False,labeling_yolo_single_frame,single_frame_gt_from_sampled_frame_label,danger,intrusion,True,True,True,0.5975,"{""risk_state"":""danger""}
"
intrusion_climb-over-fence_rgb_0079_cctv3_f000376,climb-over-fence_smart_rgb,intrusion_climb-over-fence_rgb_0079_cctv3,intrusion_candidate,intrusion,[376],[12.533],"{""start_frame"": 376, ""end_frame"": 376}","[""stand, carry/hold (an object)""]","[""danger""]",danger,"{""normal"": 0, ""unsafe"": 0, ""danger"": 1}","{""normal"": 0.0, ""unsafe"": 0.0, ""danger"": 1.0}",danger,danger,danger,True,False,labeling_yolo_single_frame,single_frame_gt_from_sampled_frame_label,danger,intrusion,True,True,True,0.597,"{""risk_state"":""danger""}
"
intrusion_climb-over-fence_rgb_0079_cctv3_f000386,climb-over-fence_smart_rgb,intrusion_climb-over-fence_rgb_0079_cctv3,intrusion_candidate,intrusion,[386],[12.867],"{""start_frame"": 386, ""end_frame"": 386}","[""stand, carry/hold (an object)""]","[""danger""]",danger,"{""normal"": 0, ""unsafe"": 0, ""danger"": 1}","{""normal"": 0.0, ""unsafe"": 0.0, ""danger"": 1.0}",danger,danger,danger,True,False,labeling_yolo_single_frame,single_frame_gt_from_sampled_frame_label,danger,intrusion,True,True,True,0.5997,"{""risk_state"":""danger""}
"
intrusion_climb-over-fence_rgb_0079_cctv3_f000396,climb-over-fence_smart_rgb,intrusion_climb-over-fence_rgb_0079_cctv3,intrusion_candidate,intrusion,[396],[13.2],"{""start_frame"": 396, ""end_frame"": 396}","[""stand, carry/hold (an object)""]","[""danger""]",danger,"{""normal"": 0, ""unsafe"": 0, ""danger"": 1}","{""normal"": 0.0, ""unsafe"": 0.0, ""danger"": 1.0}",danger,danger,danger,True,False,labeling_yolo_single_frame,single_frame_gt_from_sampled_frame_label,danger,intrusion,True,True,True,0.6062,"{""risk_state"":""danger""}
"
intrusion_climb-over-fence_rgb_0079_cctv3_f000406,climb-over-fence_smart_rgb,intrusion_climb-over-fence_rgb_0079_cctv3,intrusion_candidate,intrusion,[406],[13.533],"{""start_frame"": 406, ""end_frame"": 406}","[""stand, carry/hold (an object)""]","[""danger""]",danger,"{""normal"": 0, ""unsafe"": 0, ""danger"": 1}","{""normal"": 0.0, ""unsafe"": 0.0, ""danger"": 1.0}",danger,danger,danger,True,False,labeling_yolo_single_frame,single_frame_gt_from_sampled_frame_label,danger,intrusion,True,True,True,0.6046,"{""risk_state"":""danger""}
"
intrusion_climb-over-fence_rgb_0079_cctv3_f000416,climb-over-fence_smart_rgb,intrusion_climb-over-fence_rgb_0079_cctv3,intrusion_candidate,intrusion,[416],[13.867],"{""start_frame"": 416, ""end_frame"": 416}","[""stand, carry/hold (an object)""]","[""danger""]",danger,"{""normal"": 0, ""unsafe"": 0, ""danger"": 1}","{""normal"": 0.0, ""unsafe"": 0.0, ""danger"": 1.0}",danger,danger,danger,True,False,labeling_yolo_single_frame,single_frame_gt_from_sampled_frame_label,danger,intrusion,True,True,True,0.6014,"{""risk_state"":""danger""}
"
intrusion_climb-over-fence_rgb_0079_cctv3_f000426,climb-over-fence_smart_rgb,intrusion_climb-over-fence_rgb_0079_cctv3,intrusion_candidate,intrusion,[426],[14.2],"{""start_frame"": 426, ""end_frame"": 426}","[""stand, carry/hold (an object)""]","[""danger""]",danger,"{""normal"": 0, ""unsafe"": 0, ""danger"": 1}","{""normal"": 0.0, ""unsafe"": 0.0, ""danger"": 1.0}",danger,danger,danger,True,False,labeling_yolo_single_frame,single_frame_gt_from_sampled_frame_label,danger,intrusion,True,True,True,0.6065,"{""risk_state"":""danger""}
"
intrusion_climb-over-fence_rgb_0079_cctv3_f000436,climb-over-fence_smart_rgb,intrusion_climb-over-fence_rgb_0079_cctv3,intrusion_candidate,intrusion,[436],[14.533],"{""start_frame"": 436, ""end_frame"": 436}","[""stand, carry/hold (an object)""]","[""danger""]",danger,"{""normal"": 0, ""unsafe"": 0, ""danger"": 1}","{""normal"": 0.0, ""unsafe"": 0.0, ""danger"": 1.0}",danger,danger,danger,True,False,labeling_yolo_single_frame,single_frame_gt_from_sampled_frame_label,danger,intrusion,True,True,True,0.6058,"{""risk_state"":""danger""}
"
intrusion_climb-over-fence_rgb_0079_cctv3_f000446,climb-over-fence_smart_rgb,intrusion_climb-over-fence_rgb_0079_cctv3,intrusion_candidate,intrusion,[446],[14.867],"{""start_frame"": 446, ""end_frame"": 446}","[""stand, carry/hold (an object)""]","[""danger""]",danger,"{""normal"": 0, ""unsafe"": 0, ""danger"": 1}","{""normal"": 0.0, ""unsafe"": 0.0, ""danger"": 1.0}",danger,danger,danger,True,False,labeling_yolo_single_frame,single_frame_gt_from_sampled_frame_label,danger,intrusion,True,True,True,0.6018,"{""risk_state"":""danger""}
"
intrusion_climb-over-fence_rgb_0079_cctv3_f000456,climb-over-fence_smart_rgb,intrusion_climb-over-fence_rgb_0079_cctv3,intrusion_candidate,intrusion,[456],[15.2],"{""start_frame"": 456, ""end_frame"": 456}","[""stand, carry/hold (an object)""]","[""danger""]",danger,"{""normal"": 0, ""unsafe"": 0, ""danger"": 1}","{""normal"": 0.0, ""unsafe"": 0.0, ""danger"": 1.0}",danger,danger,danger,True,False,labeling_yolo_single_frame,single_frame_gt_from_sampled_frame_label,danger,intrusion,True,True,True,0.601,"{""risk_state"":""danger""}
"
intrusion_climb-over-fence_rgb_0081_cctv4_f000016,climb-over-fence_smart_rgb,intrusion_climb-over-fence_rgb_0081_cctv4,intrusion_candidate,intrusion,[16],[0.533],"{""start_frame"": 16, ""end_frame"": 16}","[""walk, carry/hold (an object)""]","[""unsafe""]",unsafe,"{""normal"": 0, ""unsafe"": 1, ""danger"": 0}","{""normal"": 0.0, ""unsafe"": 1.0, ""danger"": 0.0}",unsafe,unsafe,unsafe,True,False,labeling_yolo_single_frame,single_frame_gt_from_sampled_frame_label,unsafe,intrusion,True,True,True,0.6,"{""risk_state"":""unsafe""}
"
intrusion_climb-over-fence_rgb_0081_cctv4_f000026,climb-over-fence_smart_rgb,intrusion_climb-over-fence_rgb_0081_cctv4,intrusion_candidate,intrusion,[26],[0.867],"{""start_frame"": 26, ""end_frame"": 26}","[""walk, carry/hold (an object)""]","[""unsafe""]",unsafe,"{""normal"": 0, ""unsafe"": 1, ""danger"": 0}","{""normal"": 0.0, ""unsafe"": 1.0, ""danger"": 0.0}",unsafe,unsafe,unsafe,True,False,labeling_yolo_single_frame,single_frame_gt_from_sampled_frame_label,unsafe,intrusion,True,True,True,0.5968,"{""risk_state"":""unsafe""}
"
intrusion_climb-over-fence_rgb_0081_cctv4_f000036,climb-over-fence_smart_rgb,intrusion_climb-over-fence_rgb_0081_cctv4,intrusion_candidate,intrusion,[36],[1.2],"{""start_frame"": 36, ""end_frame"": 36}","[""walk, sit""]","[""unsafe""]",unsafe,"{""normal"": 0, ""unsafe"": 1, ""danger"": 0}","{""normal"": 0.0, ""unsafe"": 1.0, ""danger"": 0.0}",unsafe,unsafe,unsafe,True,False,labeling_yolo_single_frame,single_frame_gt_from_sampled_frame_label,unsafe,intrusion,True,True,True,0.6017,"{""risk_state"":""unsafe""}
"
intrusion_climb-over-fence_rgb_0081_cctv4_f000046,climb-over-fence_smart_rgb,intrusion_climb-over-fence_rgb_0081_cctv4,intrusion_candidate,intrusion,[46],[1.533],"{""start_frame"": 46, ""end_frame"": 46}","[""walk, sit""]","[""unsafe""]",unsafe,"{""normal"": 0, ""unsafe"": 1, ""danger"": 0}","{""normal"": 0.0, ""unsafe"": 1.0, ""danger"": 0.0}",unsafe,unsafe,unsafe,True,False,labeling_yolo_single_frame,single_frame_gt_from_sampled_frame_label,unsafe,intrusion,True,True,True,0.6072,"{""risk_state"":""unsafe""}
"
intrusion_climb-over-fence_rgb_0081_cctv4_f000056,climb-over-fence_smart_rgb,intrusion_climb-over-fence_rgb_0081_cctv4,intrusion_candidate,intrusion,[56],[1.867],"{""start_frame"": 56, ""end_frame"": 56}","[""walk""]","[""unsafe""]",unsafe,"{""normal"": 0, ""unsafe"": 1, ""danger"": 0}","{""normal"": 0.0, ""unsafe"": 1.0, ""danger"": 0.0}",unsafe,unsafe,unsafe,True,False,labeling_yolo_single_frame,single_frame_gt_from_sampled_frame_label,unsafe,intrusion,True,True,True,0.5999,"{""risk_state"":""unsafe""}
"
intrusion_climb-over-fence_rgb_0081_cctv4_f000066,climb-over-fence_smart_rgb,intrusion_climb-over-fence_rgb_0081_cctv4,intrusion_candidate,intrusion,[66],[2.2],"{""start_frame"": 66, ""end_frame"": 66}","[""walk, carry/hold (an object)""]","[""unsafe""]",unsafe,"{""normal"": 0, ""unsafe"": 1, ""danger"": 0}","{""normal"": 0.0, ""unsafe"": 1.0, ""danger"": 0.0}",unsafe,unsafe,unsafe,True,False,labeling_yolo_single_frame,single_frame_gt_from_sampled_frame_label,unsafe,intrusion,True,True,True,0.6019,"{""risk_state"":""unsafe""}
"
intrusion_climb-over-fence_rgb_0081_cctv4_f000076,climb-over-fence_smart_rgb,intrusion_climb-over-fence_rgb_0081_cctv4,intrusion_candidate,intrusion,[76],[2.533],"{""start_frame"": 76, ""end_frame"": 76}","[""walk""]","[""unsafe""]",unsafe,"{""normal"": 0, ""unsafe"": 1, ""danger"": 0}","{""normal"": 0.0, ""unsafe"": 1.0, ""danger"": 0.0}",unsafe,unsafe,unsafe,True,False,labeling_yolo_single_frame,single_frame_gt_from_sampled_frame_label,unsafe,intrusion,True,True,True,0.603,"{""risk_state"":""unsafe""}
"
intrusion_climb-over-fence_rgb_0081_cctv4_f000086,climb-over-fence_smart_rgb,intrusion_climb-over-fence_rgb_0081_cctv4,intrusion_candidate,intrusion,[86],[2.867],"{""start_frame"": 86, ""end_frame"": 86}","[""walk, carry/hold (an object)""]","[""unsafe""]",unsafe,"{""normal"": 0, ""unsafe"": 1, ""danger"": 0}","{""normal"": 0.0, ""unsafe"": 1.0, ""danger"": 0.0}",unsafe,unsafe,unsafe,True,False,labeling_yolo_single_frame,single_frame_gt_from_sampled_frame_label,unsafe,intrusion,True,True,True,0.6013,"{""risk_state"":""unsafe""}
"
intrusion_climb-over-fence_rgb_0081_cctv4_f000096,climb-over-fence_smart_rgb,intrusion_climb-over-fence_rgb_0081_cctv4,intrusion_candidate,intrusion,[96],[3.2],"{""start_frame"": 96, ""end_frame"": 96}","[""walk""]","[""unsafe""]",unsafe,"{""normal"": 0, ""unsafe"": 1, ""danger"": 0}","{""normal"": 0.0, ""unsafe"": 1.0, ""danger"": 0.0}",unsafe,unsafe,unsafe,True,False,labeling_yolo_single_frame,single_frame_gt_from_sampled_frame_label,unsafe,intrusion,True,True,True,0.5978,"{""risk_state"":""unsafe""}
"
intrusion_climb-over-fence_rgb_0081_cctv4_f000106,climb-over-fence_smart_rgb,intrusion_climb-over-fence_rgb_0081_cctv4,intrusion_candidate,intrusion,[106],[3.533],"{""start_frame"": 106, ""end_frame"": 106}","[""walk""]","[""unsafe""]",unsafe,"{""normal"": 0, ""unsafe"": 1, ""danger"": 0}","{""normal"": 0.0, ""unsafe"": 1.0, ""danger"": 0.0}",unsafe,unsafe,unsafe,True,False,labeling_yolo_single_frame,single_frame_gt_from_sampled_frame_label,unsafe,intrusion,True,True,True,0.6013,"{""risk_state"":""unsafe""}
"
intrusion_climb-over-fence_rgb_0081_cctv4_f000116,climb-over-fence_smart_rgb,intrusion_climb-over-fence_rgb_0081_cctv4,intrusion_candidate,intrusion,[116],[3.867],"{""start_frame"": 116, ""end_frame"": 116}","[""walk, stand""]","[""unsafe""]",unsafe,"{""normal"": 0, ""unsafe"": 1, ""danger"": 0}","{""normal"": 0.0, ""unsafe"": 1.0, ""danger"": 0.0}",unsafe,unsafe,unsafe,True,False,labeling_yolo_single_frame,single_frame_gt_from_sampled_frame_label,unsafe,intrusion,True,True,True,0.6062,"{""risk_state"":""unsafe""}
"
intrusion_climb-over-fence_rgb_0081_cctv4_f000126,climb-over-fence_smart_rgb,intrusion_climb-over-fence_rgb_0081_cctv4,intrusion_candidate,intrusion,[126],[4.2],"{""start_frame"": 126, ""end_frame"": 126}","[""walk, carry/hold (an object)""]","[""danger""]",danger,"{""normal"": 0, ""unsafe"": 0, ""danger"": 1}","{""normal"": 0.0, ""unsafe"": 0.0, ""danger"": 1.0}",danger,danger,danger,True,False,labeling_yolo_single_frame,single_frame_gt_from_sampled_frame_label,unsafe,intrusion,True,True,True,0.602,"{""risk_state"":""unsafe""}
"
intrusion_climb-over-fence_rgb_0081_cctv4_f000136,climb-over-fence_smart_rgb,intrusion_climb-over-fence_rgb_0081_cctv4,intrusion_candidate,intrusion,[136],[4.533],"{""start_frame"": 136, ""end_frame"": 136}","[""walk""]","[""danger""]",danger,"{""normal"": 0, ""unsafe"": 0, ""danger"": 1}","{""normal"": 0.0, ""unsafe"": 0.0, ""danger"": 1.0}",danger,danger,danger,True,False,labeling_yolo_single_frame,single_frame_gt_from_sampled_frame_label,unsafe,intrusion,True,True,True,0.6022,"{""risk_state"":""unsafe""}
"
intrusion_climb-over-fence_rgb_0081_cctv4_f000146,climb-over-fence_smart_rgb,intrusion_climb-over-fence_rgb_0081_cctv4,intrusion_candidate,intrusion,[146],[4.867],"{""start_frame"": 146, ""end_frame"": 146}","[""walk, stand""]","[""danger""]",danger,"{""normal"": 0, ""unsafe"": 0, ""danger"": 1}","{""normal"": 0.0, ""unsafe"": 0.0, ""danger"": 1.0}",danger,danger,danger,True,False,labeling_yolo_single_frame,single_frame_gt_from_sampled_frame_label,unsafe,intrusion,True,True,True,0.602,"{""risk_state"":""unsafe""}
"
intrusion_climb-over-fence_rgb_0081_cctv4_f000156,climb-over-fence_smart_rgb,intrusion_climb-over-fence_rgb_0081_cctv4,intrusion_candidate,intrusion,[156],[5.2],"{""start_frame"": 156, ""end_frame"": 156}","[""walk""]","[""danger""]",danger,"{""normal"": 0, ""unsafe"": 0, ""danger"": 1}","{""normal"": 0.0, ""unsafe"": 0.0, ""danger"": 1.0}",danger,danger,danger,True,False,labeling_yolo_single_frame,single_frame_gt_from_sampled_frame_label,danger,intrusion,True,True,True,0.6,"{""risk_state"":""danger""}
"
intrusion_climb-over-fence_rgb_0081_cctv4_f000166,climb-over-fence_smart_rgb,intrusion_climb-over-fence_rgb_0081_cctv4,intrusion_candidate,intrusion,[166],[5.533],"{""start_frame"": 166, ""end_frame"": 166}","[""walk, sit""]","[""danger""]",danger,"{""normal"": 0, ""unsafe"": 0, ""danger"": 1}","{""normal"": 0.0, ""unsafe"": 0.0, ""danger"": 1.0}",danger,danger,danger,True,False,labeling_yolo_single_frame,single_frame_gt_from_sampled_frame_label,danger,intrusion,True,True,True,0.5966,"{""risk_state"":""danger""}
"
intrusion_climb-over-fence_rgb_0081_cctv4_f000176,climb-over-fence_smart_rgb,intrusion_climb-over-fence_rgb_0081_cctv4,intrusion_candidate,intrusion,[176],[5.867],"{""start_frame"": 176, ""end_frame"": 176}","[""walk, stand""]","[""danger""]",danger,"{""normal"": 0, ""unsafe"": 0, ""danger"": 1}","{""normal"": 0.0, ""unsafe"": 0.0, ""danger"": 1.0}",danger,danger,danger,True,False,labeling_yolo_single_frame,single_frame_gt_from_sampled_frame_label,unsafe,intrusion,True,True,True,0.599,"{""risk_state"":""unsafe""}
"
intrusion_climb-over-fence_rgb_0081_cctv4_f000186,climb-over-fence_smart_rgb,intrusion_climb-over-fence_rgb_0081_cctv4,intrusion_candidate,intrusion,[186],[6.2],"{""start_frame"": 186, ""end_frame"": 186}","[""walk""]","[""danger""]",danger,"{""normal"": 0, ""unsafe"": 0, ""danger"": 1}","{""normal"": 0.0, ""unsafe"": 0.0, ""danger"": 1.0}",danger,danger,danger,True,False,labeling_yolo_single_frame,single_frame_gt_from_sampled_frame_label,danger,intrusion,True,True,True,0.6026,"{""risk_state"":""danger""}
"
intrusion_climb-over-fence_rgb_0081_cctv4_f000196,climb-over-fence_smart_rgb,intrusion_climb-over-fence_rgb_0081_cctv4,intrusion_candidate,intrusion,[196],[6.533],"{""start_frame"": 196, ""end_frame"": 196}","[""walk""]","[""danger""]",danger,"{""normal"": 0, ""unsafe"": 0, ""danger"": 1}","{""normal"": 0.0, ""unsafe"": 0.0, ""danger"": 1.0}",danger,danger,danger,True,False,labeling_yolo_single_frame,single_frame_gt_from_sampled_frame_label,danger,intrusion,True,True,True,0.5973,"{""risk_state"":""danger""}
"
intrusion_climb-over-fence_rgb_0081_cctv4_f000206,climb-over-fence_smart_rgb,intrusion_climb-over-fence_rgb_0081_cctv4,intrusion_candidate,intrusion,[206],[6.867],"{""start_frame"": 206, ""end_frame"": 206}","[""walk, carry/hold (an object)""]","[""danger""]",danger,"{""normal"": 0, ""unsafe"": 0, ""danger"": 1}","{""normal"": 0.0, ""unsafe"": 0.0, ""danger"": 1.0}",danger,danger,danger,True,False,labeling_yolo_single_frame,single_frame_gt_from_sampled_frame_label,unsafe,intrusion,True,True,True,0.6009,"{""risk_state"":""unsafe""}
"
intrusion_climb-over-fence_rgb_0081_cctv4_f000216,climb-over-fence_smart_rgb,intrusion_climb-over-fence_rgb_0081_cctv4,intrusion_candidate,intrusion,[216],[7.2],"{""start_frame"": 216, ""end_frame"": 216}","[""walk, run/jog""]","[""danger""]",danger,"{""normal"": 0, ""unsafe"": 0, ""danger"": 1}","{""normal"": 0.0, ""unsafe"": 0.0, ""danger"": 1.0}",danger,danger,danger,True,False,labeling_yolo_single_frame,single_frame_gt_from_sampled_frame_label,danger,intrusion,True,True,True,0.6099,"{""risk_state"":""danger""}
"
intrusion_climb-over-fence_rgb_0081_cctv4_f000226,climb-over-fence_smart_rgb,intrusion_climb-over-fence_rgb_0081_cctv4,intrusion_candidate,intrusion,[226],[7.533],"{""start_frame"": 226, ""end_frame"": 226}","[""walk, stand""]","[""danger""]",danger,"{""normal"": 0, ""unsafe"": 0, ""danger"": 1}","{""normal"": 0.0, ""unsafe"": 0.0, ""danger"": 1.0}",danger,danger,danger,True,False,labeling_yolo_single_frame,single_frame_gt_from_sampled_frame_label,danger,intrusion,True,True,True,0.6045,"{""risk_state"":""danger""}
"
intrusion_climb-over-fence_rgb_0081_cctv4_f000236,climb-over-fence_smart_rgb,intrusion_climb-over-fence_rgb_0081_cctv4,intrusion_candidate,intrusion,[236],[7.867],"{""start_frame"": 236, ""end_frame"": 236}","[""walk, stand""]","[""danger""]",danger,"{""normal"": 0, ""unsafe"": 0, ""danger"": 1}","{""normal"": 0.0, ""unsafe"": 0.0, ""danger"": 1.0}",danger,danger,danger,True,False,labeling_yolo_single_frame,single_frame_gt_from_sampled_frame_label,danger,intrusion,True,True,True,0.6014,"{""risk_state"":""danger""}
"
intrusion_climb-over-fence_rgb_0081_cctv4_f000246,climb-over-fence_smart_rgb,intrusion_climb-over-fence_rgb_0081_cctv4,intrusion_candidate,intrusion,[246],[8.2],"{""start_frame"": 246, ""end_frame"": 246}","[""stand, sit""]","[""danger""]",danger,"{""normal"": 0, ""unsafe"": 0, ""danger"": 1}","{""normal"": 0.0, ""unsafe"": 0.0, ""danger"": 1.0}",danger,danger,danger,True,False,labeling_yolo_single_frame,single_frame_gt_from_sampled_frame_label,danger,intrusion,True,True,True,0.6007,"{""risk_state"":""danger""}
"
intrusion_climb-over-fence_rgb_0081_cctv4_f000256,climb-over-fence_smart_rgb,intrusion_climb-over-fence_rgb_0081_cctv4,intrusion_candidate,intrusion,[256],[8.533],"{""start_frame"": 256, ""end_frame"": 256}","[""stand""]","[""danger""]",danger,"{""normal"": 0, ""unsafe"": 0, ""danger"": 1}","{""normal"": 0.0, ""unsafe"": 0.0, ""danger"": 1.0}",danger,danger,danger,True,False,labeling_yolo_single_frame,single_frame_gt_from_sampled_frame_label,danger,intrusion,True,True,True,0.5987,"{""risk_state"":""danger""}
"
intrusion_climb-over-fence_rgb_0081_cctv4_f000266,climb-over-fence_smart_rgb,intrusion_climb-over-fence_rgb_0081_cctv4,intrusion_candidate,intrusion,[266],[8.867],"{""start_frame"": 266, ""end_frame"": 266}","[""stand""]","[""danger""]",danger,"{""normal"": 0, ""unsafe"": 0, ""danger"": 1}","{""normal"": 0.0, ""unsafe"": 0.0, ""danger"": 1.0}",danger,danger,danger,True,False,labeling_yolo_single_frame,single_frame_gt_from_sampled_frame_label,danger,intrusion,True,True,True,0.6016,"{""risk_state"":""danger""}
"
intrusion_climb-over-fence_rgb_0081_cctv4_f000276,climb-over-fence_smart_rgb,intrusion_climb-over-fence_rgb_0081_cctv4,intrusion_candidate,intrusion,[276],[9.2],"{""start_frame"": 276, ""end_frame"": 276}","[""stand, walk""]","[""danger""]",danger,"{""normal"": 0, ""unsafe"": 0, ""danger"": 1}","{""normal"": 0.0, ""unsafe"": 0.0, ""danger"": 1.0}",danger,danger,danger,True,False,labeling_yolo_single_frame,single_frame_gt_from_sampled_frame_label,danger,intrusion,True,True,True,0.6028,"{""risk_state"":""danger""}
"
intrusion_climb-over-fence_rgb_0081_cctv4_f000286,climb-over-fence_smart_rgb,intrusion_climb-over-fence_rgb_0081_cctv4,intrusion_candidate,intrusion,[286],[9.533],"{""start_frame"": 286, ""end_frame"": 286}","[""stand, walk""]","[""danger""]",danger,"{""normal"": 0, ""unsafe"": 0, ""danger"": 1}","{""normal"": 0.0, ""unsafe"": 0.0, ""danger"": 1.0}",danger,danger,danger,True,False,labeling_yolo_single_frame,single_frame_gt_from_sampled_frame_label,danger,intrusion,True,True,True,0.6073,"{""risk_state"":""danger""}
"
intrusion_climb-over-fence_rgb_0081_cctv4_f000296,climb-over-fence_smart_rgb,intrusion_climb-over-fence_rgb_0081_cctv4,intrusion_candidate,intrusion,[296],[9.867],"{""start_frame"": 296, ""end_frame"": 296}","[""stand, walk""]","[""danger""]",danger,"{""normal"": 0, ""unsafe"": 0, ""danger"": 1}","{""normal"": 0.0, ""unsafe"": 0.0, ""danger"": 1.0}",danger,danger,danger,True,False,labeling_yolo_single_frame,single_frame_gt_from_sampled_frame_label,danger,intrusion,True,True,True,0.604,"{""risk_state"":""danger""}
"
intrusion_climb-over-fence_rgb_0081_cctv4_f000306,climb-over-fence_smart_rgb,intrusion_climb-over-fence_rgb_0081_cctv4,intrusion_candidate,intrusion,[306],[10.2],"{""start_frame"": 306, ""end_frame"": 306}","[""stand, walk""]","[""danger""]",danger,"{""normal"": 0, ""unsafe"": 0, ""danger"": 1}","{""normal"": 0.0, ""unsafe"": 0.0, ""danger"": 1.0}",danger,danger,danger,True,False,labeling_yolo_single_frame,single_frame_gt_from_sampled_frame_label,danger,intrusion,True,True,True,0.6056,"{""risk_state"":""danger""}
"
intrusion_climb-over-fence_rgb_0081_cctv4_f000316,climb-over-fence_smart_rgb,intrusion_climb-over-fence_rgb_0081_cctv4,intrusion_candidate,intrusion,[316],[10.533],"{""start_frame"": 316, ""end_frame"": 316}","[""stand, walk""]","[""danger""]",danger,"{""normal"": 0, ""unsafe"": 0, ""danger"": 1}","{""normal"": 0.0, ""unsafe"": 0.0, ""danger"": 1.0}",danger,danger,danger,True,False,labeling_yolo_single_frame,single_frame_gt_from_sampled_frame_label,danger,intrusion,True,True,True,0.6049,"{""risk_state"":""danger""}
"
intrusion_climb-over-fence_rgb_0081_cctv4_f000326,climb-over-fence_smart_rgb,intrusion_climb-over-fence_rgb_0081_cctv4,intrusion_candidate,intrusion,[326],[10.867],"{""start_frame"": 326, ""end_frame"": 326}","[""stand, walk""]","[""danger""]",danger,"{""normal"": 0, ""unsafe"": 0, ""danger"": 1}","{""normal"": 0.0, ""unsafe"": 0.0, ""danger"": 1.0}",danger,danger,danger,True,False,labeling_yolo_single_frame,single_frame_gt_from_sampled_frame_label,danger,intrusion,True,True,True,0.5983,"{""risk_state"":""danger""}
"
intrusion_climb-over-fence_rgb_0081_cctv4_f000336,climb-over-fence_smart_rgb,intrusion_climb-over-fence_rgb_0081_cctv4,intrusion_candidate,intrusion,[336],[11.2],"{""start_frame"": 336, ""end_frame"": 336}","[""stand, walk""]","[""danger""]",danger,"{""normal"": 0, ""unsafe"": 0, ""danger"": 1}","{""normal"": 0.0, ""unsafe"": 0.0, ""danger"": 1.0}",danger,danger,danger,True,False,labeling_yolo_single_frame,single_frame_gt_from_sampled_frame_label,danger,intrusion,True,True,True,0.6005,"{""risk_state"":""danger""}
"
intrusion_climb-over-fence_rgb_0081_cctv4_f000346,climb-over-fence_smart_rgb,intrusion_climb-over-fence_rgb_0081_cctv4,intrusion_candidate,intrusion,[346],[11.533],"{""start_frame"": 346, ""end_frame"": 346}","[""stand""]","[""danger""]",danger,"{""normal"": 0, ""unsafe"": 0, ""danger"": 1}","{""normal"": 0.0, ""unsafe"": 0.0, ""danger"": 1.0}",danger,danger,danger,True,False,labeling_yolo_single_frame,single_frame_gt_from_sampled_frame_label,danger,intrusion,True,True,True,0.598,"{""risk_state"":""danger""}
"
intrusion_climb-over-fence_rgb_0081_cctv4_f000356,climb-over-fence_smart_rgb,intrusion_climb-over-fence_rgb_0081_cctv4,intrusion_candidate,intrusion,[356],[11.867],"{""start_frame"": 356, ""end_frame"": 356}","[""stand""]","[""danger""]",danger,"{""normal"": 0, ""unsafe"": 0, ""danger"": 1}","{""normal"": 0.0, ""unsafe"": 0.0, ""danger"": 1.0}",danger,danger,danger,True,False,labeling_yolo_single_frame,single_frame_gt_from_sampled_frame_label,danger,intrusion,True,True,True,0.6019,"{""risk_state"":""danger""}
"
intrusion_climb-over-fence_rgb_0081_cctv4_f000366,climb-over-fence_smart_rgb,intrusion_climb-over-fence_rgb_0081_cctv4,intrusion_candidate,intrusion,[366],[12.2],"{""start_frame"": 366, ""end_frame"": 366}","[""none""]","[""danger""]",danger,"{""normal"": 0, ""unsafe"": 0, ""danger"": 1}","{""normal"": 0.0, ""unsafe"": 0.0, ""danger"": 1.0}",danger,danger,danger,True,False,labeling_yolo_single_frame,single_frame_gt_from_sampled_frame_label,danger,intrusion,True,True,True,0.5965,"{""risk_state"":""danger""}
"
intrusion_climb-over-fence_rgb_0081_cctv4_f000376,climb-over-fence_smart_rgb,intrusion_climb-over-fence_rgb_0081_cctv4,intrusion_candidate,intrusion,[376],[12.533],"{""start_frame"": 376, ""end_frame"": 376}","[""none""]","[""danger""]",danger,"{""normal"": 0, ""unsafe"": 0, ""danger"": 1}","{""normal"": 0.0, ""unsafe"": 0.0, ""danger"": 1.0}",danger,danger,danger,True,False,labeling_yolo_single_frame,single_frame_gt_from_sampled_frame_label,danger,intrusion,True,True,True,0.5978,"{""risk_state"":""danger""}
"
intrusion_climb-over-fence_rgb_0081_cctv4_f000386,climb-over-fence_smart_rgb,intrusion_climb-over-fence_rgb_0081_cctv4,intrusion_candidate,intrusion,[386],[12.867],"{""start_frame"": 386, ""end_frame"": 386}","[""none""]","[""danger""]",danger,"{""normal"": 0, ""unsafe"": 0, ""danger"": 1}","{""normal"": 0.0, ""unsafe"": 0.0, ""danger"": 1.0}",danger,danger,danger,True,False,labeling_yolo_single_frame,single_frame_gt_from_sampled_frame_label,danger,intrusion,True,True,True,0.6085,"{""risk_state"":""danger""}
"
intrusion_climb-over-fence_rgb_0081_cctv4_f000396,climb-over-fence_smart_rgb,intrusion_climb-over-fence_rgb_0081_cctv4,intrusion_candidate,intrusion,[396],[13.2],"{""start_frame"": 396, ""end_frame"": 396}","[""none""]","[""danger""]",danger,"{""normal"": 0, ""unsafe"": 0, ""danger"": 1}","{""normal"": 0.0, ""unsafe"": 0.0, ""danger"": 1.0}",danger,danger,danger,True,False,labeling_yolo_single_frame,single_frame_gt_from_sampled_frame_label,danger,intrusion,True,True,True,0.6042,"{""risk_state"":""danger""}
"
intrusion_climb-over-fence_rgb_0091_cctv2_f000016,climb-over-fence_smart_rgb,intrusion_climb-over-fence_rgb_0091_cctv2,intrusion_candidate,intrusion,[16],[0.533],"{""start_frame"": 16, ""end_frame"": 16}","[""walk, carry/hold (an object)""]","[""unsafe""]",unsafe,"{""normal"": 0, ""unsafe"": 1, ""danger"": 0}","{""normal"": 0.0, ""unsafe"": 1.0, ""danger"": 0.0}",unsafe,unsafe,unsafe,True,False,labeling_yolo_single_frame,single_frame_gt_from_sampled_frame_label,unsafe,intrusion,True,True,True,0.6004,"{""risk_state"":""unsafe""}
"
intrusion_climb-over-fence_rgb_0091_cctv2_f000026,climb-over-fence_smart_rgb,intrusion_climb-over-fence_rgb_0091_cctv2,intrusion_candidate,intrusion,[26],[0.867],"{""start_frame"": 26, ""end_frame"": 26}","[""walk, carry/hold (an object)""]","[""danger""]",danger,"{""normal"": 0, ""unsafe"": 0, ""danger"": 1}","{""normal"": 0.0, ""unsafe"": 0.0, ""danger"": 1.0}",danger,danger,danger,True,False,labeling_yolo_single_frame,single_frame_gt_from_sampled_frame_label,unsafe,intrusion,True,True,True,0.5994,"{""risk_state"":""unsafe""}
"
intrusion_climb-over-fence_rgb_0091_cctv2_f000036,climb-over-fence_smart_rgb,intrusion_climb-over-fence_rgb_0091_cctv2,intrusion_candidate,intrusion,[36],[1.2],"{""start_frame"": 36, ""end_frame"": 36}","[""walk, carry/hold (an object)""]","[""danger""]",danger,"{""normal"": 0, ""unsafe"": 0, ""danger"": 1}","{""normal"": 0.0, ""unsafe"": 0.0, ""danger"": 1.0}",danger,danger,danger,True,False,labeling_yolo_single_frame,single_frame_gt_from_sampled_frame_label,unsafe,intrusion,True,True,True,0.5983,"{""risk_state"":""unsafe""}
"
intrusion_climb-over-fence_rgb_0091_cctv2_f000046,climb-over-fence_smart_rgb,intrusion_climb-over-fence_rgb_0091_cctv2,intrusion_candidate,intrusion,[46],[1.533],"{""start_frame"": 46, ""end_frame"": 46}","[""stand, carry/hold (an object)""]","[""danger""]",danger,"{""normal"": 0, ""unsafe"": 0, ""danger"": 1}","{""normal"": 0.0, ""unsafe"": 0.0, ""danger"": 1.0}",danger,danger,danger,True,False,labeling_yolo_single_frame,single_frame_gt_from_sampled_frame_label,unsafe,intrusion,True,True,True,0.6029,"{""risk_state"":""unsafe""}
"
intrusion_climb-over-fence_rgb_0091_cctv2_f000056,climb-over-fence_smart_rgb,intrusion_climb-over-fence_rgb_0091_cctv2,intrusion_candidate,intrusion,[56],[1.867],"{""start_frame"": 56, ""end_frame"": 56}","[""stand, carry/hold (an object)""]","[""danger""]",danger,"{""normal"": 0, ""unsafe"": 0, ""danger"": 1}","{""normal"": 0.0, ""unsafe"": 0.0, ""danger"": 1.0}",danger,danger,danger,True,False,labeling_yolo_single_frame,single_frame_gt_from_sampled_frame_label,unsafe,intrusion,True,True,True,0.5992,"{""risk_state"":""unsafe""}
"
intrusion_climb-over-fence_rgb_0091_cctv2_f000066,climb-over-fence_smart_rgb,intrusion_climb-over-fence_rgb_0091_cctv2,intrusion_candidate,intrusion,[66],[2.2],"{""start_frame"": 66, ""end_frame"": 66}","[""carry/hold (an object), walk""]","[""danger""]",danger,"{""normal"": 0, ""unsafe"": 0, ""danger"": 1}","{""normal"": 0.0, ""unsafe"": 0.0, ""danger"": 1.0}",danger,danger,danger,True,False,labeling_yolo_single_frame,single_frame_gt_from_sampled_frame_label,danger,intrusion,True,True,True,0.6139,"{""risk_state"":""danger""}
"
intrusion_climb-over-fence_rgb_0091_cctv2_f000076,climb-over-fence_smart_rgb,intrusion_climb-over-fence_rgb_0091_cctv2,intrusion_candidate,intrusion,[76],[2.533],"{""start_frame"": 76, ""end_frame"": 76}","[""carry/hold (an object), walk""]","[""danger""]",danger,"{""normal"": 0, ""unsafe"": 0, ""danger"": 1}","{""normal"": 0.0, ""unsafe"": 0.0, ""danger"": 1.0}",danger,danger,danger,True,False,labeling_yolo_single_frame,single_frame_gt_from_sampled_frame_label,danger,intrusion,True,True,True,0.5992,"{""risk_state"":""danger""}
"
intrusion_climb-over-fence_rgb_0091_cctv2_f000086,climb-over-fence_smart_rgb,intrusion_climb-over-fence_rgb_0091_cctv2,intrusion_candidate,intrusion,[86],[2.867],"{""start_frame"": 86, ""end_frame"": 86}","[""stand, carry/hold (an object)""]","[""danger""]",danger,"{""normal"": 0, ""unsafe"": 0, ""danger"": 1}","{""normal"": 0.0, ""unsafe"": 0.0, ""danger"": 1.0}",danger,danger,danger,True,False,labeling_yolo_single_frame,single_frame_gt_from_sampled_frame_label,danger,intrusion,True,True,True,0.6007,"{""risk_state"":""danger""}
"
intrusion_climb-over-fence_rgb_0091_cctv2_f000096,climb-over-fence_smart_rgb,intrusion_climb-over-fence_rgb_0091_cctv2,intrusion_candidate,intrusion,[96],[3.2],"{""start_frame"": 96, ""end_frame"": 96}","[""stand, answer phone""]","[""danger""]",danger,"{""normal"": 0, ""unsafe"": 0, ""danger"": 1}","{""normal"": 0.0, ""unsafe"": 0.0, ""danger"": 1.0}",danger,danger,danger,True,False,labeling_yolo_single_frame,single_frame_gt_from_sampled_frame_label,danger,intrusion,True,True,True,0.6016,"{""risk_state"":""danger""}
"
intrusion_climb-over-fence_rgb_0091_cctv2_f000106,climb-over-fence_smart_rgb,intrusion_climb-over-fence_rgb_0091_cctv2,intrusion_candidate,intrusion,[106],[3.533],"{""start_frame"": 106, ""end_frame"": 106}","[""stand, answer phone""]","[""danger""]",danger,"{""normal"": 0, ""unsafe"": 0, ""danger"": 1}","{""normal"": 0.0, ""unsafe"": 0.0, ""danger"": 1.0}",danger,danger,danger,True,False,labeling_yolo_single_frame,single_frame_gt_from_sampled_frame_label,danger,intrusion,True,True,True,0.6011,"{""risk_state"":""danger""}
"
intrusion_climb-over-fence_rgb_0091_cctv2_f000116,climb-over-fence_smart_rgb,intrusion_climb-over-fence_rgb_0091_cctv2,intrusion_candidate,intrusion,[116],[3.867],"{""start_frame"": 116, ""end_frame"": 116}","[""stand, answer phone""]","[""danger""]",danger,"{""normal"": 0, ""unsafe"": 0, ""danger"": 1}","{""normal"": 0.0, ""unsafe"": 0.0, ""danger"": 1.0}",danger,danger,danger,True,False,labeling_yolo_single_frame,single_frame_gt_from_sampled_frame_label,danger,intrusion,True,True,True,0.5982,"{""risk_state"":""danger""}
"
intrusion_climb-over-fence_rgb_0091_cctv2_f000126,climb-over-fence_smart_rgb,intrusion_climb-over-fence_rgb_0091_cctv2,intrusion_candidate,intrusion,[126],[4.2],"{""start_frame"": 126, ""end_frame"": 126}","[""stand, answer phone""]","[""danger""]",danger,"{""normal"": 0, ""unsafe"": 0, ""danger"": 1}","{""normal"": 0.0, ""unsafe"": 0.0, ""danger"": 1.0}",danger,danger,danger,True,False,labeling_yolo_single_frame,single_frame_gt_from_sampled_frame_label,danger,intrusion,True,True,True,0.6,"{""risk_state"":""danger""}
"
intrusion_climb-over-fence_rgb_0091_cctv2_f000136,climb-over-fence_smart_rgb,intrusion_climb-over-fence_rgb_0091_cctv2,intrusion_candidate,intrusion,[136],[4.533],"{""start_frame"": 136, ""end_frame"": 136}","[""stand, answer phone""]","[""danger""]",danger,"{""normal"": 0, ""unsafe"": 0, ""danger"": 1}","{""normal"": 0.0, ""unsafe"": 0.0, ""danger"": 1.0}",danger,danger,danger,True,False,labeling_yolo_single_frame,single_frame_gt_from_sampled_frame_label,danger,intrusion,True,True,True,0.603,"{""risk_state"":""danger""}
"
intrusion_climb-over-fence_rgb_0091_cctv2_f000146,climb-over-fence_smart_rgb,intrusion_climb-over-fence_rgb_0091_cctv2,intrusion_candidate,intrusion,[146],[4.867],"{""start_frame"": 146, ""end_frame"": 146}","[""stand, answer phone""]","[""danger""]",danger,"{""normal"": 0, ""unsafe"": 0, ""danger"": 1}","{""normal"": 0.0, ""unsafe"": 0.0, ""danger"": 1.0}",danger,danger,danger,True,False,labeling_yolo_single_frame,single_frame_gt_from_sampled_frame_label,danger,intrusion,True,True,True,0.5994,"{""risk_state"":""danger""}
"
intrusion_climb-over-fence_rgb_0091_cctv2_f000156,climb-over-fence_smart_rgb,intrusion_climb-over-fence_rgb_0091_cctv2,intrusion_candidate,intrusion,[156],[5.2],"{""start_frame"": 156, ""end_frame"": 156}","[""stand, carry/hold (an object)""]","[""danger""]",danger,"{""normal"": 0, ""unsafe"": 0, ""danger"": 1}","{""normal"": 0.0, ""unsafe"": 0.0, ""danger"": 1.0}",danger,danger,danger,True,False,labeling_yolo_single_frame,single_frame_gt_from_sampled_frame_label,danger,intrusion,True,True,True,0.5991,"{""risk_state"":""danger""}
"
intrusion_climb-over-fence_rgb_0091_cctv2_f000166,climb-over-fence_smart_rgb,intrusion_climb-over-fence_rgb_0091_cctv2,intrusion_candidate,intrusion,[166],[5.533],"{""start_frame"": 166, ""end_frame"": 166}","[""carry/hold (an object), walk""]","[""danger""]",danger,"{""normal"": 0, ""unsafe"": 0, ""danger"": 1}","{""normal"": 0.0, ""unsafe"": 0.0, ""danger"": 1.0}",danger,danger,danger,True,False,labeling_yolo_single_frame,single_frame_gt_from_sampled_frame_label,danger,intrusion,True,True,True,0.6126,"{""risk_state"":""danger""}
"
intrusion_climb-over-fence_rgb_0091_cctv2_f000176,climb-over-fence_smart_rgb,intrusion_climb-over-fence_rgb_0091_cctv2,intrusion_candidate,intrusion,[176],[5.867],"{""start_frame"": 176, ""end_frame"": 176}","[""carry/hold (an object), stand""]","[""danger""]",danger,"{""normal"": 0, ""unsafe"": 0, ""danger"": 1}","{""normal"": 0.0, ""unsafe"": 0.0, ""danger"": 1.0}",danger,danger,danger,True,False,labeling_yolo_single_frame,single_frame_gt_from_sampled_frame_label,danger,intrusion,True,True,True,0.6023,"{""risk_state"":""danger""}
"
intrusion_climb-over-fence_rgb_0091_cctv2_f000186,climb-over-fence_smart_rgb,intrusion_climb-over-fence_rgb_0091_cctv2,intrusion_candidate,intrusion,[186],[6.2],"{""start_frame"": 186, ""end_frame"": 186}","[""stand, carry/hold (an object)""]","[""danger""]",danger,"{""normal"": 0, ""unsafe"": 0, ""danger"": 1}","{""normal"": 0.0, ""unsafe"": 0.0, ""danger"": 1.0}",danger,danger,danger,True,False,labeling_yolo_single_frame,single_frame_gt_from_sampled_frame_label,danger,intrusion,True,True,True,0.6027,"{""risk_state"":""danger""}
"
intrusion_climb-over-fence_rgb_0091_cctv2_f000196,climb-over-fence_smart_rgb,intrusion_climb-over-fence_rgb_0091_cctv2,intrusion_candidate,intrusion,[196],[6.533],"{""start_frame"": 196, ""end_frame"": 196}","[""stand, carry/hold (an object)""]","[""danger""]",danger,"{""normal"": 0, ""unsafe"": 0, ""danger"": 1}","{""normal"": 0.0, ""unsafe"": 0.0, ""danger"": 1.0}",danger,danger,danger,True,False,labeling_yolo_single_frame,single_frame_gt_from_sampled_frame_label,danger,intrusion,True,True,True,0.6026,"{""risk_state"":""danger""}
"
intrusion_climb-over-fence_rgb_0091_cctv2_f000206,climb-over-fence_smart_rgb,intrusion_climb-over-fence_rgb_0091_cctv2,intrusion_candidate,intrusion,[206],[6.867],"{""start_frame"": 206, ""end_frame"": 206}","[""walk, carry/hold (an object)""]","[""danger""]",danger,"{""normal"": 0, ""unsafe"": 0, ""danger"": 1}","{""normal"": 0.0, ""unsafe"": 0.0, ""danger"": 1.0}",danger,danger,danger,True,False,labeling_yolo_single_frame,single_frame_gt_from_sampled_frame_label,danger,intrusion,True,True,True,0.6054,"{""risk_state"":""danger""}
"
intrusion_climb-over-fence_rgb_0091_cctv2_f000216,climb-over-fence_smart_rgb,intrusion_climb-over-fence_rgb_0091_cctv2,intrusion_candidate,intrusion,[216],[7.2],"{""start_frame"": 216, ""end_frame"": 216}","[""walk, carry/hold (an object)""]","[""danger""]",danger,"{""normal"": 0, ""unsafe"": 0, ""danger"": 1}","{""normal"": 0.0, ""unsafe"": 0.0, ""danger"": 1.0}",danger,danger,danger,True,False,labeling_yolo_single_frame,single_frame_gt_from_sampled_frame_label,danger,intrusion,True,True,True,0.6016,"{""risk_state"":""danger""}
"
intrusion_climb-over-fence_rgb_0091_cctv2_f000226,climb-over-fence_smart_rgb,intrusion_climb-over-fence_rgb_0091_cctv2,intrusion_candidate,intrusion,[226],[7.533],"{""start_frame"": 226, ""end_frame"": 226}","[""bend/bow (at the waist), stand""]","[""danger""]",danger,"{""normal"": 0, ""unsafe"": 0, ""danger"": 1}","{""normal"": 0.0, ""unsafe"": 0.0, ""danger"": 1.0}",danger,danger,danger,True,False,labeling_yolo_single_frame,single_frame_gt_from_sampled_frame_label,danger,intrusion,True,True,True,0.602,"{""risk_state"":""danger""}
"
intrusion_climb-over-fence_rgb_0091_cctv2_f000236,climb-over-fence_smart_rgb,intrusion_climb-over-fence_rgb_0091_cctv2,intrusion_candidate,intrusion,[236],[7.867],"{""start_frame"": 236, ""end_frame"": 236}","[""bend/bow (at the waist), stand""]","[""danger""]",danger,"{""normal"": 0, ""unsafe"": 0, ""danger"": 1}","{""normal"": 0.0, ""unsafe"": 0.0, ""danger"": 1.0}",danger,danger,danger,True,False,labeling_yolo_single_frame,single_frame_gt_from_sampled_frame_label,danger,intrusion,True,True,True,0.6082,"{""risk_state"":""danger""}
"
intrusion_climb-over-fence_rgb_0091_cctv2_f000246,climb-over-fence_smart_rgb,intrusion_climb-over-fence_rgb_0091_cctv2,intrusion_candidate,intrusion,[246],[8.2],"{""start_frame"": 246, ""end_frame"": 246}","[""stand, carry/hold (an object)""]","[""danger""]",danger,"{""normal"": 0, ""unsafe"": 0, ""danger"": 1}","{""normal"": 0.0, ""unsafe"": 0.0, ""danger"": 1.0}",danger,danger,danger,True,False,labeling_yolo_single_frame,single_frame_gt_from_sampled_frame_label,danger,intrusion,True,True,True,0.6033,"{""risk_state"":""danger""}
"
intrusion_climb-over-fence_rgb_0091_cctv2_f000256,climb-over-fence_smart_rgb,intrusion_climb-over-fence_rgb_0091_cctv2,intrusion_candidate,intrusion,[256],[8.533],"{""start_frame"": 256, ""end_frame"": 256}","[""stand, carry/hold (an object)""]","[""danger""]",danger,"{""normal"": 0, ""unsafe"": 0, ""danger"": 1}","{""normal"": 0.0, ""unsafe"": 0.0, ""danger"": 1.0}",danger,danger,danger,True,False,labeling_yolo_single_frame,single_frame_gt_from_sampled_frame_label,danger,intrusion,True,True,True,0.6012,"{""risk_state"":""danger""}
"
intrusion_climb-over-fence_rgb_0091_cctv2_f000266,climb-over-fence_smart_rgb,intrusion_climb-over-fence_rgb_0091_cctv2,intrusion_candidate,intrusion,[266],[8.867],"{""start_frame"": 266, ""end_frame"": 266}","[""stand, walk""]","[""danger""]",danger,"{""normal"": 0, ""unsafe"": 0, ""danger"": 1}","{""normal"": 0.0, ""unsafe"": 0.0, ""danger"": 1.0}",danger,danger,danger,True,False,labeling_yolo_single_frame,single_frame_gt_from_sampled_frame_label,danger,intrusion,True,True,True,0.6004,"{""risk_state"":""danger""}
"
intrusion_climb-over-fence_rgb_0091_cctv2_f000276,climb-over-fence_smart_rgb,intrusion_climb-over-fence_rgb_0091_cctv2,intrusion_candidate,intrusion,[276],[9.2],"{""start_frame"": 276, ""end_frame"": 276}","[""stand, walk""]","[""danger""]",danger,"{""normal"": 0, ""unsafe"": 0, ""danger"": 1}","{""normal"": 0.0, ""unsafe"": 0.0, ""danger"": 1.0}",danger,danger,danger,True,False,labeling_yolo_single_frame,single_frame_gt_from_sampled_frame_label,danger,intrusion,True,True,True,0.5962,"{""risk_state"":""danger""}
"
intrusion_climb-over-fence_rgb_0091_cctv2_f000286,climb-over-fence_smart_rgb,intrusion_climb-over-fence_rgb_0091_cctv2,intrusion_candidate,intrusion,[286],[9.533],"{""start_frame"": 286, ""end_frame"": 286}","[""stand, answer phone""]","[""danger""]",danger,"{""normal"": 0, ""unsafe"": 0, ""danger"": 1}","{""normal"": 0.0, ""unsafe"": 0.0, ""danger"": 1.0}",danger,danger,danger,True,False,labeling_yolo_single_frame,single_frame_gt_from_sampled_frame_label,danger,intrusion,True,True,True,0.5948,"{""risk_state"":""danger""}
"
intrusion_climb-over-fence_rgb_0091_cctv2_f000296,climb-over-fence_smart_rgb,intrusion_climb-over-fence_rgb_0091_cctv2,intrusion_candidate,intrusion,[296],[9.867],"{""start_frame"": 296, ""end_frame"": 296}","[""stand, answer phone""]","[""danger""]",danger,"{""normal"": 0, ""unsafe"": 0, ""danger"": 1}","{""normal"": 0.0, ""unsafe"": 0.0, ""danger"": 1.0}",danger,danger,danger,True,False,labeling_yolo_single_frame,single_frame_gt_from_sampled_frame_label,danger,intrusion,True,True,True,0.5963,"{""risk_state"":""danger""}
"
intrusion_climb-over-fence_rgb_0091_cctv2_f000306,climb-over-fence_smart_rgb,intrusion_climb-over-fence_rgb_0091_cctv2,intrusion_candidate,intrusion,[306],[10.2],"{""start_frame"": 306, ""end_frame"": 306}","[""stand, answer phone""]","[""danger""]",danger,"{""normal"": 0, ""unsafe"": 0, ""danger"": 1}","{""normal"": 0.0, ""unsafe"": 0.0, ""danger"": 1.0}",danger,danger,danger,True,False,labeling_yolo_single_frame,single_frame_gt_from_sampled_frame_label,danger,intrusion,True,True,True,0.5955,"{""risk_state"":""danger""}
"
intrusion_climb-over-fence_rgb_0091_cctv2_f000316,climb-over-fence_smart_rgb,intrusion_climb-over-fence_rgb_0091_cctv2,intrusion_candidate,intrusion,[316],[10.533],"{""start_frame"": 316, ""end_frame"": 316}","[""stand, answer phone""]","[""danger""]",danger,"{""normal"": 0, ""unsafe"": 0, ""danger"": 1}","{""normal"": 0.0, ""unsafe"": 0.0, ""danger"": 1.0}",danger,danger,danger,True,False,labeling_yolo_single_frame,single_frame_gt_from_sampled_frame_label,danger,intrusion,True,True,True,0.5975,"{""risk_state"":""danger""}
"
intrusion_climb-over-fence_rgb_0091_cctv2_f000326,climb-over-fence_smart_rgb,intrusion_climb-over-fence_rgb_0091_cctv2,intrusion_candidate,intrusion,[326],[10.867],"{""start_frame"": 326, ""end_frame"": 326}","[""stand, answer phone""]","[""danger""]",danger,"{""normal"": 0, ""unsafe"": 0, ""danger"": 1}","{""normal"": 0.0, ""unsafe"": 0.0, ""danger"": 1.0}",danger,danger,danger,True,False,labeling_yolo_single_frame,single_frame_gt_from_sampled_frame_label,danger,intrusion,True,True,True,0.5985,"{""risk_state"":""danger""}
"
intrusion_climb-over-fence_rgb_0091_cctv2_f000336,climb-over-fence_smart_rgb,intrusion_climb-over-fence_rgb_0091_cctv2,intrusion_candidate,intrusion,[336],[11.2],"{""start_frame"": 336, ""end_frame"": 336}","[""stand, walk""]","[""danger""]",danger,"{""normal"": 0, ""unsafe"": 0, ""danger"": 1}","{""normal"": 0.0, ""unsafe"": 0.0, ""danger"": 1.0}",danger,danger,danger,True,False,labeling_yolo_single_frame,single_frame_gt_from_sampled_frame_label,danger,intrusion,True,True,True,0.608,"{""risk_state"":""danger""}
"
intrusion_climb-over-fence_rgb_0091_cctv2_f000346,climb-over-fence_smart_rgb,intrusion_climb-over-fence_rgb_0091_cctv2,intrusion_candidate,intrusion,[346],[11.533],"{""start_frame"": 346, ""end_frame"": 346}","[""stand, carry/hold (an object)""]","[""danger""]",danger,"{""normal"": 0, ""unsafe"": 0, ""danger"": 1}","{""normal"": 0.0, ""unsafe"": 0.0, ""danger"": 1.0}",danger,danger,danger,True,False,labeling_yolo_single_frame,single_frame_gt_from_sampled_frame_label,danger,intrusion,True,True,True,0.5982,"{""risk_state"":""danger""}
"
intrusion_climb-over-fence_rgb_0091_cctv2_f000356,climb-over-fence_smart_rgb,intrusion_climb-over-fence_rgb_0091_cctv2,intrusion_candidate,intrusion,[356],[11.867],"{""start_frame"": 356, ""end_frame"": 356}","[""stand, carry/hold (an object)""]","[""danger""]",danger,"{""normal"": 0, ""unsafe"": 0, ""danger"": 1}","{""normal"": 0.0, ""unsafe"": 0.0, ""danger"": 1.0}",danger,danger,danger,True,False,labeling_yolo_single_frame,single_frame_gt_from_sampled_frame_label,danger,intrusion,True,True,True,0.5972,"{""risk_state"":""danger""}
"
intrusion_climb-over-fence_rgb_0091_cctv2_f000366,climb-over-fence_smart_rgb,intrusion_climb-over-fence_rgb_0091_cctv2,intrusion_candidate,intrusion,[366],[12.2],"{""start_frame"": 366, ""end_frame"": 366}","[""stand, carry/hold (an object)""]","[""danger""]",danger,"{""normal"": 0, ""unsafe"": 0, ""danger"": 1}","{""normal"": 0.0, ""unsafe"": 0.0, ""danger"": 1.0}",danger,danger,danger,True,False,labeling_yolo_single_frame,single_frame_gt_from_sampled_frame_label,unsafe,intrusion,True,True,True,0.5964,"{""risk_state"":""unsafe""}
"
intrusion_climb-over-fence_rgb_0091_cctv2_f000376,climb-over-fence_smart_rgb,intrusion_climb-over-fence_rgb_0091_cctv2,intrusion_candidate,intrusion,[376],[12.533],"{""start_frame"": 376, ""end_frame"": 376}","[""stand, carry/hold (an object)""]","[""danger""]",danger,"{""normal"": 0, ""unsafe"": 0, ""danger"": 1}","{""normal"": 0.0, ""unsafe"": 0.0, ""danger"": 1.0}",danger,danger,danger,True,False,labeling_yolo_single_frame,single_frame_gt_from_sampled_frame_label,unsafe,intrusion,True,True,True,0.6053,"{""risk_state"":""unsafe""}
"
intrusion_climb-over-fence_rgb_0091_cctv2_f000386,climb-over-fence_smart_rgb,intrusion_climb-over-fence_rgb_0091_cctv2,intrusion_candidate,intrusion,[386],[12.867],"{""start_frame"": 386, ""end_frame"": 386}","[""stand, walk""]","[""danger""]",danger,"{""normal"": 0, ""unsafe"": 0, ""danger"": 1}","{""normal"": 0.0, ""unsafe"": 0.0, ""danger"": 1.0}",danger,danger,danger,True,False,labeling_yolo_single_frame,single_frame_gt_from_sampled_frame_label,danger,intrusion,True,True,True,0.6003,"{""risk_state"":""danger""}
"
intrusion_climb-over-fence_rgb_0091_cctv2_f000396,climb-over-fence_smart_rgb,intrusion_climb-over-fence_rgb_0091_cctv2,intrusion_candidate,intrusion,[396],[13.2],"{""start_frame"": 396, ""end_frame"": 396}","[""stand, carry/hold (an object)""]","[""danger""]",danger,"{""normal"": 0, ""unsafe"": 0, ""danger"": 1}","{""normal"": 0.0, ""unsafe"": 0.0, ""danger"": 1.0}",danger,danger,danger,True,False,labeling_yolo_single_frame,single_frame_gt_from_sampled_frame_label,unsafe,intrusion,True,True,True,0.6051,"{""risk_state"":""unsafe""}
"
intrusion_climb-over-fence_rgb_0098_cctv3_f000016,climb-over-fence_smart_rgb,intrusion_climb-over-fence_rgb_0098_cctv3,intrusion_candidate,intrusion,[16],[0.533],"{""start_frame"": 16, ""end_frame"": 16}","[""carry/hold (an object), walk""]","[""danger""]",danger,"{""normal"": 0, ""unsafe"": 0, ""danger"": 1}","{""normal"": 0.0, ""unsafe"": 0.0, ""danger"": 1.0}",danger,danger,danger,True,False,labeling_yolo_single_frame,single_frame_gt_from_sampled_frame_label,danger,intrusion,True,True,True,0.6089,"{""risk_state"":""danger""}
"
intrusion_climb-over-fence_rgb_0098_cctv3_f000026,climb-over-fence_smart_rgb,intrusion_climb-over-fence_rgb_0098_cctv3,intrusion_candidate,intrusion,[26],[0.867],"{""start_frame"": 26, ""end_frame"": 26}","[""carry/hold (an object), walk""]","[""danger""]",danger,"{""normal"": 0, ""unsafe"": 0, ""danger"": 1}","{""normal"": 0.0, ""unsafe"": 0.0, ""danger"": 1.0}",danger,danger,danger,True,False,labeling_yolo_single_frame,single_frame_gt_from_sampled_frame_label,danger,intrusion,True,True,True,0.6006,"{""risk_state"":""danger""}
"
intrusion_climb-over-fence_rgb_0098_cctv3_f000036,climb-over-fence_smart_rgb,intrusion_climb-over-fence_rgb_0098_cctv3,intrusion_candidate,intrusion,[36],[1.2],"{""start_frame"": 36, ""end_frame"": 36}","[""walk, carry/hold (an object)""]","[""danger""]",danger,"{""normal"": 0, ""unsafe"": 0, ""danger"": 1}","{""normal"": 0.0, ""unsafe"": 0.0, ""danger"": 1.0}",danger,danger,danger,True,False,labeling_yolo_single_frame,single_frame_gt_from_sampled_frame_label,danger,intrusion,True,True,True,0.6005,"{""risk_state"":""danger""}
"
intrusion_climb-over-fence_rgb_0098_cctv3_f000046,climb-over-fence_smart_rgb,intrusion_climb-over-fence_rgb_0098_cctv3,intrusion_candidate,intrusion,[46],[1.533],"{""start_frame"": 46, ""end_frame"": 46}","[""stand, walk""]","[""danger""]",danger,"{""normal"": 0, ""unsafe"": 0, ""danger"": 1}","{""normal"": 0.0, ""unsafe"": 0.0, ""danger"": 1.0}",danger,danger,danger,True,False,labeling_yolo_single_frame,single_frame_gt_from_sampled_frame_label,danger,intrusion,True,True,True,0.6053,"{""risk_state"":""danger""}
"
intrusion_climb-over-fence_rgb_0098_cctv3_f000056,climb-over-fence_smart_rgb,intrusion_climb-over-fence_rgb_0098_cctv3,intrusion_candidate,intrusion,[56],[1.867],"{""start_frame"": 56, ""end_frame"": 56}","[""stand, carry/hold (an object)""]","[""danger""]",danger,"{""normal"": 0, ""unsafe"": 0, ""danger"": 1}","{""normal"": 0.0, ""unsafe"": 0.0, ""danger"": 1.0}",danger,danger,danger,True,False,labeling_yolo_single_frame,single_frame_gt_from_sampled_frame_label,danger,intrusion,True,True,True,0.5985,"{""risk_state"":""danger""}
"
intrusion_climb-over-fence_rgb_0098_cctv3_f000066,climb-over-fence_smart_rgb,intrusion_climb-over-fence_rgb_0098_cctv3,intrusion_candidate,intrusion,[66],[2.2],"{""start_frame"": 66, ""end_frame"": 66}","[""stand, carry/hold (an object)""]","[""danger""]",danger,"{""normal"": 0, ""unsafe"": 0, ""danger"": 1}","{""normal"": 0.0, ""unsafe"": 0.0, ""danger"": 1.0}",danger,danger,danger,True,False,labeling_yolo_single_frame,single_frame_gt_from_sampled_frame_label,danger,intrusion,True,True,True,0.5988,"{""risk_state"":""danger""}
"
intrusion_climb-over-fence_rgb_0098_cctv3_f000076,climb-over-fence_smart_rgb,intrusion_climb-over-fence_rgb_0098_cctv3,intrusion_candidate,intrusion,[76],[2.533],"{""start_frame"": 76, ""end_frame"": 76}","[""stand, carry/hold (an object)""]","[""danger""]",danger,"{""normal"": 0, ""unsafe"": 0, ""danger"": 1}","{""normal"": 0.0, ""unsafe"": 0.0, ""danger"": 1.0}",danger,danger,danger,True,False,labeling_yolo_single_frame,single_frame_gt_from_sampled_frame_label,danger,intrusion,True,True,True,0.6043,"{""risk_state"":""danger""}
"
intrusion_climb-over-fence_rgb_0098_cctv3_f000086,climb-over-fence_smart_rgb,intrusion_climb-over-fence_rgb_0098_cctv3,intrusion_candidate,intrusion,[86],[2.867],"{""start_frame"": 86, ""end_frame"": 86}","[""walk, carry/hold (an object)""]","[""danger""]",danger,"{""normal"": 0, ""unsafe"": 0, ""danger"": 1}","{""normal"": 0.0, ""unsafe"": 0.0, ""danger"": 1.0}",danger,danger,danger,True,False,labeling_yolo_single_frame,single_frame_gt_from_sampled_frame_label,danger,intrusion,True,True,True,0.6013,"{""risk_state"":""danger""}
"
intrusion_climb-over-fence_rgb_0098_cctv3_f000096,climb-over-fence_smart_rgb,intrusion_climb-over-fence_rgb_0098_cctv3,intrusion_candidate,intrusion,[96],[3.2],"{""start_frame"": 96, ""end_frame"": 96}","[""walk, run/jog""]","[""danger""]",danger,"{""normal"": 0, ""unsafe"": 0, ""danger"": 1}","{""normal"": 0.0, ""unsafe"": 0.0, ""danger"": 1.0}",danger,danger,danger,True,False,labeling_yolo_single_frame,single_frame_gt_from_sampled_frame_label,unsafe,intrusion,True,True,True,0.6009,"{""risk_state"":""unsafe""}
"
intrusion_climb-over-fence_rgb_0098_cctv3_f000106,climb-over-fence_smart_rgb,intrusion_climb-over-fence_rgb_0098_cctv3,intrusion_candidate,intrusion,[106],[3.533],"{""start_frame"": 106, ""end_frame"": 106}","[""walk, carry/hold (an object)""]","[""danger""]",danger,"{""normal"": 0, ""unsafe"": 0, ""danger"": 1}","{""normal"": 0.0, ""unsafe"": 0.0, ""danger"": 1.0}",danger,danger,danger,True,False,labeling_yolo_single_frame,single_frame_gt_from_sampled_frame_label,unsafe,intrusion,True,True,True,0.5971,"{""risk_state"":""unsafe""}
"
intrusion_climb-over-fence_rgb_0098_cctv3_f000116,climb-over-fence_smart_rgb,intrusion_climb-over-fence_rgb_0098_cctv3,intrusion_candidate,intrusion,[116],[3.867],"{""start_frame"": 116, ""end_frame"": 116}","[""walk, carry/hold (an object)""]","[""danger""]",danger,"{""normal"": 0, ""unsafe"": 0, ""danger"": 1}","{""normal"": 0.0, ""unsafe"": 0.0, ""danger"": 1.0}",danger,danger,danger,True,False,labeling_yolo_single_frame,single_frame_gt_from_sampled_frame_label,unsafe,intrusion,True,True,True,0.6077,"{""risk_state"":""unsafe""}
"
intrusion_climb-over-fence_rgb_0098_cctv3_f000126,climb-over-fence_smart_rgb,intrusion_climb-over-fence_rgb_0098_cctv3,intrusion_candidate,intrusion,[126],[4.2],"{""start_frame"": 126, ""end_frame"": 126}","[""walk, carry/hold (an object)""]","[""danger""]",danger,"{""normal"": 0, ""unsafe"": 0, ""danger"": 1}","{""normal"": 0.0, ""unsafe"": 0.0, ""danger"": 1.0}",danger,danger,danger,True,False,labeling_yolo_single_frame,single_frame_gt_from_sampled_frame_label,unsafe,intrusion,True,True,True,0.5989,"{""risk_state"":""unsafe""}
"
intrusion_climb-over-fence_rgb_0098_cctv3_f000136,climb-over-fence_smart_rgb,intrusion_climb-over-fence_rgb_0098_cctv3,intrusion_candidate,intrusion,[136],[4.533],"{""start_frame"": 136, ""end_frame"": 136}","[""walk, carry/hold (an object)""]","[""danger""]",danger,"{""normal"": 0, ""unsafe"": 0, ""danger"": 1}","{""normal"": 0.0, ""unsafe"": 0.0, ""danger"": 1.0}",danger,danger,danger,True,False,labeling_yolo_single_frame,single_frame_gt_from_sampled_frame_label,unsafe,intrusion,True,True,True,0.5985,"{""risk_state"":""unsafe""}
"
intrusion_climb-over-fence_rgb_0098_cctv3_f000146,climb-over-fence_smart_rgb,intrusion_climb-over-fence_rgb_0098_cctv3,intrusion_candidate,intrusion,[146],[4.867],"{""start_frame"": 146, ""end_frame"": 146}","[""walk, carry/hold (an object)""]","[""danger""]",danger,"{""normal"": 0, ""unsafe"": 0, ""danger"": 1}","{""normal"": 0.0, ""unsafe"": 0.0, ""danger"": 1.0}",danger,danger,danger,True,False,labeling_yolo_single_frame,single_frame_gt_from_sampled_frame_label,unsafe,intrusion,True,True,True,0.601,"{""risk_state"":""unsafe""}
"
intrusion_climb-over-fence_rgb_0098_cctv3_f000156,climb-over-fence_smart_rgb,intrusion_climb-over-fence_rgb_0098_cctv3,intrusion_candidate,intrusion,[156],[5.2],"{""start_frame"": 156, ""end_frame"": 156}","[""carry/hold (an object), stand""]","[""danger""]",danger,"{""normal"": 0, ""unsafe"": 0, ""danger"": 1}","{""normal"": 0.0, ""unsafe"": 0.0, ""danger"": 1.0}",danger,danger,danger,True,False,labeling_yolo_single_frame,single_frame_gt_from_sampled_frame_label,unsafe,intrusion,True,True,True,0.5986,"{""risk_state"":""unsafe""}
"
intrusion_climb-over-fence_rgb_0098_cctv3_f000166,climb-over-fence_smart_rgb,intrusion_climb-over-fence_rgb_0098_cctv3,intrusion_candidate,intrusion,[166],[5.533],"{""start_frame"": 166, ""end_frame"": 166}","[""walk, carry/hold (an object)""]","[""danger""]",danger,"{""normal"": 0, ""unsafe"": 0, ""danger"": 1}","{""normal"": 0.0, ""unsafe"": 0.0, ""danger"": 1.0}",danger,danger,danger,True,False,labeling_yolo_single_frame,single_frame_gt_from_sampled_frame_label,danger,intrusion,True,True,True,0.6001,"{""risk_state"":""danger""}
"
intrusion_climb-over-fence_rgb_0098_cctv3_f000176,climb-over-fence_smart_rgb,intrusion_climb-over-fence_rgb_0098_cctv3,intrusion_candidate,intrusion,[176],[5.867],"{""start_frame"": 176, ""end_frame"": 176}","[""walk, carry/hold (an object)""]","[""danger""]",danger,"{""normal"": 0, ""unsafe"": 0, ""danger"": 1}","{""normal"": 0.0, ""unsafe"": 0.0, ""danger"": 1.0}",danger,danger,danger,True,False,labeling_yolo_single_frame,single_frame_gt_from_sampled_frame_label,danger,intrusion,True,True,True,0.5959,"{""risk_state"":""danger""}
"
intrusion_climb-over-fence_rgb_0098_cctv3_f000186,climb-over-fence_smart_rgb,intrusion_climb-over-fence_rgb_0098_cctv3,intrusion_candidate,intrusion,[186],[6.2],"{""start_frame"": 186, ""end_frame"": 186}","[""walk, carry/hold (an object)""]","[""danger""]",danger,"{""normal"": 0, ""unsafe"": 0, ""danger"": 1}","{""normal"": 0.0, ""unsafe"": 0.0, ""danger"": 1.0}",danger,danger,danger,True,False,labeling_yolo_single_frame,single_frame_gt_from_sampled_frame_label,danger,intrusion,True,True,True,0.6032,"{""risk_state"":""danger""}
"
intrusion_climb-over-fence_rgb_0098_cctv3_f000196,climb-over-fence_smart_rgb,intrusion_climb-over-fence_rgb_0098_cctv3,intrusion_candidate,intrusion,[196],[6.533],"{""start_frame"": 196, ""end_frame"": 196}","[""walk, carry/hold (an object)""]","[""danger""]",danger,"{""normal"": 0, ""unsafe"": 0, ""danger"": 1}","{""normal"": 0.0, ""unsafe"": 0.0, ""danger"": 1.0}",danger,danger,danger,True,False,labeling_yolo_single_frame,single_frame_gt_from_sampled_frame_label,danger,intrusion,True,True,True,0.6013,"{""risk_state"":""danger""}
"
intrusion_climb-over-fence_rgb_0098_cctv3_f000206,climb-over-fence_smart_rgb,intrusion_climb-over-fence_rgb_0098_cctv3,intrusion_candidate,intrusion,[206],[6.867],"{""start_frame"": 206, ""end_frame"": 206}","[""walk, carry/hold (an object)""]","[""danger""]",danger,"{""normal"": 0, ""unsafe"": 0, ""danger"": 1}","{""normal"": 0.0, ""unsafe"": 0.0, ""danger"": 1.0}",danger,danger,danger,True,False,labeling_yolo_single_frame,single_frame_gt_from_sampled_frame_label,danger,intrusion,True,True,True,0.5977,"{""risk_state"":""danger""}
"
intrusion_climb-over-fence_rgb_0098_cctv3_f000216,climb-over-fence_smart_rgb,intrusion_climb-over-fence_rgb_0098_cctv3,intrusion_candidate,intrusion,[216],[7.2],"{""start_frame"": 216, ""end_frame"": 216}","[""walk, carry/hold (an object)""]","[""danger""]",danger,"{""normal"": 0, ""unsafe"": 0, ""danger"": 1}","{""normal"": 0.0, ""unsafe"": 0.0, ""danger"": 1.0}",danger,danger,danger,True,False,labeling_yolo_single_frame,single_frame_gt_from_sampled_frame_label,danger,intrusion,True,True,True,0.6033,"{""risk_state"":""danger""}
"
intrusion_climb-over-fence_rgb_0098_cctv3_f000226,climb-over-fence_smart_rgb,intrusion_climb-over-fence_rgb_0098_cctv3,intrusion_candidate,intrusion,[226],[7.533],"{""start_frame"": 226, ""end_frame"": 226}","[""stand, walk""]","[""danger""]",danger,"{""normal"": 0, ""unsafe"": 0, ""danger"": 1}","{""normal"": 0.0, ""unsafe"": 0.0, ""danger"": 1.0}",danger,danger,danger,True,False,labeling_yolo_single_frame,single_frame_gt_from_sampled_frame_label,danger,intrusion,True,True,True,0.6028,"{""risk_state"":""danger""}
"
intrusion_climb-over-fence_rgb_0098_cctv3_f000236,climb-over-fence_smart_rgb,intrusion_climb-over-fence_rgb_0098_cctv3,intrusion_candidate,intrusion,[236],[7.867],"{""start_frame"": 236, ""end_frame"": 236}","[""walk, carry/hold (an object)""]","[""danger""]",danger,"{""normal"": 0, ""unsafe"": 0, ""danger"": 1}","{""normal"": 0.0, ""unsafe"": 0.0, ""danger"": 1.0}",danger,danger,danger,True,False,labeling_yolo_single_frame,single_frame_gt_from_sampled_frame_label,danger,intrusion,True,True,True,0.6013,"{""risk_state"":""danger""}
"
intrusion_climb-over-fence_rgb_0098_cctv3_f000246,climb-over-fence_smart_rgb,intrusion_climb-over-fence_rgb_0098_cctv3,intrusion_candidate,intrusion,[246],[8.2],"{""start_frame"": 246, ""end_frame"": 246}","[""stand, walk""]","[""danger""]",danger,"{""normal"": 0, ""unsafe"": 0, ""danger"": 1}","{""normal"": 0.0, ""unsafe"": 0.0, ""danger"": 1.0}",danger,danger,danger,True,False,labeling_yolo_single_frame,single_frame_gt_from_sampled_frame_label,danger,intrusion,True,True,True,0.6002,"{""risk_state"":""danger""}
"
intrusion_climb-over-fence_rgb_0098_cctv3_f000256,climb-over-fence_smart_rgb,intrusion_climb-over-fence_rgb_0098_cctv3,intrusion_candidate,intrusion,[256],[8.533],"{""start_frame"": 256, ""end_frame"": 256}","[""stand, carry/hold (an object)""]","[""danger""]",danger,"{""normal"": 0, ""unsafe"": 0, ""danger"": 1}","{""normal"": 0.0, ""unsafe"": 0.0, ""danger"": 1.0}",danger,danger,danger,True,False,labeling_yolo_single_frame,single_frame_gt_from_sampled_frame_label,danger,intrusion,True,True,True,0.604,"{""risk_state"":""danger""}
"
intrusion_climb-over-fence_rgb_0098_cctv3_f000266,climb-over-fence_smart_rgb,intrusion_climb-over-fence_rgb_0098_cctv3,intrusion_candidate,intrusion,[266],[8.867],"{""start_frame"": 266, ""end_frame"": 266}","[""stand, carry/hold (an object)""]","[""danger""]",danger,"{""normal"": 0, ""unsafe"": 0, ""danger"": 1}","{""normal"": 0.0, ""unsafe"": 0.0, ""danger"": 1.0}",danger,danger,danger,True,False,labeling_yolo_single_frame,single_frame_gt_from_sampled_frame_label,danger,intrusion,True,True,True,0.6022,"{""risk_state"":""danger""}
"
intrusion_climb-over-fence_rgb_0098_cctv3_f000276,climb-over-fence_smart_rgb,intrusion_climb-over-fence_rgb_0098_cctv3,intrusion_candidate,intrusion,[276],[9.2],"{""start_frame"": 276, ""end_frame"": 276}","[""stand, walk""]","[""danger""]",danger,"{""normal"": 0, ""unsafe"": 0, ""danger"": 1}","{""normal"": 0.0, ""unsafe"": 0.0, ""danger"": 1.0}",danger,danger,danger,True,False,labeling_yolo_single_frame,single_frame_gt_from_sampled_frame_label,danger,intrusion,True,True,True,0.5996,"{""risk_state"":""danger""}
"
intrusion_climb-over-fence_rgb_0098_cctv3_f000286,climb-over-fence_smart_rgb,intrusion_climb-over-fence_rgb_0098_cctv3,intrusion_candidate,intrusion,[286],[9.533],"{""start_frame"": 286, ""end_frame"": 286}","[""stand, walk""]","[""danger""]",danger,"{""normal"": 0, ""unsafe"": 0, ""danger"": 1}","{""normal"": 0.0, ""unsafe"": 0.0, ""danger"": 1.0}",danger,danger,danger,True,False,labeling_yolo_single_frame,single_frame_gt_from_sampled_frame_label,danger,intrusion,True,True,True,0.6074,"{""risk_state"":""danger""}
"
intrusion_climb-over-fence_rgb_0098_cctv3_f000296,climb-over-fence_smart_rgb,intrusion_climb-over-fence_rgb_0098_cctv3,intrusion_candidate,intrusion,[296],[9.867],"{""start_frame"": 296, ""end_frame"": 296}","[""stand, walk""]","[""danger""]",danger,"{""normal"": 0, ""unsafe"": 0, ""danger"": 1}","{""normal"": 0.0, ""unsafe"": 0.0, ""danger"": 1.0}",danger,danger,danger,True,False,labeling_yolo_single_frame,single_frame_gt_from_sampled_frame_label,danger,intrusion,True,True,True,0.6024,"{""risk_state"":""danger""}
"
intrusion_climb-over-fence_rgb_0098_cctv3_f000306,climb-over-fence_smart_rgb,intrusion_climb-over-fence_rgb_0098_cctv3,intrusion_candidate,intrusion,[306],[10.2],"{""start_frame"": 306, ""end_frame"": 306}","[""stand, walk""]","[""danger""]",danger,"{""normal"": 0, ""unsafe"": 0, ""danger"": 1}","{""normal"": 0.0, ""unsafe"": 0.0, ""danger"": 1.0}",danger,danger,danger,True,False,labeling_yolo_single_frame,single_frame_gt_from_sampled_frame_label,danger,intrusion,True,True,True,0.601,"{""risk_state"":""danger""}
"
intrusion_climb-over-fence_rgb_0098_cctv3_f000316,climb-over-fence_smart_rgb,intrusion_climb-over-fence_rgb_0098_cctv3,intrusion_candidate,intrusion,[316],[10.533],"{""start_frame"": 316, ""end_frame"": 316}","[""stand, answer phone""]","[""danger""]",danger,"{""normal"": 0, ""unsafe"": 0, ""danger"": 1}","{""normal"": 0.0, ""unsafe"": 0.0, ""danger"": 1.0}",danger,danger,danger,True,False,labeling_yolo_single_frame,single_frame_gt_from_sampled_frame_label,danger,intrusion,True,True,True,0.5972,"{""risk_state"":""danger""}
"
intrusion_climb-over-fence_rgb_0098_cctv3_f000326,climb-over-fence_smart_rgb,intrusion_climb-over-fence_rgb_0098_cctv3,intrusion_candidate,intrusion,[326],[10.867],"{""start_frame"": 326, ""end_frame"": 326}","[""stand, carry/hold (an object)""]","[""danger""]",danger,"{""normal"": 0, ""unsafe"": 0, ""danger"": 1}","{""normal"": 0.0, ""unsafe"": 0.0, ""danger"": 1.0}",danger,danger,danger,True,False,labeling_yolo_single_frame,single_frame_gt_from_sampled_frame_label,danger,intrusion,True,True,True,0.599,"{""risk_state"":""danger""}
"
intrusion_climb-over-fence_rgb_0098_cctv3_f000336,climb-over-fence_smart_rgb,intrusion_climb-over-fence_rgb_0098_cctv3,intrusion_candidate,intrusion,[336],[11.2],"{""start_frame"": 336, ""end_frame"": 336}","[""walk, carry/hold (an object)""]","[""danger""]",danger,"{""normal"": 0, ""unsafe"": 0, ""danger"": 1}","{""normal"": 0.0, ""unsafe"": 0.0, ""danger"": 1.0}",danger,danger,danger,True,False,labeling_yolo_single_frame,single_frame_gt_from_sampled_frame_label,danger,intrusion,True,True,True,0.5985,"{""risk_state"":""danger""}
"
intrusion_climb-over-fence_rgb_0098_cctv3_f000346,climb-over-fence_smart_rgb,intrusion_climb-over-fence_rgb_0098_cctv3,intrusion_candidate,intrusion,[346],[11.533],"{""start_frame"": 346, ""end_frame"": 346}","[""walk, carry/hold (an object)""]","[""danger""]",danger,"{""normal"": 0, ""unsafe"": 0, ""danger"": 1}","{""normal"": 0.0, ""unsafe"": 0.0, ""danger"": 1.0}",danger,danger,danger,True,False,labeling_yolo_single_frame,single_frame_gt_from_sampled_frame_label,danger,intrusion,True,True,True,0.6051,"{""risk_state"":""danger""}
"
intrusion_climb-over-fence_rgb_0098_cctv3_f000356,climb-over-fence_smart_rgb,intrusion_climb-over-fence_rgb_0098_cctv3,intrusion_candidate,intrusion,[356],[11.867],"{""start_frame"": 356, ""end_frame"": 356}","[""stand, walk""]","[""danger""]",danger,"{""normal"": 0, ""unsafe"": 0, ""danger"": 1}","{""normal"": 0.0, ""unsafe"": 0.0, ""danger"": 1.0}",danger,danger,danger,True,False,labeling_yolo_single_frame,single_frame_gt_from_sampled_frame_label,danger,intrusion,True,True,True,0.6054,"{""risk_state"":""danger""}
"
intrusion_climb-over-fence_rgb_0098_cctv3_f000366,climb-over-fence_smart_rgb,intrusion_climb-over-fence_rgb_0098_cctv3,intrusion_candidate,intrusion,[366],[12.2],"{""start_frame"": 366, ""end_frame"": 366}","[""stand, carry/hold (an object)""]","[""danger""]",danger,"{""normal"": 0, ""unsafe"": 0, ""danger"": 1}","{""normal"": 0.0, ""unsafe"": 0.0, ""danger"": 1.0}",danger,danger,danger,True,False,labeling_yolo_single_frame,single_frame_gt_from_sampled_frame_label,danger,intrusion,True,True,True,0.6049,"{""risk_state"":""danger""}
"
intrusion_climb-over-fence_rgb_0098_cctv3_f000376,climb-over-fence_smart_rgb,intrusion_climb-over-fence_rgb_0098_cctv3,intrusion_candidate,intrusion,[376],[12.533],"{""start_frame"": 376, ""end_frame"": 376}","[""stand, walk""]","[""danger""]",danger,"{""normal"": 0, ""unsafe"": 0, ""danger"": 1}","{""normal"": 0.0, ""unsafe"": 0.0, ""danger"": 1.0}",danger,danger,danger,True,False,labeling_yolo_single_frame,single_frame_gt_from_sampled_frame_label,danger,intrusion,True,True,True,0.6,"{""risk_state"":""danger""}
"
intrusion_climb-over-fence_rgb_0098_cctv3_f000386,climb-over-fence_smart_rgb,intrusion_climb-over-fence_rgb_0098_cctv3,intrusion_candidate,intrusion,[386],[12.867],"{""start_frame"": 386, ""end_frame"": 386}","[""stand, carry/hold (an object)""]","[""danger""]",danger,"{""normal"": 0, ""unsafe"": 0, ""danger"": 1}","{""normal"": 0.0, ""unsafe"": 0.0, ""danger"": 1.0}",danger,danger,danger,True,False,labeling_yolo_single_frame,single_frame_gt_from_sampled_frame_label,danger,intrusion,True,True,True,0.6076,"{""risk_state"":""danger""}
"
intrusion_climb-over-fence_rgb_0098_cctv3_f000396,climb-over-fence_smart_rgb,intrusion_climb-over-fence_rgb_0098_cctv3,intrusion_candidate,intrusion,[396],[13.2],"{""start_frame"": 396, ""end_frame"": 396}","[""stand, carry/hold (an object)""]","[""danger""]",danger,"{""normal"": 0, ""unsafe"": 0, ""danger"": 1}","{""normal"": 0.0, ""unsafe"": 0.0, ""danger"": 1.0}",danger,danger,danger,True,False,labeling_yolo_single_frame,single_frame_gt_from_sampled_frame_label,danger,intrusion,True,True,True,0.6047,"{""risk_state"":""danger""}
"
intrusion_climb-over-fence_rgb_0106_cctv1_f000016,climb-over-fence_smart_rgb,intrusion_climb-over-fence_rgb_0106_cctv1,intrusion_candidate,intrusion,[16],[0.533],"{""start_frame"": 16, ""end_frame"": 16}","[""walk, carry/hold (an object)""]","[""unsafe""]",unsafe,"{""normal"": 0, ""unsafe"": 1, ""danger"": 0}","{""normal"": 0.0, ""unsafe"": 1.0, ""danger"": 0.0}",unsafe,unsafe,unsafe,True,False,labeling_yolo_single_frame,single_frame_gt_from_sampled_frame_label,unsafe,intrusion,True,True,True,0.6024,"{""risk_state"":""unsafe""}
"
intrusion_climb-over-fence_rgb_0106_cctv1_f000026,climb-over-fence_smart_rgb,intrusion_climb-over-fence_rgb_0106_cctv1,intrusion_candidate,intrusion,[26],[0.867],"{""start_frame"": 26, ""end_frame"": 26}","[""walk, carry/hold (an object)""]","[""unsafe""]",unsafe,"{""normal"": 0, ""unsafe"": 1, ""danger"": 0}","{""normal"": 0.0, ""unsafe"": 1.0, ""danger"": 0.0}",unsafe,unsafe,unsafe,True,False,labeling_yolo_single_frame,single_frame_gt_from_sampled_frame_label,unsafe,intrusion,True,True,True,0.6037,"{""risk_state"":""unsafe""}
"
intrusion_climb-over-fence_rgb_0106_cctv1_f000036,climb-over-fence_smart_rgb,intrusion_climb-over-fence_rgb_0106_cctv1,intrusion_candidate,intrusion,[36],[1.2],"{""start_frame"": 36, ""end_frame"": 36}","[""walk, carry/hold (an object)""]","[""unsafe""]",unsafe,"{""normal"": 0, ""unsafe"": 1, ""danger"": 0}","{""normal"": 0.0, ""unsafe"": 1.0, ""danger"": 0.0}",unsafe,unsafe,unsafe,True,False,labeling_yolo_single_frame,single_frame_gt_from_sampled_frame_label,unsafe,intrusion,True,True,True,0.5966,"{""risk_state"":""unsafe""}
"
intrusion_climb-over-fence_rgb_0106_cctv1_f000046,climb-over-fence_smart_rgb,intrusion_climb-over-fence_rgb_0106_cctv1,intrusion_candidate,intrusion,[46],[1.533],"{""start_frame"": 46, ""end_frame"": 46}","[""walk, carry/hold (an object)""]","[""unsafe""]",unsafe,"{""normal"": 0, ""unsafe"": 1, ""danger"": 0}","{""normal"": 0.0, ""unsafe"": 1.0, ""danger"": 0.0}",unsafe,unsafe,unsafe,True,False,labeling_yolo_single_frame,single_frame_gt_from_sampled_frame_label,unsafe,intrusion,True,True,True,0.5979,"{""risk_state"":""unsafe""}
"
intrusion_climb-over-fence_rgb_0106_cctv1_f000056,climb-over-fence_smart_rgb,intrusion_climb-over-fence_rgb_0106_cctv1,intrusion_candidate,intrusion,[56],[1.867],"{""start_frame"": 56, ""end_frame"": 56}","[""walk, carry/hold (an object)""]","[""unsafe""]",unsafe,"{""normal"": 0, ""unsafe"": 1, ""danger"": 0}","{""normal"": 0.0, ""unsafe"": 1.0, ""danger"": 0.0}",unsafe,unsafe,unsafe,True,False,labeling_yolo_single_frame,single_frame_gt_from_sampled_frame_label,unsafe,intrusion,True,True,True,0.6037,"{""risk_state"":""unsafe""}
"
intrusion_climb-over-fence_rgb_0106_cctv1_f000066,climb-over-fence_smart_rgb,intrusion_climb-over-fence_rgb_0106_cctv1,intrusion_candidate,intrusion,[66],[2.2],"{""start_frame"": 66, ""end_frame"": 66}","[""walk, carry/hold (an object)""]","[""danger""]",danger,"{""normal"": 0, ""unsafe"": 0, ""danger"": 1}","{""normal"": 0.0, ""unsafe"": 0.0, ""danger"": 1.0}",danger,danger,danger,True,False,labeling_yolo_single_frame,single_frame_gt_from_sampled_frame_label,danger,intrusion,True,True,True,0.6137,"{""risk_state"":""danger""}
"
intrusion_climb-over-fence_rgb_0106_cctv1_f000076,climb-over-fence_smart_rgb,intrusion_climb-over-fence_rgb_0106_cctv1,intrusion_candidate,intrusion,[76],[2.533],"{""start_frame"": 76, ""end_frame"": 76}","[""carry/hold (an object), walk""]","[""danger""]",danger,"{""normal"": 0, ""unsafe"": 0, ""danger"": 1}","{""normal"": 0.0, ""unsafe"": 0.0, ""danger"": 1.0}",danger,danger,danger,True,False,labeling_yolo_single_frame,single_frame_gt_from_sampled_frame_label,danger,intrusion,True,True,True,0.6027,"{""risk_state"":""danger""}
"
intrusion_climb-over-fence_rgb_0106_cctv1_f000086,climb-over-fence_smart_rgb,intrusion_climb-over-fence_rgb_0106_cctv1,intrusion_candidate,intrusion,[86],[2.867],"{""start_frame"": 86, ""end_frame"": 86}","[""carry/hold (an object), stand""]","[""danger""]",danger,"{""normal"": 0, ""unsafe"": 0, ""danger"": 1}","{""normal"": 0.0, ""unsafe"": 0.0, ""danger"": 1.0}",danger,danger,danger,True,False,labeling_yolo_single_frame,single_frame_gt_from_sampled_frame_label,danger,intrusion,True,True,True,0.5999,"{""risk_state"":""danger""}
"
intrusion_climb-over-fence_rgb_0106_cctv1_f000096,climb-over-fence_smart_rgb,intrusion_climb-over-fence_rgb_0106_cctv1,intrusion_candidate,intrusion,[96],[3.2],"{""start_frame"": 96, ""end_frame"": 96}","[""walk, carry/hold (an object)""]","[""danger""]",danger,"{""normal"": 0, ""unsafe"": 0, ""danger"": 1}","{""normal"": 0.0, ""unsafe"": 0.0, ""danger"": 1.0}",danger,danger,danger,True,False,labeling_yolo_single_frame,single_frame_gt_from_sampled_frame_label,danger,intrusion,True,True,True,0.6012,"{""risk_state"":""danger""}
"
intrusion_climb-over-fence_rgb_0106_cctv1_f000106,climb-over-fence_smart_rgb,intrusion_climb-over-fence_rgb_0106_cctv1,intrusion_candidate,intrusion,[106],[3.533],"{""start_frame"": 106, ""end_frame"": 106}","[""walk, carry/hold (an object)""]","[""danger""]",danger,"{""normal"": 0, ""unsafe"": 0, ""danger"": 1}","{""normal"": 0.0, ""unsafe"": 0.0, ""danger"": 1.0}",danger,danger,danger,True,False,labeling_yolo_single_frame,single_frame_gt_from_sampled_frame_label,danger,intrusion,True,True,True,0.6,"{""risk_state"":""danger""}
"
intrusion_climb-over-fence_rgb_0106_cctv1_f000116,climb-over-fence_smart_rgb,intrusion_climb-over-fence_rgb_0106_cctv1,intrusion_candidate,intrusion,[116],[3.867],"{""start_frame"": 116, ""end_frame"": 116}","[""walk, stand""]","[""danger""]",danger,"{""normal"": 0, ""unsafe"": 0, ""danger"": 1}","{""normal"": 0.0, ""unsafe"": 0.0, ""danger"": 1.0}",danger,danger,danger,True,False,labeling_yolo_single_frame,single_frame_gt_from_sampled_frame_label,danger,intrusion,True,True,True,0.604,"{""risk_state"":""danger""}
"
intrusion_climb-over-fence_rgb_0106_cctv1_f000126,climb-over-fence_smart_rgb,intrusion_climb-over-fence_rgb_0106_cctv1,intrusion_candidate,intrusion,[126],[4.2],"{""start_frame"": 126, ""end_frame"": 126}","[""stand, carry/hold (an object)""]","[""danger""]",danger,"{""normal"": 0, ""unsafe"": 0, ""danger"": 1}","{""normal"": 0.0, ""unsafe"": 0.0, ""danger"": 1.0}",danger,danger,danger,True,False,labeling_yolo_single_frame,single_frame_gt_from_sampled_frame_label,unsafe,intrusion,True,True,True,0.5998,"{""risk_state"":""unsafe""}
"
intrusion_climb-over-fence_rgb_0106_cctv1_f000136,climb-over-fence_smart_rgb,intrusion_climb-over-fence_rgb_0106_cctv1,intrusion_candidate,intrusion,[136],[4.533],"{""start_frame"": 136, ""end_frame"": 136}","[""stand, carry/hold (an object)""]","[""danger""]",danger,"{""normal"": 0, ""unsafe"": 0, ""danger"": 1}","{""normal"": 0.0, ""unsafe"": 0.0, ""danger"": 1.0}",danger,danger,danger,True,False,labeling_yolo_single_frame,single_frame_gt_from_sampled_frame_label,unsafe,intrusion,True,True,True,0.6015,"{""risk_state"":""unsafe""}
"
intrusion_climb-over-fence_rgb_0106_cctv1_f000146,climb-over-fence_smart_rgb,intrusion_climb-over-fence_rgb_0106_cctv1,intrusion_candidate,intrusion,[146],[4.867],"{""start_frame"": 146, ""end_frame"": 146}","[""stand, carry/hold (an object)""]","[""danger""]",danger,"{""normal"": 0, ""unsafe"": 0, ""danger"": 1}","{""normal"": 0.0, ""unsafe"": 0.0, ""danger"": 1.0}",danger,danger,danger,True,False,labeling_yolo_single_frame,single_frame_gt_from_sampled_frame_label,unsafe,intrusion,True,True,True,0.6017,"{""risk_state"":""unsafe""}
"
intrusion_climb-over-fence_rgb_0106_cctv1_f000156,climb-over-fence_smart_rgb,intrusion_climb-over-fence_rgb_0106_cctv1,intrusion_candidate,intrusion,[156],[5.2],"{""start_frame"": 156, ""end_frame"": 156}","[""stand, carry/hold (an object)""]","[""danger""]",danger,"{""normal"": 0, ""unsafe"": 0, ""danger"": 1}","{""normal"": 0.0, ""unsafe"": 0.0, ""danger"": 1.0}",danger,danger,danger,True,False,labeling_yolo_single_frame,single_frame_gt_from_sampled_frame_label,unsafe,intrusion,True,True,True,0.5987,"{""risk_state"":""unsafe""}
"
intrusion_climb-over-fence_rgb_0106_cctv1_f000166,climb-over-fence_smart_rgb,intrusion_climb-over-fence_rgb_0106_cctv1,intrusion_candidate,intrusion,[166],[5.533],"{""start_frame"": 166, ""end_frame"": 166}","[""stand""]","[""danger""]",danger,"{""normal"": 0, ""unsafe"": 0, ""danger"": 1}","{""normal"": 0.0, ""unsafe"": 0.0, ""danger"": 1.0}",danger,danger,danger,True,False,labeling_yolo_single_frame,single_frame_gt_from_sampled_frame_label,unsafe,intrusion,True,True,True,0.6094,"{""risk_state"":""unsafe""}
"
intrusion_climb-over-fence_rgb_0106_cctv1_f000176,climb-over-fence_smart_rgb,intrusion_climb-over-fence_rgb_0106_cctv1,intrusion_candidate,intrusion,[176],[5.867],"{""start_frame"": 176, ""end_frame"": 176}","[""stand, carry/hold (an object)""]","[""danger""]",danger,"{""normal"": 0, ""unsafe"": 0, ""danger"": 1}","{""normal"": 0.0, ""unsafe"": 0.0, ""danger"": 1.0}",danger,danger,danger,True,False,labeling_yolo_single_frame,single_frame_gt_from_sampled_frame_label,unsafe,intrusion,True,True,True,0.5977,"{""risk_state"":""unsafe""}
"
intrusion_climb-over-fence_rgb_0106_cctv1_f000186,climb-over-fence_smart_rgb,intrusion_climb-over-fence_rgb_0106_cctv1,intrusion_candidate,intrusion,[186],[6.2],"{""start_frame"": 186, ""end_frame"": 186}","[""stand, carry/hold (an object)""]","[""danger""]",danger,"{""normal"": 0, ""unsafe"": 0, ""danger"": 1}","{""normal"": 0.0, ""unsafe"": 0.0, ""danger"": 1.0}",danger,danger,danger,True,False,labeling_yolo_single_frame,single_frame_gt_from_sampled_frame_label,unsafe,intrusion,True,True,True,0.601,"{""risk_state"":""unsafe""}
"
intrusion_climb-over-fence_rgb_0106_cctv1_f000196,climb-over-fence_smart_rgb,intrusion_climb-over-fence_rgb_0106_cctv1,intrusion_candidate,intrusion,[196],[6.533],"{""start_frame"": 196, ""end_frame"": 196}","[""carry/hold (an object), stand""]","[""danger""]",danger,"{""normal"": 0, ""unsafe"": 0, ""danger"": 1}","{""normal"": 0.0, ""unsafe"": 0.0, ""danger"": 1.0}",danger,danger,danger,True,False,labeling_yolo_single_frame,single_frame_gt_from_sampled_frame_label,danger,intrusion,True,True,True,0.5994,"{""risk_state"":""danger""}
"
intrusion_climb-over-fence_rgb_0106_cctv1_f000206,climb-over-fence_smart_rgb,intrusion_climb-over-fence_rgb_0106_cctv1,intrusion_candidate,intrusion,[206],[6.867],"{""start_frame"": 206, ""end_frame"": 206}","[""carry/hold (an object), stand""]","[""danger""]",danger,"{""normal"": 0, ""unsafe"": 0, ""danger"": 1}","{""normal"": 0.0, ""unsafe"": 0.0, ""danger"": 1.0}",danger,danger,danger,True,False,labeling_yolo_single_frame,single_frame_gt_from_sampled_frame_label,danger,intrusion,True,True,True,0.6026,"{""risk_state"":""danger""}
"
intrusion_climb-over-fence_rgb_0106_cctv1_f000216,climb-over-fence_smart_rgb,intrusion_climb-over-fence_rgb_0106_cctv1,intrusion_candidate,intrusion,[216],[7.2],"{""start_frame"": 216, ""end_frame"": 216}","[""carry/hold (an object), stand""]","[""danger""]",danger,"{""normal"": 0, ""unsafe"": 0, ""danger"": 1}","{""normal"": 0.0, ""unsafe"": 0.0, ""danger"": 1.0}",danger,danger,danger,True,False,labeling_yolo_single_frame,single_frame_gt_from_sampled_frame_label,danger,intrusion,True,True,True,0.599,"{""risk_state"":""danger""}
"
intrusion_climb-over-fence_rgb_0106_cctv1_f000226,climb-over-fence_smart_rgb,intrusion_climb-over-fence_rgb_0106_cctv1,intrusion_candidate,intrusion,[226],[7.533],"{""start_frame"": 226, ""end_frame"": 226}","[""carry/hold (an object), walk""]","[""danger""]",danger,"{""normal"": 0, ""unsafe"": 0, ""danger"": 1}","{""normal"": 0.0, ""unsafe"": 0.0, ""danger"": 1.0}",danger,danger,danger,True,False,labeling_yolo_single_frame,single_frame_gt_from_sampled_frame_label,danger,intrusion,True,True,True,0.6027,"{""risk_state"":""danger""}
"
intrusion_climb-over-fence_rgb_0106_cctv1_f000236,climb-over-fence_smart_rgb,intrusion_climb-over-fence_rgb_0106_cctv1,intrusion_candidate,intrusion,[236],[7.867],"{""start_frame"": 236, ""end_frame"": 236}","[""bend/bow (at the waist), carry/hold (an object)""]","[""danger""]",danger,"{""normal"": 0, ""unsafe"": 0, ""danger"": 1}","{""normal"": 0.0, ""unsafe"": 0.0, ""danger"": 1.0}",danger,danger,danger,True,False,labeling_yolo_single_frame,single_frame_gt_from_sampled_frame_label,danger,intrusion,True,True,True,0.6068,"{""risk_state"":""danger""}
"
intrusion_climb-over-fence_rgb_0106_cctv1_f000246,climb-over-fence_smart_rgb,intrusion_climb-over-fence_rgb_0106_cctv1,intrusion_candidate,intrusion,[246],[8.2],"{""start_frame"": 246, ""end_frame"": 246}","[""bend/bow (at the waist), carry/hold (an object)""]","[""danger""]",danger,"{""normal"": 0, ""unsafe"": 0, ""danger"": 1}","{""normal"": 0.0, ""unsafe"": 0.0, ""danger"": 1.0}",danger,danger,danger,True,False,labeling_yolo_single_frame,single_frame_gt_from_sampled_frame_label,danger,intrusion,True,True,True,0.6045,"{""risk_state"":""danger""}
"
intrusion_climb-over-fence_rgb_0106_cctv1_f000256,climb-over-fence_smart_rgb,intrusion_climb-over-fence_rgb_0106_cctv1,intrusion_candidate,intrusion,[256],[8.533],"{""start_frame"": 256, ""end_frame"": 256}","[""stand, carry/hold (an object)""]","[""danger""]",danger,"{""normal"": 0, ""unsafe"": 0, ""danger"": 1}","{""normal"": 0.0, ""unsafe"": 0.0, ""danger"": 1.0}",danger,danger,danger,True,False,labeling_yolo_single_frame,single_frame_gt_from_sampled_frame_label,danger,intrusion,True,True,True,0.603,"{""risk_state"":""danger""}
"
intrusion_climb-over-fence_rgb_0106_cctv1_f000266,climb-over-fence_smart_rgb,intrusion_climb-over-fence_rgb_0106_cctv1,intrusion_candidate,intrusion,[266],[8.867],"{""start_frame"": 266, ""end_frame"": 266}","[""stand, carry/hold (an object)""]","[""danger""]",danger,"{""normal"": 0, ""unsafe"": 0, ""danger"": 1}","{""normal"": 0.0, ""unsafe"": 0.0, ""danger"": 1.0}",danger,danger,danger,True,False,labeling_yolo_single_frame,single_frame_gt_from_sampled_frame_label,danger,intrusion,True,True,True,0.608,"{""risk_state"":""danger""}
"
intrusion_climb-over-fence_rgb_0106_cctv1_f000276,climb-over-fence_smart_rgb,intrusion_climb-over-fence_rgb_0106_cctv1,intrusion_candidate,intrusion,[276],[9.2],"{""start_frame"": 276, ""end_frame"": 276}","[""stand, carry/hold (an object)""]","[""danger""]",danger,"{""normal"": 0, ""unsafe"": 0, ""danger"": 1}","{""normal"": 0.0, ""unsafe"": 0.0, ""danger"": 1.0}",danger,danger,danger,True,False,labeling_yolo_single_frame,single_frame_gt_from_sampled_frame_label,danger,intrusion,True,True,True,0.5966,"{""risk_state"":""danger""}
"
intrusion_climb-over-fence_rgb_0106_cctv1_f000286,climb-over-fence_smart_rgb,intrusion_climb-over-fence_rgb_0106_cctv1,intrusion_candidate,intrusion,[286],[9.533],"{""start_frame"": 286, ""end_frame"": 286}","[""stand, carry/hold (an object)""]","[""danger""]",danger,"{""normal"": 0, ""unsafe"": 0, ""danger"": 1}","{""normal"": 0.0, ""unsafe"": 0.0, ""danger"": 1.0}",danger,danger,danger,True,False,labeling_yolo_single_frame,single_frame_gt_from_sampled_frame_label,danger,intrusion,True,True,True,0.5991,"{""risk_state"":""danger""}
"
intrusion_climb-over-fence_rgb_0106_cctv1_f000296,climb-over-fence_smart_rgb,intrusion_climb-over-fence_rgb_0106_cctv1,intrusion_candidate,intrusion,[296],[9.867],"{""start_frame"": 296, ""end_frame"": 296}","[""stand, answer phone""]","[""danger""]",danger,"{""normal"": 0, ""unsafe"": 0, ""danger"": 1}","{""normal"": 0.0, ""unsafe"": 0.0, ""danger"": 1.0}",danger,danger,danger,True,False,labeling_yolo_single_frame,single_frame_gt_from_sampled_frame_label,danger,intrusion,True,True,True,0.599,"{""risk_state"":""danger""}
"
intrusion_climb-over-fence_rgb_0106_cctv1_f000306,climb-over-fence_smart_rgb,intrusion_climb-over-fence_rgb_0106_cctv1,intrusion_candidate,intrusion,[306],[10.2],"{""start_frame"": 306, ""end_frame"": 306}","[""stand, answer phone""]","[""danger""]",danger,"{""normal"": 0, ""unsafe"": 0, ""danger"": 1}","{""normal"": 0.0, ""unsafe"": 0.0, ""danger"": 1.0}",danger,danger,danger,True,False,labeling_yolo_single_frame,single_frame_gt_from_sampled_frame_label,danger,intrusion,True,True,True,0.5947,"{""risk_state"":""danger""}
"
intrusion_climb-over-fence_rgb_0106_cctv1_f000316,climb-over-fence_smart_rgb,intrusion_climb-over-fence_rgb_0106_cctv1,intrusion_candidate,intrusion,[316],[10.533],"{""start_frame"": 316, ""end_frame"": 316}","[""stand, answer phone""]","[""danger""]",danger,"{""normal"": 0, ""unsafe"": 0, ""danger"": 1}","{""normal"": 0.0, ""unsafe"": 0.0, ""danger"": 1.0}",danger,danger,danger,True,False,labeling_yolo_single_frame,single_frame_gt_from_sampled_frame_label,danger,intrusion,True,True,True,0.5993,"{""risk_state"":""danger""}
"
intrusion_climb-over-fence_rgb_0106_cctv1_f000326,climb-over-fence_smart_rgb,intrusion_climb-over-fence_rgb_0106_cctv1,intrusion_candidate,intrusion,[326],[10.867],"{""start_frame"": 326, ""end_frame"": 326}","[""stand, answer phone""]","[""danger""]",danger,"{""normal"": 0, ""unsafe"": 0, ""danger"": 1}","{""normal"": 0.0, ""unsafe"": 0.0, ""danger"": 1.0}",danger,danger,danger,True,False,labeling_yolo_single_frame,single_frame_gt_from_sampled_frame_label,danger,intrusion,True,True,True,0.6039,"{""risk_state"":""danger""}
"
intrusion_climb-over-fence_rgb_0106_cctv1_f000336,climb-over-fence_smart_rgb,intrusion_climb-over-fence_rgb_0106_cctv1,intrusion_candidate,intrusion,[336],[11.2],"{""start_frame"": 336, ""end_frame"": 336}","[""stand, answer phone""]","[""danger""]",danger,"{""normal"": 0, ""unsafe"": 0, ""danger"": 1}","{""normal"": 0.0, ""unsafe"": 0.0, ""danger"": 1.0}",danger,danger,danger,True,False,labeling_yolo_single_frame,single_frame_gt_from_sampled_frame_label,danger,intrusion,True,True,True,0.6089,"{""risk_state"":""danger""}
"
intrusion_climb-over-fence_rgb_0106_cctv1_f000346,climb-over-fence_smart_rgb,intrusion_climb-over-fence_rgb_0106_cctv1,intrusion_candidate,intrusion,[346],[11.533],"{""start_frame"": 346, ""end_frame"": 346}","[""stand""]","[""danger""]",danger,"{""normal"": 0, ""unsafe"": 0, ""danger"": 1}","{""normal"": 0.0, ""unsafe"": 0.0, ""danger"": 1.0}",danger,danger,danger,True,False,labeling_yolo_single_frame,single_frame_gt_from_sampled_frame_label,danger,intrusion,True,True,True,0.5979,"{""risk_state"":""danger""}
"
intrusion_climb-over-fence_rgb_0106_cctv1_f000356,climb-over-fence_smart_rgb,intrusion_climb-over-fence_rgb_0106_cctv1,intrusion_candidate,intrusion,[356],[11.867],"{""start_frame"": 356, ""end_frame"": 356}","[""stand, answer phone""]","[""danger""]",danger,"{""normal"": 0, ""unsafe"": 0, ""danger"": 1}","{""normal"": 0.0, ""unsafe"": 0.0, ""danger"": 1.0}",danger,danger,danger,True,False,labeling_yolo_single_frame,single_frame_gt_from_sampled_frame_label,danger,intrusion,True,True,True,0.6032,"{""risk_state"":""danger""}
"
intrusion_climb-over-fence_rgb_0106_cctv1_f000366,climb-over-fence_smart_rgb,intrusion_climb-over-fence_rgb_0106_cctv1,intrusion_candidate,intrusion,[366],[12.2],"{""start_frame"": 366, ""end_frame"": 366}","[""stand, answer phone""]","[""danger""]",danger,"{""normal"": 0, ""unsafe"": 0, ""danger"": 1}","{""normal"": 0.0, ""unsafe"": 0.0, ""danger"": 1.0}",danger,danger,danger,True,False,labeling_yolo_single_frame,single_frame_gt_from_sampled_frame_label,danger,intrusion,True,True,True,0.6026,"{""risk_state"":""danger""}
"
intrusion_climb-over-fence_rgb_0106_cctv1_f000376,climb-over-fence_smart_rgb,intrusion_climb-over-fence_rgb_0106_cctv1,intrusion_candidate,intrusion,[376],[12.533],"{""start_frame"": 376, ""end_frame"": 376}","[""stand, carry/hold (an object)""]","[""danger""]",danger,"{""normal"": 0, ""unsafe"": 0, ""danger"": 1}","{""normal"": 0.0, ""unsafe"": 0.0, ""danger"": 1.0}",danger,danger,danger,True,False,labeling_yolo_single_frame,single_frame_gt_from_sampled_frame_label,unsafe,intrusion,True,True,True,0.6,"{""risk_state"":""unsafe""}
"
intrusion_climb-over-fence_rgb_0106_cctv1_f000386,climb-over-fence_smart_rgb,intrusion_climb-over-fence_rgb_0106_cctv1,intrusion_candidate,intrusion,[386],[12.867],"{""start_frame"": 386, ""end_frame"": 386}","[""stand, carry/hold (an object)""]","[""danger""]",danger,"{""normal"": 0, ""unsafe"": 0, ""danger"": 1}","{""normal"": 0.0, ""unsafe"": 0.0, ""danger"": 1.0}",danger,danger,danger,True,False,labeling_yolo_single_frame,single_frame_gt_from_sampled_frame_label,unsafe,intrusion,True,True,True,0.6007,"{""risk_state"":""unsafe""}
"
intrusion_climb-over-fence_rgb_0106_cctv1_f000396,climb-over-fence_smart_rgb,intrusion_climb-over-fence_rgb_0106_cctv1,intrusion_candidate,intrusion,[396],[13.2],"{""start_frame"": 396, ""end_frame"": 396}","[""stand, carry/hold (an object)""]","[""danger""]",danger,"{""normal"": 0, ""unsafe"": 0, ""danger"": 1}","{""normal"": 0.0, ""unsafe"": 0.0, ""danger"": 1.0}",danger,danger,danger,True,False,labeling_yolo_single_frame,single_frame_gt_from_sampled_frame_label,unsafe,intrusion,True,True,True,0.6024,"{""risk_state"":""unsafe""}
"
intrusion_climb-over-fence_rgb_0106_cctv1_f000406,climb-over-fence_smart_rgb,intrusion_climb-over-fence_rgb_0106_cctv1,intrusion_candidate,intrusion,[406],[13.533],"{""start_frame"": 406, ""end_frame"": 406}","[""stand, carry/hold (an object)""]","[""danger""]",danger,"{""normal"": 0, ""unsafe"": 0, ""danger"": 1}","{""normal"": 0.0, ""unsafe"": 0.0, ""danger"": 1.0}",danger,danger,danger,True,False,labeling_yolo_single_frame,single_frame_gt_from_sampled_frame_label,unsafe,intrusion,True,True,True,0.6041,"{""risk_state"":""unsafe""}
"
intrusion_climb-over-fence_rgb_0106_cctv1_f000416,climb-over-fence_smart_rgb,intrusion_climb-over-fence_rgb_0106_cctv1,intrusion_candidate,intrusion,[416],[13.867],"{""start_frame"": 416, ""end_frame"": 416}","[""stand, carry/hold (an object)""]","[""danger""]",danger,"{""normal"": 0, ""unsafe"": 0, ""danger"": 1}","{""normal"": 0.0, ""unsafe"": 0.0, ""danger"": 1.0}",danger,danger,danger,True,False,labeling_yolo_single_frame,single_frame_gt_from_sampled_frame_label,unsafe,intrusion,True,True,True,0.6053,"{""risk_state"":""unsafe""}
"
intrusion_climb-over-fence_rgb_0106_cctv1_f000426,climb-over-fence_smart_rgb,intrusion_climb-over-fence_rgb_0106_cctv1,intrusion_candidate,intrusion,[426],[14.2],"{""start_frame"": 426, ""end_frame"": 426}","[""stand""]","[""danger""]",danger,"{""normal"": 0, ""unsafe"": 0, ""danger"": 1}","{""normal"": 0.0, ""unsafe"": 0.0, ""danger"": 1.0}",danger,danger,danger,True,False,labeling_yolo_single_frame,single_frame_gt_from_sampled_frame_label,unsafe,intrusion,True,True,True,0.5993,"{""risk_state"":""unsafe""}
"
intrusion_climb-over-fence_rgb_0106_cctv1_f000436,climb-over-fence_smart_rgb,intrusion_climb-over-fence_rgb_0106_cctv1,intrusion_candidate,intrusion,[436],[14.533],"{""start_frame"": 436, ""end_frame"": 436}","[""stand""]","[""danger""]",danger,"{""normal"": 0, ""unsafe"": 0, ""danger"": 1}","{""normal"": 0.0, ""unsafe"": 0.0, ""danger"": 1.0}",danger,danger,danger,True,False,labeling_yolo_single_frame,single_frame_gt_from_sampled_frame_label,unsafe,intrusion,True,True,True,0.6093,"{""risk_state"":""unsafe""}
"
intrusion_climb-over-fence_rgb_0106_cctv1_f000446,climb-over-fence_smart_rgb,intrusion_climb-over-fence_rgb_0106_cctv1,intrusion_candidate,intrusion,[446],[14.867],"{""start_frame"": 446, ""end_frame"": 446}","[""stand""]","[""danger""]",danger,"{""normal"": 0, ""unsafe"": 0, ""danger"": 1}","{""normal"": 0.0, ""unsafe"": 0.0, ""danger"": 1.0}",danger,danger,danger,True,False,labeling_yolo_single_frame,single_frame_gt_from_sampled_frame_label,unsafe,intrusion,True,True,True,0.6031,"{""risk_state"":""unsafe""}
"
intrusion_climb-over-fence_rgb_0106_cctv1_f000456,climb-over-fence_smart_rgb,intrusion_climb-over-fence_rgb_0106_cctv1,intrusion_candidate,intrusion,[456],[15.2],"{""start_frame"": 456, ""end_frame"": 456}","[""stand""]","[""danger""]",danger,"{""normal"": 0, ""unsafe"": 0, ""danger"": 1}","{""normal"": 0.0, ""unsafe"": 0.0, ""danger"": 1.0}",danger,danger,danger,True,False,labeling_yolo_single_frame,single_frame_gt_from_sampled_frame_label,unsafe,intrusion,True,True,True,0.5978,"{""risk_state"":""unsafe""}
"
intrusion_climb-over-fence_rgb_0107_cctv1_f000016,climb-over-fence_smart_rgb,intrusion_climb-over-fence_rgb_0107_cctv1,intrusion_candidate,intrusion,[16],[0.533],"{""start_frame"": 16, ""end_frame"": 16}","[""walk, carry/hold (an object)""]","[""normal""]",normal,"{""normal"": 1, ""unsafe"": 0, ""danger"": 0}","{""normal"": 1.0, ""unsafe"": 0.0, ""danger"": 0.0}",normal,normal,normal,True,False,labeling_yolo_single_frame,single_frame_gt_from_sampled_frame_label,unsafe,intrusion,True,True,True,0.601,"{""risk_state"":""unsafe""}
"
intrusion_climb-over-fence_rgb_0107_cctv1_f000026,climb-over-fence_smart_rgb,intrusion_climb-over-fence_rgb_0107_cctv1,intrusion_candidate,intrusion,[26],[0.867],"{""start_frame"": 26, ""end_frame"": 26}","[""walk, carry/hold (an object)""]","[""normal""]",normal,"{""normal"": 1, ""unsafe"": 0, ""danger"": 0}","{""normal"": 1.0, ""unsafe"": 0.0, ""danger"": 0.0}",normal,normal,normal,True,False,labeling_yolo_single_frame,single_frame_gt_from_sampled_frame_label,unsafe,intrusion,True,True,True,0.5982,"{""risk_state"":""unsafe""}
"
intrusion_climb-over-fence_rgb_0107_cctv1_f000036,climb-over-fence_smart_rgb,intrusion_climb-over-fence_rgb_0107_cctv1,intrusion_candidate,intrusion,[36],[1.2],"{""start_frame"": 36, ""end_frame"": 36}","[""walk, carry/hold (an object)""]","[""normal""]",normal,"{""normal"": 1, ""unsafe"": 0, ""danger"": 0}","{""normal"": 1.0, ""unsafe"": 0.0, ""danger"": 0.0}",normal,normal,normal,True,False,labeling_yolo_single_frame,single_frame_gt_from_sampled_frame_label,unsafe,intrusion,True,True,True,0.6039,"{""risk_state"":""unsafe""}
"
intrusion_climb-over-fence_rgb_0107_cctv1_f000046,climb-over-fence_smart_rgb,intrusion_climb-over-fence_rgb_0107_cctv1,intrusion_candidate,intrusion,[46],[1.533],"{""start_frame"": 46, ""end_frame"": 46}","[""walk, carry/hold (an object)""]","[""unsafe""]",unsafe,"{""normal"": 0, ""unsafe"": 1, ""danger"": 0}","{""normal"": 0.0, ""unsafe"": 1.0, ""danger"": 0.0}",unsafe,unsafe,unsafe,True,False,labeling_yolo_single_frame,single_frame_gt_from_sampled_frame_label,unsafe,intrusion,True,True,True,0.6142,"{""risk_state"":""unsafe""}
"
intrusion_climb-over-fence_rgb_0107_cctv1_f000056,climb-over-fence_smart_rgb,intrusion_climb-over-fence_rgb_0107_cctv1,intrusion_candidate,intrusion,[56],[1.867],"{""start_frame"": 56, ""end_frame"": 56}","[""stand, carry/hold (an object)""]","[""unsafe""]",unsafe,"{""normal"": 0, ""unsafe"": 1, ""danger"": 0}","{""normal"": 0.0, ""unsafe"": 1.0, ""danger"": 0.0}",unsafe,unsafe,unsafe,True,False,labeling_yolo_single_frame,single_frame_gt_from_sampled_frame_label,unsafe,intrusion,True,True,True,0.6137,"{""risk_state"":""unsafe""}
"
intrusion_climb-over-fence_rgb_0107_cctv1_f000066,climb-over-fence_smart_rgb,intrusion_climb-over-fence_rgb_0107_cctv1,intrusion_candidate,intrusion,[66],[2.2],"{""start_frame"": 66, ""end_frame"": 66}","[""stand, walk""]","[""unsafe""]",unsafe,"{""normal"": 0, ""unsafe"": 1, ""danger"": 0}","{""normal"": 0.0, ""unsafe"": 1.0, ""danger"": 0.0}",unsafe,unsafe,unsafe,True,False,labeling_yolo_single_frame,single_frame_gt_from_sampled_frame_label,unsafe,intrusion,True,True,True,0.6008,"{""risk_state"":""unsafe""}
"
intrusion_climb-over-fence_rgb_0107_cctv1_f000076,climb-over-fence_smart_rgb,intrusion_climb-over-fence_rgb_0107_cctv1,intrusion_candidate,intrusion,[76],[2.533],"{""start_frame"": 76, ""end_frame"": 76}","[""stand, walk""]","[""unsafe""]",unsafe,"{""normal"": 0, ""unsafe"": 1, ""danger"": 0}","{""normal"": 0.0, ""unsafe"": 1.0, ""danger"": 0.0}",unsafe,unsafe,unsafe,True,False,labeling_yolo_single_frame,single_frame_gt_from_sampled_frame_label,unsafe,intrusion,True,True,True,0.6045,"{""risk_state"":""unsafe""}
"
intrusion_climb-over-fence_rgb_0107_cctv1_f000086,climb-over-fence_smart_rgb,intrusion_climb-over-fence_rgb_0107_cctv1,intrusion_candidate,intrusion,[86],[2.867],"{""start_frame"": 86, ""end_frame"": 86}","[""walk, carry/hold (an object)""]","[""unsafe""]",unsafe,"{""normal"": 0, ""unsafe"": 1, ""danger"": 0}","{""normal"": 0.0, ""unsafe"": 1.0, ""danger"": 0.0}",unsafe,unsafe,unsafe,True,False,labeling_yolo_single_frame,single_frame_gt_from_sampled_frame_label,unsafe,intrusion,True,True,True,0.6032,"{""risk_state"":""unsafe""}
"
intrusion_climb-over-fence_rgb_0107_cctv1_f000096,climb-over-fence_smart_rgb,intrusion_climb-over-fence_rgb_0107_cctv1,intrusion_candidate,intrusion,[96],[3.2],"{""start_frame"": 96, ""end_frame"": 96}","[""walk, carry/hold (an object)""]","[""unsafe""]",unsafe,"{""normal"": 0, ""unsafe"": 1, ""danger"": 0}","{""normal"": 0.0, ""unsafe"": 1.0, ""danger"": 0.0}",unsafe,unsafe,unsafe,True,False,labeling_yolo_single_frame,single_frame_gt_from_sampled_frame_label,unsafe,intrusion,True,True,True,0.6008,"{""risk_state"":""unsafe""}
"
intrusion_climb-over-fence_rgb_0107_cctv1_f000106,climb-over-fence_smart_rgb,intrusion_climb-over-fence_rgb_0107_cctv1,intrusion_candidate,intrusion,[106],[3.533],"{""start_frame"": 106, ""end_frame"": 106}","[""stand, carry/hold (an object)""]","[""unsafe""]",unsafe,"{""normal"": 0, ""unsafe"": 1, ""danger"": 0}","{""normal"": 0.0, ""unsafe"": 1.0, ""danger"": 0.0}",unsafe,unsafe,unsafe,True,False,labeling_yolo_single_frame,single_frame_gt_from_sampled_frame_label,unsafe,intrusion,True,True,True,0.601,"{""risk_state"":""unsafe""}
"
intrusion_climb-over-fence_rgb_0107_cctv1_f000116,climb-over-fence_smart_rgb,intrusion_climb-over-fence_rgb_0107_cctv1,intrusion_candidate,intrusion,[116],[3.867],"{""start_frame"": 116, ""end_frame"": 116}","[""walk, carry/hold (an object)""]","[""unsafe""]",unsafe,"{""normal"": 0, ""unsafe"": 1, ""danger"": 0}","{""normal"": 0.0, ""unsafe"": 1.0, ""danger"": 0.0}",unsafe,unsafe,unsafe,True,False,labeling_yolo_single_frame,single_frame_gt_from_sampled_frame_label,unsafe,intrusion,True,True,True,0.5986,"{""risk_state"":""unsafe""}
"
intrusion_climb-over-fence_rgb_0107_cctv1_f000126,climb-over-fence_smart_rgb,intrusion_climb-over-fence_rgb_0107_cctv1,intrusion_candidate,intrusion,[126],[4.2],"{""start_frame"": 126, ""end_frame"": 126}","[""walk, carry/hold (an object)""]","[""unsafe""]",unsafe,"{""normal"": 0, ""unsafe"": 1, ""danger"": 0}","{""normal"": 0.0, ""unsafe"": 1.0, ""danger"": 0.0}",unsafe,unsafe,unsafe,True,False,labeling_yolo_single_frame,single_frame_gt_from_sampled_frame_label,unsafe,intrusion,True,True,True,0.605,"{""risk_state"":""unsafe""}
"
intrusion_climb-over-fence_rgb_0107_cctv1_f000136,climb-over-fence_smart_rgb,intrusion_climb-over-fence_rgb_0107_cctv1,intrusion_candidate,intrusion,[136],[4.533],"{""start_frame"": 136, ""end_frame"": 136}","[""walk, carry/hold (an object)""]","[""unsafe""]",unsafe,"{""normal"": 0, ""unsafe"": 1, ""danger"": 0}","{""normal"": 0.0, ""unsafe"": 1.0, ""danger"": 0.0}",unsafe,unsafe,unsafe,True,False,labeling_yolo_single_frame,single_frame_gt_from_sampled_frame_label,unsafe,intrusion,True,True,True,0.5999,"{""risk_state"":""unsafe""}
"
intrusion_climb-over-fence_rgb_0107_cctv1_f000146,climb-over-fence_smart_rgb,intrusion_climb-over-fence_rgb_0107_cctv1,intrusion_candidate,intrusion,[146],[4.867],"{""start_frame"": 146, ""end_frame"": 146}","[""walk, carry/hold (an object)""]","[""unsafe""]",unsafe,"{""normal"": 0, ""unsafe"": 1, ""danger"": 0}","{""normal"": 0.0, ""unsafe"": 1.0, ""danger"": 0.0}",unsafe,unsafe,unsafe,True,False,labeling_yolo_single_frame,single_frame_gt_from_sampled_frame_label,unsafe,intrusion,True,True,True,0.6017,"{""risk_state"":""unsafe""}
"
intrusion_climb-over-fence_rgb_0107_cctv1_f000156,climb-over-fence_smart_rgb,intrusion_climb-over-fence_rgb_0107_cctv1,intrusion_candidate,intrusion,[156],[5.2],"{""start_frame"": 156, ""end_frame"": 156}","[""walk, carry/hold (an object)""]","[""unsafe""]",unsafe,"{""normal"": 0, ""unsafe"": 1, ""danger"": 0}","{""normal"": 0.0, ""unsafe"": 1.0, ""danger"": 0.0}",unsafe,unsafe,unsafe,True,False,labeling_yolo_single_frame,single_frame_gt_from_sampled_frame_label,unsafe,intrusion,True,True,True,0.6082,"{""risk_state"":""unsafe""}
"
intrusion_climb-over-fence_rgb_0107_cctv1_f000166,climb-over-fence_smart_rgb,intrusion_climb-over-fence_rgb_0107_cctv1,intrusion_candidate,intrusion,[166],[5.533],"{""start_frame"": 166, ""end_frame"": 166}","[""walk, carry/hold (an object)""]","[""danger""]",danger,"{""normal"": 0, ""unsafe"": 0, ""danger"": 1}","{""normal"": 0.0, ""unsafe"": 0.0, ""danger"": 1.0}",danger,danger,danger,True,False,labeling_yolo_single_frame,single_frame_gt_from_sampled_frame_label,unsafe,intrusion,True,True,True,0.6,"{""risk_state"":""unsafe""}
"
intrusion_climb-over-fence_rgb_0107_cctv1_f000176,climb-over-fence_smart_rgb,intrusion_climb-over-fence_rgb_0107_cctv1,intrusion_candidate,intrusion,[176],[5.867],"{""start_frame"": 176, ""end_frame"": 176}","[""carry/hold (an object), stand""]","[""danger""]",danger,"{""normal"": 0, ""unsafe"": 0, ""danger"": 1}","{""normal"": 0.0, ""unsafe"": 0.0, ""danger"": 1.0}",danger,danger,danger,True,False,labeling_yolo_single_frame,single_frame_gt_from_sampled_frame_label,danger,intrusion,True,True,True,0.6044,"{""risk_state"":""danger""}
"
intrusion_climb-over-fence_rgb_0107_cctv1_f000186,climb-over-fence_smart_rgb,intrusion_climb-over-fence_rgb_0107_cctv1,intrusion_candidate,intrusion,[186],[6.2],"{""start_frame"": 186, ""end_frame"": 186}","[""carry/hold (an object), stand""]","[""danger""]",danger,"{""normal"": 0, ""unsafe"": 0, ""danger"": 1}","{""normal"": 0.0, ""unsafe"": 0.0, ""danger"": 1.0}",danger,danger,danger,True,False,labeling_yolo_single_frame,single_frame_gt_from_sampled_frame_label,danger,intrusion,True,True,True,0.5946,"{""risk_state"":""danger""}
"
intrusion_climb-over-fence_rgb_0107_cctv1_f000196,climb-over-fence_smart_rgb,intrusion_climb-over-fence_rgb_0107_cctv1,intrusion_candidate,intrusion,[196],[6.533],"{""start_frame"": 196, ""end_frame"": 196}","[""stand, carry/hold (an object)""]","[""danger""]",danger,"{""normal"": 0, ""unsafe"": 0, ""danger"": 1}","{""normal"": 0.0, ""unsafe"": 0.0, ""danger"": 1.0}",danger,danger,danger,True,False,labeling_yolo_single_frame,single_frame_gt_from_sampled_frame_label,danger,intrusion,True,True,True,0.5952,"{""risk_state"":""danger""}
"
intrusion_climb-over-fence_rgb_0107_cctv1_f000206,climb-over-fence_smart_rgb,intrusion_climb-over-fence_rgb_0107_cctv1,intrusion_candidate,intrusion,[206],[6.867],"{""start_frame"": 206, ""end_frame"": 206}","[""carry/hold (an object), stand""]","[""danger""]",danger,"{""normal"": 0, ""unsafe"": 0, ""danger"": 1}","{""normal"": 0.0, ""unsafe"": 0.0, ""danger"": 1.0}",danger,danger,danger,True,False,labeling_yolo_single_frame,single_frame_gt_from_sampled_frame_label,danger,intrusion,True,True,True,0.6002,"{""risk_state"":""danger""}
"
intrusion_climb-over-fence_rgb_0107_cctv1_f000216,climb-over-fence_smart_rgb,intrusion_climb-over-fence_rgb_0107_cctv1,intrusion_candidate,intrusion,[216],[7.2],"{""start_frame"": 216, ""end_frame"": 216}","[""walk, carry/hold (an object)""]","[""danger""]",danger,"{""normal"": 0, ""unsafe"": 0, ""danger"": 1}","{""normal"": 0.0, ""unsafe"": 0.0, ""danger"": 1.0}",danger,danger,danger,True,False,labeling_yolo_single_frame,single_frame_gt_from_sampled_frame_label,danger,intrusion,True,True,True,0.6019,"{""risk_state"":""danger""}
"
intrusion_climb-over-fence_rgb_0107_cctv1_f000226,climb-over-fence_smart_rgb,intrusion_climb-over-fence_rgb_0107_cctv1,intrusion_candidate,intrusion,[226],[7.533],"{""start_frame"": 226, ""end_frame"": 226}","[""carry/hold (an object), walk""]","[""danger""]",danger,"{""normal"": 0, ""unsafe"": 0, ""danger"": 1}","{""normal"": 0.0, ""unsafe"": 0.0, ""danger"": 1.0}",danger,danger,danger,True,False,labeling_yolo_single_frame,single_frame_gt_from_sampled_frame_label,danger,intrusion,True,True,True,0.6062,"{""risk_state"":""danger""}
"
intrusion_climb-over-fence_rgb_0107_cctv1_f000236,climb-over-fence_smart_rgb,intrusion_climb-over-fence_rgb_0107_cctv1,intrusion_candidate,intrusion,[236],[7.867],"{""start_frame"": 236, ""end_frame"": 236}","[""carry/hold (an object), stand""]","[""danger""]",danger,"{""normal"": 0, ""unsafe"": 0, ""danger"": 1}","{""normal"": 0.0, ""unsafe"": 0.0, ""danger"": 1.0}",danger,danger,danger,True,False,labeling_yolo_single_frame,single_frame_gt_from_sampled_frame_label,danger,intrusion,True,True,True,0.5997,"{""risk_state"":""danger""}
"
intrusion_climb-over-fence_rgb_0107_cctv1_f000246,climb-over-fence_smart_rgb,intrusion_climb-over-fence_rgb_0107_cctv1,intrusion_candidate,intrusion,[246],[8.2],"{""start_frame"": 246, ""end_frame"": 246}","[""stand, carry/hold (an object)""]","[""danger""]",danger,"{""normal"": 0, ""unsafe"": 0, ""danger"": 1}","{""normal"": 0.0, ""unsafe"": 0.0, ""danger"": 1.0}",danger,danger,danger,True,False,labeling_yolo_single_frame,single_frame_gt_from_sampled_frame_label,danger,intrusion,True,True,True,0.5985,"{""risk_state"":""danger""}
"
intrusion_climb-over-fence_rgb_0107_cctv1_f000256,climb-over-fence_smart_rgb,intrusion_climb-over-fence_rgb_0107_cctv1,intrusion_candidate,intrusion,[256],[8.533],"{""start_frame"": 256, ""end_frame"": 256}","[""stand, carry/hold (an object)""]","[""danger""]",danger,"{""normal"": 0, ""unsafe"": 0, ""danger"": 1}","{""normal"": 0.0, ""unsafe"": 0.0, ""danger"": 1.0}",danger,danger,danger,True,False,labeling_yolo_single_frame,single_frame_gt_from_sampled_frame_label,danger,intrusion,True,True,True,0.6026,"{""risk_state"":""danger""}
"
intrusion_climb-over-fence_rgb_0107_cctv1_f000266,climb-over-fence_smart_rgb,intrusion_climb-over-fence_rgb_0107_cctv1,intrusion_candidate,intrusion,[266],[8.867],"{""start_frame"": 266, ""end_frame"": 266}","[""stand, carry/hold (an object)""]","[""danger""]",danger,"{""normal"": 0, ""unsafe"": 0, ""danger"": 1}","{""normal"": 0.0, ""unsafe"": 0.0, ""danger"": 1.0}",danger,danger,danger,True,False,labeling_yolo_single_frame,single_frame_gt_from_sampled_frame_label,danger,intrusion,True,True,True,0.6033,"{""risk_state"":""danger""}
"
intrusion_climb-over-fence_rgb_0107_cctv1_f000276,climb-over-fence_smart_rgb,intrusion_climb-over-fence_rgb_0107_cctv1,intrusion_candidate,intrusion,[276],[9.2],"{""start_frame"": 276, ""end_frame"": 276}","[""walk, carry/hold (an object)""]","[""danger""]",danger,"{""normal"": 0, ""unsafe"": 0, ""danger"": 1}","{""normal"": 0.0, ""unsafe"": 0.0, ""danger"": 1.0}",danger,danger,danger,True,False,labeling_yolo_single_frame,single_frame_gt_from_sampled_frame_label,danger,intrusion,True,True,True,0.6019,"{""risk_state"":""danger""}
"
intrusion_climb-over-fence_rgb_0107_cctv1_f000286,climb-over-fence_smart_rgb,intrusion_climb-over-fence_rgb_0107_cctv1,intrusion_candidate,intrusion,[286],[9.533],"{""start_frame"": 286, ""end_frame"": 286}","[""walk, carry/hold (an object)""]","[""danger""]",danger,"{""normal"": 0, ""unsafe"": 0, ""danger"": 1}","{""normal"": 0.0, ""unsafe"": 0.0, ""danger"": 1.0}",danger,danger,danger,True,False,labeling_yolo_single_frame,single_frame_gt_from_sampled_frame_label,danger,intrusion,True,True,True,0.5986,"{""risk_state"":""danger""}
"
intrusion_climb-over-fence_rgb_0107_cctv1_f000296,climb-over-fence_smart_rgb,intrusion_climb-over-fence_rgb_0107_cctv1,intrusion_candidate,intrusion,[296],[9.867],"{""start_frame"": 296, ""end_frame"": 296}","[""bend/bow (at the waist), carry/hold (an object)""]","[""danger""]",danger,"{""normal"": 0, ""unsafe"": 0, ""danger"": 1}","{""normal"": 0.0, ""unsafe"": 0.0, ""danger"": 1.0}",danger,danger,danger,True,False,labeling_yolo_single_frame,single_frame_gt_from_sampled_frame_label,danger,intrusion,True,True,True,0.6033,"{""risk_state"":""danger""}
"
intrusion_climb-over-fence_rgb_0107_cctv1_f000306,climb-over-fence_smart_rgb,intrusion_climb-over-fence_rgb_0107_cctv1,intrusion_candidate,intrusion,[306],[10.2],"{""start_frame"": 306, ""end_frame"": 306}","[""bend/bow (at the waist), carry/hold (an object)""]","[""danger""]",danger,"{""normal"": 0, ""unsafe"": 0, ""danger"": 1}","{""normal"": 0.0, ""unsafe"": 0.0, ""danger"": 1.0}",danger,danger,danger,True,False,labeling_yolo_single_frame,single_frame_gt_from_sampled_frame_label,danger,intrusion,True,True,True,0.6047,"{""risk_state"":""danger""}
"
intrusion_climb-over-fence_rgb_0107_cctv1_f000316,climb-over-fence_smart_rgb,intrusion_climb-over-fence_rgb_0107_cctv1,intrusion_candidate,intrusion,[316],[10.533],"{""start_frame"": 316, ""end_frame"": 316}","[""stand, answer phone""]","[""danger""]",danger,"{""normal"": 0, ""unsafe"": 0, ""danger"": 1}","{""normal"": 0.0, ""unsafe"": 0.0, ""danger"": 1.0}",danger,danger,danger,True,False,labeling_yolo_single_frame,single_frame_gt_from_sampled_frame_label,danger,intrusion,True,True,True,0.6024,"{""risk_state"":""danger""}
"
intrusion_climb-over-fence_rgb_0107_cctv1_f000326,climb-over-fence_smart_rgb,intrusion_climb-over-fence_rgb_0107_cctv1,intrusion_candidate,intrusion,[326],[10.867],"{""start_frame"": 326, ""end_frame"": 326}","[""stand, answer phone""]","[""danger""]",danger,"{""normal"": 0, ""unsafe"": 0, ""danger"": 1}","{""normal"": 0.0, ""unsafe"": 0.0, ""danger"": 1.0}",danger,danger,danger,True,False,labeling_yolo_single_frame,single_frame_gt_from_sampled_frame_label,danger,intrusion,True,True,True,0.6073,"{""risk_state"":""danger""}
"
intrusion_climb-over-fence_rgb_0107_cctv1_f000336,climb-over-fence_smart_rgb,intrusion_climb-over-fence_rgb_0107_cctv1,intrusion_candidate,intrusion,[336],[11.2],"{""start_frame"": 336, ""end_frame"": 336}","[""stand, answer phone""]","[""danger""]",danger,"{""normal"": 0, ""unsafe"": 0, ""danger"": 1}","{""normal"": 0.0, ""unsafe"": 0.0, ""danger"": 1.0}",danger,danger,danger,True,False,labeling_yolo_single_frame,single_frame_gt_from_sampled_frame_label,danger,intrusion,True,True,True,0.603,"{""risk_state"":""danger""}
"
intrusion_climb-over-fence_rgb_0107_cctv1_f000346,climb-over-fence_smart_rgb,intrusion_climb-over-fence_rgb_0107_cctv1,intrusion_candidate,intrusion,[346],[11.533],"{""start_frame"": 346, ""end_frame"": 346}","[""stand, answer phone""]","[""danger""]",danger,"{""normal"": 0, ""unsafe"": 0, ""danger"": 1}","{""normal"": 0.0, ""unsafe"": 0.0, ""danger"": 1.0}",danger,danger,danger,True,False,labeling_yolo_single_frame,single_frame_gt_from_sampled_frame_label,danger,intrusion,True,True,True,0.6,"{""risk_state"":""danger""}
"
intrusion_climb-over-fence_rgb_0107_cctv1_f000356,climb-over-fence_smart_rgb,intrusion_climb-over-fence_rgb_0107_cctv1,intrusion_candidate,intrusion,[356],[11.867],"{""start_frame"": 356, ""end_frame"": 356}","[""stand, answer phone""]","[""danger""]",danger,"{""normal"": 0, ""unsafe"": 0, ""danger"": 1}","{""normal"": 0.0, ""unsafe"": 0.0, ""danger"": 1.0}",danger,danger,danger,True,False,labeling_yolo_single_frame,single_frame_gt_from_sampled_frame_label,danger,intrusion,True,True,True,0.6011,"{""risk_state"":""danger""}
"
intrusion_climb-over-fence_rgb_0107_cctv1_f000366,climb-over-fence_smart_rgb,intrusion_climb-over-fence_rgb_0107_cctv1,intrusion_candidate,intrusion,[366],[12.2],"{""start_frame"": 366, ""end_frame"": 366}","[""stand, answer phone""]","[""danger""]",danger,"{""normal"": 0, ""unsafe"": 0, ""danger"": 1}","{""normal"": 0.0, ""unsafe"": 0.0, ""danger"": 1.0}",danger,danger,danger,True,False,labeling_yolo_single_frame,single_frame_gt_from_sampled_frame_label,danger,intrusion,True,True,True,0.6012,"{""risk_state"":""danger""}
"
intrusion_climb-over-fence_rgb_0107_cctv1_f000376,climb-over-fence_smart_rgb,intrusion_climb-over-fence_rgb_0107_cctv1,intrusion_candidate,intrusion,[376],[12.533],"{""start_frame"": 376, ""end_frame"": 376}","[""stand, carry/hold (an object)""]","[""danger""]",danger,"{""normal"": 0, ""unsafe"": 0, ""danger"": 1}","{""normal"": 0.0, ""unsafe"": 0.0, ""danger"": 1.0}",danger,danger,danger,True,False,labeling_yolo_single_frame,single_frame_gt_from_sampled_frame_label,unsafe,intrusion,True,True,True,0.6001,"{""risk_state"":""unsafe""}
"
intrusion_climb-over-fence_rgb_0107_cctv1_f000386,climb-over-fence_smart_rgb,intrusion_climb-over-fence_rgb_0107_cctv1,intrusion_candidate,intrusion,[386],[12.867],"{""start_frame"": 386, ""end_frame"": 386}","[""stand, carry/hold (an object)""]","[""danger""]",danger,"{""normal"": 0, ""unsafe"": 0, ""danger"": 1}","{""normal"": 0.0, ""unsafe"": 0.0, ""danger"": 1.0}",danger,danger,danger,True,False,labeling_yolo_single_frame,single_frame_gt_from_sampled_frame_label,unsafe,intrusion,True,True,True,0.6001,"{""risk_state"":""unsafe""}
"
intrusion_climb-over-fence_rgb_0107_cctv1_f000396,climb-over-fence_smart_rgb,intrusion_climb-over-fence_rgb_0107_cctv1,intrusion_candidate,intrusion,[396],[13.2],"{""start_frame"": 396, ""end_frame"": 396}","[""sit, carry/hold (an object)""]","[""danger""]",danger,"{""normal"": 0, ""unsafe"": 0, ""danger"": 1}","{""normal"": 0.0, ""unsafe"": 0.0, ""danger"": 1.0}",danger,danger,danger,True,False,labeling_yolo_single_frame,single_frame_gt_from_sampled_frame_label,unsafe,intrusion,True,True,True,0.6104,"{""risk_state"":""unsafe""}
"
intrusion_climb-over-fence_rgb_0107_cctv1_f000406,climb-over-fence_smart_rgb,intrusion_climb-over-fence_rgb_0107_cctv1,intrusion_candidate,intrusion,[406],[13.533],"{""start_frame"": 406, ""end_frame"": 406}","[""stand, carry/hold (an object)""]","[""danger""]",danger,"{""normal"": 0, ""unsafe"": 0, ""danger"": 1}","{""normal"": 0.0, ""unsafe"": 0.0, ""danger"": 1.0}",danger,danger,danger,True,False,labeling_yolo_single_frame,single_frame_gt_from_sampled_frame_label,unsafe,intrusion,True,True,True,0.5971,"{""risk_state"":""unsafe""}
"
intrusion_climb-over-fence_rgb_0107_cctv1_f000416,climb-over-fence_smart_rgb,intrusion_climb-over-fence_rgb_0107_cctv1,intrusion_candidate,intrusion,[416],[13.867],"{""start_frame"": 416, ""end_frame"": 416}","[""stand, carry/hold (an object)""]","[""danger""]",danger,"{""normal"": 0, ""unsafe"": 0, ""danger"": 1}","{""normal"": 0.0, ""unsafe"": 0.0, ""danger"": 1.0}",danger,danger,danger,True,False,labeling_yolo_single_frame,single_frame_gt_from_sampled_frame_label,unsafe,intrusion,True,True,True,0.6025,"{""risk_state"":""unsafe""}
"
intrusion_climb-over-fence_rgb_0107_cctv1_f000426,climb-over-fence_smart_rgb,intrusion_climb-over-fence_rgb_0107_cctv1,intrusion_candidate,intrusion,[426],[14.2],"{""start_frame"": 426, ""end_frame"": 426}","[""stand, carry/hold (an object)""]","[""danger""]",danger,"{""normal"": 0, ""unsafe"": 0, ""danger"": 1}","{""normal"": 0.0, ""unsafe"": 0.0, ""danger"": 1.0}",danger,danger,danger,True,False,labeling_yolo_single_frame,single_frame_gt_from_sampled_frame_label,unsafe,intrusion,True,True,True,0.6082,"{""risk_state"":""unsafe""}
"
intrusion_climb-over-fence_rgb_0107_cctv1_f000436,climb-over-fence_smart_rgb,intrusion_climb-over-fence_rgb_0107_cctv1,intrusion_candidate,intrusion,[436],[14.533],"{""start_frame"": 436, ""end_frame"": 436}","[""stand""]","[""danger""]",danger,"{""normal"": 0, ""unsafe"": 0, ""danger"": 1}","{""normal"": 0.0, ""unsafe"": 0.0, ""danger"": 1.0}",danger,danger,danger,True,False,labeling_yolo_single_frame,single_frame_gt_from_sampled_frame_label,unsafe,intrusion,True,True,True,0.6024,"{""risk_state"":""unsafe""}
"
intrusion_climb-over-fence_rgb_0107_cctv1_f000446,climb-over-fence_smart_rgb,intrusion_climb-over-fence_rgb_0107_cctv1,intrusion_candidate,intrusion,[446],[14.867],"{""start_frame"": 446, ""end_frame"": 446}","[""stand, watch (a person)""]","[""danger""]",danger,"{""normal"": 0, ""unsafe"": 0, ""danger"": 1}","{""normal"": 0.0, ""unsafe"": 0.0, ""danger"": 1.0}",danger,danger,danger,True,False,labeling_yolo_single_frame,single_frame_gt_from_sampled_frame_label,unsafe,intrusion,True,True,True,0.5964,"{""risk_state"":""unsafe""}
"
intrusion_climb-over-fence_rgb_0107_cctv1_f000456,climb-over-fence_smart_rgb,intrusion_climb-over-fence_rgb_0107_cctv1,intrusion_candidate,intrusion,[456],[15.2],"{""start_frame"": 456, ""end_frame"": 456}","[""stand, watch (a person)""]","[""danger""]",danger,"{""normal"": 0, ""unsafe"": 0, ""danger"": 1}","{""normal"": 0.0, ""unsafe"": 0.0, ""danger"": 1.0}",danger,danger,danger,True,False,labeling_yolo_single_frame,single_frame_gt_from_sampled_frame_label,unsafe,intrusion,True,True,True,0.6037,"{""risk_state"":""unsafe""}
"
intrusion_climb-over-fence_rgb_0107_cctv1_f000466,climb-over-fence_smart_rgb,intrusion_climb-over-fence_rgb_0107_cctv1,intrusion_candidate,intrusion,[466],[15.533],"{""start_frame"": 466, ""end_frame"": 466}","[""stand""]","[""danger""]",danger,"{""normal"": 0, ""unsafe"": 0, ""danger"": 1}","{""normal"": 0.0, ""unsafe"": 0.0, ""danger"": 1.0}",danger,danger,danger,True,False,labeling_yolo_single_frame,single_frame_gt_from_sampled_frame_label,unsafe,intrusion,True,True,True,0.6032,"{""risk_state"":""unsafe""}
"
intrusion_climb-over-fence_rgb_0107_cctv1_f000476,climb-over-fence_smart_rgb,intrusion_climb-over-fence_rgb_0107_cctv1,intrusion_candidate,intrusion,[476],[15.867],"{""start_frame"": 476, ""end_frame"": 476}","[""stand, carry/hold (an object)""]","[""danger""]",danger,"{""normal"": 0, ""unsafe"": 0, ""danger"": 1}","{""normal"": 0.0, ""unsafe"": 0.0, ""danger"": 1.0}",danger,danger,danger,True,False,labeling_yolo_single_frame,single_frame_gt_from_sampled_frame_label,unsafe,intrusion,True,True,True,0.6017,"{""risk_state"":""unsafe""}
"
intrusion_climb-over-fence_rgb_0107_cctv1_f000486,climb-over-fence_smart_rgb,intrusion_climb-over-fence_rgb_0107_cctv1,intrusion_candidate,intrusion,[486],[16.2],"{""start_frame"": 486, ""end_frame"": 486}","[""stand, watch (a person)""]","[""danger""]",danger,"{""normal"": 0, ""unsafe"": 0, ""danger"": 1}","{""normal"": 0.0, ""unsafe"": 0.0, ""danger"": 1.0}",danger,danger,danger,True,False,labeling_yolo_single_frame,single_frame_gt_from_sampled_frame_label,unsafe,intrusion,True,True,True,0.5993,"{""risk_state"":""unsafe""}
"
intrusion_normal_rgb_0060_cctv1_f000016,normal_plant_rgb,intrusion_normal_rgb_0060_cctv1,normal_candidate,normal,[16],[0.533],"{""start_frame"": 16, ""end_frame"": 16}","[""walk, carry/hold (an object)""]","[""normal""]",normal,"{""normal"": 1, ""unsafe"": 0, ""danger"": 0}","{""normal"": 1.0, ""unsafe"": 0.0, ""danger"": 0.0}",normal,normal,normal,True,False,labeling_yolo_single_frame,single_frame_gt_from_sampled_frame_label,unsafe,intrusion,False,True,True,0.6084,"{""risk_state"":""unsafe""}
"
intrusion_normal_rgb_0060_cctv1_f000026,normal_plant_rgb,intrusion_normal_rgb_0060_cctv1,normal_candidate,normal,[26],[0.867],"{""start_frame"": 26, ""end_frame"": 26}","[""walk, carry/hold (an object)""]","[""normal""]",normal,"{""normal"": 1, ""unsafe"": 0, ""danger"": 0}","{""normal"": 1.0, ""unsafe"": 0.0, ""danger"": 0.0}",normal,normal,normal,True,False,labeling_yolo_single_frame,single_frame_gt_from_sampled_frame_label,normal,normal,True,True,True,0.6005,"{""risk_state"":""normal""}
"
intrusion_normal_rgb_0060_cctv1_f000036,normal_plant_rgb,intrusion_normal_rgb_0060_cctv1,normal_candidate,normal,[36],[1.2],"{""start_frame"": 36, ""end_frame"": 36}","[""stand, carry/hold (an object)""]","[""normal""]",normal,"{""normal"": 1, ""unsafe"": 0, ""danger"": 0}","{""normal"": 1.0, ""unsafe"": 0.0, ""danger"": 0.0}",normal,normal,normal,True,False,labeling_yolo_single_frame,single_frame_gt_from_sampled_frame_label,normal,normal,True,True,True,0.6016,"{""risk_state"":""normal""}
"
intrusion_normal_rgb_0060_cctv1_f000046,normal_plant_rgb,intrusion_normal_rgb_0060_cctv1,normal_candidate,normal,[46],[1.533],"{""start_frame"": 46, ""end_frame"": 46}","[""walk, carry/hold (an object)""]","[""normal""]",normal,"{""normal"": 1, ""unsafe"": 0, ""danger"": 0}","{""normal"": 1.0, ""unsafe"": 0.0, ""danger"": 0.0}",normal,normal,normal,True,False,labeling_yolo_single_frame,single_frame_gt_from_sampled_frame_label,normal,normal,True,True,True,0.601,"{""risk_state"":""normal""}
"
intrusion_normal_rgb_0060_cctv1_f000056,normal_plant_rgb,intrusion_normal_rgb_0060_cctv1,normal_candidate,normal,[56],[1.867],"{""start_frame"": 56, ""end_frame"": 56}","[""walk, carry/hold (an object)""]","[""normal""]",normal,"{""normal"": 1, ""unsafe"": 0, ""danger"": 0}","{""normal"": 1.0, ""unsafe"": 0.0, ""danger"": 0.0}",normal,normal,normal,True,False,labeling_yolo_single_frame,single_frame_gt_from_sampled_frame_label,normal,normal,True,True,True,0.6021,"{""risk_state"":""normal""}
"
intrusion_normal_rgb_0060_cctv1_f000066,normal_plant_rgb,intrusion_normal_rgb_0060_cctv1,normal_candidate,normal,[66],[2.2],"{""start_frame"": 66, ""end_frame"": 66}","[""walk, stand""]","[""normal""]",normal,"{""normal"": 1, ""unsafe"": 0, ""danger"": 0}","{""normal"": 1.0, ""unsafe"": 0.0, ""danger"": 0.0}",normal,normal,normal,True,False,labeling_yolo_single_frame,single_frame_gt_from_sampled_frame_label,normal,normal,True,True,True,0.6023,"{""risk_state"":""normal""}
"
intrusion_normal_rgb_0060_cctv1_f000076,normal_plant_rgb,intrusion_normal_rgb_0060_cctv1,normal_candidate,normal,[76],[2.533],"{""start_frame"": 76, ""end_frame"": 76}","[""walk, carry/hold (an object)""]","[""normal""]",normal,"{""normal"": 1, ""unsafe"": 0, ""danger"": 0}","{""normal"": 1.0, ""unsafe"": 0.0, ""danger"": 0.0}",normal,normal,normal,True,False,labeling_yolo_single_frame,single_frame_gt_from_sampled_frame_label,normal,normal,True,True,True,0.6023,"{""risk_state"":""normal""}
"
intrusion_normal_rgb_0060_cctv1_f000086,normal_plant_rgb,intrusion_normal_rgb_0060_cctv1,normal_candidate,normal,[86],[2.867],"{""start_frame"": 86, ""end_frame"": 86}","[""walk, carry/hold (an object)""]","[""normal""]",normal,"{""normal"": 1, ""unsafe"": 0, ""danger"": 0}","{""normal"": 1.0, ""unsafe"": 0.0, ""danger"": 0.0}",normal,normal,normal,True,False,labeling_yolo_single_frame,single_frame_gt_from_sampled_frame_label,normal,normal,True,True,True,0.6047,"{""risk_state"":""normal""}
"
intrusion_normal_rgb_0060_cctv1_f000096,normal_plant_rgb,intrusion_normal_rgb_0060_cctv1,normal_candidate,normal,[96],[3.2],"{""start_frame"": 96, ""end_frame"": 96}","[""walk, stand""]","[""normal""]",normal,"{""normal"": 1, ""unsafe"": 0, ""danger"": 0}","{""normal"": 1.0, ""unsafe"": 0.0, ""danger"": 0.0}",normal,normal,normal,True,False,labeling_yolo_single_frame,single_frame_gt_from_sampled_frame_label,normal,normal,True,True,True,0.6034,"{""risk_state"":""normal""}
"
intrusion_normal_rgb_0060_cctv1_f000106,normal_plant_rgb,intrusion_normal_rgb_0060_cctv1,normal_candidate,normal,[106],[3.533],"{""start_frame"": 106, ""end_frame"": 106}","[""walk, carry/hold (an object)""]","[""normal""]",normal,"{""normal"": 1, ""unsafe"": 0, ""danger"": 0}","{""normal"": 1.0, ""unsafe"": 0.0, ""danger"": 0.0}",normal,normal,normal,True,False,labeling_yolo_single_frame,single_frame_gt_from_sampled_frame_label,unsafe,intrusion,False,True,True,0.606,"{""risk_state"":""unsafe""}
"
intrusion_normal_rgb_0060_cctv1_f000116,normal_plant_rgb,intrusion_normal_rgb_0060_cctv1,normal_candidate,normal,[116],[3.867],"{""start_frame"": 116, ""end_frame"": 116}","[""walk, carry/hold (an object)""]","[""normal""]",normal,"{""normal"": 1, ""unsafe"": 0, ""danger"": 0}","{""normal"": 1.0, ""unsafe"": 0.0, ""danger"": 0.0}",normal,normal,normal,True,False,labeling_yolo_single_frame,single_frame_gt_from_sampled_frame_label,normal,normal,True,True,True,0.6088,"{""risk_state"":""normal""}
"
intrusion_normal_rgb_0060_cctv1_f000126,normal_plant_rgb,intrusion_normal_rgb_0060_cctv1,normal_candidate,normal,[126],[4.2],"{""start_frame"": 126, ""end_frame"": 126}","[""walk, carry/hold (an object)""]","[""normal""]",normal,"{""normal"": 1, ""unsafe"": 0, ""danger"": 0}","{""normal"": 1.0, ""unsafe"": 0.0, ""danger"": 0.0}",normal,normal,normal,True,False,labeling_yolo_single_frame,single_frame_gt_from_sampled_frame_label,normal,normal,True,True,True,0.5992,"{""risk_state"":""normal""}
"
intrusion_normal_rgb_0060_cctv1_f000136,normal_plant_rgb,intrusion_normal_rgb_0060_cctv1,normal_candidate,normal,[136],[4.533],"{""start_frame"": 136, ""end_frame"": 136}","[""walk, carry/hold (an object)""]","[""normal""]",normal,"{""normal"": 1, ""unsafe"": 0, ""danger"": 0}","{""normal"": 1.0, ""unsafe"": 0.0, ""danger"": 0.0}",normal,normal,normal,True,False,labeling_yolo_single_frame,single_frame_gt_from_sampled_frame_label,normal,normal,True,True,True,0.5965,"{""risk_state"":""normal""}
"
intrusion_normal_rgb_0060_cctv1_f000146,normal_plant_rgb,intrusion_normal_rgb_0060_cctv1,normal_candidate,normal,[146],[4.867],"{""start_frame"": 146, ""end_frame"": 146}","[""walk, carry/hold (an object)""]","[""normal""]",normal,"{""normal"": 1, ""unsafe"": 0, ""danger"": 0}","{""normal"": 1.0, ""unsafe"": 0.0, ""danger"": 0.0}",normal,normal,normal,True,False,labeling_yolo_single_frame,single_frame_gt_from_sampled_frame_label,normal,normal,True,True,True,0.5961,"{""risk_state"":""normal""}
"
intrusion_normal_rgb_0060_cctv1_f000156,normal_plant_rgb,intrusion_normal_rgb_0060_cctv1,normal_candidate,normal,[156],[5.2],"{""start_frame"": 156, ""end_frame"": 156}","[""walk, carry/hold (an object)""]","[""normal""]",normal,"{""normal"": 1, ""unsafe"": 0, ""danger"": 0}","{""normal"": 1.0, ""unsafe"": 0.0, ""danger"": 0.0}",normal,normal,normal,True,False,labeling_yolo_single_frame,single_frame_gt_from_sampled_frame_label,normal,normal,True,True,True,0.5992,"{""risk_state"":""normal""}
"
intrusion_normal_rgb_0088_cctv3_f000016,normal_plant_rgb,intrusion_normal_rgb_0088_cctv3,normal_candidate,normal,[16],[0.533],"{""start_frame"": 16, ""end_frame"": 16}","[""walk, run/jog""]","[""unsafe""]",unsafe,"{""normal"": 0, ""unsafe"": 1, ""danger"": 0}","{""normal"": 0.0, ""unsafe"": 1.0, ""danger"": 0.0}",unsafe,unsafe,unsafe,True,False,labeling_yolo_single_frame,single_frame_gt_from_sampled_frame_label,normal,normal,True,True,True,0.5974,"{""risk_state"":""normal""}
"
intrusion_normal_rgb_0088_cctv3_f000026,normal_plant_rgb,intrusion_normal_rgb_0088_cctv3,normal_candidate,normal,[26],[0.867],"{""start_frame"": 26, ""end_frame"": 26}","[""walk, run/jog""]","[""unsafe""]",unsafe,"{""normal"": 0, ""unsafe"": 1, ""danger"": 0}","{""normal"": 0.0, ""unsafe"": 1.0, ""danger"": 0.0}",unsafe,unsafe,unsafe,True,False,labeling_yolo_single_frame,single_frame_gt_from_sampled_frame_label,unsafe,intrusion,False,True,True,0.599,"{""risk_state"":""unsafe""}
"
intrusion_normal_rgb_0088_cctv3_f000036,normal_plant_rgb,intrusion_normal_rgb_0088_cctv3,normal_candidate,normal,[36],[1.2],"{""start_frame"": 36, ""end_frame"": 36}","[""walk, carry/hold (an object)""]","[""unsafe""]",unsafe,"{""normal"": 0, ""unsafe"": 1, ""danger"": 0}","{""normal"": 0.0, ""unsafe"": 1.0, ""danger"": 0.0}",unsafe,unsafe,unsafe,True,False,labeling_yolo_single_frame,single_frame_gt_from_sampled_frame_label,normal,normal,True,True,True,0.6071,"{""risk_state"":""normal""}
"
intrusion_normal_rgb_0088_cctv3_f000046,normal_plant_rgb,intrusion_normal_rgb_0088_cctv3,normal_candidate,normal,[46],[1.533],"{""start_frame"": 46, ""end_frame"": 46}","[""walk, carry/hold (an object)""]","[""unsafe""]",unsafe,"{""normal"": 0, ""unsafe"": 1, ""danger"": 0}","{""normal"": 0.0, ""unsafe"": 1.0, ""danger"": 0.0}",unsafe,unsafe,unsafe,True,False,labeling_yolo_single_frame,single_frame_gt_from_sampled_frame_label,normal,normal,True,True,True,0.602,"{""risk_state"":""normal""}
"
intrusion_normal_rgb_0088_cctv3_f000056,normal_plant_rgb,intrusion_normal_rgb_0088_cctv3,normal_candidate,normal,[56],[1.867],"{""start_frame"": 56, ""end_frame"": 56}","[""walk, carry/hold (an object)""]","[""unsafe""]",unsafe,"{""normal"": 0, ""unsafe"": 1, ""danger"": 0}","{""normal"": 0.0, ""unsafe"": 1.0, ""danger"": 0.0}",unsafe,unsafe,unsafe,True,False,labeling_yolo_single_frame,single_frame_gt_from_sampled_frame_label,unsafe,intrusion,False,True,True,0.6023,"{""risk_state"":""unsafe""}
"
intrusion_normal_rgb_0088_cctv3_f000066,normal_plant_rgb,intrusion_normal_rgb_0088_cctv3,normal_candidate,normal,[66],[2.2],"{""start_frame"": 66, ""end_frame"": 66}","[""walk, carry/hold (an object)""]","[""unsafe""]",unsafe,"{""normal"": 0, ""unsafe"": 1, ""danger"": 0}","{""normal"": 0.0, ""unsafe"": 1.0, ""danger"": 0.0}",unsafe,unsafe,unsafe,True,False,labeling_yolo_single_frame,single_frame_gt_from_sampled_frame_label,normal,normal,True,True,True,0.6028,"{""risk_state"":""normal""}
"
intrusion_normal_rgb_0088_cctv3_f000076,normal_plant_rgb,intrusion_normal_rgb_0088_cctv3,normal_candidate,normal,[76],[2.533],"{""start_frame"": 76, ""end_frame"": 76}","[""walk, stand""]","[""unsafe""]",unsafe,"{""normal"": 0, ""unsafe"": 1, ""danger"": 0}","{""normal"": 0.0, ""unsafe"": 1.0, ""danger"": 0.0}",unsafe,unsafe,unsafe,True,False,labeling_yolo_single_frame,single_frame_gt_from_sampled_frame_label,normal,normal,True,True,True,0.6009,"{""risk_state"":""normal""}
"
intrusion_normal_rgb_0088_cctv3_f000086,normal_plant_rgb,intrusion_normal_rgb_0088_cctv3,normal_candidate,normal,[86],[2.867],"{""start_frame"": 86, ""end_frame"": 86}","[""stand, walk""]","[""unsafe""]",unsafe,"{""normal"": 0, ""unsafe"": 1, ""danger"": 0}","{""normal"": 0.0, ""unsafe"": 1.0, ""danger"": 0.0}",unsafe,unsafe,unsafe,True,False,labeling_yolo_single_frame,single_frame_gt_from_sampled_frame_label,unsafe,intrusion,False,True,True,0.6006,"{""risk_state"":""unsafe""}
"
intrusion_normal_rgb_0088_cctv3_f000096,normal_plant_rgb,intrusion_normal_rgb_0088_cctv3,normal_candidate,normal,[96],[3.2],"{""start_frame"": 96, ""end_frame"": 96}","[""stand, talk to (e.g., self, a person, a group)""]","[""unsafe""]",unsafe,"{""normal"": 0, ""unsafe"": 1, ""danger"": 0}","{""normal"": 0.0, ""unsafe"": 1.0, ""danger"": 0.0}",unsafe,unsafe,unsafe,True,False,labeling_yolo_single_frame,single_frame_gt_from_sampled_frame_label,unsafe,intrusion,False,True,True,0.6068,"{""risk_state"":""unsafe""}
"
intrusion_normal_rgb_0088_cctv3_f000106,normal_plant_rgb,intrusion_normal_rgb_0088_cctv3,normal_candidate,normal,[106],[3.533],"{""start_frame"": 106, ""end_frame"": 106}","[""stand, walk""]","[""unsafe""]",unsafe,"{""normal"": 0, ""unsafe"": 1, ""danger"": 0}","{""normal"": 0.0, ""unsafe"": 1.0, ""danger"": 0.0}",unsafe,unsafe,unsafe,True,False,labeling_yolo_single_frame,single_frame_gt_from_sampled_frame_label,unsafe,intrusion,False,True,True,0.5999,"{""risk_state"":""unsafe""}
"
intrusion_normal_rgb_0088_cctv3_f000116,normal_plant_rgb,intrusion_normal_rgb_0088_cctv3,normal_candidate,normal,[116],[3.867],"{""start_frame"": 116, ""end_frame"": 116}","[""walk, stand""]","[""unsafe""]",unsafe,"{""normal"": 0, ""unsafe"": 1, ""danger"": 0}","{""normal"": 0.0, ""unsafe"": 1.0, ""danger"": 0.0}",unsafe,unsafe,unsafe,True,False,labeling_yolo_single_frame,single_frame_gt_from_sampled_frame_label,normal,normal,True,True,True,0.6098,"{""risk_state"":""normal""}
"
intrusion_normal_rgb_0088_cctv3_f000126,normal_plant_rgb,intrusion_normal_rgb_0088_cctv3,normal_candidate,normal,[126],[4.2],"{""start_frame"": 126, ""end_frame"": 126}","[""walk, carry/hold (an object)""]","[""unsafe""]",unsafe,"{""normal"": 0, ""unsafe"": 1, ""danger"": 0}","{""normal"": 0.0, ""unsafe"": 1.0, ""danger"": 0.0}",unsafe,unsafe,unsafe,True,False,labeling_yolo_single_frame,single_frame_gt_from_sampled_frame_label,normal,normal,True,True,True,0.604,"{""risk_state"":""normal""}
"
intrusion_normal_rgb_0088_cctv3_f000136,normal_plant_rgb,intrusion_normal_rgb_0088_cctv3,normal_candidate,normal,[136],[4.533],"{""start_frame"": 136, ""end_frame"": 136}","[""walk, carry/hold (an object)""]","[""unsafe""]",unsafe,"{""normal"": 0, ""unsafe"": 1, ""danger"": 0}","{""normal"": 0.0, ""unsafe"": 1.0, ""danger"": 0.0}",unsafe,unsafe,unsafe,True,False,labeling_yolo_single_frame,single_frame_gt_from_sampled_frame_label,unsafe,intrusion,False,True,True,0.6082,"{""risk_state"":""unsafe""}
"
intrusion_normal_rgb_0088_cctv3_f000146,normal_plant_rgb,intrusion_normal_rgb_0088_cctv3,normal_candidate,normal,[146],[4.867],"{""start_frame"": 146, ""end_frame"": 146}","[""walk, carry/hold (an object)""]","[""unsafe""]",unsafe,"{""normal"": 0, ""unsafe"": 1, ""danger"": 0}","{""normal"": 0.0, ""unsafe"": 1.0, ""danger"": 0.0}",unsafe,unsafe,unsafe,True,False,labeling_yolo_single_frame,single_frame_gt_from_sampled_frame_label,unsafe,intrusion,False,True,True,0.605,"{""risk_state"":""unsafe""}
"
intrusion_normal_rgb_0088_cctv3_f000156,normal_plant_rgb,intrusion_normal_rgb_0088_cctv3,normal_candidate,normal,[156],[5.2],"{""start_frame"": 156, ""end_frame"": 156}","[""walk, carry/hold (an object)""]","[""unsafe""]",unsafe,"{""normal"": 0, ""unsafe"": 1, ""danger"": 0}","{""normal"": 0.0, ""unsafe"": 1.0, ""danger"": 0.0}",unsafe,unsafe,unsafe,True,False,labeling_yolo_single_frame,single_frame_gt_from_sampled_frame_label,unsafe,intrusion,False,True,True,0.601,"{""risk_state"":""unsafe""}
"
intrusion_normal_rgb_0088_cctv3_f000166,normal_plant_rgb,intrusion_normal_rgb_0088_cctv3,normal_candidate,normal,[166],[5.533],"{""start_frame"": 166, ""end_frame"": 166}","[""walk, carry/hold (an object)""]","[""unsafe""]",unsafe,"{""normal"": 0, ""unsafe"": 1, ""danger"": 0}","{""normal"": 0.0, ""unsafe"": 1.0, ""danger"": 0.0}",unsafe,unsafe,unsafe,True,False,labeling_yolo_single_frame,single_frame_gt_from_sampled_frame_label,normal,normal,True,True,True,0.6014,"{""risk_state"":""normal""}
"
intrusion_normal_rgb_0088_cctv3_f000176,normal_plant_rgb,intrusion_normal_rgb_0088_cctv3,normal_candidate,normal,[176],[5.867],"{""start_frame"": 176, ""end_frame"": 176}","[""walk, carry/hold (an object)""]","[""unsafe""]",unsafe,"{""normal"": 0, ""unsafe"": 1, ""danger"": 0}","{""normal"": 0.0, ""unsafe"": 1.0, ""danger"": 0.0}",unsafe,unsafe,unsafe,True,False,labeling_yolo_single_frame,single_frame_gt_from_sampled_frame_label,unsafe,intrusion,False,True,True,0.604,"{""risk_state"":""unsafe""}
"
intrusion_normal_rgb_0088_cctv3_f000186,normal_plant_rgb,intrusion_normal_rgb_0088_cctv3,normal_candidate,normal,[186],[6.2],"{""start_frame"": 186, ""end_frame"": 186}","[""walk, carry/hold (an object)""]","[""unsafe""]",unsafe,"{""normal"": 0, ""unsafe"": 1, ""danger"": 0}","{""normal"": 0.0, ""unsafe"": 1.0, ""danger"": 0.0}",unsafe,unsafe,unsafe,True,False,labeling_yolo_single_frame,single_frame_gt_from_sampled_frame_label,unsafe,intrusion,False,True,True,0.5994,"{""risk_state"":""unsafe""}
"
intrusion_normal_rgb_0088_cctv3_f000196,normal_plant_rgb,intrusion_normal_rgb_0088_cctv3,normal_candidate,normal,[196],[6.533],"{""start_frame"": 196, ""end_frame"": 196}","[""walk, carry/hold (an object)""]","[""unsafe""]",unsafe,"{""normal"": 0, ""unsafe"": 1, ""danger"": 0}","{""normal"": 0.0, ""unsafe"": 1.0, ""danger"": 0.0}",unsafe,unsafe,unsafe,True,False,labeling_yolo_single_frame,single_frame_gt_from_sampled_frame_label,normal,normal,True,True,True,0.6032,"{""risk_state"":""normal""}
"
intrusion_normal_rgb_0088_cctv3_f000206,normal_plant_rgb,intrusion_normal_rgb_0088_cctv3,normal_candidate,normal,[206],[6.867],"{""start_frame"": 206, ""end_frame"": 206}","[""walk, carry/hold (an object)""]","[""normal""]",normal,"{""normal"": 1, ""unsafe"": 0, ""danger"": 0}","{""normal"": 1.0, ""unsafe"": 0.0, ""danger"": 0.0}",normal,normal,normal,True,False,labeling_yolo_single_frame,single_frame_gt_from_sampled_frame_label,normal,normal,True,True,True,0.6048,"{""risk_state"":""normal""}
"
intrusion_normal_rgb_0088_cctv3_f000216,normal_plant_rgb,intrusion_normal_rgb_0088_cctv3,normal_candidate,normal,[216],[7.2],"{""start_frame"": 216, ""end_frame"": 216}","[""walk, carry/hold (an object)""]","[""normal""]",normal,"{""normal"": 1, ""unsafe"": 0, ""danger"": 0}","{""normal"": 1.0, ""unsafe"": 0.0, ""danger"": 0.0}",normal,normal,normal,True,False,labeling_yolo_single_frame,single_frame_gt_from_sampled_frame_label,unsafe,intrusion,False,True,True,0.6016,"{""risk_state"":""unsafe""}
"
intrusion_normal_rgb_0088_cctv3_f000226,normal_plant_rgb,intrusion_normal_rgb_0088_cctv3,normal_candidate,normal,[226],[7.533],"{""start_frame"": 226, ""end_frame"": 226}","[""walk, carry/hold (an object)""]","[""normal""]",normal,"{""normal"": 1, ""unsafe"": 0, ""danger"": 0}","{""normal"": 1.0, ""unsafe"": 0.0, ""danger"": 0.0}",normal,normal,normal,True,False,labeling_yolo_single_frame,single_frame_gt_from_sampled_frame_label,normal,normal,True,True,True,0.6018,"{""risk_state"":""normal""}
"
intrusion_normal_rgb_0088_cctv3_f000236,normal_plant_rgb,intrusion_normal_rgb_0088_cctv3,normal_candidate,normal,[236],[7.867],"{""start_frame"": 236, ""end_frame"": 236}","[""walk, carry/hold (an object)""]","[""normal""]",normal,"{""normal"": 1, ""unsafe"": 0, ""danger"": 0}","{""normal"": 1.0, ""unsafe"": 0.0, ""danger"": 0.0}",normal,normal,normal,True,False,labeling_yolo_single_frame,single_frame_gt_from_sampled_frame_label,normal,normal,True,True,True,0.6026,"{""risk_state"":""normal""}
"
intrusion_normal_rgb_0088_cctv3_f000246,normal_plant_rgb,intrusion_normal_rgb_0088_cctv3,normal_candidate,normal,[246],[8.2],"{""start_frame"": 246, ""end_frame"": 246}","[""run/jog, walk""]","[""normal""]",normal,"{""normal"": 1, ""unsafe"": 0, ""danger"": 0}","{""normal"": 1.0, ""unsafe"": 0.0, ""danger"": 0.0}",normal,normal,normal,True,False,labeling_yolo_single_frame,single_frame_gt_from_sampled_frame_label,normal,normal,True,True,True,0.6029,"{""risk_state"":""normal""}
"
intrusion_normal_rgb_0088_cctv3_f000256,normal_plant_rgb,intrusion_normal_rgb_0088_cctv3,normal_candidate,normal,[256],[8.533],"{""start_frame"": 256, ""end_frame"": 256}","[""walk, run/jog""]","[""normal""]",normal,"{""normal"": 1, ""unsafe"": 0, ""danger"": 0}","{""normal"": 1.0, ""unsafe"": 0.0, ""danger"": 0.0}",normal,normal,normal,True,False,labeling_yolo_single_frame,single_frame_gt_from_sampled_frame_label,normal,normal,True,True,True,0.6021,"{""risk_state"":""normal""}
"
intrusion_normal_rgb_0088_cctv3_f000266,normal_plant_rgb,intrusion_normal_rgb_0088_cctv3,normal_candidate,normal,[266],[8.867],"{""start_frame"": 266, ""end_frame"": 266}","[""walk, carry/hold (an object)""]","[""normal""]",normal,"{""normal"": 1, ""unsafe"": 0, ""danger"": 0}","{""normal"": 1.0, ""unsafe"": 0.0, ""danger"": 0.0}",normal,normal,normal,True,False,labeling_yolo_single_frame,single_frame_gt_from_sampled_frame_label,normal,normal,True,True,True,0.6013,"{""risk_state"":""normal""}
"
intrusion_normal_rgb_0088_cctv3_f000276,normal_plant_rgb,intrusion_normal_rgb_0088_cctv3,normal_candidate,normal,[276],[9.2],"{""start_frame"": 276, ""end_frame"": 276}","[""walk, carry/hold (an object)""]","[""normal""]",normal,"{""normal"": 1, ""unsafe"": 0, ""danger"": 0}","{""normal"": 1.0, ""unsafe"": 0.0, ""danger"": 0.0}",normal,normal,normal,True,False,labeling_yolo_single_frame,single_frame_gt_from_sampled_frame_label,normal,normal,True,True,True,0.5985,"{""risk_state"":""normal""}
"
intrusion_normal_rgb_0088_cctv3_f000286,normal_plant_rgb,intrusion_normal_rgb_0088_cctv3,normal_candidate,normal,[286],[9.533],"{""start_frame"": 286, ""end_frame"": 286}","[""walk, carry/hold (an object)""]","[""normal""]",normal,"{""normal"": 1, ""unsafe"": 0, ""danger"": 0}","{""normal"": 1.0, ""unsafe"": 0.0, ""danger"": 0.0}",normal,normal,normal,True,False,labeling_yolo_single_frame,single_frame_gt_from_sampled_frame_label,normal,normal,True,True,True,0.6041,"{""risk_state"":""normal""}
"
intrusion_normal_rgb_0088_cctv3_f000296,normal_plant_rgb,intrusion_normal_rgb_0088_cctv3,normal_candidate,normal,[296],[9.867],"{""start_frame"": 296, ""end_frame"": 296}","[""walk, carry/hold (an object)""]","[""normal""]",normal,"{""normal"": 1, ""unsafe"": 0, ""danger"": 0}","{""normal"": 1.0, ""unsafe"": 0.0, ""danger"": 0.0}",normal,normal,normal,True,False,labeling_yolo_single_frame,single_frame_gt_from_sampled_frame_label,normal,normal,True,True,True,0.5981,"{""risk_state"":""normal""}
"
intrusion_normal_rgb_0088_cctv3_f000306,normal_plant_rgb,intrusion_normal_rgb_0088_cctv3,normal_candidate,normal,[306],[10.2],"{""start_frame"": 306, ""end_frame"": 306}","[""walk, carry/hold (an object)""]","[""normal""]",normal,"{""normal"": 1, ""unsafe"": 0, ""danger"": 0}","{""normal"": 1.0, ""unsafe"": 0.0, ""danger"": 0.0}",normal,normal,normal,True,False,labeling_yolo_single_frame,single_frame_gt_from_sampled_frame_label,normal,normal,True,True,True,0.6085,"{""risk_state"":""normal""}
"
intrusion_normal_rgb_0088_cctv3_f000316,normal_plant_rgb,intrusion_normal_rgb_0088_cctv3,normal_candidate,normal,[316],[10.533],"{""start_frame"": 316, ""end_frame"": 316}","[""walk, carry/hold (an object)""]","[""normal""]",normal,"{""normal"": 1, ""unsafe"": 0, ""danger"": 0}","{""normal"": 1.0, ""unsafe"": 0.0, ""danger"": 0.0}",normal,normal,normal,True,False,labeling_yolo_single_frame,single_frame_gt_from_sampled_frame_label,normal,normal,True,True,True,0.6009,"{""risk_state"":""normal""}
"
intrusion_normal_rgb_0088_cctv3_f000326,normal_plant_rgb,intrusion_normal_rgb_0088_cctv3,normal_candidate,normal,[326],[10.867],"{""start_frame"": 326, ""end_frame"": 326}","[""walk""]","[""unsafe""]",unsafe,"{""normal"": 0, ""unsafe"": 1, ""danger"": 0}","{""normal"": 0.0, ""unsafe"": 1.0, ""danger"": 0.0}",unsafe,unsafe,unsafe,True,False,labeling_yolo_single_frame,single_frame_gt_from_sampled_frame_label,normal,normal,True,True,True,0.6031,"{""risk_state"":""normal""}
"
intrusion_normal_rgb_0088_cctv3_f000336,normal_plant_rgb,intrusion_normal_rgb_0088_cctv3,normal_candidate,normal,[336],[11.2],"{""start_frame"": 336, ""end_frame"": 336}","[""walk""]","[""unsafe""]",unsafe,"{""normal"": 0, ""unsafe"": 1, ""danger"": 0}","{""normal"": 0.0, ""unsafe"": 1.0, ""danger"": 0.0}",unsafe,unsafe,unsafe,True,False,labeling_yolo_single_frame,single_frame_gt_from_sampled_frame_label,normal,normal,True,True,True,0.6017,"{""risk_state"":""normal""}
"
intrusion_normal_rgb_0088_cctv3_f000346,normal_plant_rgb,intrusion_normal_rgb_0088_cctv3,normal_candidate,normal,[346],[11.533],"{""start_frame"": 346, ""end_frame"": 346}","[""walk, carry/hold (an object)""]","[""unsafe""]",unsafe,"{""normal"": 0, ""unsafe"": 1, ""danger"": 0}","{""normal"": 0.0, ""unsafe"": 1.0, ""danger"": 0.0}",unsafe,unsafe,unsafe,True,False,labeling_yolo_single_frame,single_frame_gt_from_sampled_frame_label,unsafe,intrusion,False,True,True,0.6032,"{""risk_state"":""unsafe""}
"
intrusion_normal_rgb_0088_cctv3_f000356,normal_plant_rgb,intrusion_normal_rgb_0088_cctv3,normal_candidate,normal,[356],[11.867],"{""start_frame"": 356, ""end_frame"": 356}","[""walk, stand""]","[""unsafe""]",unsafe,"{""normal"": 0, ""unsafe"": 1, ""danger"": 0}","{""normal"": 0.0, ""unsafe"": 1.0, ""danger"": 0.0}",unsafe,unsafe,unsafe,True,False,labeling_yolo_single_frame,single_frame_gt_from_sampled_frame_label,unsafe,intrusion,False,True,True,0.6022,"{""risk_state"":""unsafe""}
"
intrusion_normal_rgb_0088_cctv3_f000366,normal_plant_rgb,intrusion_normal_rgb_0088_cctv3,normal_candidate,normal,[366],[12.2],"{""start_frame"": 366, ""end_frame"": 366}","[""stand, walk""]","[""unsafe""]",unsafe,"{""normal"": 0, ""unsafe"": 1, ""danger"": 0}","{""normal"": 0.0, ""unsafe"": 1.0, ""danger"": 0.0}",unsafe,unsafe,unsafe,True,False,labeling_yolo_single_frame,single_frame_gt_from_sampled_frame_label,unsafe,intrusion,False,True,True,0.5984,"{""risk_state"":""unsafe""}
"
intrusion_normal_rgb_0088_cctv3_f000376,normal_plant_rgb,intrusion_normal_rgb_0088_cctv3,normal_candidate,normal,[376],[12.533],"{""start_frame"": 376, ""end_frame"": 376}","[""walk, stand""]","[""normal""]",normal,"{""normal"": 1, ""unsafe"": 0, ""danger"": 0}","{""normal"": 1.0, ""unsafe"": 0.0, ""danger"": 0.0}",normal,normal,normal,True,False,labeling_yolo_single_frame,single_frame_gt_from_sampled_frame_label,normal,normal,True,True,True,0.5993,"{""risk_state"":""normal""}
"
intrusion_normal_rgb_0088_cctv3_f000386,normal_plant_rgb,intrusion_normal_rgb_0088_cctv3,normal_candidate,normal,[386],[12.867],"{""start_frame"": 386, ""end_frame"": 386}","[""walk, stand""]","[""normal""]",normal,"{""normal"": 1, ""unsafe"": 0, ""danger"": 0}","{""normal"": 1.0, ""unsafe"": 0.0, ""danger"": 0.0}",normal,normal,normal,True,False,labeling_yolo_single_frame,single_frame_gt_from_sampled_frame_label,normal,normal,True,True,True,0.6011,"{""risk_state"":""normal""}
"
intrusion_normal_rgb_0088_cctv3_f000396,normal_plant_rgb,intrusion_normal_rgb_0088_cctv3,normal_candidate,normal,[396],[13.2],"{""start_frame"": 396, ""end_frame"": 396}","[""stand, walk""]","[""normal""]",normal,"{""normal"": 1, ""unsafe"": 0, ""danger"": 0}","{""normal"": 1.0, ""unsafe"": 0.0, ""danger"": 0.0}",normal,normal,normal,True,False,labeling_yolo_single_frame,single_frame_gt_from_sampled_frame_label,normal,normal,True,True,True,0.6023,"{""risk_state"":""normal""}
"
intrusion_normal_rgb_0088_cctv3_f000406,normal_plant_rgb,intrusion_normal_rgb_0088_cctv3,normal_candidate,normal,[406],[13.533],"{""start_frame"": 406, ""end_frame"": 406}","[""walk, stand""]","[""normal""]",normal,"{""normal"": 1, ""unsafe"": 0, ""danger"": 0}","{""normal"": 1.0, ""unsafe"": 0.0, ""danger"": 0.0}",normal,normal,normal,True,False,labeling_yolo_single_frame,single_frame_gt_from_sampled_frame_label,normal,normal,True,True,True,0.6102,"{""risk_state"":""normal""}
"
intrusion_normal_rgb_0088_cctv3_f000416,normal_plant_rgb,intrusion_normal_rgb_0088_cctv3,normal_candidate,normal,[416],[13.867],"{""start_frame"": 416, ""end_frame"": 416}","[""walk, carry/hold (an object)""]","[""normal""]",normal,"{""normal"": 1, ""unsafe"": 0, ""danger"": 0}","{""normal"": 1.0, ""unsafe"": 0.0, ""danger"": 0.0}",normal,normal,normal,True,False,labeling_yolo_single_frame,single_frame_gt_from_sampled_frame_label,normal,normal,True,True,True,0.6037,"{""risk_state"":""normal""}
"
intrusion_normal_rgb_0088_cctv3_f000426,normal_plant_rgb,intrusion_normal_rgb_0088_cctv3,normal_candidate,normal,[426],[14.2],"{""start_frame"": 426, ""end_frame"": 426}","[""walk""]","[""normal""]",normal,"{""normal"": 1, ""unsafe"": 0, ""danger"": 0}","{""normal"": 1.0, ""unsafe"": 0.0, ""danger"": 0.0}",normal,normal,normal,True,False,labeling_yolo_single_frame,single_frame_gt_from_sampled_frame_label,normal,normal,True,True,True,0.6006,"{""risk_state"":""normal""}
"
intrusion_normal_rgb_0091_cctv3_f000016,normal_plant_rgb,intrusion_normal_rgb_0091_cctv3,normal_candidate,normal,[16],[0.533],"{""start_frame"": 16, ""end_frame"": 16}","[""walk, carry/hold (an object)""]","[""normal""]",normal,"{""normal"": 1, ""unsafe"": 0, ""danger"": 0}","{""normal"": 1.0, ""unsafe"": 0.0, ""danger"": 0.0}",normal,normal,normal,True,False,labeling_yolo_single_frame,single_frame_gt_from_sampled_frame_label,normal,normal,True,True,True,0.5999,"{""risk_state"":""normal""}
"
intrusion_normal_rgb_0091_cctv3_f000026,normal_plant_rgb,intrusion_normal_rgb_0091_cctv3,normal_candidate,normal,[26],[0.867],"{""start_frame"": 26, ""end_frame"": 26}","[""walk, carry/hold (an object)""]","[""normal""]",normal,"{""normal"": 1, ""unsafe"": 0, ""danger"": 0}","{""normal"": 1.0, ""unsafe"": 0.0, ""danger"": 0.0}",normal,normal,normal,True,False,labeling_yolo_single_frame,single_frame_gt_from_sampled_frame_label,normal,normal,True,True,True,0.596,"{""risk_state"":""normal""}
"
intrusion_normal_rgb_0091_cctv3_f000036,normal_plant_rgb,intrusion_normal_rgb_0091_cctv3,normal_candidate,normal,[36],[1.2],"{""start_frame"": 36, ""end_frame"": 36}","[""walk, carry/hold (an object)""]","[""normal""]",normal,"{""normal"": 1, ""unsafe"": 0, ""danger"": 0}","{""normal"": 1.0, ""unsafe"": 0.0, ""danger"": 0.0}",normal,normal,normal,True,False,labeling_yolo_single_frame,single_frame_gt_from_sampled_frame_label,normal,normal,True,True,True,0.5998,"{""risk_state"":""normal""}
"
intrusion_normal_rgb_0091_cctv3_f000046,normal_plant_rgb,intrusion_normal_rgb_0091_cctv3,normal_candidate,normal,[46],[1.533],"{""start_frame"": 46, ""end_frame"": 46}","[""walk, carry/hold (an object)""]","[""normal""]",normal,"{""normal"": 1, ""unsafe"": 0, ""danger"": 0}","{""normal"": 1.0, ""unsafe"": 0.0, ""danger"": 0.0}",normal,normal,normal,True,False,labeling_yolo_single_frame,single_frame_gt_from_sampled_frame_label,normal,normal,True,True,True,0.5992,"{""risk_state"":""normal""}
"
intrusion_normal_rgb_0091_cctv3_f000056,normal_plant_rgb,intrusion_normal_rgb_0091_cctv3,normal_candidate,normal,[56],[1.867],"{""start_frame"": 56, ""end_frame"": 56}","[""walk, carry/hold (an object)""]","[""normal""]",normal,"{""normal"": 1, ""unsafe"": 0, ""danger"": 0}","{""normal"": 1.0, ""unsafe"": 0.0, ""danger"": 0.0}",normal,normal,normal,True,False,labeling_yolo_single_frame,single_frame_gt_from_sampled_frame_label,unsafe,intrusion,False,True,True,0.6073,"{""risk_state"":""unsafe""}
"
intrusion_normal_rgb_0091_cctv3_f000066,normal_plant_rgb,intrusion_normal_rgb_0091_cctv3,normal_candidate,normal,[66],[2.2],"{""start_frame"": 66, ""end_frame"": 66}","[""walk, carry/hold (an object)""]","[""normal""]",normal,"{""normal"": 1, ""unsafe"": 0, ""danger"": 0}","{""normal"": 1.0, ""unsafe"": 0.0, ""danger"": 0.0}",normal,normal,normal,True,False,labeling_yolo_single_frame,single_frame_gt_from_sampled_frame_label,normal,normal,True,True,True,0.5999,"{""risk_state"":""normal""}
"
intrusion_normal_rgb_0091_cctv3_f000076,normal_plant_rgb,intrusion_normal_rgb_0091_cctv3,normal_candidate,normal,[76],[2.533],"{""start_frame"": 76, ""end_frame"": 76}","[""walk, carry/hold (an object)""]","[""normal""]",normal,"{""normal"": 1, ""unsafe"": 0, ""danger"": 0}","{""normal"": 1.0, ""unsafe"": 0.0, ""danger"": 0.0}",normal,normal,normal,True,False,labeling_yolo_single_frame,single_frame_gt_from_sampled_frame_label,normal,normal,True,True,True,0.599,"{""risk_state"":""normal""}
"
intrusion_normal_rgb_0091_cctv3_f000086,normal_plant_rgb,intrusion_normal_rgb_0091_cctv3,normal_candidate,normal,[86],[2.867],"{""start_frame"": 86, ""end_frame"": 86}","[""walk, carry/hold (an object)""]","[""normal""]",normal,"{""normal"": 1, ""unsafe"": 0, ""danger"": 0}","{""normal"": 1.0, ""unsafe"": 0.0, ""danger"": 0.0}",normal,normal,normal,True,False,labeling_yolo_single_frame,single_frame_gt_from_sampled_frame_label,normal,normal,True,True,True,0.6015,"{""risk_state"":""normal""}
"
intrusion_normal_rgb_0091_cctv3_f000096,normal_plant_rgb,intrusion_normal_rgb_0091_cctv3,normal_candidate,normal,[96],[3.2],"{""start_frame"": 96, ""end_frame"": 96}","[""walk, carry/hold (an object)""]","[""normal""]",normal,"{""normal"": 1, ""unsafe"": 0, ""danger"": 0}","{""normal"": 1.0, ""unsafe"": 0.0, ""danger"": 0.0}",normal,normal,normal,True,False,labeling_yolo_single_frame,single_frame_gt_from_sampled_frame_label,normal,normal,True,True,True,0.6005,"{""risk_state"":""normal""}
"
intrusion_normal_rgb_0091_cctv3_f000106,normal_plant_rgb,intrusion_normal_rgb_0091_cctv3,normal_candidate,normal,[106],[3.533],"{""start_frame"": 106, ""end_frame"": 106}","[""walk, carry/hold (an object)""]","[""normal""]",normal,"{""normal"": 1, ""unsafe"": 0, ""danger"": 0}","{""normal"": 1.0, ""unsafe"": 0.0, ""danger"": 0.0}",normal,normal,normal,True,False,labeling_yolo_single_frame,single_frame_gt_from_sampled_frame_label,normal,normal,True,True,True,0.6042,"{""risk_state"":""normal""}
"
intrusion_normal_rgb_0091_cctv3_f000116,normal_plant_rgb,intrusion_normal_rgb_0091_cctv3,normal_candidate,normal,[116],[3.867],"{""start_frame"": 116, ""end_frame"": 116}","[""walk, carry/hold (an object)""]","[""normal""]",normal,"{""normal"": 1, ""unsafe"": 0, ""danger"": 0}","{""normal"": 1.0, ""unsafe"": 0.0, ""danger"": 0.0}",normal,normal,normal,True,False,labeling_yolo_single_frame,single_frame_gt_from_sampled_frame_label,normal,normal,True,True,True,0.601,"{""risk_state"":""normal""}
"
intrusion_normal_rgb_0091_cctv3_f000126,normal_plant_rgb,intrusion_normal_rgb_0091_cctv3,normal_candidate,normal,[126],[4.2],"{""start_frame"": 126, ""end_frame"": 126}","[""walk, carry/hold (an object)""]","[""normal""]",normal,"{""normal"": 1, ""unsafe"": 0, ""danger"": 0}","{""normal"": 1.0, ""unsafe"": 0.0, ""danger"": 0.0}",normal,normal,normal,True,False,labeling_yolo_single_frame,single_frame_gt_from_sampled_frame_label,normal,normal,True,True,True,0.6044,"{""risk_state"":""normal""}
"
intrusion_normal_rgb_0091_cctv3_f000136,normal_plant_rgb,intrusion_normal_rgb_0091_cctv3,normal_candidate,normal,[136],[4.533],"{""start_frame"": 136, ""end_frame"": 136}","[""walk, carry/hold (an object)""]","[""normal""]",normal,"{""normal"": 1, ""unsafe"": 0, ""danger"": 0}","{""normal"": 1.0, ""unsafe"": 0.0, ""danger"": 0.0}",normal,normal,normal,True,False,labeling_yolo_single_frame,single_frame_gt_from_sampled_frame_label,normal,normal,True,True,True,0.6084,"{""risk_state"":""normal""}
"
intrusion_normal_rgb_0091_cctv3_f000146,normal_plant_rgb,intrusion_normal_rgb_0091_cctv3,normal_candidate,normal,[146],[4.867],"{""start_frame"": 146, ""end_frame"": 146}","[""walk, carry/hold (an object)""]","[""normal""]",normal,"{""normal"": 1, ""unsafe"": 0, ""danger"": 0}","{""normal"": 1.0, ""unsafe"": 0.0, ""danger"": 0.0}",normal,normal,normal,True,False,labeling_yolo_single_frame,single_frame_gt_from_sampled_frame_label,normal,normal,True,True,True,0.6039,"{""risk_state"":""normal""}
"
intrusion_normal_rgb_0091_cctv3_f000156,normal_plant_rgb,intrusion_normal_rgb_0091_cctv3,normal_candidate,normal,[156],[5.2],"{""start_frame"": 156, ""end_frame"": 156}","[""walk, carry/hold (an object)""]","[""normal""]",normal,"{""normal"": 1, ""unsafe"": 0, ""danger"": 0}","{""normal"": 1.0, ""unsafe"": 0.0, ""danger"": 0.0}",normal,normal,normal,True,False,labeling_yolo_single_frame,single_frame_gt_from_sampled_frame_label,normal,normal,True,True,True,0.6099,"{""risk_state"":""normal""}
"
intrusion_normal_rgb_0091_cctv3_f000166,normal_plant_rgb,intrusion_normal_rgb_0091_cctv3,normal_candidate,normal,[166],[5.533],"{""start_frame"": 166, ""end_frame"": 166}","[""walk, carry/hold (an object)""]","[""normal""]",normal,"{""normal"": 1, ""unsafe"": 0, ""danger"": 0}","{""normal"": 1.0, ""unsafe"": 0.0, ""danger"": 0.0}",normal,normal,normal,True,False,labeling_yolo_single_frame,single_frame_gt_from_sampled_frame_label,normal,normal,True,True,True,0.6042,"{""risk_state"":""normal""}
"
intrusion_normal_rgb_0091_cctv3_f000176,normal_plant_rgb,intrusion_normal_rgb_0091_cctv3,normal_candidate,normal,[176],[5.867],"{""start_frame"": 176, ""end_frame"": 176}","[""walk, carry/hold (an object)""]","[""normal""]",normal,"{""normal"": 1, ""unsafe"": 0, ""danger"": 0}","{""normal"": 1.0, ""unsafe"": 0.0, ""danger"": 0.0}",normal,normal,normal,True,False,labeling_yolo_single_frame,single_frame_gt_from_sampled_frame_label,normal,normal,True,True,True,0.6035,"{""risk_state"":""normal""}
"
intrusion_normal_rgb_0091_cctv3_f000186,normal_plant_rgb,intrusion_normal_rgb_0091_cctv3,normal_candidate,normal,[186],[6.2],"{""start_frame"": 186, ""end_frame"": 186}","[""walk, carry/hold (an object)""]","[""normal""]",normal,"{""normal"": 1, ""unsafe"": 0, ""danger"": 0}","{""normal"": 1.0, ""unsafe"": 0.0, ""danger"": 0.0}",normal,normal,normal,True,False,labeling_yolo_single_frame,single_frame_gt_from_sampled_frame_label,normal,normal,True,True,True,0.5966,"{""risk_state"":""normal""}
"
intrusion_normal_rgb_0093_cctv3_f000016,normal_plant_rgb,intrusion_normal_rgb_0093_cctv3,normal_candidate,normal,[16],[0.533],"{""start_frame"": 16, ""end_frame"": 16}","[""walk, carry/hold (an object)""]","[""normal""]",normal,"{""normal"": 1, ""unsafe"": 0, ""danger"": 0}","{""normal"": 1.0, ""unsafe"": 0.0, ""danger"": 0.0}",normal,normal,normal,True,False,labeling_yolo_single_frame,single_frame_gt_from_sampled_frame_label,normal,normal,True,True,True,0.6012,"{""risk_state"":""normal""}
"
intrusion_normal_rgb_0093_cctv3_f000026,normal_plant_rgb,intrusion_normal_rgb_0093_cctv3,normal_candidate,normal,[26],[0.867],"{""start_frame"": 26, ""end_frame"": 26}","[""walk, carry/hold (an object)""]","[""normal""]",normal,"{""normal"": 1, ""unsafe"": 0, ""danger"": 0}","{""normal"": 1.0, ""unsafe"": 0.0, ""danger"": 0.0}",normal,normal,normal,True,False,labeling_yolo_single_frame,single_frame_gt_from_sampled_frame_label,normal,normal,True,True,True,0.6005,"{""risk_state"":""normal""}
"
intrusion_normal_rgb_0093_cctv3_f000036,normal_plant_rgb,intrusion_normal_rgb_0093_cctv3,normal_candidate,normal,[36],[1.2],"{""start_frame"": 36, ""end_frame"": 36}","[""walk, carry/hold (an object)""]","[""normal""]",normal,"{""normal"": 1, ""unsafe"": 0, ""danger"": 0}","{""normal"": 1.0, ""unsafe"": 0.0, ""danger"": 0.0}",normal,normal,normal,True,False,labeling_yolo_single_frame,single_frame_gt_from_sampled_frame_label,normal,normal,True,True,True,0.6009,"{""risk_state"":""normal""}
"
intrusion_normal_rgb_0093_cctv3_f000046,normal_plant_rgb,intrusion_normal_rgb_0093_cctv3,normal_candidate,normal,[46],[1.533],"{""start_frame"": 46, ""end_frame"": 46}","[""walk, carry/hold (an object)""]","[""normal""]",normal,"{""normal"": 1, ""unsafe"": 0, ""danger"": 0}","{""normal"": 1.0, ""unsafe"": 0.0, ""danger"": 0.0}",normal,normal,normal,True,False,labeling_yolo_single_frame,single_frame_gt_from_sampled_frame_label,normal,normal,True,True,True,0.6015,"{""risk_state"":""normal""}
"
intrusion_normal_rgb_0093_cctv3_f000056,normal_plant_rgb,intrusion_normal_rgb_0093_cctv3,normal_candidate,normal,[56],[1.867],"{""start_frame"": 56, ""end_frame"": 56}","[""walk, carry/hold (an object)""]","[""normal""]",normal,"{""normal"": 1, ""unsafe"": 0, ""danger"": 0}","{""normal"": 1.0, ""unsafe"": 0.0, ""danger"": 0.0}",normal,normal,normal,True,False,labeling_yolo_single_frame,single_frame_gt_from_sampled_frame_label,normal,normal,True,True,True,0.6001,"{""risk_state"":""normal""}
"
intrusion_normal_rgb_0093_cctv3_f000066,normal_plant_rgb,intrusion_normal_rgb_0093_cctv3,normal_candidate,normal,[66],[2.2],"{""start_frame"": 66, ""end_frame"": 66}","[""walk, carry/hold (an object)""]","[""normal""]",normal,"{""normal"": 1, ""unsafe"": 0, ""danger"": 0}","{""normal"": 1.0, ""unsafe"": 0.0, ""danger"": 0.0}",normal,normal,normal,True,False,labeling_yolo_single_frame,single_frame_gt_from_sampled_frame_label,normal,normal,True,True,True,0.6009,"{""risk_state"":""normal""}
"
intrusion_normal_rgb_0093_cctv3_f000076,normal_plant_rgb,intrusion_normal_rgb_0093_cctv3,normal_candidate,normal,[76],[2.533],"{""start_frame"": 76, ""end_frame"": 76}","[""walk, carry/hold (an object)""]","[""normal""]",normal,"{""normal"": 1, ""unsafe"": 0, ""danger"": 0}","{""normal"": 1.0, ""unsafe"": 0.0, ""danger"": 0.0}",normal,normal,normal,True,False,labeling_yolo_single_frame,single_frame_gt_from_sampled_frame_label,normal,normal,True,True,True,0.6075,"{""risk_state"":""normal""}
"
intrusion_normal_rgb_0093_cctv3_f000086,normal_plant_rgb,intrusion_normal_rgb_0093_cctv3,normal_candidate,normal,[86],[2.867],"{""start_frame"": 86, ""end_frame"": 86}","[""walk, carry/hold (an object)""]","[""normal""]",normal,"{""normal"": 1, ""unsafe"": 0, ""danger"": 0}","{""normal"": 1.0, ""unsafe"": 0.0, ""danger"": 0.0}",normal,normal,normal,True,False,labeling_yolo_single_frame,single_frame_gt_from_sampled_frame_label,normal,normal,True,True,True,0.6028,"{""risk_state"":""normal""}
"
intrusion_normal_rgb_0093_cctv3_f000096,normal_plant_rgb,intrusion_normal_rgb_0093_cctv3,normal_candidate,normal,[96],[3.2],"{""start_frame"": 96, ""end_frame"": 96}","[""walk, carry/hold (an object)""]","[""normal""]",normal,"{""normal"": 1, ""unsafe"": 0, ""danger"": 0}","{""normal"": 1.0, ""unsafe"": 0.0, ""danger"": 0.0}",normal,normal,normal,True,False,labeling_yolo_single_frame,single_frame_gt_from_sampled_frame_label,normal,normal,True,True,True,0.6004,"{""risk_state"":""normal""}
"
intrusion_normal_rgb_0093_cctv3_f000106,normal_plant_rgb,intrusion_normal_rgb_0093_cctv3,normal_candidate,normal,[106],[3.533],"{""start_frame"": 106, ""end_frame"": 106}","[""walk, carry/hold (an object)""]","[""normal""]",normal,"{""normal"": 1, ""unsafe"": 0, ""danger"": 0}","{""normal"": 1.0, ""unsafe"": 0.0, ""danger"": 0.0}",normal,normal,normal,True,False,labeling_yolo_single_frame,single_frame_gt_from_sampled_frame_label,normal,normal,True,True,True,0.6033,"{""risk_state"":""normal""}
"
intrusion_normal_rgb_0093_cctv3_f000116,normal_plant_rgb,intrusion_normal_rgb_0093_cctv3,normal_candidate,normal,[116],[3.867],"{""start_frame"": 116, ""end_frame"": 116}","[""walk, carry/hold (an object)""]","[""normal""]",normal,"{""normal"": 1, ""unsafe"": 0, ""danger"": 0}","{""normal"": 1.0, ""unsafe"": 0.0, ""danger"": 0.0}",normal,normal,normal,True,False,labeling_yolo_single_frame,single_frame_gt_from_sampled_frame_label,normal,normal,True,True,True,0.6025,"{""risk_state"":""normal""}
"
intrusion_normal_rgb_0093_cctv3_f000126,normal_plant_rgb,intrusion_normal_rgb_0093_cctv3,normal_candidate,normal,[126],[4.2],"{""start_frame"": 126, ""end_frame"": 126}","[""walk, carry/hold (an object)""]","[""normal""]",normal,"{""normal"": 1, ""unsafe"": 0, ""danger"": 0}","{""normal"": 1.0, ""unsafe"": 0.0, ""danger"": 0.0}",normal,normal,normal,True,False,labeling_yolo_single_frame,single_frame_gt_from_sampled_frame_label,normal,normal,True,True,True,0.6019,"{""risk_state"":""normal""}
"
intrusion_normal_rgb_0093_cctv3_f000136,normal_plant_rgb,intrusion_normal_rgb_0093_cctv3,normal_candidate,normal,[136],[4.533],"{""start_frame"": 136, ""end_frame"": 136}","[""walk, carry/hold (an object)""]","[""normal""]",normal,"{""normal"": 1, ""unsafe"": 0, ""danger"": 0}","{""normal"": 1.0, ""unsafe"": 0.0, ""danger"": 0.0}",normal,normal,normal,True,False,labeling_yolo_single_frame,single_frame_gt_from_sampled_frame_label,normal,normal,True,True,True,0.6001,"{""risk_state"":""normal""}
"
intrusion_normal_rgb_0093_cctv3_f000146,normal_plant_rgb,intrusion_normal_rgb_0093_cctv3,normal_candidate,normal,[146],[4.867],"{""start_frame"": 146, ""end_frame"": 146}","[""walk, carry/hold (an object)""]","[""normal""]",normal,"{""normal"": 1, ""unsafe"": 0, ""danger"": 0}","{""normal"": 1.0, ""unsafe"": 0.0, ""danger"": 0.0}",normal,normal,normal,True,False,labeling_yolo_single_frame,single_frame_gt_from_sampled_frame_label,normal,normal,True,True,True,0.6135,"{""risk_state"":""normal""}
"
intrusion_normal_rgb_0093_cctv3_f000156,normal_plant_rgb,intrusion_normal_rgb_0093_cctv3,normal_candidate,normal,[156],[5.2],"{""start_frame"": 156, ""end_frame"": 156}","[""walk""]","[""normal""]",normal,"{""normal"": 1, ""unsafe"": 0, ""danger"": 0}","{""normal"": 1.0, ""unsafe"": 0.0, ""danger"": 0.0}",normal,normal,normal,True,False,labeling_yolo_single_frame,single_frame_gt_from_sampled_frame_label,normal,normal,True,True,True,0.6055,"{""risk_state"":""normal""}
"
intrusion_normal_rgb_0103_cctv4_f000016,normal_plant_rgb,intrusion_normal_rgb_0103_cctv4,normal_candidate,normal,[16],[0.533],"{""start_frame"": 16, ""end_frame"": 16}","[""walk, carry/hold (an object)""]","[""normal""]",normal,"{""normal"": 1, ""unsafe"": 0, ""danger"": 0}","{""normal"": 1.0, ""unsafe"": 0.0, ""danger"": 0.0}",normal,normal,normal,True,False,labeling_yolo_single_frame,single_frame_gt_from_sampled_frame_label,normal,normal,True,True,True,0.5991,"{""risk_state"":""normal""}
"
intrusion_normal_rgb_0103_cctv4_f000026,normal_plant_rgb,intrusion_normal_rgb_0103_cctv4,normal_candidate,normal,[26],[0.867],"{""start_frame"": 26, ""end_frame"": 26}","[""walk, carry/hold (an object)""]","[""normal""]",normal,"{""normal"": 1, ""unsafe"": 0, ""danger"": 0}","{""normal"": 1.0, ""unsafe"": 0.0, ""danger"": 0.0}",normal,normal,normal,True,False,labeling_yolo_single_frame,single_frame_gt_from_sampled_frame_label,unsafe,intrusion,False,True,True,0.6033,"{""risk_state"":""unsafe""}
"
intrusion_normal_rgb_0103_cctv4_f000036,normal_plant_rgb,intrusion_normal_rgb_0103_cctv4,normal_candidate,normal,[36],[1.2],"{""start_frame"": 36, ""end_frame"": 36}","[""walk, carry/hold (an object)""]","[""normal""]",normal,"{""normal"": 1, ""unsafe"": 0, ""danger"": 0}","{""normal"": 1.0, ""unsafe"": 0.0, ""danger"": 0.0}",normal,normal,normal,True,False,labeling_yolo_single_frame,single_frame_gt_from_sampled_frame_label,normal,normal,True,True,True,0.6021,"{""risk_state"":""normal""}
"
intrusion_normal_rgb_0103_cctv4_f000046,normal_plant_rgb,intrusion_normal_rgb_0103_cctv4,normal_candidate,normal,[46],[1.533],"{""start_frame"": 46, ""end_frame"": 46}","[""walk, carry/hold (an object)""]","[""normal""]",normal,"{""normal"": 1, ""unsafe"": 0, ""danger"": 0}","{""normal"": 1.0, ""unsafe"": 0.0, ""danger"": 0.0}",normal,normal,normal,True,False,labeling_yolo_single_frame,single_frame_gt_from_sampled_frame_label,unsafe,intrusion,False,True,True,0.6025,"{""risk_state"":""unsafe""}
"
intrusion_normal_rgb_0103_cctv4_f000056,normal_plant_rgb,intrusion_normal_rgb_0103_cctv4,normal_candidate,normal,[56],[1.867],"{""start_frame"": 56, ""end_frame"": 56}","[""walk, carry/hold (an object)""]","[""normal""]",normal,"{""normal"": 1, ""unsafe"": 0, ""danger"": 0}","{""normal"": 1.0, ""unsafe"": 0.0, ""danger"": 0.0}",normal,normal,normal,True,False,labeling_yolo_single_frame,single_frame_gt_from_sampled_frame_label,normal,normal,True,True,True,0.6002,"{""risk_state"":""normal""}
"
intrusion_normal_rgb_0103_cctv4_f000066,normal_plant_rgb,intrusion_normal_rgb_0103_cctv4,normal_candidate,normal,[66],[2.2],"{""start_frame"": 66, ""end_frame"": 66}","[""walk, carry/hold (an object)""]","[""normal""]",normal,"{""normal"": 1, ""unsafe"": 0, ""danger"": 0}","{""normal"": 1.0, ""unsafe"": 0.0, ""danger"": 0.0}",normal,normal,normal,True,False,labeling_yolo_single_frame,single_frame_gt_from_sampled_frame_label,normal,normal,True,True,True,0.6021,"{""risk_state"":""normal""}
"
intrusion_normal_rgb_0103_cctv4_f000076,normal_plant_rgb,intrusion_normal_rgb_0103_cctv4,normal_candidate,normal,[76],[2.533],"{""start_frame"": 76, ""end_frame"": 76}","[""walk, carry/hold (an object)""]","[""normal""]",normal,"{""normal"": 1, ""unsafe"": 0, ""danger"": 0}","{""normal"": 1.0, ""unsafe"": 0.0, ""danger"": 0.0}",normal,normal,normal,True,False,labeling_yolo_single_frame,single_frame_gt_from_sampled_frame_label,normal,normal,True,True,True,0.6009,"{""risk_state"":""normal""}
"
intrusion_normal_rgb_0103_cctv4_f000086,normal_plant_rgb,intrusion_normal_rgb_0103_cctv4,normal_candidate,normal,[86],[2.867],"{""start_frame"": 86, ""end_frame"": 86}","[""walk, carry/hold (an object)""]","[""normal""]",normal,"{""normal"": 1, ""unsafe"": 0, ""danger"": 0}","{""normal"": 1.0, ""unsafe"": 0.0, ""danger"": 0.0}",normal,normal,normal,True,False,labeling_yolo_single_frame,single_frame_gt_from_sampled_frame_label,normal,normal,True,True,True,0.5979,"{""risk_state"":""normal""}
"
intrusion_normal_rgb_0103_cctv4_f000096,normal_plant_rgb,intrusion_normal_rgb_0103_cctv4,normal_candidate,normal,[96],[3.2],"{""start_frame"": 96, ""end_frame"": 96}","[""walk, carry/hold (an object)""]","[""normal""]",normal,"{""normal"": 1, ""unsafe"": 0, ""danger"": 0}","{""normal"": 1.0, ""unsafe"": 0.0, ""danger"": 0.0}",normal,normal,normal,True,False,labeling_yolo_single_frame,single_frame_gt_from_sampled_frame_label,normal,normal,True,True,True,0.6095,"{""risk_state"":""normal""}
"
intrusion_normal_rgb_0103_cctv4_f000106,normal_plant_rgb,intrusion_normal_rgb_0103_cctv4,normal_candidate,normal,[106],[3.533],"{""start_frame"": 106, ""end_frame"": 106}","[""walk, carry/hold (an object)""]","[""normal""]",normal,"{""normal"": 1, ""unsafe"": 0, ""danger"": 0}","{""normal"": 1.0, ""unsafe"": 0.0, ""danger"": 0.0}",normal,normal,normal,True,False,labeling_yolo_single_frame,single_frame_gt_from_sampled_frame_label,normal,normal,True,True,True,0.6031,"{""risk_state"":""normal""}
"
intrusion_normal_rgb_0103_cctv4_f000116,normal_plant_rgb,intrusion_normal_rgb_0103_cctv4,normal_candidate,normal,[116],[3.867],"{""start_frame"": 116, ""end_frame"": 116}","[""walk, carry/hold (an object)""]","[""normal""]",normal,"{""normal"": 1, ""unsafe"": 0, ""danger"": 0}","{""normal"": 1.0, ""unsafe"": 0.0, ""danger"": 0.0}",normal,normal,normal,True,False,labeling_yolo_single_frame,single_frame_gt_from_sampled_frame_label,normal,normal,True,True,True,0.6007,"{""risk_state"":""normal""}
"
intrusion_normal_rgb_0103_cctv4_f000126,normal_plant_rgb,intrusion_normal_rgb_0103_cctv4,normal_candidate,normal,[126],[4.2],"{""start_frame"": 126, ""end_frame"": 126}","[""walk, carry/hold (an object)""]","[""normal""]",normal,"{""normal"": 1, ""unsafe"": 0, ""danger"": 0}","{""normal"": 1.0, ""unsafe"": 0.0, ""danger"": 0.0}",normal,normal,normal,True,False,labeling_yolo_single_frame,single_frame_gt_from_sampled_frame_label,normal,normal,True,True,True,0.6017,"{""risk_state"":""normal""}
"
intrusion_normal_rgb_0103_cctv4_f000136,normal_plant_rgb,intrusion_normal_rgb_0103_cctv4,normal_candidate,normal,[136],[4.533],"{""start_frame"": 136, ""end_frame"": 136}","[""walk, carry/hold (an object)""]","[""normal""]",normal,"{""normal"": 1, ""unsafe"": 0, ""danger"": 0}","{""normal"": 1.0, ""unsafe"": 0.0, ""danger"": 0.0}",normal,normal,normal,True,False,labeling_yolo_single_frame,single_frame_gt_from_sampled_frame_label,normal,normal,True,True,True,0.6032,"{""risk_state"":""normal""}
"
intrusion_normal_rgb_0103_cctv4_f000146,normal_plant_rgb,intrusion_normal_rgb_0103_cctv4,normal_candidate,normal,[146],[4.867],"{""start_frame"": 146, ""end_frame"": 146}","[""walk, carry/hold (an object)""]","[""normal""]",normal,"{""normal"": 1, ""unsafe"": 0, ""danger"": 0}","{""normal"": 1.0, ""unsafe"": 0.0, ""danger"": 0.0}",normal,normal,normal,True,False,labeling_yolo_single_frame,single_frame_gt_from_sampled_frame_label,normal,normal,True,True,True,0.6018,"{""risk_state"":""normal""}
"
intrusion_normal_rgb_0103_cctv4_f000156,normal_plant_rgb,intrusion_normal_rgb_0103_cctv4,normal_candidate,normal,[156],[5.2],"{""start_frame"": 156, ""end_frame"": 156}","[""walk""]","[""normal""]",normal,"{""normal"": 1, ""unsafe"": 0, ""danger"": 0}","{""normal"": 1.0, ""unsafe"": 0.0, ""danger"": 0.0}",normal,normal,normal,True,False,labeling_yolo_single_frame,single_frame_gt_from_sampled_frame_label,normal,normal,True,True,True,0.6004,"{""risk_state"":""normal""}
"
intrusion_normal_rgb_0114_cctv4_f000016,normal_plant_rgb,intrusion_normal_rgb_0114_cctv4,normal_candidate,normal,[16],[0.533],"{""start_frame"": 16, ""end_frame"": 16}","[""walk, carry/hold (an object)""]","[""normal""]",normal,"{""normal"": 1, ""unsafe"": 0, ""danger"": 0}","{""normal"": 1.0, ""unsafe"": 0.0, ""danger"": 0.0}",normal,normal,normal,True,False,labeling_yolo_single_frame,single_frame_gt_from_sampled_frame_label,normal,normal,True,True,True,0.6092,"{""risk_state"":""normal""}
"
intrusion_normal_rgb_0114_cctv4_f000026,normal_plant_rgb,intrusion_normal_rgb_0114_cctv4,normal_candidate,normal,[26],[0.867],"{""start_frame"": 26, ""end_frame"": 26}","[""walk, carry/hold (an object)""]","[""normal""]",normal,"{""normal"": 1, ""unsafe"": 0, ""danger"": 0}","{""normal"": 1.0, ""unsafe"": 0.0, ""danger"": 0.0}",normal,normal,normal,True,False,labeling_yolo_single_frame,single_frame_gt_from_sampled_frame_label,unsafe,intrusion,False,True,True,0.6009,"{""risk_state"":""unsafe""}
"
intrusion_normal_rgb_0114_cctv4_f000036,normal_plant_rgb,intrusion_normal_rgb_0114_cctv4,normal_candidate,normal,[36],[1.2],"{""start_frame"": 36, ""end_frame"": 36}","[""walk, carry/hold (an object)""]","[""normal""]",normal,"{""normal"": 1, ""unsafe"": 0, ""danger"": 0}","{""normal"": 1.0, ""unsafe"": 0.0, ""danger"": 0.0}",normal,normal,normal,True,False,labeling_yolo_single_frame,single_frame_gt_from_sampled_frame_label,normal,normal,True,True,True,0.5993,"{""risk_state"":""normal""}
"
intrusion_normal_rgb_0114_cctv4_f000046,normal_plant_rgb,intrusion_normal_rgb_0114_cctv4,normal_candidate,normal,[46],[1.533],"{""start_frame"": 46, ""end_frame"": 46}","[""walk, carry/hold (an object)""]","[""normal""]",normal,"{""normal"": 1, ""unsafe"": 0, ""danger"": 0}","{""normal"": 1.0, ""unsafe"": 0.0, ""danger"": 0.0}",normal,normal,normal,True,False,labeling_yolo_single_frame,single_frame_gt_from_sampled_frame_label,normal,normal,True,True,True,0.6068,"{""risk_state"":""normal""}
"
intrusion_normal_rgb_0114_cctv4_f000056,normal_plant_rgb,intrusion_normal_rgb_0114_cctv4,normal_candidate,normal,[56],[1.867],"{""start_frame"": 56, ""end_frame"": 56}","[""walk, carry/hold (an object)""]","[""normal""]",normal,"{""normal"": 1, ""unsafe"": 0, ""danger"": 0}","{""normal"": 1.0, ""unsafe"": 0.0, ""danger"": 0.0}",normal,normal,normal,True,False,labeling_yolo_single_frame,single_frame_gt_from_sampled_frame_label,normal,normal,True,True,True,0.602,"{""risk_state"":""normal""}
"
intrusion_normal_rgb_0114_cctv4_f000066,normal_plant_rgb,intrusion_normal_rgb_0114_cctv4,normal_candidate,normal,[66],[2.2],"{""start_frame"": 66, ""end_frame"": 66}","[""walk, carry/hold (an object)""]","[""normal""]",normal,"{""normal"": 1, ""unsafe"": 0, ""danger"": 0}","{""normal"": 1.0, ""unsafe"": 0.0, ""danger"": 0.0}",normal,normal,normal,True,False,labeling_yolo_single_frame,single_frame_gt_from_sampled_frame_label,normal,normal,True,True,True,0.601,"{""risk_state"":""normal""}
"
intrusion_normal_rgb_0114_cctv4_f000076,normal_plant_rgb,intrusion_normal_rgb_0114_cctv4,normal_candidate,normal,[76],[2.533],"{""start_frame"": 76, ""end_frame"": 76}","[""walk, carry/hold (an object)""]","[""normal""]",normal,"{""normal"": 1, ""unsafe"": 0, ""danger"": 0}","{""normal"": 1.0, ""unsafe"": 0.0, ""danger"": 0.0}",normal,normal,normal,True,False,labeling_yolo_single_frame,single_frame_gt_from_sampled_frame_label,normal,normal,True,True,True,0.6015,"{""risk_state"":""normal""}
"
intrusion_normal_rgb_0114_cctv4_f000086,normal_plant_rgb,intrusion_normal_rgb_0114_cctv4,normal_candidate,normal,[86],[2.867],"{""start_frame"": 86, ""end_frame"": 86}","[""walk, carry/hold (an object)""]","[""normal""]",normal,"{""normal"": 1, ""unsafe"": 0, ""danger"": 0}","{""normal"": 1.0, ""unsafe"": 0.0, ""danger"": 0.0}",normal,normal,normal,True,False,labeling_yolo_single_frame,single_frame_gt_from_sampled_frame_label,normal,normal,True,True,True,0.5981,"{""risk_state"":""normal""}
"
intrusion_normal_rgb_0114_cctv4_f000096,normal_plant_rgb,intrusion_normal_rgb_0114_cctv4,normal_candidate,normal,[96],[3.2],"{""start_frame"": 96, ""end_frame"": 96}","[""walk, carry/hold (an object)""]","[""normal""]",normal,"{""normal"": 1, ""unsafe"": 0, ""danger"": 0}","{""normal"": 1.0, ""unsafe"": 0.0, ""danger"": 0.0}",normal,normal,normal,True,False,labeling_yolo_single_frame,single_frame_gt_from_sampled_frame_label,normal,normal,True,True,True,0.5969,"{""risk_state"":""normal""}
"
intrusion_normal_rgb_0114_cctv4_f000106,normal_plant_rgb,intrusion_normal_rgb_0114_cctv4,normal_candidate,normal,[106],[3.533],"{""start_frame"": 106, ""end_frame"": 106}","[""walk, carry/hold (an object)""]","[""normal""]",normal,"{""normal"": 1, ""unsafe"": 0, ""danger"": 0}","{""normal"": 1.0, ""unsafe"": 0.0, ""danger"": 0.0}",normal,normal,normal,True,False,labeling_yolo_single_frame,single_frame_gt_from_sampled_frame_label,normal,normal,True,True,True,0.6025,"{""risk_state"":""normal""}
"
intrusion_normal_rgb_0114_cctv4_f000116,normal_plant_rgb,intrusion_normal_rgb_0114_cctv4,normal_candidate,normal,[116],[3.867],"{""start_frame"": 116, ""end_frame"": 116}","[""walk, carry/hold (an object)""]","[""normal""]",normal,"{""normal"": 1, ""unsafe"": 0, ""danger"": 0}","{""normal"": 1.0, ""unsafe"": 0.0, ""danger"": 0.0}",normal,normal,normal,True,False,labeling_yolo_single_frame,single_frame_gt_from_sampled_frame_label,normal,normal,True,True,True,0.6088,"{""risk_state"":""normal""}
"
intrusion_normal_rgb_0114_cctv4_f000126,normal_plant_rgb,intrusion_normal_rgb_0114_cctv4,normal_candidate,normal,[126],[4.2],"{""start_frame"": 126, ""end_frame"": 126}","[""walk, carry/hold (an object)""]","[""normal""]",normal,"{""normal"": 1, ""unsafe"": 0, ""danger"": 0}","{""normal"": 1.0, ""unsafe"": 0.0, ""danger"": 0.0}",normal,normal,normal,True,False,labeling_yolo_single_frame,single_frame_gt_from_sampled_frame_label,normal,normal,True,True,True,0.6036,"{""risk_state"":""normal""}
"
intrusion_normal_rgb_0114_cctv4_f000136,normal_plant_rgb,intrusion_normal_rgb_0114_cctv4,normal_candidate,normal,[136],[4.533],"{""start_frame"": 136, ""end_frame"": 136}","[""walk, carry/hold (an object)""]","[""normal""]",normal,"{""normal"": 1, ""unsafe"": 0, ""danger"": 0}","{""normal"": 1.0, ""unsafe"": 0.0, ""danger"": 0.0}",normal,normal,normal,True,False,labeling_yolo_single_frame,single_frame_gt_from_sampled_frame_label,normal,normal,True,True,True,0.6022,"{""risk_state"":""normal""}
"
intrusion_normal_rgb_0114_cctv4_f000146,normal_plant_rgb,intrusion_normal_rgb_0114_cctv4,normal_candidate,normal,[146],[4.867],"{""start_frame"": 146, ""end_frame"": 146}","[""walk, carry/hold (an object)""]","[""normal""]",normal,"{""normal"": 1, ""unsafe"": 0, ""danger"": 0}","{""normal"": 1.0, ""unsafe"": 0.0, ""danger"": 0.0}",normal,normal,normal,True,False,labeling_yolo_single_frame,single_frame_gt_from_sampled_frame_label,normal,normal,True,True,True,0.6006,"{""risk_state"":""normal""}
"
intrusion_normal_rgb_0114_cctv4_f000156,normal_plant_rgb,intrusion_normal_rgb_0114_cctv4,normal_candidate,normal,[156],[5.2],"{""start_frame"": 156, ""end_frame"": 156}","[""walk, carry/hold (an object)""]","[""normal""]",normal,"{""normal"": 1, ""unsafe"": 0, ""danger"": 0}","{""normal"": 1.0, ""unsafe"": 0.0, ""danger"": 0.0}",normal,normal,normal,True,False,labeling_yolo_single_frame,single_frame_gt_from_sampled_frame_label,normal,normal,True,True,True,0.6036,"{""risk_state"":""normal""}
"
intrusion_normal_rgb_0120_cctv3_f000016,normal_plant_rgb,intrusion_normal_rgb_0120_cctv3,normal_candidate,normal,[16],[0.533],"{""start_frame"": 16, ""end_frame"": 16}","[""walk, carry/hold (an object)""]","[""normal""]",normal,"{""normal"": 1, ""unsafe"": 0, ""danger"": 0}","{""normal"": 1.0, ""unsafe"": 0.0, ""danger"": 0.0}",normal,normal,normal,True,False,labeling_yolo_single_frame,single_frame_gt_from_sampled_frame_label,normal,normal,True,True,True,0.6002,"{""risk_state"":""normal""}
"
intrusion_normal_rgb_0120_cctv3_f000026,normal_plant_rgb,intrusion_normal_rgb_0120_cctv3,normal_candidate,normal,[26],[0.867],"{""start_frame"": 26, ""end_frame"": 26}","[""walk, carry/hold (an object)""]","[""normal""]",normal,"{""normal"": 1, ""unsafe"": 0, ""danger"": 0}","{""normal"": 1.0, ""unsafe"": 0.0, ""danger"": 0.0}",normal,normal,normal,True,False,labeling_yolo_single_frame,single_frame_gt_from_sampled_frame_label,normal,normal,True,True,True,0.5998,"{""risk_state"":""normal""}
"
intrusion_normal_rgb_0120_cctv3_f000036,normal_plant_rgb,intrusion_normal_rgb_0120_cctv3,normal_candidate,normal,[36],[1.2],"{""start_frame"": 36, ""end_frame"": 36}","[""walk, carry/hold (an object)""]","[""normal""]",normal,"{""normal"": 1, ""unsafe"": 0, ""danger"": 0}","{""normal"": 1.0, ""unsafe"": 0.0, ""danger"": 0.0}",normal,normal,normal,True,False,labeling_yolo_single_frame,single_frame_gt_from_sampled_frame_label,normal,normal,True,True,True,0.6011,"{""risk_state"":""normal""}
"
intrusion_normal_rgb_0120_cctv3_f000046,normal_plant_rgb,intrusion_normal_rgb_0120_cctv3,normal_candidate,normal,[46],[1.533],"{""start_frame"": 46, ""end_frame"": 46}","[""walk, carry/hold (an object)""]","[""normal""]",normal,"{""normal"": 1, ""unsafe"": 0, ""danger"": 0}","{""normal"": 1.0, ""unsafe"": 0.0, ""danger"": 0.0}",normal,normal,normal,True,False,labeling_yolo_single_frame,single_frame_gt_from_sampled_frame_label,normal,normal,True,True,True,0.6031,"{""risk_state"":""normal""}
"
intrusion_normal_rgb_0120_cctv3_f000056,normal_plant_rgb,intrusion_normal_rgb_0120_cctv3,normal_candidate,normal,[56],[1.867],"{""start_frame"": 56, ""end_frame"": 56}","[""walk, carry/hold (an object)""]","[""normal""]",normal,"{""normal"": 1, ""unsafe"": 0, ""danger"": 0}","{""normal"": 1.0, ""unsafe"": 0.0, ""danger"": 0.0}",normal,normal,normal,True,False,labeling_yolo_single_frame,single_frame_gt_from_sampled_frame_label,unsafe,intrusion,False,True,True,0.6,"{""risk_state"":""unsafe""}
"
intrusion_normal_rgb_0120_cctv3_f000066,normal_plant_rgb,intrusion_normal_rgb_0120_cctv3,normal_candidate,normal,[66],[2.2],"{""start_frame"": 66, ""end_frame"": 66}","[""walk, carry/hold (an object)""]","[""normal""]",normal,"{""normal"": 1, ""unsafe"": 0, ""danger"": 0}","{""normal"": 1.0, ""unsafe"": 0.0, ""danger"": 0.0}",normal,normal,normal,True,False,labeling_yolo_single_frame,single_frame_gt_from_sampled_frame_label,normal,normal,True,True,True,0.6103,"{""risk_state"":""normal""}
"
intrusion_normal_rgb_0120_cctv3_f000076,normal_plant_rgb,intrusion_normal_rgb_0120_cctv3,normal_candidate,normal,[76],[2.533],"{""start_frame"": 76, ""end_frame"": 76}","[""walk, carry/hold (an object)""]","[""normal""]",normal,"{""normal"": 1, ""unsafe"": 0, ""danger"": 0}","{""normal"": 1.0, ""unsafe"": 0.0, ""danger"": 0.0}",normal,normal,normal,True,False,labeling_yolo_single_frame,single_frame_gt_from_sampled_frame_label,normal,normal,True,True,True,0.6028,"{""risk_state"":""normal""}
"
intrusion_normal_rgb_0120_cctv3_f000086,normal_plant_rgb,intrusion_normal_rgb_0120_cctv3,normal_candidate,normal,[86],[2.867],"{""start_frame"": 86, ""end_frame"": 86}","[""walk, carry/hold (an object)""]","[""normal""]",normal,"{""normal"": 1, ""unsafe"": 0, ""danger"": 0}","{""normal"": 1.0, ""unsafe"": 0.0, ""danger"": 0.0}",normal,normal,normal,True,False,labeling_yolo_single_frame,single_frame_gt_from_sampled_frame_label,normal,normal,True,True,True,0.5997,"{""risk_state"":""normal""}
"
intrusion_normal_rgb_0120_cctv3_f000096,normal_plant_rgb,intrusion_normal_rgb_0120_cctv3,normal_candidate,normal,[96],[3.2],"{""start_frame"": 96, ""end_frame"": 96}","[""walk, carry/hold (an object)""]","[""normal""]",normal,"{""normal"": 1, ""unsafe"": 0, ""danger"": 0}","{""normal"": 1.0, ""unsafe"": 0.0, ""danger"": 0.0}",normal,normal,normal,True,False,labeling_yolo_single_frame,single_frame_gt_from_sampled_frame_label,normal,normal,True,True,True,0.6013,"{""risk_state"":""normal""}
"
intrusion_normal_rgb_0120_cctv3_f000106,normal_plant_rgb,intrusion_normal_rgb_0120_cctv3,normal_candidate,normal,[106],[3.533],"{""start_frame"": 106, ""end_frame"": 106}","[""walk, carry/hold (an object)""]","[""normal""]",normal,"{""normal"": 1, ""unsafe"": 0, ""danger"": 0}","{""normal"": 1.0, ""unsafe"": 0.0, ""danger"": 0.0}",normal,normal,normal,True,False,labeling_yolo_single_frame,single_frame_gt_from_sampled_frame_label,normal,normal,True,True,True,0.6063,"{""risk_state"":""normal""}
"
intrusion_normal_rgb_0120_cctv3_f000116,normal_plant_rgb,intrusion_normal_rgb_0120_cctv3,normal_candidate,normal,[116],[3.867],"{""start_frame"": 116, ""end_frame"": 116}","[""walk, carry/hold (an object)""]","[""normal""]",normal,"{""normal"": 1, ""unsafe"": 0, ""danger"": 0}","{""normal"": 1.0, ""unsafe"": 0.0, ""danger"": 0.0}",normal,normal,normal,True,False,labeling_yolo_single_frame,single_frame_gt_from_sampled_frame_label,normal,normal,True,True,True,0.6048,"{""risk_state"":""normal""}
"
intrusion_normal_rgb_0120_cctv3_f000126,normal_plant_rgb,intrusion_normal_rgb_0120_cctv3,normal_candidate,normal,[126],[4.2],"{""start_frame"": 126, ""end_frame"": 126}","[""walk, carry/hold (an object)""]","[""normal""]",normal,"{""normal"": 1, ""unsafe"": 0, ""danger"": 0}","{""normal"": 1.0, ""unsafe"": 0.0, ""danger"": 0.0}",normal,normal,normal,True,False,labeling_yolo_single_frame,single_frame_gt_from_sampled_frame_label,normal,normal,True,True,True,0.6057,"{""risk_state"":""normal""}
"
intrusion_normal_rgb_0120_cctv3_f000136,normal_plant_rgb,intrusion_normal_rgb_0120_cctv3,normal_candidate,normal,[136],[4.533],"{""start_frame"": 136, ""end_frame"": 136}","[""walk, carry/hold (an object)""]","[""normal""]",normal,"{""normal"": 1, ""unsafe"": 0, ""danger"": 0}","{""normal"": 1.0, ""unsafe"": 0.0, ""danger"": 0.0}",normal,normal,normal,True,False,labeling_yolo_single_frame,single_frame_gt_from_sampled_frame_label,normal,normal,True,True,True,0.6047,"{""risk_state"":""normal""}
"
intrusion_normal_rgb_0120_cctv3_f000146,normal_plant_rgb,intrusion_normal_rgb_0120_cctv3,normal_candidate,normal,[146],[4.867],"{""start_frame"": 146, ""end_frame"": 146}","[""walk, carry/hold (an object)""]","[""normal""]",normal,"{""normal"": 1, ""unsafe"": 0, ""danger"": 0}","{""normal"": 1.0, ""unsafe"": 0.0, ""danger"": 0.0}",normal,normal,normal,True,False,labeling_yolo_single_frame,single_frame_gt_from_sampled_frame_label,normal,normal,True,True,True,0.5994,"{""risk_state"":""normal""}
"
intrusion_normal_rgb_0120_cctv3_f000156,normal_plant_rgb,intrusion_normal_rgb_0120_cctv3,normal_candidate,normal,[156],[5.2],"{""start_frame"": 156, ""end_frame"": 156}","[""walk, carry/hold (an object)""]","[""normal""]",normal,"{""normal"": 1, ""unsafe"": 0, ""danger"": 0}","{""normal"": 1.0, ""unsafe"": 0.0, ""danger"": 0.0}",normal,normal,normal,True,False,labeling_yolo_single_frame,single_frame_gt_from_sampled_frame_label,normal,normal,True,True,True,0.6016,"{""risk_state"":""normal""}
"
intrusion_normal_rgb_0120_cctv3_f000166,normal_plant_rgb,intrusion_normal_rgb_0120_cctv3,normal_candidate,normal,[166],[5.533],"{""start_frame"": 166, ""end_frame"": 166}","[""walk, carry/hold (an object)""]","[""normal""]",normal,"{""normal"": 1, ""unsafe"": 0, ""danger"": 0}","{""normal"": 1.0, ""unsafe"": 0.0, ""danger"": 0.0}",normal,normal,normal,True,False,labeling_yolo_single_frame,single_frame_gt_from_sampled_frame_label,normal,normal,True,True,True,0.6081,"{""risk_state"":""normal""}
"
intrusion_normal_rgb_0120_cctv3_f000176,normal_plant_rgb,intrusion_normal_rgb_0120_cctv3,normal_candidate,normal,[176],[5.867],"{""start_frame"": 176, ""end_frame"": 176}","[""walk, carry/hold (an object)""]","[""normal""]",normal,"{""normal"": 1, ""unsafe"": 0, ""danger"": 0}","{""normal"": 1.0, ""unsafe"": 0.0, ""danger"": 0.0}",normal,normal,normal,True,False,labeling_yolo_single_frame,single_frame_gt_from_sampled_frame_label,normal,normal,True,True,True,0.598,"{""risk_state"":""normal""}
"
intrusion_normal_rgb_0120_cctv3_f000186,normal_plant_rgb,intrusion_normal_rgb_0120_cctv3,normal_candidate,normal,[186],[6.2],"{""start_frame"": 186, ""end_frame"": 186}","[""walk, carry/hold (an object)""]","[""normal""]",normal,"{""normal"": 1, ""unsafe"": 0, ""danger"": 0}","{""normal"": 1.0, ""unsafe"": 0.0, ""danger"": 0.0}",normal,normal,normal,True,False,labeling_yolo_single_frame,single_frame_gt_from_sampled_frame_label,normal,normal,True,True,True,0.6029,"{""risk_state"":""normal""}
"
intrusion_normal_rgb_0122_cctv3_f000016,normal_plant_rgb,intrusion_normal_rgb_0122_cctv3,normal_candidate,normal,[16],[0.533],"{""start_frame"": 16, ""end_frame"": 16}","[""walk, carry/hold (an object)""]","[""normal""]",normal,"{""normal"": 1, ""unsafe"": 0, ""danger"": 0}","{""normal"": 1.0, ""unsafe"": 0.0, ""danger"": 0.0}",normal,normal,normal,True,False,labeling_yolo_single_frame,single_frame_gt_from_sampled_frame_label,normal,normal,True,True,True,0.6014,"{""risk_state"":""normal""}
"
intrusion_normal_rgb_0122_cctv3_f000026,normal_plant_rgb,intrusion_normal_rgb_0122_cctv3,normal_candidate,normal,[26],[0.867],"{""start_frame"": 26, ""end_frame"": 26}","[""walk, carry/hold (an object)""]","[""normal""]",normal,"{""normal"": 1, ""unsafe"": 0, ""danger"": 0}","{""normal"": 1.0, ""unsafe"": 0.0, ""danger"": 0.0}",normal,normal,normal,True,False,labeling_yolo_single_frame,single_frame_gt_from_sampled_frame_label,normal,normal,True,True,True,0.6,"{""risk_state"":""normal""}
"
intrusion_normal_rgb_0122_cctv3_f000036,normal_plant_rgb,intrusion_normal_rgb_0122_cctv3,normal_candidate,normal,[36],[1.2],"{""start_frame"": 36, ""end_frame"": 36}","[""walk, carry/hold (an object)""]","[""normal""]",normal,"{""normal"": 1, ""unsafe"": 0, ""danger"": 0}","{""normal"": 1.0, ""unsafe"": 0.0, ""danger"": 0.0}",normal,normal,normal,True,False,labeling_yolo_single_frame,single_frame_gt_from_sampled_frame_label,normal,normal,True,True,True,0.6008,"{""risk_state"":""normal""}
"
intrusion_normal_rgb_0122_cctv3_f000046,normal_plant_rgb,intrusion_normal_rgb_0122_cctv3,normal_candidate,normal,[46],[1.533],"{""start_frame"": 46, ""end_frame"": 46}","[""walk, carry/hold (an object)""]","[""normal""]",normal,"{""normal"": 1, ""unsafe"": 0, ""danger"": 0}","{""normal"": 1.0, ""unsafe"": 0.0, ""danger"": 0.0}",normal,normal,normal,True,False,labeling_yolo_single_frame,single_frame_gt_from_sampled_frame_label,normal,normal,True,True,True,0.6025,"{""risk_state"":""normal""}
"
intrusion_normal_rgb_0122_cctv3_f000056,normal_plant_rgb,intrusion_normal_rgb_0122_cctv3,normal_candidate,normal,[56],[1.867],"{""start_frame"": 56, ""end_frame"": 56}","[""walk, carry/hold (an object)""]","[""normal""]",normal,"{""normal"": 1, ""unsafe"": 0, ""danger"": 0}","{""normal"": 1.0, ""unsafe"": 0.0, ""danger"": 0.0}",normal,normal,normal,True,False,labeling_yolo_single_frame,single_frame_gt_from_sampled_frame_label,normal,normal,True,True,True,0.6058,"{""risk_state"":""normal""}
"
intrusion_normal_rgb_0122_cctv3_f000066,normal_plant_rgb,intrusion_normal_rgb_0122_cctv3,normal_candidate,normal,[66],[2.2],"{""start_frame"": 66, ""end_frame"": 66}","[""walk, carry/hold (an object)""]","[""normal""]",normal,"{""normal"": 1, ""unsafe"": 0, ""danger"": 0}","{""normal"": 1.0, ""unsafe"": 0.0, ""danger"": 0.0}",normal,normal,normal,True,False,labeling_yolo_single_frame,single_frame_gt_from_sampled_frame_label,normal,normal,True,True,True,0.5995,"{""risk_state"":""normal""}
"
intrusion_normal_rgb_0122_cctv3_f000076,normal_plant_rgb,intrusion_normal_rgb_0122_cctv3,normal_candidate,normal,[76],[2.533],"{""start_frame"": 76, ""end_frame"": 76}","[""walk, carry/hold (an object)""]","[""normal""]",normal,"{""normal"": 1, ""unsafe"": 0, ""danger"": 0}","{""normal"": 1.0, ""unsafe"": 0.0, ""danger"": 0.0}",normal,normal,normal,True,False,labeling_yolo_single_frame,single_frame_gt_from_sampled_frame_label,normal,normal,True,True,True,0.6034,"{""risk_state"":""normal""}
"
intrusion_normal_rgb_0122_cctv3_f000086,normal_plant_rgb,intrusion_normal_rgb_0122_cctv3,normal_candidate,normal,[86],[2.867],"{""start_frame"": 86, ""end_frame"": 86}","[""walk, carry/hold (an object)""]","[""normal""]",normal,"{""normal"": 1, ""unsafe"": 0, ""danger"": 0}","{""normal"": 1.0, ""unsafe"": 0.0, ""danger"": 0.0}",normal,normal,normal,True,False,labeling_yolo_single_frame,single_frame_gt_from_sampled_frame_label,normal,normal,True,True,True,0.6012,"{""risk_state"":""normal""}
"
intrusion_normal_rgb_0122_cctv3_f000096,normal_plant_rgb,intrusion_normal_rgb_0122_cctv3,normal_candidate,normal,[96],[3.2],"{""start_frame"": 96, ""end_frame"": 96}","[""walk, carry/hold (an object)""]","[""normal""]",normal,"{""normal"": 1, ""unsafe"": 0, ""danger"": 0}","{""normal"": 1.0, ""unsafe"": 0.0, ""danger"": 0.0}",normal,normal,normal,True,False,labeling_yolo_single_frame,single_frame_gt_from_sampled_frame_label,normal,normal,True,True,True,0.5998,"{""risk_state"":""normal""}
"
intrusion_normal_rgb_0122_cctv3_f000106,normal_plant_rgb,intrusion_normal_rgb_0122_cctv3,normal_candidate,normal,[106],[3.533],"{""start_frame"": 106, ""end_frame"": 106}","[""stand, carry/hold (an object)""]","[""normal""]",normal,"{""normal"": 1, ""unsafe"": 0, ""danger"": 0}","{""normal"": 1.0, ""unsafe"": 0.0, ""danger"": 0.0}",normal,normal,normal,True,False,labeling_yolo_single_frame,single_frame_gt_from_sampled_frame_label,normal,normal,True,True,True,0.6027,"{""risk_state"":""normal""}
"
intrusion_normal_rgb_0122_cctv3_f000116,normal_plant_rgb,intrusion_normal_rgb_0122_cctv3,normal_candidate,normal,[116],[3.867],"{""start_frame"": 116, ""end_frame"": 116}","[""walk, carry/hold (an object)""]","[""normal""]",normal,"{""normal"": 1, ""unsafe"": 0, ""danger"": 0}","{""normal"": 1.0, ""unsafe"": 0.0, ""danger"": 0.0}",normal,normal,normal,True,False,labeling_yolo_single_frame,single_frame_gt_from_sampled_frame_label,normal,normal,True,True,True,0.5995,"{""risk_state"":""normal""}
"
intrusion_normal_rgb_0122_cctv3_f000126,normal_plant_rgb,intrusion_normal_rgb_0122_cctv3,normal_candidate,normal,[126],[4.2],"{""start_frame"": 126, ""end_frame"": 126}","[""walk, carry/hold (an object)""]","[""normal""]",normal,"{""normal"": 1, ""unsafe"": 0, ""danger"": 0}","{""normal"": 1.0, ""unsafe"": 0.0, ""danger"": 0.0}",normal,normal,normal,True,False,labeling_yolo_single_frame,single_frame_gt_from_sampled_frame_label,normal,normal,True,True,True,0.5986,"{""risk_state"":""normal""}
"
intrusion_normal_rgb_0125_cctv2_f000016,normal_plant_rgb,intrusion_normal_rgb_0125_cctv2,normal_candidate,normal,[16],[0.533],"{""start_frame"": 16, ""end_frame"": 16}","[""walk, carry/hold (an object)""]","[""normal""]",normal,"{""normal"": 1, ""unsafe"": 0, ""danger"": 0}","{""normal"": 1.0, ""unsafe"": 0.0, ""danger"": 0.0}",normal,normal,normal,True,False,labeling_yolo_single_frame,single_frame_gt_from_sampled_frame_label,normal,normal,True,True,True,0.6013,"{""risk_state"":""normal""}
"
intrusion_normal_rgb_0125_cctv2_f000026,normal_plant_rgb,intrusion_normal_rgb_0125_cctv2,normal_candidate,normal,[26],[0.867],"{""start_frame"": 26, ""end_frame"": 26}","[""walk, carry/hold (an object)""]","[""normal""]",normal,"{""normal"": 1, ""unsafe"": 0, ""danger"": 0}","{""normal"": 1.0, ""unsafe"": 0.0, ""danger"": 0.0}",normal,normal,normal,True,False,labeling_yolo_single_frame,single_frame_gt_from_sampled_frame_label,normal,normal,True,True,True,0.5994,"{""risk_state"":""normal""}
"
intrusion_normal_rgb_0125_cctv2_f000036,normal_plant_rgb,intrusion_normal_rgb_0125_cctv2,normal_candidate,normal,[36],[1.2],"{""start_frame"": 36, ""end_frame"": 36}","[""walk, carry/hold (an object)""]","[""normal""]",normal,"{""normal"": 1, ""unsafe"": 0, ""danger"": 0}","{""normal"": 1.0, ""unsafe"": 0.0, ""danger"": 0.0}",normal,normal,normal,True,False,labeling_yolo_single_frame,single_frame_gt_from_sampled_frame_label,normal,normal,True,True,True,0.6113,"{""risk_state"":""normal""}
"
intrusion_normal_rgb_0125_cctv2_f000046,normal_plant_rgb,intrusion_normal_rgb_0125_cctv2,normal_candidate,normal,[46],[1.533],"{""start_frame"": 46, ""end_frame"": 46}","[""walk, carry/hold (an object)""]","[""normal""]",normal,"{""normal"": 1, ""unsafe"": 0, ""danger"": 0}","{""normal"": 1.0, ""unsafe"": 0.0, ""danger"": 0.0}",normal,normal,normal,True,False,labeling_yolo_single_frame,single_frame_gt_from_sampled_frame_label,normal,normal,True,True,True,0.5995,"{""risk_state"":""normal""}
"
intrusion_normal_rgb_0125_cctv2_f000056,normal_plant_rgb,intrusion_normal_rgb_0125_cctv2,normal_candidate,normal,[56],[1.867],"{""start_frame"": 56, ""end_frame"": 56}","[""walk, carry/hold (an object)""]","[""normal""]",normal,"{""normal"": 1, ""unsafe"": 0, ""danger"": 0}","{""normal"": 1.0, ""unsafe"": 0.0, ""danger"": 0.0}",normal,normal,normal,True,False,labeling_yolo_single_frame,single_frame_gt_from_sampled_frame_label,normal,normal,True,True,True,0.5997,"{""risk_state"":""normal""}
"
intrusion_normal_rgb_0125_cctv2_f000066,normal_plant_rgb,intrusion_normal_rgb_0125_cctv2,normal_candidate,normal,[66],[2.2],"{""start_frame"": 66, ""end_frame"": 66}","[""walk, carry/hold (an object)""]","[""normal""]",normal,"{""normal"": 1, ""unsafe"": 0, ""danger"": 0}","{""normal"": 1.0, ""unsafe"": 0.0, ""danger"": 0.0}",normal,normal,normal,True,False,labeling_yolo_single_frame,single_frame_gt_from_sampled_frame_label,normal,normal,True,True,True,0.6015,"{""risk_state"":""normal""}
"
intrusion_normal_rgb_0125_cctv2_f000076,normal_plant_rgb,intrusion_normal_rgb_0125_cctv2,normal_candidate,normal,[76],[2.533],"{""start_frame"": 76, ""end_frame"": 76}","[""walk, carry/hold (an object)""]","[""normal""]",normal,"{""normal"": 1, ""unsafe"": 0, ""danger"": 0}","{""normal"": 1.0, ""unsafe"": 0.0, ""danger"": 0.0}",normal,normal,normal,True,False,labeling_yolo_single_frame,single_frame_gt_from_sampled_frame_label,normal,normal,True,True,True,0.602,"{""risk_state"":""normal""}
"
intrusion_normal_rgb_0125_cctv2_f000086,normal_plant_rgb,intrusion_normal_rgb_0125_cctv2,normal_candidate,normal,[86],[2.867],"{""start_frame"": 86, ""end_frame"": 86}","[""walk, carry/hold (an object)""]","[""normal""]",normal,"{""normal"": 1, ""unsafe"": 0, ""danger"": 0}","{""normal"": 1.0, ""unsafe"": 0.0, ""danger"": 0.0}",normal,normal,normal,True,False,labeling_yolo_single_frame,single_frame_gt_from_sampled_frame_label,normal,normal,True,True,True,0.6104,"{""risk_state"":""normal""}
"
intrusion_normal_rgb_0125_cctv2_f000096,normal_plant_rgb,intrusion_normal_rgb_0125_cctv2,normal_candidate,normal,[96],[3.2],"{""start_frame"": 96, ""end_frame"": 96}","[""walk, carry/hold (an object)""]","[""normal""]",normal,"{""normal"": 1, ""unsafe"": 0, ""danger"": 0}","{""normal"": 1.0, ""unsafe"": 0.0, ""danger"": 0.0}",normal,normal,normal,True,False,labeling_yolo_single_frame,single_frame_gt_from_sampled_frame_label,normal,normal,True,True,True,0.6006,"{""risk_state"":""normal""}
"
intrusion_normal_rgb_0125_cctv2_f000106,normal_plant_rgb,intrusion_normal_rgb_0125_cctv2,normal_candidate,normal,[106],[3.533],"{""start_frame"": 106, ""end_frame"": 106}","[""walk, carry/hold (an object)""]","[""normal""]",normal,"{""normal"": 1, ""unsafe"": 0, ""danger"": 0}","{""normal"": 1.0, ""unsafe"": 0.0, ""danger"": 0.0}",normal,normal,normal,True,False,labeling_yolo_single_frame,single_frame_gt_from_sampled_frame_label,normal,normal,True,True,True,0.6075,"{""risk_state"":""normal""}
"
intrusion_normal_rgb_0125_cctv2_f000116,normal_plant_rgb,intrusion_normal_rgb_0125_cctv2,normal_candidate,normal,[116],[3.867],"{""start_frame"": 116, ""end_frame"": 116}","[""walk, carry/hold (an object)""]","[""normal""]",normal,"{""normal"": 1, ""unsafe"": 0, ""danger"": 0}","{""normal"": 1.0, ""unsafe"": 0.0, ""danger"": 0.0}",normal,normal,normal,True,False,labeling_yolo_single_frame,single_frame_gt_from_sampled_frame_label,normal,normal,True,True,True,0.6001,"{""risk_state"":""normal""}
"
intrusion_normal_rgb_0125_cctv2_f000126,normal_plant_rgb,intrusion_normal_rgb_0125_cctv2,normal_candidate,normal,[126],[4.2],"{""start_frame"": 126, ""end_frame"": 126}","[""walk, carry/hold (an object)""]","[""normal""]",normal,"{""normal"": 1, ""unsafe"": 0, ""danger"": 0}","{""normal"": 1.0, ""unsafe"": 0.0, ""danger"": 0.0}",normal,normal,normal,True,False,labeling_yolo_single_frame,single_frame_gt_from_sampled_frame_label,normal,normal,True,True,True,0.6008,"{""risk_state"":""normal""}
"
intrusion_normal_rgb_0125_cctv2_f000136,normal_plant_rgb,intrusion_normal_rgb_0125_cctv2,normal_candidate,normal,[136],[4.533],"{""start_frame"": 136, ""end_frame"": 136}","[""walk, carry/hold (an object)""]","[""normal""]",normal,"{""normal"": 1, ""unsafe"": 0, ""danger"": 0}","{""normal"": 1.0, ""unsafe"": 0.0, ""danger"": 0.0}",normal,normal,normal,True,False,labeling_yolo_single_frame,single_frame_gt_from_sampled_frame_label,normal,normal,True,True,True,0.5995,"{""risk_state"":""normal""}
"
intrusion_normal_rgb_0125_cctv2_f000146,normal_plant_rgb,intrusion_normal_rgb_0125_cctv2,normal_candidate,normal,[146],[4.867],"{""start_frame"": 146, ""end_frame"": 146}","[""walk, carry/hold (an object)""]","[""normal""]",normal,"{""normal"": 1, ""unsafe"": 0, ""danger"": 0}","{""normal"": 1.0, ""unsafe"": 0.0, ""danger"": 0.0}",normal,normal,normal,True,False,labeling_yolo_single_frame,single_frame_gt_from_sampled_frame_label,normal,normal,True,True,True,0.5952,"{""risk_state"":""normal""}
"
intrusion_normal_rgb_0125_cctv2_f000156,normal_plant_rgb,intrusion_normal_rgb_0125_cctv2,normal_candidate,normal,[156],[5.2],"{""start_frame"": 156, ""end_frame"": 156}","[""walk, carry/hold (an object)""]","[""normal""]",normal,"{""normal"": 1, ""unsafe"": 0, ""danger"": 0}","{""normal"": 1.0, ""unsafe"": 0.0, ""danger"": 0.0}",normal,normal,normal,True,False,labeling_yolo_single_frame,single_frame_gt_from_sampled_frame_label,normal,normal,True,True,True,0.5965,"{""risk_state"":""normal""}
"
intrusion_normal_rgb_0128_cctv1_f000016,normal_plant_rgb,intrusion_normal_rgb_0128_cctv1,normal_candidate,normal,[16],[0.533],"{""start_frame"": 16, ""end_frame"": 16}","[""walk, carry/hold (an object)""]","[""normal""]",normal,"{""normal"": 1, ""unsafe"": 0, ""danger"": 0}","{""normal"": 1.0, ""unsafe"": 0.0, ""danger"": 0.0}",normal,normal,normal,True,False,labeling_yolo_single_frame,single_frame_gt_from_sampled_frame_label,normal,normal,True,True,True,0.6005,"{""risk_state"":""normal""}
"
intrusion_normal_rgb_0128_cctv1_f000026,normal_plant_rgb,intrusion_normal_rgb_0128_cctv1,normal_candidate,normal,[26],[0.867],"{""start_frame"": 26, ""end_frame"": 26}","[""walk, carry/hold (an object)""]","[""normal""]",normal,"{""normal"": 1, ""unsafe"": 0, ""danger"": 0}","{""normal"": 1.0, ""unsafe"": 0.0, ""danger"": 0.0}",normal,normal,normal,True,False,labeling_yolo_single_frame,single_frame_gt_from_sampled_frame_label,normal,normal,True,True,True,0.6015,"{""risk_state"":""normal""}
"
intrusion_normal_rgb_0128_cctv1_f000036,normal_plant_rgb,intrusion_normal_rgb_0128_cctv1,normal_candidate,normal,[36],[1.2],"{""start_frame"": 36, ""end_frame"": 36}","[""walk, carry/hold (an object)""]","[""normal""]",normal,"{""normal"": 1, ""unsafe"": 0, ""danger"": 0}","{""normal"": 1.0, ""unsafe"": 0.0, ""danger"": 0.0}",normal,normal,normal,True,False,labeling_yolo_single_frame,single_frame_gt_from_sampled_frame_label,normal,normal,True,True,True,0.5996,"{""risk_state"":""normal""}
"
intrusion_normal_rgb_0128_cctv1_f000046,normal_plant_rgb,intrusion_normal_rgb_0128_cctv1,normal_candidate,normal,[46],[1.533],"{""start_frame"": 46, ""end_frame"": 46}","[""walk, carry/hold (an object)""]","[""normal""]",normal,"{""normal"": 1, ""unsafe"": 0, ""danger"": 0}","{""normal"": 1.0, ""unsafe"": 0.0, ""danger"": 0.0}",normal,normal,normal,True,False,labeling_yolo_single_frame,single_frame_gt_from_sampled_frame_label,normal,normal,True,True,True,0.6023,"{""risk_state"":""normal""}
"
intrusion_normal_rgb_0128_cctv1_f000056,normal_plant_rgb,intrusion_normal_rgb_0128_cctv1,normal_candidate,normal,[56],[1.867],"{""start_frame"": 56, ""end_frame"": 56}","[""walk, carry/hold (an object)""]","[""normal""]",normal,"{""normal"": 1, ""unsafe"": 0, ""danger"": 0}","{""normal"": 1.0, ""unsafe"": 0.0, ""danger"": 0.0}",normal,normal,normal,True,False,labeling_yolo_single_frame,single_frame_gt_from_sampled_frame_label,normal,normal,True,True,True,0.6074,"{""risk_state"":""normal""}
"
intrusion_normal_rgb_0128_cctv1_f000066,normal_plant_rgb,intrusion_normal_rgb_0128_cctv1,normal_candidate,normal,[66],[2.2],"{""start_frame"": 66, ""end_frame"": 66}","[""walk, carry/hold (an object)""]","[""normal""]",normal,"{""normal"": 1, ""unsafe"": 0, ""danger"": 0}","{""normal"": 1.0, ""unsafe"": 0.0, ""danger"": 0.0}",normal,normal,normal,True,False,labeling_yolo_single_frame,single_frame_gt_from_sampled_frame_label,normal,normal,True,True,True,0.6087,"{""risk_state"":""normal""}
"
intrusion_normal_rgb_0128_cctv1_f000076,normal_plant_rgb,intrusion_normal_rgb_0128_cctv1,normal_candidate,normal,[76],[2.533],"{""start_frame"": 76, ""end_frame"": 76}","[""walk, stand""]","[""normal""]",normal,"{""normal"": 1, ""unsafe"": 0, ""danger"": 0}","{""normal"": 1.0, ""unsafe"": 0.0, ""danger"": 0.0}",normal,normal,normal,True,False,labeling_yolo_single_frame,single_frame_gt_from_sampled_frame_label,normal,normal,True,True,True,0.6066,"{""risk_state"":""normal""}
"
intrusion_normal_rgb_0128_cctv1_f000086,normal_plant_rgb,intrusion_normal_rgb_0128_cctv1,normal_candidate,normal,[86],[2.867],"{""start_frame"": 86, ""end_frame"": 86}","[""walk, stand""]","[""normal""]",normal,"{""normal"": 1, ""unsafe"": 0, ""danger"": 0}","{""normal"": 1.0, ""unsafe"": 0.0, ""danger"": 0.0}",normal,normal,normal,True,False,labeling_yolo_single_frame,single_frame_gt_from_sampled_frame_label,normal,normal,True,True,True,0.6048,"{""risk_state"":""normal""}
"
intrusion_normal_rgb_0128_cctv1_f000096,normal_plant_rgb,intrusion_normal_rgb_0128_cctv1,normal_candidate,normal,[96],[3.2],"{""start_frame"": 96, ""end_frame"": 96}","[""walk, carry/hold (an object)""]","[""normal""]",normal,"{""normal"": 1, ""unsafe"": 0, ""danger"": 0}","{""normal"": 1.0, ""unsafe"": 0.0, ""danger"": 0.0}",normal,normal,normal,True,False,labeling_yolo_single_frame,single_frame_gt_from_sampled_frame_label,normal,normal,True,True,True,0.5983,"{""risk_state"":""normal""}
"
intrusion_normal_rgb_0128_cctv1_f000106,normal_plant_rgb,intrusion_normal_rgb_0128_cctv1,normal_candidate,normal,[106],[3.533],"{""start_frame"": 106, ""end_frame"": 106}","[""walk, carry/hold (an object)""]","[""normal""]",normal,"{""normal"": 1, ""unsafe"": 0, ""danger"": 0}","{""normal"": 1.0, ""unsafe"": 0.0, ""danger"": 0.0}",normal,normal,normal,True,False,labeling_yolo_single_frame,single_frame_gt_from_sampled_frame_label,normal,normal,True,True,True,0.6007,"{""risk_state"":""normal""}
"
intrusion_normal_rgb_0128_cctv1_f000116,normal_plant_rgb,intrusion_normal_rgb_0128_cctv1,normal_candidate,normal,[116],[3.867],"{""start_frame"": 116, ""end_frame"": 116}","[""walk, carry/hold (an object)""]","[""normal""]",normal,"{""normal"": 1, ""unsafe"": 0, ""danger"": 0}","{""normal"": 1.0, ""unsafe"": 0.0, ""danger"": 0.0}",normal,normal,normal,True,False,labeling_yolo_single_frame,single_frame_gt_from_sampled_frame_label,normal,normal,True,True,True,0.6017,"{""risk_state"":""normal""}
"
intrusion_normal_rgb_0128_cctv1_f000126,normal_plant_rgb,intrusion_normal_rgb_0128_cctv1,normal_candidate,normal,[126],[4.2],"{""start_frame"": 126, ""end_frame"": 126}","[""walk, carry/hold (an object)""]","[""normal""]",normal,"{""normal"": 1, ""unsafe"": 0, ""danger"": 0}","{""normal"": 1.0, ""unsafe"": 0.0, ""danger"": 0.0}",normal,normal,normal,True,False,labeling_yolo_single_frame,single_frame_gt_from_sampled_frame_label,normal,normal,True,True,True,0.6063,"{""risk_state"":""normal""}
"
intrusion_normal_rgb_0128_cctv1_f000136,normal_plant_rgb,intrusion_normal_rgb_0128_cctv1,normal_candidate,normal,[136],[4.533],"{""start_frame"": 136, ""end_frame"": 136}","[""walk, carry/hold (an object)""]","[""normal""]",normal,"{""normal"": 1, ""unsafe"": 0, ""danger"": 0}","{""normal"": 1.0, ""unsafe"": 0.0, ""danger"": 0.0}",normal,normal,normal,True,False,labeling_yolo_single_frame,single_frame_gt_from_sampled_frame_label,normal,normal,True,True,True,0.6002,"{""risk_state"":""normal""}
"
intrusion_normal_rgb_0128_cctv1_f000146,normal_plant_rgb,intrusion_normal_rgb_0128_cctv1,normal_candidate,normal,[146],[4.867],"{""start_frame"": 146, ""end_frame"": 146}","[""walk, carry/hold (an object)""]","[""normal""]",normal,"{""normal"": 1, ""unsafe"": 0, ""danger"": 0}","{""normal"": 1.0, ""unsafe"": 0.0, ""danger"": 0.0}",normal,normal,normal,True,False,labeling_yolo_single_frame,single_frame_gt_from_sampled_frame_label,normal,normal,True,True,True,0.5965,"{""risk_state"":""normal""}
"
intrusion_normal_rgb_0128_cctv1_f000156,normal_plant_rgb,intrusion_normal_rgb_0128_cctv1,normal_candidate,normal,[156],[5.2],"{""start_frame"": 156, ""end_frame"": 156}","[""walk, carry/hold (an object)""]","[""normal""]",normal,"{""normal"": 1, ""unsafe"": 0, ""danger"": 0}","{""normal"": 1.0, ""unsafe"": 0.0, ""danger"": 0.0}",normal,normal,normal,True,False,labeling_yolo_single_frame,single_frame_gt_from_sampled_frame_label,normal,normal,True,True,True,0.5992,"{""risk_state"":""normal""}
"
intrusion_normal_rgb_0133_cctv1_f000016,normal_plant_rgb,intrusion_normal_rgb_0133_cctv1,normal_candidate,normal,[16],[0.533],"{""start_frame"": 16, ""end_frame"": 16}","[""walk, carry/hold (an object)""]","[""normal""]",normal,"{""normal"": 1, ""unsafe"": 0, ""danger"": 0}","{""normal"": 1.0, ""unsafe"": 0.0, ""danger"": 0.0}",normal,normal,normal,True,False,labeling_yolo_single_frame,single_frame_gt_from_sampled_frame_label,normal,normal,True,True,True,0.5982,"{""risk_state"":""normal""}
"
intrusion_normal_rgb_0133_cctv1_f000026,normal_plant_rgb,intrusion_normal_rgb_0133_cctv1,normal_candidate,normal,[26],[0.867],"{""start_frame"": 26, ""end_frame"": 26}","[""walk, carry/hold (an object)""]","[""normal""]",normal,"{""normal"": 1, ""unsafe"": 0, ""danger"": 0}","{""normal"": 1.0, ""unsafe"": 0.0, ""danger"": 0.0}",normal,normal,normal,True,False,labeling_yolo_single_frame,single_frame_gt_from_sampled_frame_label,normal,normal,True,True,True,0.6008,"{""risk_state"":""normal""}
"
intrusion_normal_rgb_0133_cctv1_f000036,normal_plant_rgb,intrusion_normal_rgb_0133_cctv1,normal_candidate,normal,[36],[1.2],"{""start_frame"": 36, ""end_frame"": 36}","[""walk, carry/hold (an object)""]","[""normal""]",normal,"{""normal"": 1, ""unsafe"": 0, ""danger"": 0}","{""normal"": 1.0, ""unsafe"": 0.0, ""danger"": 0.0}",normal,normal,normal,True,False,labeling_yolo_single_frame,single_frame_gt_from_sampled_frame_label,normal,normal,True,True,True,0.5973,"{""risk_state"":""normal""}
"
intrusion_normal_rgb_0133_cctv1_f000046,normal_plant_rgb,intrusion_normal_rgb_0133_cctv1,normal_candidate,normal,[46],[1.533],"{""start_frame"": 46, ""end_frame"": 46}","[""walk, carry/hold (an object)""]","[""normal""]",normal,"{""normal"": 1, ""unsafe"": 0, ""danger"": 0}","{""normal"": 1.0, ""unsafe"": 0.0, ""danger"": 0.0}",normal,normal,normal,True,False,labeling_yolo_single_frame,single_frame_gt_from_sampled_frame_label,normal,normal,True,True,True,0.5989,"{""risk_state"":""normal""}
"
intrusion_normal_rgb_0133_cctv1_f000056,normal_plant_rgb,intrusion_normal_rgb_0133_cctv1,normal_candidate,normal,[56],[1.867],"{""start_frame"": 56, ""end_frame"": 56}","[""walk, carry/hold (an object)""]","[""normal""]",normal,"{""normal"": 1, ""unsafe"": 0, ""danger"": 0}","{""normal"": 1.0, ""unsafe"": 0.0, ""danger"": 0.0}",normal,normal,normal,True,False,labeling_yolo_single_frame,single_frame_gt_from_sampled_frame_label,normal,normal,True,True,True,0.6013,"{""risk_state"":""normal""}
"
intrusion_normal_rgb_0133_cctv1_f000066,normal_plant_rgb,intrusion_normal_rgb_0133_cctv1,normal_candidate,normal,[66],[2.2],"{""start_frame"": 66, ""end_frame"": 66}","[""walk, carry/hold (an object)""]","[""normal""]",normal,"{""normal"": 1, ""unsafe"": 0, ""danger"": 0}","{""normal"": 1.0, ""unsafe"": 0.0, ""danger"": 0.0}",normal,normal,normal,True,False,labeling_yolo_single_frame,single_frame_gt_from_sampled_frame_label,normal,normal,True,True,True,0.5994,"{""risk_state"":""normal""}
"
intrusion_normal_rgb_0133_cctv1_f000076,normal_plant_rgb,intrusion_normal_rgb_0133_cctv1,normal_candidate,normal,[76],[2.533],"{""start_frame"": 76, ""end_frame"": 76}","[""walk, carry/hold (an object)""]","[""normal""]",normal,"{""normal"": 1, ""unsafe"": 0, ""danger"": 0}","{""normal"": 1.0, ""unsafe"": 0.0, ""danger"": 0.0}",normal,normal,normal,True,False,labeling_yolo_single_frame,single_frame_gt_from_sampled_frame_label,normal,normal,True,True,True,0.6089,"{""risk_state"":""normal""}
"
intrusion_normal_rgb_0133_cctv1_f000086,normal_plant_rgb,intrusion_normal_rgb_0133_cctv1,normal_candidate,normal,[86],[2.867],"{""start_frame"": 86, ""end_frame"": 86}","[""walk, carry/hold (an object)""]","[""normal""]",normal,"{""normal"": 1, ""unsafe"": 0, ""danger"": 0}","{""normal"": 1.0, ""unsafe"": 0.0, ""danger"": 0.0}",normal,normal,normal,True,False,labeling_yolo_single_frame,single_frame_gt_from_sampled_frame_label,normal,normal,True,True,True,0.5953,"{""risk_state"":""normal""}
"
intrusion_normal_rgb_0133_cctv1_f000096,normal_plant_rgb,intrusion_normal_rgb_0133_cctv1,normal_candidate,normal,[96],[3.2],"{""start_frame"": 96, ""end_frame"": 96}","[""walk, carry/hold (an object)""]","[""normal""]",normal,"{""normal"": 1, ""unsafe"": 0, ""danger"": 0}","{""normal"": 1.0, ""unsafe"": 0.0, ""danger"": 0.0}",normal,normal,normal,True,False,labeling_yolo_single_frame,single_frame_gt_from_sampled_frame_label,normal,normal,True,True,True,0.6038,"{""risk_state"":""normal""}
"
intrusion_normal_rgb_0133_cctv1_f000106,normal_plant_rgb,intrusion_normal_rgb_0133_cctv1,normal_candidate,normal,[106],[3.533],"{""start_frame"": 106, ""end_frame"": 106}","[""walk, carry/hold (an object)""]","[""normal""]",normal,"{""normal"": 1, ""unsafe"": 0, ""danger"": 0}","{""normal"": 1.0, ""unsafe"": 0.0, ""danger"": 0.0}",normal,normal,normal,True,False,labeling_yolo_single_frame,single_frame_gt_from_sampled_frame_label,normal,normal,True,True,True,0.5979,"{""risk_state"":""normal""}
"
intrusion_normal_rgb_0133_cctv1_f000116,normal_plant_rgb,intrusion_normal_rgb_0133_cctv1,normal_candidate,normal,[116],[3.867],"{""start_frame"": 116, ""end_frame"": 116}","[""walk, carry/hold (an object)""]","[""normal""]",normal,"{""normal"": 1, ""unsafe"": 0, ""danger"": 0}","{""normal"": 1.0, ""unsafe"": 0.0, ""danger"": 0.0}",normal,normal,normal,True,False,labeling_yolo_single_frame,single_frame_gt_from_sampled_frame_label,normal,normal,True,True,True,0.6054,"{""risk_state"":""normal""}
"
intrusion_normal_rgb_0133_cctv1_f000126,normal_plant_rgb,intrusion_normal_rgb_0133_cctv1,normal_candidate,normal,[126],[4.2],"{""start_frame"": 126, ""end_frame"": 126}","[""walk, carry/hold (an object)""]","[""normal""]",normal,"{""normal"": 1, ""unsafe"": 0, ""danger"": 0}","{""normal"": 1.0, ""unsafe"": 0.0, ""danger"": 0.0}",normal,normal,normal,True,False,labeling_yolo_single_frame,single_frame_gt_from_sampled_frame_label,normal,normal,True,True,True,0.5992,"{""risk_state"":""normal""}
"
intrusion_normal_rgb_0133_cctv1_f000136,normal_plant_rgb,intrusion_normal_rgb_0133_cctv1,normal_candidate,normal,[136],[4.533],"{""start_frame"": 136, ""end_frame"": 136}","[""walk, carry/hold (an object)""]","[""normal""]",normal,"{""normal"": 1, ""unsafe"": 0, ""danger"": 0}","{""normal"": 1.0, ""unsafe"": 0.0, ""danger"": 0.0}",normal,normal,normal,True,False,labeling_yolo_single_frame,single_frame_gt_from_sampled_frame_label,normal,normal,True,True,True,0.5996,"{""risk_state"":""normal""}
"
intrusion_normal_rgb_0133_cctv1_f000146,normal_plant_rgb,intrusion_normal_rgb_0133_cctv1,normal_candidate,normal,[146],[4.867],"{""start_frame"": 146, ""end_frame"": 146}","[""walk, carry/hold (an object)""]","[""normal""]",normal,"{""normal"": 1, ""unsafe"": 0, ""danger"": 0}","{""normal"": 1.0, ""unsafe"": 0.0, ""danger"": 0.0}",normal,normal,normal,True,False,labeling_yolo_single_frame,single_frame_gt_from_sampled_frame_label,normal,normal,True,True,True,0.5997,"{""risk_state"":""normal""}
"
intrusion_normal_rgb_0133_cctv1_f000156,normal_plant_rgb,intrusion_normal_rgb_0133_cctv1,normal_candidate,normal,[156],[5.2],"{""start_frame"": 156, ""end_frame"": 156}","[""stand, carry/hold (an object)""]","[""normal""]",normal,"{""normal"": 1, ""unsafe"": 0, ""danger"": 0}","{""normal"": 1.0, ""unsafe"": 0.0, ""danger"": 0.0}",normal,normal,normal,True,False,labeling_yolo_single_frame,single_frame_gt_from_sampled_frame_label,normal,normal,True,True,True,0.6006,"{""risk_state"":""normal""}
"
intrusion_normal_rgb_0138_cctv2_f000016,normal_plant_rgb,intrusion_normal_rgb_0138_cctv2,normal_candidate,normal,[16],[0.533],"{""start_frame"": 16, ""end_frame"": 16}","[""walk, carry/hold (an object)""]","[""normal""]",normal,"{""normal"": 1, ""unsafe"": 0, ""danger"": 0}","{""normal"": 1.0, ""unsafe"": 0.0, ""danger"": 0.0}",normal,normal,normal,True,False,labeling_yolo_single_frame,single_frame_gt_from_sampled_frame_label,unsafe,intrusion,False,True,True,0.6025,"{""risk_state"":""unsafe""}
"
intrusion_normal_rgb_0138_cctv2_f000026,normal_plant_rgb,intrusion_normal_rgb_0138_cctv2,normal_candidate,normal,[26],[0.867],"{""start_frame"": 26, ""end_frame"": 26}","[""walk, carry/hold (an object)""]","[""normal""]",normal,"{""normal"": 1, ""unsafe"": 0, ""danger"": 0}","{""normal"": 1.0, ""unsafe"": 0.0, ""danger"": 0.0}",normal,normal,normal,True,False,labeling_yolo_single_frame,single_frame_gt_from_sampled_frame_label,unsafe,intrusion,False,True,True,0.5992,"{""risk_state"":""unsafe""}
"
intrusion_normal_rgb_0138_cctv2_f000036,normal_plant_rgb,intrusion_normal_rgb_0138_cctv2,normal_candidate,normal,[36],[1.2],"{""start_frame"": 36, ""end_frame"": 36}","[""walk, carry/hold (an object)""]","[""normal""]",normal,"{""normal"": 1, ""unsafe"": 0, ""danger"": 0}","{""normal"": 1.0, ""unsafe"": 0.0, ""danger"": 0.0}",normal,normal,normal,True,False,labeling_yolo_single_frame,single_frame_gt_from_sampled_frame_label,unsafe,intrusion,False,True,True,0.605,"{""risk_state"":""unsafe""}
"
intrusion_normal_rgb_0138_cctv2_f000046,normal_plant_rgb,intrusion_normal_rgb_0138_cctv2,normal_candidate,normal,[46],[1.533],"{""start_frame"": 46, ""end_frame"": 46}","[""walk, carry/hold (an object)""]","[""normal""]",normal,"{""normal"": 1, ""unsafe"": 0, ""danger"": 0}","{""normal"": 1.0, ""unsafe"": 0.0, ""danger"": 0.0}",normal,normal,normal,True,False,labeling_yolo_single_frame,single_frame_gt_from_sampled_frame_label,unsafe,intrusion,False,True,True,0.6088,"{""risk_state"":""unsafe""}
"
intrusion_normal_rgb_0138_cctv2_f000056,normal_plant_rgb,intrusion_normal_rgb_0138_cctv2,normal_candidate,normal,[56],[1.867],"{""start_frame"": 56, ""end_frame"": 56}","[""walk, carry/hold (an object)""]","[""normal""]",normal,"{""normal"": 1, ""unsafe"": 0, ""danger"": 0}","{""normal"": 1.0, ""unsafe"": 0.0, ""danger"": 0.0}",normal,normal,normal,True,False,labeling_yolo_single_frame,single_frame_gt_from_sampled_frame_label,normal,normal,True,True,True,0.604,"{""risk_state"":""normal""}
"
intrusion_normal_rgb_0138_cctv2_f000066,normal_plant_rgb,intrusion_normal_rgb_0138_cctv2,normal_candidate,normal,[66],[2.2],"{""start_frame"": 66, ""end_frame"": 66}","[""walk, carry/hold (an object)""]","[""normal""]",normal,"{""normal"": 1, ""unsafe"": 0, ""danger"": 0}","{""normal"": 1.0, ""unsafe"": 0.0, ""danger"": 0.0}",normal,normal,normal,True,False,labeling_yolo_single_frame,single_frame_gt_from_sampled_frame_label,normal,normal,True,True,True,0.6127,"{""risk_state"":""normal""}
"
intrusion_normal_rgb_0138_cctv2_f000076,normal_plant_rgb,intrusion_normal_rgb_0138_cctv2,normal_candidate,normal,[76],[2.533],"{""start_frame"": 76, ""end_frame"": 76}","[""walk, carry/hold (an object)""]","[""normal""]",normal,"{""normal"": 1, ""unsafe"": 0, ""danger"": 0}","{""normal"": 1.0, ""unsafe"": 0.0, ""danger"": 0.0}",normal,normal,normal,True,False,labeling_yolo_single_frame,single_frame_gt_from_sampled_frame_label,unsafe,intrusion,False,True,True,0.6034,"{""risk_state"":""unsafe""}
"
intrusion_normal_rgb_0138_cctv2_f000086,normal_plant_rgb,intrusion_normal_rgb_0138_cctv2,normal_candidate,normal,[86],[2.867],"{""start_frame"": 86, ""end_frame"": 86}","[""walk, carry/hold (an object)""]","[""normal""]",normal,"{""normal"": 1, ""unsafe"": 0, ""danger"": 0}","{""normal"": 1.0, ""unsafe"": 0.0, ""danger"": 0.0}",normal,normal,normal,True,False,labeling_yolo_single_frame,single_frame_gt_from_sampled_frame_label,normal,normal,True,True,True,0.6075,"{""risk_state"":""normal""}
"
intrusion_normal_rgb_0138_cctv2_f000096,normal_plant_rgb,intrusion_normal_rgb_0138_cctv2,normal_candidate,normal,[96],[3.2],"{""start_frame"": 96, ""end_frame"": 96}","[""walk, carry/hold (an object)""]","[""normal""]",normal,"{""normal"": 1, ""unsafe"": 0, ""danger"": 0}","{""normal"": 1.0, ""unsafe"": 0.0, ""danger"": 0.0}",normal,normal,normal,True,False,labeling_yolo_single_frame,single_frame_gt_from_sampled_frame_label,normal,normal,True,True,True,0.6065,"{""risk_state"":""normal""}
"
intrusion_normal_rgb_0138_cctv2_f000106,normal_plant_rgb,intrusion_normal_rgb_0138_cctv2,normal_candidate,normal,[106],[3.533],"{""start_frame"": 106, ""end_frame"": 106}","[""walk, carry/hold (an object)""]","[""normal""]",normal,"{""normal"": 1, ""unsafe"": 0, ""danger"": 0}","{""normal"": 1.0, ""unsafe"": 0.0, ""danger"": 0.0}",normal,normal,normal,True,False,labeling_yolo_single_frame,single_frame_gt_from_sampled_frame_label,normal,normal,True,True,True,0.6066,"{""risk_state"":""normal""}
"
intrusion_normal_rgb_0138_cctv2_f000116,normal_plant_rgb,intrusion_normal_rgb_0138_cctv2,normal_candidate,normal,[116],[3.867],"{""start_frame"": 116, ""end_frame"": 116}","[""walk, carry/hold (an object)""]","[""normal""]",normal,"{""normal"": 1, ""unsafe"": 0, ""danger"": 0}","{""normal"": 1.0, ""unsafe"": 0.0, ""danger"": 0.0}",normal,normal,normal,True,False,labeling_yolo_single_frame,single_frame_gt_from_sampled_frame_label,normal,normal,True,True,True,0.6063,"{""risk_state"":""normal""}
"
intrusion_normal_rgb_0138_cctv2_f000126,normal_plant_rgb,intrusion_normal_rgb_0138_cctv2,normal_candidate,normal,[126],[4.2],"{""start_frame"": 126, ""end_frame"": 126}","[""walk, carry/hold (an object)""]","[""normal""]",normal,"{""normal"": 1, ""unsafe"": 0, ""danger"": 0}","{""normal"": 1.0, ""unsafe"": 0.0, ""danger"": 0.0}",normal,normal,normal,True,False,labeling_yolo_single_frame,single_frame_gt_from_sampled_frame_label,normal,normal,True,True,True,0.6044,"{""risk_state"":""normal""}
"
intrusion_normal_rgb_0138_cctv2_f000136,normal_plant_rgb,intrusion_normal_rgb_0138_cctv2,normal_candidate,normal,[136],[4.533],"{""start_frame"": 136, ""end_frame"": 136}","[""carry/hold (an object), walk""]","[""normal""]",normal,"{""normal"": 1, ""unsafe"": 0, ""danger"": 0}","{""normal"": 1.0, ""unsafe"": 0.0, ""danger"": 0.0}",normal,normal,normal,True,False,labeling_yolo_single_frame,single_frame_gt_from_sampled_frame_label,normal,normal,True,True,True,0.6031,"{""risk_state"":""normal""}
"
intrusion_normal_rgb_0138_cctv2_f000146,normal_plant_rgb,intrusion_normal_rgb_0138_cctv2,normal_candidate,normal,[146],[4.867],"{""start_frame"": 146, ""end_frame"": 146}","[""walk, stand""]","[""normal""]",normal,"{""normal"": 1, ""unsafe"": 0, ""danger"": 0}","{""normal"": 1.0, ""unsafe"": 0.0, ""danger"": 0.0}",normal,normal,normal,True,False,labeling_yolo_single_frame,single_frame_gt_from_sampled_frame_label,normal,normal,True,True,True,0.6011,"{""risk_state"":""normal""}
"
intrusion_normal_rgb_0138_cctv2_f000156,normal_plant_rgb,intrusion_normal_rgb_0138_cctv2,normal_candidate,normal,[156],[5.2],"{""start_frame"": 156, ""end_frame"": 156}","[""walk, carry/hold (an object)""]","[""normal""]",normal,"{""normal"": 1, ""unsafe"": 0, ""danger"": 0}","{""normal"": 1.0, ""unsafe"": 0.0, ""danger"": 0.0}",normal,normal,normal,True,False,labeling_yolo_single_frame,single_frame_gt_from_sampled_frame_label,normal,normal,True,True,True,0.5988,"{""risk_state"":""normal""}
"
intrusion_normal_rgb_0140_cctv4_f000016,normal_plant_rgb,intrusion_normal_rgb_0140_cctv4,normal_candidate,normal,[16],[0.533],"{""start_frame"": 16, ""end_frame"": 16}","[""walk, carry/hold (an object)""]","[""normal""]",normal,"{""normal"": 1, ""unsafe"": 0, ""danger"": 0}","{""normal"": 1.0, ""unsafe"": 0.0, ""danger"": 0.0}",normal,normal,normal,True,False,labeling_yolo_single_frame,single_frame_gt_from_sampled_frame_label,unsafe,intrusion,False,True,True,0.6031,"{""risk_state"":""unsafe""}
"
intrusion_normal_rgb_0140_cctv4_f000026,normal_plant_rgb,intrusion_normal_rgb_0140_cctv4,normal_candidate,normal,[26],[0.867],"{""start_frame"": 26, ""end_frame"": 26}","[""walk, carry/hold (an object)""]","[""normal""]",normal,"{""normal"": 1, ""unsafe"": 0, ""danger"": 0}","{""normal"": 1.0, ""unsafe"": 0.0, ""danger"": 0.0}",normal,normal,normal,True,False,labeling_yolo_single_frame,single_frame_gt_from_sampled_frame_label,normal,normal,True,True,True,0.585,"{""risk_state"":""normal""}
"
intrusion_normal_rgb_0140_cctv4_f000036,normal_plant_rgb,intrusion_normal_rgb_0140_cctv4,normal_candidate,normal,[36],[1.2],"{""start_frame"": 36, ""end_frame"": 36}","[""walk, carry/hold (an object)""]","[""normal""]",normal,"{""normal"": 1, ""unsafe"": 0, ""danger"": 0}","{""normal"": 1.0, ""unsafe"": 0.0, ""danger"": 0.0}",normal,normal,normal,True,False,labeling_yolo_single_frame,single_frame_gt_from_sampled_frame_label,normal,normal,True,True,True,0.5999,"{""risk_state"":""normal""}
"
intrusion_normal_rgb_0140_cctv4_f000046,normal_plant_rgb,intrusion_normal_rgb_0140_cctv4,normal_candidate,normal,[46],[1.533],"{""start_frame"": 46, ""end_frame"": 46}","[""walk, carry/hold (an object)""]","[""normal""]",normal,"{""normal"": 1, ""unsafe"": 0, ""danger"": 0}","{""normal"": 1.0, ""unsafe"": 0.0, ""danger"": 0.0}",normal,normal,normal,True,False,labeling_yolo_single_frame,single_frame_gt_from_sampled_frame_label,unsafe,intrusion,False,True,True,0.5847,"{""risk_state"":""unsafe""}
"
intrusion_normal_rgb_0140_cctv4_f000056,normal_plant_rgb,intrusion_normal_rgb_0140_cctv4,normal_candidate,normal,[56],[1.867],"{""start_frame"": 56, ""end_frame"": 56}","[""walk, carry/hold (an object)""]","[""normal""]",normal,"{""normal"": 1, ""unsafe"": 0, ""danger"": 0}","{""normal"": 1.0, ""unsafe"": 0.0, ""danger"": 0.0}",normal,normal,normal,True,False,labeling_yolo_single_frame,single_frame_gt_from_sampled_frame_label,normal,normal,True,True,True,0.6004,"{""risk_state"":""normal""}
"
intrusion_normal_rgb_0140_cctv4_f000066,normal_plant_rgb,intrusion_normal_rgb_0140_cctv4,normal_candidate,normal,[66],[2.2],"{""start_frame"": 66, ""end_frame"": 66}","[""walk, carry/hold (an object)""]","[""normal""]",normal,"{""normal"": 1, ""unsafe"": 0, ""danger"": 0}","{""normal"": 1.0, ""unsafe"": 0.0, ""danger"": 0.0}",normal,normal,normal,True,False,labeling_yolo_single_frame,single_frame_gt_from_sampled_frame_label,unsafe,intrusion,False,True,True,0.6012,"{""risk_state"":""unsafe""}
"
intrusion_normal_rgb_0140_cctv4_f000076,normal_plant_rgb,intrusion_normal_rgb_0140_cctv4,normal_candidate,normal,[76],[2.533],"{""start_frame"": 76, ""end_frame"": 76}","[""walk, carry/hold (an object)""]","[""normal""]",normal,"{""normal"": 1, ""unsafe"": 0, ""danger"": 0}","{""normal"": 1.0, ""unsafe"": 0.0, ""danger"": 0.0}",normal,normal,normal,True,False,labeling_yolo_single_frame,single_frame_gt_from_sampled_frame_label,normal,normal,True,True,True,0.6012,"{""risk_state"":""normal""}
"
intrusion_normal_rgb_0140_cctv4_f000086,normal_plant_rgb,intrusion_normal_rgb_0140_cctv4,normal_candidate,normal,[86],[2.867],"{""start_frame"": 86, ""end_frame"": 86}","[""walk, carry/hold (an object)""]","[""normal""]",normal,"{""normal"": 1, ""unsafe"": 0, ""danger"": 0}","{""normal"": 1.0, ""unsafe"": 0.0, ""danger"": 0.0}",normal,normal,normal,True,False,labeling_yolo_single_frame,single_frame_gt_from_sampled_frame_label,normal,normal,True,True,True,0.6152,"{""risk_state"":""normal""}
"
intrusion_normal_rgb_0140_cctv4_f000096,normal_plant_rgb,intrusion_normal_rgb_0140_cctv4,normal_candidate,normal,[96],[3.2],"{""start_frame"": 96, ""end_frame"": 96}","[""walk, carry/hold (an object)""]","[""normal""]",normal,"{""normal"": 1, ""unsafe"": 0, ""danger"": 0}","{""normal"": 1.0, ""unsafe"": 0.0, ""danger"": 0.0}",normal,normal,normal,True,False,labeling_yolo_single_frame,single_frame_gt_from_sampled_frame_label,normal,normal,True,True,True,0.6002,"{""risk_state"":""normal""}
"
intrusion_normal_rgb_0140_cctv4_f000106,normal_plant_rgb,intrusion_normal_rgb_0140_cctv4,normal_candidate,normal,[106],[3.533],"{""start_frame"": 106, ""end_frame"": 106}","[""walk, carry/hold (an object)""]","[""normal""]",normal,"{""normal"": 1, ""unsafe"": 0, ""danger"": 0}","{""normal"": 1.0, ""unsafe"": 0.0, ""danger"": 0.0}",normal,normal,normal,True,False,labeling_yolo_single_frame,single_frame_gt_from_sampled_frame_label,normal,normal,True,True,True,0.5989,"{""risk_state"":""normal""}
"
intrusion_normal_rgb_0140_cctv4_f000116,normal_plant_rgb,intrusion_normal_rgb_0140_cctv4,normal_candidate,normal,[116],[3.867],"{""start_frame"": 116, ""end_frame"": 116}","[""walk, carry/hold (an object)""]","[""normal""]",normal,"{""normal"": 1, ""unsafe"": 0, ""danger"": 0}","{""normal"": 1.0, ""unsafe"": 0.0, ""danger"": 0.0}",normal,normal,normal,True,False,labeling_yolo_single_frame,single_frame_gt_from_sampled_frame_label,normal,normal,True,True,True,0.6082,"{""risk_state"":""normal""}
"
intrusion_normal_rgb_0140_cctv4_f000126,normal_plant_rgb,intrusion_normal_rgb_0140_cctv4,normal_candidate,normal,[126],[4.2],"{""start_frame"": 126, ""end_frame"": 126}","[""walk, carry/hold (an object)""]","[""normal""]",normal,"{""normal"": 1, ""unsafe"": 0, ""danger"": 0}","{""normal"": 1.0, ""unsafe"": 0.0, ""danger"": 0.0}",normal,normal,normal,True,False,labeling_yolo_single_frame,single_frame_gt_from_sampled_frame_label,normal,normal,True,True,True,0.602,"{""risk_state"":""normal""}
"
intrusion_normal_rgb_0140_cctv4_f000136,normal_plant_rgb,intrusion_normal_rgb_0140_cctv4,normal_candidate,normal,[136],[4.533],"{""start_frame"": 136, ""end_frame"": 136}","[""walk, carry/hold (an object)""]","[""normal""]",normal,"{""normal"": 1, ""unsafe"": 0, ""danger"": 0}","{""normal"": 1.0, ""unsafe"": 0.0, ""danger"": 0.0}",normal,normal,normal,True,False,labeling_yolo_single_frame,single_frame_gt_from_sampled_frame_label,unsafe,intrusion,False,True,True,0.5996,"{""risk_state"":""unsafe""}
"
intrusion_normal_rgb_0140_cctv4_f000146,normal_plant_rgb,intrusion_normal_rgb_0140_cctv4,normal_candidate,normal,[146],[4.867],"{""start_frame"": 146, ""end_frame"": 146}","[""walk, carry/hold (an object)""]","[""normal""]",normal,"{""normal"": 1, ""unsafe"": 0, ""danger"": 0}","{""normal"": 1.0, ""unsafe"": 0.0, ""danger"": 0.0}",normal,normal,normal,True,False,labeling_yolo_single_frame,single_frame_gt_from_sampled_frame_label,normal,normal,True,True,True,0.6027,"{""risk_state"":""normal""}
"
intrusion_normal_rgb_0140_cctv4_f000156,normal_plant_rgb,intrusion_normal_rgb_0140_cctv4,normal_candidate,normal,[156],[5.2],"{""start_frame"": 156, ""end_frame"": 156}","[""walk, carry/hold (an object)""]","[""normal""]",normal,"{""normal"": 1, ""unsafe"": 0, ""danger"": 0}","{""normal"": 1.0, ""unsafe"": 0.0, ""danger"": 0.0}",normal,normal,normal,True,False,labeling_yolo_single_frame,single_frame_gt_from_sampled_frame_label,unsafe,intrusion,False,True,True,0.6087,"{""risk_state"":""unsafe""}
"
intrusion_normal_rgb_0156_cctv2_f000016,normal_plant_rgb,intrusion_normal_rgb_0156_cctv2,normal_candidate,normal,[16],[0.533],"{""start_frame"": 16, ""end_frame"": 16}","[""walk, carry/hold (an object)""]","[""normal""]",normal,"{""normal"": 1, ""unsafe"": 0, ""danger"": 0}","{""normal"": 1.0, ""unsafe"": 0.0, ""danger"": 0.0}",normal,normal,normal,True,False,labeling_yolo_single_frame,single_frame_gt_from_sampled_frame_label,normal,normal,True,True,True,0.5997,"{""risk_state"":""normal""}
"
intrusion_normal_rgb_0156_cctv2_f000026,normal_plant_rgb,intrusion_normal_rgb_0156_cctv2,normal_candidate,normal,[26],[0.867],"{""start_frame"": 26, ""end_frame"": 26}","[""walk, carry/hold (an object)""]","[""normal""]",normal,"{""normal"": 1, ""unsafe"": 0, ""danger"": 0}","{""normal"": 1.0, ""unsafe"": 0.0, ""danger"": 0.0}",normal,normal,normal,True,False,labeling_yolo_single_frame,single_frame_gt_from_sampled_frame_label,normal,normal,True,True,True,0.5973,"{""risk_state"":""normal""}
"
intrusion_normal_rgb_0156_cctv2_f000036,normal_plant_rgb,intrusion_normal_rgb_0156_cctv2,normal_candidate,normal,[36],[1.2],"{""start_frame"": 36, ""end_frame"": 36}","[""walk, carry/hold (an object)""]","[""normal""]",normal,"{""normal"": 1, ""unsafe"": 0, ""danger"": 0}","{""normal"": 1.0, ""unsafe"": 0.0, ""danger"": 0.0}",normal,normal,normal,True,False,labeling_yolo_single_frame,single_frame_gt_from_sampled_frame_label,unsafe,intrusion,False,True,True,0.6025,"{""risk_state"":""unsafe""}
"
intrusion_normal_rgb_0156_cctv2_f000046,normal_plant_rgb,intrusion_normal_rgb_0156_cctv2,normal_candidate,normal,[46],[1.533],"{""start_frame"": 46, ""end_frame"": 46}","[""walk, carry/hold (an object)""]","[""normal""]",normal,"{""normal"": 1, ""unsafe"": 0, ""danger"": 0}","{""normal"": 1.0, ""unsafe"": 0.0, ""danger"": 0.0}",normal,normal,normal,True,False,labeling_yolo_single_frame,single_frame_gt_from_sampled_frame_label,unsafe,intrusion,False,True,True,0.6005,"{""risk_state"":""unsafe""}
"
intrusion_normal_rgb_0156_cctv2_f000056,normal_plant_rgb,intrusion_normal_rgb_0156_cctv2,normal_candidate,normal,[56],[1.867],"{""start_frame"": 56, ""end_frame"": 56}","[""walk, carry/hold (an object)""]","[""normal""]",normal,"{""normal"": 1, ""unsafe"": 0, ""danger"": 0}","{""normal"": 1.0, ""unsafe"": 0.0, ""danger"": 0.0}",normal,normal,normal,True,False,labeling_yolo_single_frame,single_frame_gt_from_sampled_frame_label,unsafe,intrusion,False,True,True,0.601,"{""risk_state"":""unsafe""}
"
intrusion_normal_rgb_0156_cctv2_f000066,normal_plant_rgb,intrusion_normal_rgb_0156_cctv2,normal_candidate,normal,[66],[2.2],"{""start_frame"": 66, ""end_frame"": 66}","[""walk, carry/hold (an object)""]","[""normal""]",normal,"{""normal"": 1, ""unsafe"": 0, ""danger"": 0}","{""normal"": 1.0, ""unsafe"": 0.0, ""danger"": 0.0}",normal,normal,normal,True,False,labeling_yolo_single_frame,single_frame_gt_from_sampled_frame_label,unsafe,intrusion,False,True,True,0.6016,"{""risk_state"":""unsafe""}
"
intrusion_normal_rgb_0156_cctv2_f000076,normal_plant_rgb,intrusion_normal_rgb_0156_cctv2,normal_candidate,normal,[76],[2.533],"{""start_frame"": 76, ""end_frame"": 76}","[""walk, carry/hold (an object)""]","[""normal""]",normal,"{""normal"": 1, ""unsafe"": 0, ""danger"": 0}","{""normal"": 1.0, ""unsafe"": 0.0, ""danger"": 0.0}",normal,normal,normal,True,False,labeling_yolo_single_frame,single_frame_gt_from_sampled_frame_label,normal,normal,True,True,True,0.5989,"{""risk_state"":""normal""}
"
intrusion_normal_rgb_0156_cctv2_f000086,normal_plant_rgb,intrusion_normal_rgb_0156_cctv2,normal_candidate,normal,[86],[2.867],"{""start_frame"": 86, ""end_frame"": 86}","[""walk, carry/hold (an object)""]","[""normal""]",normal,"{""normal"": 1, ""unsafe"": 0, ""danger"": 0}","{""normal"": 1.0, ""unsafe"": 0.0, ""danger"": 0.0}",normal,normal,normal,True,False,labeling_yolo_single_frame,single_frame_gt_from_sampled_frame_label,normal,normal,True,True,True,0.6029,"{""risk_state"":""normal""}
"
intrusion_normal_rgb_0156_cctv2_f000096,normal_plant_rgb,intrusion_normal_rgb_0156_cctv2,normal_candidate,normal,[96],[3.2],"{""start_frame"": 96, ""end_frame"": 96}","[""walk, carry/hold (an object)""]","[""normal""]",normal,"{""normal"": 1, ""unsafe"": 0, ""danger"": 0}","{""normal"": 1.0, ""unsafe"": 0.0, ""danger"": 0.0}",normal,normal,normal,True,False,labeling_yolo_single_frame,single_frame_gt_from_sampled_frame_label,normal,normal,True,True,True,0.5983,"{""risk_state"":""normal""}
"
intrusion_normal_rgb_0156_cctv2_f000106,normal_plant_rgb,intrusion_normal_rgb_0156_cctv2,normal_candidate,normal,[106],[3.533],"{""start_frame"": 106, ""end_frame"": 106}","[""walk, carry/hold (an object)""]","[""normal""]",normal,"{""normal"": 1, ""unsafe"": 0, ""danger"": 0}","{""normal"": 1.0, ""unsafe"": 0.0, ""danger"": 0.0}",normal,normal,normal,True,False,labeling_yolo_single_frame,single_frame_gt_from_sampled_frame_label,normal,normal,True,True,True,0.6081,"{""risk_state"":""normal""}
"
intrusion_normal_rgb_0156_cctv2_f000116,normal_plant_rgb,intrusion_normal_rgb_0156_cctv2,normal_candidate,normal,[116],[3.867],"{""start_frame"": 116, ""end_frame"": 116}","[""walk, carry/hold (an object)""]","[""normal""]",normal,"{""normal"": 1, ""unsafe"": 0, ""danger"": 0}","{""normal"": 1.0, ""unsafe"": 0.0, ""danger"": 0.0}",normal,normal,normal,True,False,labeling_yolo_single_frame,single_frame_gt_from_sampled_frame_label,normal,normal,True,True,True,0.5984,"{""risk_state"":""normal""}
"
intrusion_normal_rgb_0156_cctv2_f000126,normal_plant_rgb,intrusion_normal_rgb_0156_cctv2,normal_candidate,normal,[126],[4.2],"{""start_frame"": 126, ""end_frame"": 126}","[""walk, carry/hold (an object)""]","[""normal""]",normal,"{""normal"": 1, ""unsafe"": 0, ""danger"": 0}","{""normal"": 1.0, ""unsafe"": 0.0, ""danger"": 0.0}",normal,normal,normal,True,False,labeling_yolo_single_frame,single_frame_gt_from_sampled_frame_label,normal,normal,True,True,True,0.601,"{""risk_state"":""normal""}
"
intrusion_normal_rgb_0156_cctv2_f000136,normal_plant_rgb,intrusion_normal_rgb_0156_cctv2,normal_candidate,normal,[136],[4.533],"{""start_frame"": 136, ""end_frame"": 136}","[""walk, carry/hold (an object)""]","[""normal""]",normal,"{""normal"": 1, ""unsafe"": 0, ""danger"": 0}","{""normal"": 1.0, ""unsafe"": 0.0, ""danger"": 0.0}",normal,normal,normal,True,False,labeling_yolo_single_frame,single_frame_gt_from_sampled_frame_label,normal,normal,True,True,True,0.6014,"{""risk_state"":""normal""}
"
intrusion_normal_rgb_0156_cctv2_f000146,normal_plant_rgb,intrusion_normal_rgb_0156_cctv2,normal_candidate,normal,[146],[4.867],"{""start_frame"": 146, ""end_frame"": 146}","[""walk, carry/hold (an object)""]","[""normal""]",normal,"{""normal"": 1, ""unsafe"": 0, ""danger"": 0}","{""normal"": 1.0, ""unsafe"": 0.0, ""danger"": 0.0}",normal,normal,normal,True,False,labeling_yolo_single_frame,single_frame_gt_from_sampled_frame_label,normal,normal,True,True,True,0.6039,"{""risk_state"":""normal""}
"
intrusion_normal_rgb_0156_cctv2_f000156,normal_plant_rgb,intrusion_normal_rgb_0156_cctv2,normal_candidate,normal,[156],[5.2],"{""start_frame"": 156, ""end_frame"": 156}","[""walk, carry/hold (an object)""]","[""normal""]",normal,"{""normal"": 1, ""unsafe"": 0, ""danger"": 0}","{""normal"": 1.0, ""unsafe"": 0.0, ""danger"": 0.0}",normal,normal,normal,True,False,labeling_yolo_single_frame,single_frame_gt_from_sampled_frame_label,normal,normal,True,True,True,0.597,"{""risk_state"":""normal""}
"
intrusion_normal_rgb_0156_cctv2_f000166,normal_plant_rgb,intrusion_normal_rgb_0156_cctv2,normal_candidate,normal,[166],[5.533],"{""start_frame"": 166, ""end_frame"": 166}","[""walk, carry/hold (an object)""]","[""normal""]",normal,"{""normal"": 1, ""unsafe"": 0, ""danger"": 0}","{""normal"": 1.0, ""unsafe"": 0.0, ""danger"": 0.0}",normal,normal,normal,True,False,labeling_yolo_single_frame,single_frame_gt_from_sampled_frame_label,normal,normal,True,True,True,0.5999,"{""risk_state"":""normal""}
"
intrusion_normal_rgb_0156_cctv2_f000176,normal_plant_rgb,intrusion_normal_rgb_0156_cctv2,normal_candidate,normal,[176],[5.867],"{""start_frame"": 176, ""end_frame"": 176}","[""walk, carry/hold (an object)""]","[""normal""]",normal,"{""normal"": 1, ""unsafe"": 0, ""danger"": 0}","{""normal"": 1.0, ""unsafe"": 0.0, ""danger"": 0.0}",normal,normal,normal,True,False,labeling_yolo_single_frame,single_frame_gt_from_sampled_frame_label,normal,normal,True,True,True,0.6069,"{""risk_state"":""normal""}
"
intrusion_normal_rgb_0156_cctv2_f000186,normal_plant_rgb,intrusion_normal_rgb_0156_cctv2,normal_candidate,normal,[186],[6.2],"{""start_frame"": 186, ""end_frame"": 186}","[""walk, carry/hold (an object)""]","[""normal""]",normal,"{""normal"": 1, ""unsafe"": 0, ""danger"": 0}","{""normal"": 1.0, ""unsafe"": 0.0, ""danger"": 0.0}",normal,normal,normal,True,False,labeling_yolo_single_frame,single_frame_gt_from_sampled_frame_label,normal,normal,True,True,True,0.599,"{""risk_state"":""normal""}
"
intrusion_normal_rgb_0156_cctv2_f000196,normal_plant_rgb,intrusion_normal_rgb_0156_cctv2,normal_candidate,normal,[196],[6.533],"{""start_frame"": 196, ""end_frame"": 196}","[""walk, carry/hold (an object)""]","[""normal""]",normal,"{""normal"": 1, ""unsafe"": 0, ""danger"": 0}","{""normal"": 1.0, ""unsafe"": 0.0, ""danger"": 0.0}",normal,normal,normal,True,False,labeling_yolo_single_frame,single_frame_gt_from_sampled_frame_label,normal,normal,True,True,True,0.6037,"{""risk_state"":""normal""}
"
intrusion_normal_rgb_0156_cctv2_f000206,normal_plant_rgb,intrusion_normal_rgb_0156_cctv2,normal_candidate,normal,[206],[6.867],"{""start_frame"": 206, ""end_frame"": 206}","[""walk, carry/hold (an object)""]","[""normal""]",normal,"{""normal"": 1, ""unsafe"": 0, ""danger"": 0}","{""normal"": 1.0, ""unsafe"": 0.0, ""danger"": 0.0}",normal,normal,normal,True,False,labeling_yolo_single_frame,single_frame_gt_from_sampled_frame_label,normal,normal,True,True,True,0.6069,"{""risk_state"":""normal""}
"
intrusion_normal_rgb_0156_cctv2_f000216,normal_plant_rgb,intrusion_normal_rgb_0156_cctv2,normal_candidate,normal,[216],[7.2],"{""start_frame"": 216, ""end_frame"": 216}","[""walk, carry/hold (an object)""]","[""normal""]",normal,"{""normal"": 1, ""unsafe"": 0, ""danger"": 0}","{""normal"": 1.0, ""unsafe"": 0.0, ""danger"": 0.0}",normal,normal,normal,True,False,labeling_yolo_single_frame,single_frame_gt_from_sampled_frame_label,normal,normal,True,True,True,0.5981,"{""risk_state"":""normal""}
"
intrusion_normal_rgb_0158_cctv2_f000016,normal_plant_rgb,intrusion_normal_rgb_0158_cctv2,normal_candidate,normal,[16],[0.533],"{""start_frame"": 16, ""end_frame"": 16}","[""walk, carry/hold (an object)""]","[""normal""]",normal,"{""normal"": 1, ""unsafe"": 0, ""danger"": 0}","{""normal"": 1.0, ""unsafe"": 0.0, ""danger"": 0.0}",normal,normal,normal,True,False,labeling_yolo_single_frame,single_frame_gt_from_sampled_frame_label,normal,normal,True,True,True,0.596,"{""risk_state"":""normal""}
"
intrusion_normal_rgb_0158_cctv2_f000026,normal_plant_rgb,intrusion_normal_rgb_0158_cctv2,normal_candidate,normal,[26],[0.867],"{""start_frame"": 26, ""end_frame"": 26}","[""walk, carry/hold (an object)""]","[""normal""]",normal,"{""normal"": 1, ""unsafe"": 0, ""danger"": 0}","{""normal"": 1.0, ""unsafe"": 0.0, ""danger"": 0.0}",normal,normal,normal,True,False,labeling_yolo_single_frame,single_frame_gt_from_sampled_frame_label,normal,normal,True,True,True,0.6016,"{""risk_state"":""normal""}
"
intrusion_normal_rgb_0158_cctv2_f000036,normal_plant_rgb,intrusion_normal_rgb_0158_cctv2,normal_candidate,normal,[36],[1.2],"{""start_frame"": 36, ""end_frame"": 36}","[""walk, carry/hold (an object)""]","[""normal""]",normal,"{""normal"": 1, ""unsafe"": 0, ""danger"": 0}","{""normal"": 1.0, ""unsafe"": 0.0, ""danger"": 0.0}",normal,normal,normal,True,False,labeling_yolo_single_frame,single_frame_gt_from_sampled_frame_label,normal,normal,True,True,True,0.5972,"{""risk_state"":""normal""}
"
intrusion_normal_rgb_0158_cctv2_f000046,normal_plant_rgb,intrusion_normal_rgb_0158_cctv2,normal_candidate,normal,[46],[1.533],"{""start_frame"": 46, ""end_frame"": 46}","[""walk, stand""]","[""normal""]",normal,"{""normal"": 1, ""unsafe"": 0, ""danger"": 0}","{""normal"": 1.0, ""unsafe"": 0.0, ""danger"": 0.0}",normal,normal,normal,True,False,labeling_yolo_single_frame,single_frame_gt_from_sampled_frame_label,normal,normal,True,True,True,0.5994,"{""risk_state"":""normal""}
"
intrusion_normal_rgb_0158_cctv2_f000056,normal_plant_rgb,intrusion_normal_rgb_0158_cctv2,normal_candidate,normal,[56],[1.867],"{""start_frame"": 56, ""end_frame"": 56}","[""walk, stand""]","[""normal""]",normal,"{""normal"": 1, ""unsafe"": 0, ""danger"": 0}","{""normal"": 1.0, ""unsafe"": 0.0, ""danger"": 0.0}",normal,normal,normal,True,False,labeling_yolo_single_frame,single_frame_gt_from_sampled_frame_label,normal,normal,True,True,True,0.5944,"{""risk_state"":""normal""}
"
intrusion_normal_rgb_0158_cctv2_f000066,normal_plant_rgb,intrusion_normal_rgb_0158_cctv2,normal_candidate,normal,[66],[2.2],"{""start_frame"": 66, ""end_frame"": 66}","[""walk, carry/hold (an object)""]","[""normal""]",normal,"{""normal"": 1, ""unsafe"": 0, ""danger"": 0}","{""normal"": 1.0, ""unsafe"": 0.0, ""danger"": 0.0}",normal,normal,normal,True,False,labeling_yolo_single_frame,single_frame_gt_from_sampled_frame_label,normal,normal,True,True,True,0.6068,"{""risk_state"":""normal""}
"
intrusion_normal_rgb_0158_cctv2_f000076,normal_plant_rgb,intrusion_normal_rgb_0158_cctv2,normal_candidate,normal,[76],[2.533],"{""start_frame"": 76, ""end_frame"": 76}","[""walk, carry/hold (an object)""]","[""normal""]",normal,"{""normal"": 1, ""unsafe"": 0, ""danger"": 0}","{""normal"": 1.0, ""unsafe"": 0.0, ""danger"": 0.0}",normal,normal,normal,True,False,labeling_yolo_single_frame,single_frame_gt_from_sampled_frame_label,normal,normal,True,True,True,0.6036,"{""risk_state"":""normal""}
"
intrusion_normal_rgb_0158_cctv2_f000086,normal_plant_rgb,intrusion_normal_rgb_0158_cctv2,normal_candidate,normal,[86],[2.867],"{""start_frame"": 86, ""end_frame"": 86}","[""walk, carry/hold (an object)""]","[""normal""]",normal,"{""normal"": 1, ""unsafe"": 0, ""danger"": 0}","{""normal"": 1.0, ""unsafe"": 0.0, ""danger"": 0.0}",normal,normal,normal,True,False,labeling_yolo_single_frame,single_frame_gt_from_sampled_frame_label,normal,normal,True,True,True,0.6017,"{""risk_state"":""normal""}
"
intrusion_normal_rgb_0158_cctv2_f000096,normal_plant_rgb,intrusion_normal_rgb_0158_cctv2,normal_candidate,normal,[96],[3.2],"{""start_frame"": 96, ""end_frame"": 96}","[""walk, carry/hold (an object)""]","[""normal""]",normal,"{""normal"": 1, ""unsafe"": 0, ""danger"": 0}","{""normal"": 1.0, ""unsafe"": 0.0, ""danger"": 0.0}",normal,normal,normal,True,False,labeling_yolo_single_frame,single_frame_gt_from_sampled_frame_label,normal,normal,True,True,True,0.598,"{""risk_state"":""normal""}
"
intrusion_normal_rgb_0158_cctv2_f000106,normal_plant_rgb,intrusion_normal_rgb_0158_cctv2,normal_candidate,normal,[106],[3.533],"{""start_frame"": 106, ""end_frame"": 106}","[""walk, stand""]","[""normal""]",normal,"{""normal"": 1, ""unsafe"": 0, ""danger"": 0}","{""normal"": 1.0, ""unsafe"": 0.0, ""danger"": 0.0}",normal,normal,normal,True,False,labeling_yolo_single_frame,single_frame_gt_from_sampled_frame_label,normal,normal,True,True,True,0.6026,"{""risk_state"":""normal""}
"
intrusion_normal_rgb_0158_cctv2_f000116,normal_plant_rgb,intrusion_normal_rgb_0158_cctv2,normal_candidate,normal,[116],[3.867],"{""start_frame"": 116, ""end_frame"": 116}","[""walk, carry/hold (an object)""]","[""normal""]",normal,"{""normal"": 1, ""unsafe"": 0, ""danger"": 0}","{""normal"": 1.0, ""unsafe"": 0.0, ""danger"": 0.0}",normal,normal,normal,True,False,labeling_yolo_single_frame,single_frame_gt_from_sampled_frame_label,normal,normal,True,True,True,0.5987,"{""risk_state"":""normal""}
"
intrusion_normal_rgb_0158_cctv2_f000126,normal_plant_rgb,intrusion_normal_rgb_0158_cctv2,normal_candidate,normal,[126],[4.2],"{""start_frame"": 126, ""end_frame"": 126}","[""walk, carry/hold (an object)""]","[""normal""]",normal,"{""normal"": 1, ""unsafe"": 0, ""danger"": 0}","{""normal"": 1.0, ""unsafe"": 0.0, ""danger"": 0.0}",normal,normal,normal,True,False,labeling_yolo_single_frame,single_frame_gt_from_sampled_frame_label,normal,normal,True,True,True,0.6018,"{""risk_state"":""normal""}
"
intrusion_normal_rgb_0158_cctv2_f000136,normal_plant_rgb,intrusion_normal_rgb_0158_cctv2,normal_candidate,normal,[136],[4.533],"{""start_frame"": 136, ""end_frame"": 136}","[""walk, carry/hold (an object)""]","[""normal""]",normal,"{""normal"": 1, ""unsafe"": 0, ""danger"": 0}","{""normal"": 1.0, ""unsafe"": 0.0, ""danger"": 0.0}",normal,normal,normal,True,False,labeling_yolo_single_frame,single_frame_gt_from_sampled_frame_label,normal,normal,True,True,True,0.6086,"{""risk_state"":""normal""}
"
intrusion_normal_rgb_0158_cctv2_f000146,normal_plant_rgb,intrusion_normal_rgb_0158_cctv2,normal_candidate,normal,[146],[4.867],"{""start_frame"": 146, ""end_frame"": 146}","[""walk, carry/hold (an object)""]","[""normal""]",normal,"{""normal"": 1, ""unsafe"": 0, ""danger"": 0}","{""normal"": 1.0, ""unsafe"": 0.0, ""danger"": 0.0}",normal,normal,normal,True,False,labeling_yolo_single_frame,single_frame_gt_from_sampled_frame_label,normal,normal,True,True,True,0.6033,"{""risk_state"":""normal""}
"
intrusion_normal_rgb_0158_cctv2_f000156,normal_plant_rgb,intrusion_normal_rgb_0158_cctv2,normal_candidate,normal,[156],[5.2],"{""start_frame"": 156, ""end_frame"": 156}","[""walk, carry/hold (an object)""]","[""normal""]",normal,"{""normal"": 1, ""unsafe"": 0, ""danger"": 0}","{""normal"": 1.0, ""unsafe"": 0.0, ""danger"": 0.0}",normal,normal,normal,True,False,labeling_yolo_single_frame,single_frame_gt_from_sampled_frame_label,normal,normal,True,True,True,0.6032,"{""risk_state"":""normal""}
"
intrusion_normal_rgb_0161_cctv4_f000016,normal_plant_rgb,intrusion_normal_rgb_0161_cctv4,normal_candidate,normal,[16],[0.533],"{""start_frame"": 16, ""end_frame"": 16}","[""walk, carry/hold (an object)""]","[""normal""]",normal,"{""normal"": 1, ""unsafe"": 0, ""danger"": 0}","{""normal"": 1.0, ""unsafe"": 0.0, ""danger"": 0.0}",normal,normal,normal,True,False,labeling_yolo_single_frame,single_frame_gt_from_sampled_frame_label,normal,normal,True,True,True,0.5998,"{""risk_state"":""normal""}
"
intrusion_normal_rgb_0161_cctv4_f000026,normal_plant_rgb,intrusion_normal_rgb_0161_cctv4,normal_candidate,normal,[26],[0.867],"{""start_frame"": 26, ""end_frame"": 26}","[""walk, carry/hold (an object)""]","[""normal""]",normal,"{""normal"": 1, ""unsafe"": 0, ""danger"": 0}","{""normal"": 1.0, ""unsafe"": 0.0, ""danger"": 0.0}",normal,normal,normal,True,False,labeling_yolo_single_frame,single_frame_gt_from_sampled_frame_label,normal,normal,True,True,True,0.6018,"{""risk_state"":""normal""}
"
intrusion_normal_rgb_0161_cctv4_f000036,normal_plant_rgb,intrusion_normal_rgb_0161_cctv4,normal_candidate,normal,[36],[1.2],"{""start_frame"": 36, ""end_frame"": 36}","[""walk, carry/hold (an object)""]","[""normal""]",normal,"{""normal"": 1, ""unsafe"": 0, ""danger"": 0}","{""normal"": 1.0, ""unsafe"": 0.0, ""danger"": 0.0}",normal,normal,normal,True,False,labeling_yolo_single_frame,single_frame_gt_from_sampled_frame_label,normal,normal,True,True,True,0.6014,"{""risk_state"":""normal""}
"
intrusion_normal_rgb_0161_cctv4_f000046,normal_plant_rgb,intrusion_normal_rgb_0161_cctv4,normal_candidate,normal,[46],[1.533],"{""start_frame"": 46, ""end_frame"": 46}","[""walk, carry/hold (an object)""]","[""normal""]",normal,"{""normal"": 1, ""unsafe"": 0, ""danger"": 0}","{""normal"": 1.0, ""unsafe"": 0.0, ""danger"": 0.0}",normal,normal,normal,True,False,labeling_yolo_single_frame,single_frame_gt_from_sampled_frame_label,normal,normal,True,True,True,0.6018,"{""risk_state"":""normal""}
"
intrusion_normal_rgb_0161_cctv4_f000056,normal_plant_rgb,intrusion_normal_rgb_0161_cctv4,normal_candidate,normal,[56],[1.867],"{""start_frame"": 56, ""end_frame"": 56}","[""walk, carry/hold (an object)""]","[""normal""]",normal,"{""normal"": 1, ""unsafe"": 0, ""danger"": 0}","{""normal"": 1.0, ""unsafe"": 0.0, ""danger"": 0.0}",normal,normal,normal,True,False,labeling_yolo_single_frame,single_frame_gt_from_sampled_frame_label,normal,normal,True,True,True,0.6041,"{""risk_state"":""normal""}
"
intrusion_normal_rgb_0161_cctv4_f000066,normal_plant_rgb,intrusion_normal_rgb_0161_cctv4,normal_candidate,normal,[66],[2.2],"{""start_frame"": 66, ""end_frame"": 66}","[""walk, carry/hold (an object)""]","[""normal""]",normal,"{""normal"": 1, ""unsafe"": 0, ""danger"": 0}","{""normal"": 1.0, ""unsafe"": 0.0, ""danger"": 0.0}",normal,normal,normal,True,False,labeling_yolo_single_frame,single_frame_gt_from_sampled_frame_label,normal,normal,True,True,True,0.5975,"{""risk_state"":""normal""}
"
intrusion_normal_rgb_0161_cctv4_f000076,normal_plant_rgb,intrusion_normal_rgb_0161_cctv4,normal_candidate,normal,[76],[2.533],"{""start_frame"": 76, ""end_frame"": 76}","[""walk, carry/hold (an object)""]","[""normal""]",normal,"{""normal"": 1, ""unsafe"": 0, ""danger"": 0}","{""normal"": 1.0, ""unsafe"": 0.0, ""danger"": 0.0}",normal,normal,normal,True,False,labeling_yolo_single_frame,single_frame_gt_from_sampled_frame_label,normal,normal,True,True,True,0.6023,"{""risk_state"":""normal""}
"
intrusion_normal_rgb_0161_cctv4_f000086,normal_plant_rgb,intrusion_normal_rgb_0161_cctv4,normal_candidate,normal,[86],[2.867],"{""start_frame"": 86, ""end_frame"": 86}","[""walk, carry/hold (an object)""]","[""normal""]",normal,"{""normal"": 1, ""unsafe"": 0, ""danger"": 0}","{""normal"": 1.0, ""unsafe"": 0.0, ""danger"": 0.0}",normal,normal,normal,True,False,labeling_yolo_single_frame,single_frame_gt_from_sampled_frame_label,unsafe,intrusion,False,True,True,0.6079,"{""risk_state"":""unsafe""}
"
intrusion_normal_rgb_0161_cctv4_f000096,normal_plant_rgb,intrusion_normal_rgb_0161_cctv4,normal_candidate,normal,[96],[3.2],"{""start_frame"": 96, ""end_frame"": 96}","[""walk, carry/hold (an object)""]","[""normal""]",normal,"{""normal"": 1, ""unsafe"": 0, ""danger"": 0}","{""normal"": 1.0, ""unsafe"": 0.0, ""danger"": 0.0}",normal,normal,normal,True,False,labeling_yolo_single_frame,single_frame_gt_from_sampled_frame_label,normal,normal,True,True,True,0.5982,"{""risk_state"":""normal""}
"
intrusion_normal_rgb_0161_cctv4_f000106,normal_plant_rgb,intrusion_normal_rgb_0161_cctv4,normal_candidate,normal,[106],[3.533],"{""start_frame"": 106, ""end_frame"": 106}","[""walk, carry/hold (an object)""]","[""normal""]",normal,"{""normal"": 1, ""unsafe"": 0, ""danger"": 0}","{""normal"": 1.0, ""unsafe"": 0.0, ""danger"": 0.0}",normal,normal,normal,True,False,labeling_yolo_single_frame,single_frame_gt_from_sampled_frame_label,normal,normal,True,True,True,0.5962,"{""risk_state"":""normal""}
"
intrusion_normal_rgb_0161_cctv4_f000116,normal_plant_rgb,intrusion_normal_rgb_0161_cctv4,normal_candidate,normal,[116],[3.867],"{""start_frame"": 116, ""end_frame"": 116}","[""walk, carry/hold (an object)""]","[""normal""]",normal,"{""normal"": 1, ""unsafe"": 0, ""danger"": 0}","{""normal"": 1.0, ""unsafe"": 0.0, ""danger"": 0.0}",normal,normal,normal,True,False,labeling_yolo_single_frame,single_frame_gt_from_sampled_frame_label,normal,normal,True,True,True,0.5992,"{""risk_state"":""normal""}
"
intrusion_normal_rgb_0161_cctv4_f000126,normal_plant_rgb,intrusion_normal_rgb_0161_cctv4,normal_candidate,normal,[126],[4.2],"{""start_frame"": 126, ""end_frame"": 126}","[""walk, carry/hold (an object)""]","[""normal""]",normal,"{""normal"": 1, ""unsafe"": 0, ""danger"": 0}","{""normal"": 1.0, ""unsafe"": 0.0, ""danger"": 0.0}",normal,normal,normal,True,False,labeling_yolo_single_frame,single_frame_gt_from_sampled_frame_label,normal,normal,True,True,True,0.5997,"{""risk_state"":""normal""}
"
intrusion_normal_rgb_0161_cctv4_f000136,normal_plant_rgb,intrusion_normal_rgb_0161_cctv4,normal_candidate,normal,[136],[4.533],"{""start_frame"": 136, ""end_frame"": 136}","[""walk, carry/hold (an object)""]","[""normal""]",normal,"{""normal"": 1, ""unsafe"": 0, ""danger"": 0}","{""normal"": 1.0, ""unsafe"": 0.0, ""danger"": 0.0}",normal,normal,normal,True,False,labeling_yolo_single_frame,single_frame_gt_from_sampled_frame_label,normal,normal,True,True,True,0.6033,"{""risk_state"":""normal""}
"
intrusion_normal_rgb_0161_cctv4_f000146,normal_plant_rgb,intrusion_normal_rgb_0161_cctv4,normal_candidate,normal,[146],[4.867],"{""start_frame"": 146, ""end_frame"": 146}","[""walk, carry/hold (an object)""]","[""normal""]",normal,"{""normal"": 1, ""unsafe"": 0, ""danger"": 0}","{""normal"": 1.0, ""unsafe"": 0.0, ""danger"": 0.0}",normal,normal,normal,True,False,labeling_yolo_single_frame,single_frame_gt_from_sampled_frame_label,normal,normal,True,True,True,0.6046,"{""risk_state"":""normal""}
"
intrusion_normal_rgb_0161_cctv4_f000156,normal_plant_rgb,intrusion_normal_rgb_0161_cctv4,normal_candidate,normal,[156],[5.2],"{""start_frame"": 156, ""end_frame"": 156}","[""walk, carry/hold (an object)""]","[""normal""]",normal,"{""normal"": 1, ""unsafe"": 0, ""danger"": 0}","{""normal"": 1.0, ""unsafe"": 0.0, ""danger"": 0.0}",normal,normal,normal,True,False,labeling_yolo_single_frame,single_frame_gt_from_sampled_frame_label,normal,normal,True,True,True,0.6088,"{""risk_state"":""normal""}
"
intrusion_normal_rgb_0162_cctv2_f000016,normal_plant_rgb,intrusion_normal_rgb_0162_cctv2,normal_candidate,normal,[16],[0.533],"{""start_frame"": 16, ""end_frame"": 16}","[""walk, carry/hold (an object)""]","[""normal""]",normal,"{""normal"": 1, ""unsafe"": 0, ""danger"": 0}","{""normal"": 1.0, ""unsafe"": 0.0, ""danger"": 0.0}",normal,normal,normal,True,False,labeling_yolo_single_frame,single_frame_gt_from_sampled_frame_label,normal,normal,True,True,True,0.6023,"{""risk_state"":""normal""}
"
intrusion_normal_rgb_0162_cctv2_f000026,normal_plant_rgb,intrusion_normal_rgb_0162_cctv2,normal_candidate,normal,[26],[0.867],"{""start_frame"": 26, ""end_frame"": 26}","[""walk, carry/hold (an object)""]","[""normal""]",normal,"{""normal"": 1, ""unsafe"": 0, ""danger"": 0}","{""normal"": 1.0, ""unsafe"": 0.0, ""danger"": 0.0}",normal,normal,normal,True,False,labeling_yolo_single_frame,single_frame_gt_from_sampled_frame_label,normal,normal,True,True,True,0.5983,"{""risk_state"":""normal""}
"
intrusion_normal_rgb_0162_cctv2_f000036,normal_plant_rgb,intrusion_normal_rgb_0162_cctv2,normal_candidate,normal,[36],[1.2],"{""start_frame"": 36, ""end_frame"": 36}","[""walk, carry/hold (an object)""]","[""normal""]",normal,"{""normal"": 1, ""unsafe"": 0, ""danger"": 0}","{""normal"": 1.0, ""unsafe"": 0.0, ""danger"": 0.0}",normal,normal,normal,True,False,labeling_yolo_single_frame,single_frame_gt_from_sampled_frame_label,normal,normal,True,True,True,0.5974,"{""risk_state"":""normal""}
"
intrusion_normal_rgb_0162_cctv2_f000046,normal_plant_rgb,intrusion_normal_rgb_0162_cctv2,normal_candidate,normal,[46],[1.533],"{""start_frame"": 46, ""end_frame"": 46}","[""walk, carry/hold (an object)""]","[""normal""]",normal,"{""normal"": 1, ""unsafe"": 0, ""danger"": 0}","{""normal"": 1.0, ""unsafe"": 0.0, ""danger"": 0.0}",normal,normal,normal,True,False,labeling_yolo_single_frame,single_frame_gt_from_sampled_frame_label,normal,normal,True,True,True,0.6008,"{""risk_state"":""normal""}
"
intrusion_normal_rgb_0162_cctv2_f000056,normal_plant_rgb,intrusion_normal_rgb_0162_cctv2,normal_candidate,normal,[56],[1.867],"{""start_frame"": 56, ""end_frame"": 56}","[""walk, carry/hold (an object)""]","[""normal""]",normal,"{""normal"": 1, ""unsafe"": 0, ""danger"": 0}","{""normal"": 1.0, ""unsafe"": 0.0, ""danger"": 0.0}",normal,normal,normal,True,False,labeling_yolo_single_frame,single_frame_gt_from_sampled_frame_label,normal,normal,True,True,True,0.6039,"{""risk_state"":""normal""}
"
intrusion_normal_rgb_0162_cctv2_f000066,normal_plant_rgb,intrusion_normal_rgb_0162_cctv2,normal_candidate,normal,[66],[2.2],"{""start_frame"": 66, ""end_frame"": 66}","[""walk, carry/hold (an object)""]","[""normal""]",normal,"{""normal"": 1, ""unsafe"": 0, ""danger"": 0}","{""normal"": 1.0, ""unsafe"": 0.0, ""danger"": 0.0}",normal,normal,normal,True,False,labeling_yolo_single_frame,single_frame_gt_from_sampled_frame_label,normal,normal,True,True,True,0.6028,"{""risk_state"":""normal""}
"
intrusion_normal_rgb_0162_cctv2_f000076,normal_plant_rgb,intrusion_normal_rgb_0162_cctv2,normal_candidate,normal,[76],[2.533],"{""start_frame"": 76, ""end_frame"": 76}","[""walk, carry/hold (an object)""]","[""normal""]",normal,"{""normal"": 1, ""unsafe"": 0, ""danger"": 0}","{""normal"": 1.0, ""unsafe"": 0.0, ""danger"": 0.0}",normal,normal,normal,True,False,labeling_yolo_single_frame,single_frame_gt_from_sampled_frame_label,normal,normal,True,True,True,0.6028,"{""risk_state"":""normal""}
"
intrusion_normal_rgb_0162_cctv2_f000086,normal_plant_rgb,intrusion_normal_rgb_0162_cctv2,normal_candidate,normal,[86],[2.867],"{""start_frame"": 86, ""end_frame"": 86}","[""walk, carry/hold (an object)""]","[""normal""]",normal,"{""normal"": 1, ""unsafe"": 0, ""danger"": 0}","{""normal"": 1.0, ""unsafe"": 0.0, ""danger"": 0.0}",normal,normal,normal,True,False,labeling_yolo_single_frame,single_frame_gt_from_sampled_frame_label,normal,normal,True,True,True,0.596,"{""risk_state"":""normal""}
"
intrusion_normal_rgb_0162_cctv2_f000096,normal_plant_rgb,intrusion_normal_rgb_0162_cctv2,normal_candidate,normal,[96],[3.2],"{""start_frame"": 96, ""end_frame"": 96}","[""walk, carry/hold (an object)""]","[""normal""]",normal,"{""normal"": 1, ""unsafe"": 0, ""danger"": 0}","{""normal"": 1.0, ""unsafe"": 0.0, ""danger"": 0.0}",normal,normal,normal,True,False,labeling_yolo_single_frame,single_frame_gt_from_sampled_frame_label,normal,normal,True,True,True,0.5984,"{""risk_state"":""normal""}
"
intrusion_normal_rgb_0162_cctv2_f000106,normal_plant_rgb,intrusion_normal_rgb_0162_cctv2,normal_candidate,normal,[106],[3.533],"{""start_frame"": 106, ""end_frame"": 106}","[""walk, carry/hold (an object)""]","[""normal""]",normal,"{""normal"": 1, ""unsafe"": 0, ""danger"": 0}","{""normal"": 1.0, ""unsafe"": 0.0, ""danger"": 0.0}",normal,normal,normal,True,False,labeling_yolo_single_frame,single_frame_gt_from_sampled_frame_label,normal,normal,True,True,True,0.6067,"{""risk_state"":""normal""}
"
intrusion_normal_rgb_0162_cctv2_f000116,normal_plant_rgb,intrusion_normal_rgb_0162_cctv2,normal_candidate,normal,[116],[3.867],"{""start_frame"": 116, ""end_frame"": 116}","[""walk, carry/hold (an object)""]","[""normal""]",normal,"{""normal"": 1, ""unsafe"": 0, ""danger"": 0}","{""normal"": 1.0, ""unsafe"": 0.0, ""danger"": 0.0}",normal,normal,normal,True,False,labeling_yolo_single_frame,single_frame_gt_from_sampled_frame_label,normal,normal,True,True,True,0.6037,"{""risk_state"":""normal""}
"
intrusion_normal_rgb_0162_cctv2_f000126,normal_plant_rgb,intrusion_normal_rgb_0162_cctv2,normal_candidate,normal,[126],[4.2],"{""start_frame"": 126, ""end_frame"": 126}","[""walk, carry/hold (an object)""]","[""normal""]",normal,"{""normal"": 1, ""unsafe"": 0, ""danger"": 0}","{""normal"": 1.0, ""unsafe"": 0.0, ""danger"": 0.0}",normal,normal,normal,True,False,labeling_yolo_single_frame,single_frame_gt_from_sampled_frame_label,normal,normal,True,True,True,0.6014,"{""risk_state"":""normal""}
"
intrusion_normal_rgb_0162_cctv2_f000136,normal_plant_rgb,intrusion_normal_rgb_0162_cctv2,normal_candidate,normal,[136],[4.533],"{""start_frame"": 136, ""end_frame"": 136}","[""walk, carry/hold (an object)""]","[""normal""]",normal,"{""normal"": 1, ""unsafe"": 0, ""danger"": 0}","{""normal"": 1.0, ""unsafe"": 0.0, ""danger"": 0.0}",normal,normal,normal,True,False,labeling_yolo_single_frame,single_frame_gt_from_sampled_frame_label,normal,normal,True,True,True,0.5975,"{""risk_state"":""normal""}
"
intrusion_normal_rgb_0162_cctv2_f000146,normal_plant_rgb,intrusion_normal_rgb_0162_cctv2,normal_candidate,normal,[146],[4.867],"{""start_frame"": 146, ""end_frame"": 146}","[""walk, carry/hold (an object)""]","[""normal""]",normal,"{""normal"": 1, ""unsafe"": 0, ""danger"": 0}","{""normal"": 1.0, ""unsafe"": 0.0, ""danger"": 0.0}",normal,normal,normal,True,False,labeling_yolo_single_frame,single_frame_gt_from_sampled_frame_label,unsafe,intrusion,False,True,True,0.6,"{""risk_state"":""unsafe""}
"
intrusion_normal_rgb_0162_cctv2_f000156,normal_plant_rgb,intrusion_normal_rgb_0162_cctv2,normal_candidate,normal,[156],[5.2],"{""start_frame"": 156, ""end_frame"": 156}","[""walk, carry/hold (an object)""]","[""normal""]",normal,"{""normal"": 1, ""unsafe"": 0, ""danger"": 0}","{""normal"": 1.0, ""unsafe"": 0.0, ""danger"": 0.0}",normal,normal,normal,True,False,labeling_yolo_single_frame,single_frame_gt_from_sampled_frame_label,normal,normal,True,True,True,0.5999,"{""risk_state"":""normal""}
"
intrusion_normal_rgb_0163_cctv2_f000016,normal_plant_rgb,intrusion_normal_rgb_0163_cctv2,normal_candidate,normal,[16],[0.533],"{""start_frame"": 16, ""end_frame"": 16}","[""walk, carry/hold (an object)""]","[""normal""]",normal,"{""normal"": 1, ""unsafe"": 0, ""danger"": 0}","{""normal"": 1.0, ""unsafe"": 0.0, ""danger"": 0.0}",normal,normal,normal,True,False,labeling_yolo_single_frame,single_frame_gt_from_sampled_frame_label,normal,normal,True,True,True,0.5968,"{""risk_state"":""normal""}
"
intrusion_normal_rgb_0163_cctv2_f000026,normal_plant_rgb,intrusion_normal_rgb_0163_cctv2,normal_candidate,normal,[26],[0.867],"{""start_frame"": 26, ""end_frame"": 26}","[""walk, carry/hold (an object)""]","[""normal""]",normal,"{""normal"": 1, ""unsafe"": 0, ""danger"": 0}","{""normal"": 1.0, ""unsafe"": 0.0, ""danger"": 0.0}",normal,normal,normal,True,False,labeling_yolo_single_frame,single_frame_gt_from_sampled_frame_label,normal,normal,True,True,True,0.6138,"{""risk_state"":""normal""}
"
intrusion_normal_rgb_0163_cctv2_f000036,normal_plant_rgb,intrusion_normal_rgb_0163_cctv2,normal_candidate,normal,[36],[1.2],"{""start_frame"": 36, ""end_frame"": 36}","[""walk, carry/hold (an object)""]","[""normal""]",normal,"{""normal"": 1, ""unsafe"": 0, ""danger"": 0}","{""normal"": 1.0, ""unsafe"": 0.0, ""danger"": 0.0}",normal,normal,normal,True,False,labeling_yolo_single_frame,single_frame_gt_from_sampled_frame_label,normal,normal,True,True,True,0.6006,"{""risk_state"":""normal""}
"
intrusion_normal_rgb_0163_cctv2_f000046,normal_plant_rgb,intrusion_normal_rgb_0163_cctv2,normal_candidate,normal,[46],[1.533],"{""start_frame"": 46, ""end_frame"": 46}","[""walk, carry/hold (an object)""]","[""normal""]",normal,"{""normal"": 1, ""unsafe"": 0, ""danger"": 0}","{""normal"": 1.0, ""unsafe"": 0.0, ""danger"": 0.0}",normal,normal,normal,True,False,labeling_yolo_single_frame,single_frame_gt_from_sampled_frame_label,normal,normal,True,True,True,0.5993,"{""risk_state"":""normal""}
"
intrusion_normal_rgb_0163_cctv2_f000056,normal_plant_rgb,intrusion_normal_rgb_0163_cctv2,normal_candidate,normal,[56],[1.867],"{""start_frame"": 56, ""end_frame"": 56}","[""walk, carry/hold (an object)""]","[""normal""]",normal,"{""normal"": 1, ""unsafe"": 0, ""danger"": 0}","{""normal"": 1.0, ""unsafe"": 0.0, ""danger"": 0.0}",normal,normal,normal,True,False,labeling_yolo_single_frame,single_frame_gt_from_sampled_frame_label,normal,normal,True,True,True,0.6037,"{""risk_state"":""normal""}
"
intrusion_normal_rgb_0163_cctv2_f000066,normal_plant_rgb,intrusion_normal_rgb_0163_cctv2,normal_candidate,normal,[66],[2.2],"{""start_frame"": 66, ""end_frame"": 66}","[""walk, carry/hold (an object)""]","[""normal""]",normal,"{""normal"": 1, ""unsafe"": 0, ""danger"": 0}","{""normal"": 1.0, ""unsafe"": 0.0, ""danger"": 0.0}",normal,normal,normal,True,False,labeling_yolo_single_frame,single_frame_gt_from_sampled_frame_label,normal,normal,True,True,True,0.6014,"{""risk_state"":""normal""}
"
intrusion_normal_rgb_0163_cctv2_f000076,normal_plant_rgb,intrusion_normal_rgb_0163_cctv2,normal_candidate,normal,[76],[2.533],"{""start_frame"": 76, ""end_frame"": 76}","[""walk, carry/hold (an object)""]","[""normal""]",normal,"{""normal"": 1, ""unsafe"": 0, ""danger"": 0}","{""normal"": 1.0, ""unsafe"": 0.0, ""danger"": 0.0}",normal,normal,normal,True,False,labeling_yolo_single_frame,single_frame_gt_from_sampled_frame_label,normal,normal,True,True,True,0.5992,"{""risk_state"":""normal""}
"
intrusion_normal_rgb_0163_cctv2_f000086,normal_plant_rgb,intrusion_normal_rgb_0163_cctv2,normal_candidate,normal,[86],[2.867],"{""start_frame"": 86, ""end_frame"": 86}","[""walk, carry/hold (an object)""]","[""normal""]",normal,"{""normal"": 1, ""unsafe"": 0, ""danger"": 0}","{""normal"": 1.0, ""unsafe"": 0.0, ""danger"": 0.0}",normal,normal,normal,True,False,labeling_yolo_single_frame,single_frame_gt_from_sampled_frame_label,normal,normal,True,True,True,0.5991,"{""risk_state"":""normal""}
"
intrusion_normal_rgb_0163_cctv2_f000096,normal_plant_rgb,intrusion_normal_rgb_0163_cctv2,normal_candidate,normal,[96],[3.2],"{""start_frame"": 96, ""end_frame"": 96}","[""walk, carry/hold (an object)""]","[""normal""]",normal,"{""normal"": 1, ""unsafe"": 0, ""danger"": 0}","{""normal"": 1.0, ""unsafe"": 0.0, ""danger"": 0.0}",normal,normal,normal,True,False,labeling_yolo_single_frame,single_frame_gt_from_sampled_frame_label,normal,normal,True,True,True,0.5995,"{""risk_state"":""normal""}
"
intrusion_normal_rgb_0163_cctv2_f000106,normal_plant_rgb,intrusion_normal_rgb_0163_cctv2,normal_candidate,normal,[106],[3.533],"{""start_frame"": 106, ""end_frame"": 106}","[""walk, carry/hold (an object)""]","[""normal""]",normal,"{""normal"": 1, ""unsafe"": 0, ""danger"": 0}","{""normal"": 1.0, ""unsafe"": 0.0, ""danger"": 0.0}",normal,normal,normal,True,False,labeling_yolo_single_frame,single_frame_gt_from_sampled_frame_label,normal,normal,True,True,True,0.6022,"{""risk_state"":""normal""}
"
intrusion_normal_rgb_0163_cctv2_f000116,normal_plant_rgb,intrusion_normal_rgb_0163_cctv2,normal_candidate,normal,[116],[3.867],"{""start_frame"": 116, ""end_frame"": 116}","[""walk, carry/hold (an object)""]","[""normal""]",normal,"{""normal"": 1, ""unsafe"": 0, ""danger"": 0}","{""normal"": 1.0, ""unsafe"": 0.0, ""danger"": 0.0}",normal,normal,normal,True,False,labeling_yolo_single_frame,single_frame_gt_from_sampled_frame_label,unsafe,intrusion,False,True,True,0.6002,"{""risk_state"":""unsafe""}
"
intrusion_normal_rgb_0163_cctv2_f000126,normal_plant_rgb,intrusion_normal_rgb_0163_cctv2,normal_candidate,normal,[126],[4.2],"{""start_frame"": 126, ""end_frame"": 126}","[""walk, carry/hold (an object)""]","[""normal""]",normal,"{""normal"": 1, ""unsafe"": 0, ""danger"": 0}","{""normal"": 1.0, ""unsafe"": 0.0, ""danger"": 0.0}",normal,normal,normal,True,False,labeling_yolo_single_frame,single_frame_gt_from_sampled_frame_label,normal,normal,True,True,True,0.6065,"{""risk_state"":""normal""}
"
intrusion_normal_rgb_0163_cctv2_f000136,normal_plant_rgb,intrusion_normal_rgb_0163_cctv2,normal_candidate,normal,[136],[4.533],"{""start_frame"": 136, ""end_frame"": 136}","[""walk, carry/hold (an object)""]","[""normal""]",normal,"{""normal"": 1, ""unsafe"": 0, ""danger"": 0}","{""normal"": 1.0, ""unsafe"": 0.0, ""danger"": 0.0}",normal,normal,normal,True,False,labeling_yolo_single_frame,single_frame_gt_from_sampled_frame_label,normal,normal,True,True,True,0.6049,"{""risk_state"":""normal""}
"
intrusion_normal_rgb_0163_cctv2_f000146,normal_plant_rgb,intrusion_normal_rgb_0163_cctv2,normal_candidate,normal,[146],[4.867],"{""start_frame"": 146, ""end_frame"": 146}","[""walk, carry/hold (an object)""]","[""normal""]",normal,"{""normal"": 1, ""unsafe"": 0, ""danger"": 0}","{""normal"": 1.0, ""unsafe"": 0.0, ""danger"": 0.0}",normal,normal,normal,True,False,labeling_yolo_single_frame,single_frame_gt_from_sampled_frame_label,normal,normal,True,True,True,0.602,"{""risk_state"":""normal""}
"
intrusion_normal_rgb_0163_cctv2_f000156,normal_plant_rgb,intrusion_normal_rgb_0163_cctv2,normal_candidate,normal,[156],[5.2],"{""start_frame"": 156, ""end_frame"": 156}","[""walk, carry/hold (an object)""]","[""normal""]",normal,"{""normal"": 1, ""unsafe"": 0, ""danger"": 0}","{""normal"": 1.0, ""unsafe"": 0.0, ""danger"": 0.0}",normal,normal,normal,True,False,labeling_yolo_single_frame,single_frame_gt_from_sampled_frame_label,normal,normal,True,True,True,0.6035,"{""risk_state"":""normal""}
"
intrusion_normal_rgb_0164_cctv4_f000016,normal_plant_rgb,intrusion_normal_rgb_0164_cctv4,normal_candidate,normal,[16],[0.533],"{""start_frame"": 16, ""end_frame"": 16}","[""walk, carry/hold (an object)""]","[""normal""]",normal,"{""normal"": 1, ""unsafe"": 0, ""danger"": 0}","{""normal"": 1.0, ""unsafe"": 0.0, ""danger"": 0.0}",normal,normal,normal,True,False,labeling_yolo_single_frame,single_frame_gt_from_sampled_frame_label,unsafe,intrusion,False,True,True,0.6003,"{""risk_state"":""unsafe""}
"
intrusion_normal_rgb_0164_cctv4_f000026,normal_plant_rgb,intrusion_normal_rgb_0164_cctv4,normal_candidate,normal,[26],[0.867],"{""start_frame"": 26, ""end_frame"": 26}","[""walk, carry/hold (an object)""]","[""normal""]",normal,"{""normal"": 1, ""unsafe"": 0, ""danger"": 0}","{""normal"": 1.0, ""unsafe"": 0.0, ""danger"": 0.0}",normal,normal,normal,True,False,labeling_yolo_single_frame,single_frame_gt_from_sampled_frame_label,normal,normal,True,True,True,0.5992,"{""risk_state"":""normal""}
"
intrusion_normal_rgb_0164_cctv4_f000036,normal_plant_rgb,intrusion_normal_rgb_0164_cctv4,normal_candidate,normal,[36],[1.2],"{""start_frame"": 36, ""end_frame"": 36}","[""walk, carry/hold (an object)""]","[""normal""]",normal,"{""normal"": 1, ""unsafe"": 0, ""danger"": 0}","{""normal"": 1.0, ""unsafe"": 0.0, ""danger"": 0.0}",normal,normal,normal,True,False,labeling_yolo_single_frame,single_frame_gt_from_sampled_frame_label,normal,normal,True,True,True,0.6004,"{""risk_state"":""normal""}
"
intrusion_normal_rgb_0164_cctv4_f000046,normal_plant_rgb,intrusion_normal_rgb_0164_cctv4,normal_candidate,normal,[46],[1.533],"{""start_frame"": 46, ""end_frame"": 46}","[""walk, carry/hold (an object)""]","[""normal""]",normal,"{""normal"": 1, ""unsafe"": 0, ""danger"": 0}","{""normal"": 1.0, ""unsafe"": 0.0, ""danger"": 0.0}",normal,normal,normal,True,False,labeling_yolo_single_frame,single_frame_gt_from_sampled_frame_label,unsafe,intrusion,False,True,True,0.6101,"{""risk_state"":""unsafe""}
"
intrusion_normal_rgb_0164_cctv4_f000056,normal_plant_rgb,intrusion_normal_rgb_0164_cctv4,normal_candidate,normal,[56],[1.867],"{""start_frame"": 56, ""end_frame"": 56}","[""walk, carry/hold (an object)""]","[""normal""]",normal,"{""normal"": 1, ""unsafe"": 0, ""danger"": 0}","{""normal"": 1.0, ""unsafe"": 0.0, ""danger"": 0.0}",normal,normal,normal,True,False,labeling_yolo_single_frame,single_frame_gt_from_sampled_frame_label,normal,normal,True,True,True,0.603,"{""risk_state"":""normal""}
"
intrusion_normal_rgb_0164_cctv4_f000066,normal_plant_rgb,intrusion_normal_rgb_0164_cctv4,normal_candidate,normal,[66],[2.2],"{""start_frame"": 66, ""end_frame"": 66}","[""walk, carry/hold (an object)""]","[""normal""]",normal,"{""normal"": 1, ""unsafe"": 0, ""danger"": 0}","{""normal"": 1.0, ""unsafe"": 0.0, ""danger"": 0.0}",normal,normal,normal,True,False,labeling_yolo_single_frame,single_frame_gt_from_sampled_frame_label,unsafe,intrusion,False,True,True,0.6003,"{""risk_state"":""unsafe""}
"
intrusion_normal_rgb_0164_cctv4_f000076,normal_plant_rgb,intrusion_normal_rgb_0164_cctv4,normal_candidate,normal,[76],[2.533],"{""start_frame"": 76, ""end_frame"": 76}","[""walk, carry/hold (an object)""]","[""normal""]",normal,"{""normal"": 1, ""unsafe"": 0, ""danger"": 0}","{""normal"": 1.0, ""unsafe"": 0.0, ""danger"": 0.0}",normal,normal,normal,True,False,labeling_yolo_single_frame,single_frame_gt_from_sampled_frame_label,normal,normal,True,True,True,0.601,"{""risk_state"":""normal""}
"
intrusion_normal_rgb_0164_cctv4_f000086,normal_plant_rgb,intrusion_normal_rgb_0164_cctv4,normal_candidate,normal,[86],[2.867],"{""start_frame"": 86, ""end_frame"": 86}","[""walk, carry/hold (an object)""]","[""normal""]",normal,"{""normal"": 1, ""unsafe"": 0, ""danger"": 0}","{""normal"": 1.0, ""unsafe"": 0.0, ""danger"": 0.0}",normal,normal,normal,True,False,labeling_yolo_single_frame,single_frame_gt_from_sampled_frame_label,normal,normal,True,True,True,0.6019,"{""risk_state"":""normal""}
"
intrusion_normal_rgb_0164_cctv4_f000096,normal_plant_rgb,intrusion_normal_rgb_0164_cctv4,normal_candidate,normal,[96],[3.2],"{""start_frame"": 96, ""end_frame"": 96}","[""walk, carry/hold (an object)""]","[""normal""]",normal,"{""normal"": 1, ""unsafe"": 0, ""danger"": 0}","{""normal"": 1.0, ""unsafe"": 0.0, ""danger"": 0.0}",normal,normal,normal,True,False,labeling_yolo_single_frame,single_frame_gt_from_sampled_frame_label,normal,normal,True,True,True,0.6005,"{""risk_state"":""normal""}
"
intrusion_normal_rgb_0164_cctv4_f000106,normal_plant_rgb,intrusion_normal_rgb_0164_cctv4,normal_candidate,normal,[106],[3.533],"{""start_frame"": 106, ""end_frame"": 106}","[""walk, carry/hold (an object)""]","[""normal""]",normal,"{""normal"": 1, ""unsafe"": 0, ""danger"": 0}","{""normal"": 1.0, ""unsafe"": 0.0, ""danger"": 0.0}",normal,normal,normal,True,False,labeling_yolo_single_frame,single_frame_gt_from_sampled_frame_label,normal,normal,True,True,True,0.5982,"{""risk_state"":""normal""}
"
intrusion_normal_rgb_0164_cctv4_f000116,normal_plant_rgb,intrusion_normal_rgb_0164_cctv4,normal_candidate,normal,[116],[3.867],"{""start_frame"": 116, ""end_frame"": 116}","[""walk, carry/hold (an object)""]","[""normal""]",normal,"{""normal"": 1, ""unsafe"": 0, ""danger"": 0}","{""normal"": 1.0, ""unsafe"": 0.0, ""danger"": 0.0}",normal,normal,normal,True,False,labeling_yolo_single_frame,single_frame_gt_from_sampled_frame_label,normal,normal,True,True,True,0.6057,"{""risk_state"":""normal""}
"
intrusion_normal_rgb_0164_cctv4_f000126,normal_plant_rgb,intrusion_normal_rgb_0164_cctv4,normal_candidate,normal,[126],[4.2],"{""start_frame"": 126, ""end_frame"": 126}","[""walk, carry/hold (an object)""]","[""normal""]",normal,"{""normal"": 1, ""unsafe"": 0, ""danger"": 0}","{""normal"": 1.0, ""unsafe"": 0.0, ""danger"": 0.0}",normal,normal,normal,True,False,labeling_yolo_single_frame,single_frame_gt_from_sampled_frame_label,unsafe,intrusion,False,True,True,0.6022,"{""risk_state"":""unsafe""}
"
intrusion_normal_rgb_0164_cctv4_f000136,normal_plant_rgb,intrusion_normal_rgb_0164_cctv4,normal_candidate,normal,[136],[4.533],"{""start_frame"": 136, ""end_frame"": 136}","[""walk, carry/hold (an object)""]","[""normal""]",normal,"{""normal"": 1, ""unsafe"": 0, ""danger"": 0}","{""normal"": 1.0, ""unsafe"": 0.0, ""danger"": 0.0}",normal,normal,normal,True,False,labeling_yolo_single_frame,single_frame_gt_from_sampled_frame_label,normal,normal,True,True,True,0.6062,"{""risk_state"":""normal""}
"
intrusion_normal_rgb_0164_cctv4_f000146,normal_plant_rgb,intrusion_normal_rgb_0164_cctv4,normal_candidate,normal,[146],[4.867],"{""start_frame"": 146, ""end_frame"": 146}","[""walk, carry/hold (an object)""]","[""normal""]",normal,"{""normal"": 1, ""unsafe"": 0, ""danger"": 0}","{""normal"": 1.0, ""unsafe"": 0.0, ""danger"": 0.0}",normal,normal,normal,True,False,labeling_yolo_single_frame,single_frame_gt_from_sampled_frame_label,normal,normal,True,True,True,0.6012,"{""risk_state"":""normal""}
"
intrusion_normal_rgb_0164_cctv4_f000156,normal_plant_rgb,intrusion_normal_rgb_0164_cctv4,normal_candidate,normal,[156],[5.2],"{""start_frame"": 156, ""end_frame"": 156}","[""walk, carry/hold (an object)""]","[""normal""]",normal,"{""normal"": 1, ""unsafe"": 0, ""danger"": 0}","{""normal"": 1.0, ""unsafe"": 0.0, ""danger"": 0.0}",normal,normal,normal,True,False,labeling_yolo_single_frame,single_frame_gt_from_sampled_frame_label,normal,normal,True,True,True,0.5998,"{""risk_state"":""normal""}
"
intrusion_normal_rgb_0166_cctv1_f000016,normal_plant_rgb,intrusion_normal_rgb_0166_cctv1,normal_candidate,normal,[16],[0.533],"{""start_frame"": 16, ""end_frame"": 16}","[""walk, carry/hold (an object)""]","[""normal""]",normal,"{""normal"": 1, ""unsafe"": 0, ""danger"": 0}","{""normal"": 1.0, ""unsafe"": 0.0, ""danger"": 0.0}",normal,normal,normal,True,False,labeling_yolo_single_frame,single_frame_gt_from_sampled_frame_label,normal,normal,True,True,True,0.5987,"{""risk_state"":""normal""}
"
intrusion_normal_rgb_0166_cctv1_f000026,normal_plant_rgb,intrusion_normal_rgb_0166_cctv1,normal_candidate,normal,[26],[0.867],"{""start_frame"": 26, ""end_frame"": 26}","[""walk, carry/hold (an object)""]","[""normal""]",normal,"{""normal"": 1, ""unsafe"": 0, ""danger"": 0}","{""normal"": 1.0, ""unsafe"": 0.0, ""danger"": 0.0}",normal,normal,normal,True,False,labeling_yolo_single_frame,single_frame_gt_from_sampled_frame_label,normal,normal,True,True,True,0.5952,"{""risk_state"":""normal""}
"
intrusion_normal_rgb_0166_cctv1_f000036,normal_plant_rgb,intrusion_normal_rgb_0166_cctv1,normal_candidate,normal,[36],[1.2],"{""start_frame"": 36, ""end_frame"": 36}","[""walk, carry/hold (an object)""]","[""normal""]",normal,"{""normal"": 1, ""unsafe"": 0, ""danger"": 0}","{""normal"": 1.0, ""unsafe"": 0.0, ""danger"": 0.0}",normal,normal,normal,True,False,labeling_yolo_single_frame,single_frame_gt_from_sampled_frame_label,normal,normal,True,True,True,0.6037,"{""risk_state"":""normal""}
"
intrusion_normal_rgb_0166_cctv1_f000046,normal_plant_rgb,intrusion_normal_rgb_0166_cctv1,normal_candidate,normal,[46],[1.533],"{""start_frame"": 46, ""end_frame"": 46}","[""walk, carry/hold (an object)""]","[""normal""]",normal,"{""normal"": 1, ""unsafe"": 0, ""danger"": 0}","{""normal"": 1.0, ""unsafe"": 0.0, ""danger"": 0.0}",normal,normal,normal,True,False,labeling_yolo_single_frame,single_frame_gt_from_sampled_frame_label,normal,normal,True,True,True,0.5975,"{""risk_state"":""normal""}
"
intrusion_normal_rgb_0166_cctv1_f000056,normal_plant_rgb,intrusion_normal_rgb_0166_cctv1,normal_candidate,normal,[56],[1.867],"{""start_frame"": 56, ""end_frame"": 56}","[""walk, carry/hold (an object)""]","[""normal""]",normal,"{""normal"": 1, ""unsafe"": 0, ""danger"": 0}","{""normal"": 1.0, ""unsafe"": 0.0, ""danger"": 0.0}",normal,normal,normal,True,False,labeling_yolo_single_frame,single_frame_gt_from_sampled_frame_label,normal,normal,True,True,True,0.5961,"{""risk_state"":""normal""}
"
intrusion_normal_rgb_0166_cctv1_f000066,normal_plant_rgb,intrusion_normal_rgb_0166_cctv1,normal_candidate,normal,[66],[2.2],"{""start_frame"": 66, ""end_frame"": 66}","[""walk, carry/hold (an object)""]","[""normal""]",normal,"{""normal"": 1, ""unsafe"": 0, ""danger"": 0}","{""normal"": 1.0, ""unsafe"": 0.0, ""danger"": 0.0}",normal,normal,normal,True,False,labeling_yolo_single_frame,single_frame_gt_from_sampled_frame_label,normal,normal,True,True,True,0.6078,"{""risk_state"":""normal""}
"
intrusion_normal_rgb_0166_cctv1_f000076,normal_plant_rgb,intrusion_normal_rgb_0166_cctv1,normal_candidate,normal,[76],[2.533],"{""start_frame"": 76, ""end_frame"": 76}","[""walk, carry/hold (an object)""]","[""normal""]",normal,"{""normal"": 1, ""unsafe"": 0, ""danger"": 0}","{""normal"": 1.0, ""unsafe"": 0.0, ""danger"": 0.0}",normal,normal,normal,True,False,labeling_yolo_single_frame,single_frame_gt_from_sampled_frame_label,normal,normal,True,True,True,0.6033,"{""risk_state"":""normal""}
"
intrusion_normal_rgb_0166_cctv1_f000086,normal_plant_rgb,intrusion_normal_rgb_0166_cctv1,normal_candidate,normal,[86],[2.867],"{""start_frame"": 86, ""end_frame"": 86}","[""walk, carry/hold (an object)""]","[""normal""]",normal,"{""normal"": 1, ""unsafe"": 0, ""danger"": 0}","{""normal"": 1.0, ""unsafe"": 0.0, ""danger"": 0.0}",normal,normal,normal,True,False,labeling_yolo_single_frame,single_frame_gt_from_sampled_frame_label,normal,normal,True,True,True,0.5996,"{""risk_state"":""normal""}
"
intrusion_normal_rgb_0166_cctv1_f000096,normal_plant_rgb,intrusion_normal_rgb_0166_cctv1,normal_candidate,normal,[96],[3.2],"{""start_frame"": 96, ""end_frame"": 96}","[""walk, carry/hold (an object)""]","[""normal""]",normal,"{""normal"": 1, ""unsafe"": 0, ""danger"": 0}","{""normal"": 1.0, ""unsafe"": 0.0, ""danger"": 0.0}",normal,normal,normal,True,False,labeling_yolo_single_frame,single_frame_gt_from_sampled_frame_label,normal,normal,True,True,True,0.6042,"{""risk_state"":""normal""}
"
intrusion_normal_rgb_0166_cctv1_f000106,normal_plant_rgb,intrusion_normal_rgb_0166_cctv1,normal_candidate,normal,[106],[3.533],"{""start_frame"": 106, ""end_frame"": 106}","[""walk, carry/hold (an object)""]","[""normal""]",normal,"{""normal"": 1, ""unsafe"": 0, ""danger"": 0}","{""normal"": 1.0, ""unsafe"": 0.0, ""danger"": 0.0}",normal,normal,normal,True,False,labeling_yolo_single_frame,single_frame_gt_from_sampled_frame_label,normal,normal,True,True,True,0.6023,"{""risk_state"":""normal""}
"
intrusion_normal_rgb_0166_cctv1_f000116,normal_plant_rgb,intrusion_normal_rgb_0166_cctv1,normal_candidate,normal,[116],[3.867],"{""start_frame"": 116, ""end_frame"": 116}","[""walk, carry/hold (an object)""]","[""normal""]",normal,"{""normal"": 1, ""unsafe"": 0, ""danger"": 0}","{""normal"": 1.0, ""unsafe"": 0.0, ""danger"": 0.0}",normal,normal,normal,True,False,labeling_yolo_single_frame,single_frame_gt_from_sampled_frame_label,normal,normal,True,True,True,0.6038,"{""risk_state"":""normal""}
"
intrusion_normal_rgb_0166_cctv1_f000126,normal_plant_rgb,intrusion_normal_rgb_0166_cctv1,normal_candidate,normal,[126],[4.2],"{""start_frame"": 126, ""end_frame"": 126}","[""walk, carry/hold (an object)""]","[""normal""]",normal,"{""normal"": 1, ""unsafe"": 0, ""danger"": 0}","{""normal"": 1.0, ""unsafe"": 0.0, ""danger"": 0.0}",normal,normal,normal,True,False,labeling_yolo_single_frame,single_frame_gt_from_sampled_frame_label,normal,normal,True,True,True,0.6055,"{""risk_state"":""normal""}
"
