request_id,group,video_id,folder_coarse_label,folder_binary_label,frame_indices,frame_times_sec,sequence_coverage,stage1_actions,sampled_frame_gt,sampled_only_gt,coverage_frame_count,coverage_ratio,coverage_based_gt,sequence_gt,gt_risk_state,use_for_eval,needs_review,gt_source,gt_rule,pred_risk_state,pred_binary,folder_binary_match,json_success,schema_success,latency_sec,raw_response,gt_match
intrusion_climb-over-fence_rgb_0007_cctv3_f000016_000026_000036,climb-over-fence_plant_rgb,intrusion_climb-over-fence_rgb_0007_cctv3,intrusion_candidate,intrusion,"[16, 26, 36]","[0.533, 0.867, 1.2]","{""start_frame"": 1, ""end_frame"": 36}","[""stand, carry/hold (an object)"", ""stand, carry/hold (an object)"", ""stand, carry/hold (an object)""]","[""danger"", ""danger"", ""danger""]",danger,"{""normal"": 0, ""unsafe"": 0, ""danger"": 36}","{""normal"": 0.0, ""unsafe"": 0.0, ""danger"": 1.0}",danger,danger,danger,True,False,labeling_yolo_sequence_coverage,sampled_danger_then_danger_ratio_sampled_unsafe_then_unsafe_ratio_else_normal,danger,intrusion,True,True,True,2.1368,"{""risk_state"":""danger""}
",True
intrusion_climb-over-fence_rgb_0007_cctv3_f000046_000056_000066,climb-over-fence_plant_rgb,intrusion_climb-over-fence_rgb_0007_cctv3,intrusion_candidate,intrusion,"[46, 56, 66]","[1.533, 1.867, 2.2]","{""start_frame"": 31, ""end_frame"": 66}","[""stand, carry/hold (an object)"", ""stand, carry/hold (an object)"", ""stand, carry/hold (an object)""]","[""danger"", ""danger"", ""danger""]",danger,"{""normal"": 0, ""unsafe"": 0, ""danger"": 36}","{""normal"": 0.0, ""unsafe"": 0.0, ""danger"": 1.0}",danger,danger,danger,True,False,labeling_yolo_sequence_coverage,sampled_danger_then_danger_ratio_sampled_unsafe_then_unsafe_ratio_else_normal,danger,intrusion,True,True,True,1.2948,"{""risk_state"":""danger""}
",True
intrusion_climb-over-fence_rgb_0007_cctv3_f000076_000086_000096,climb-over-fence_plant_rgb,intrusion_climb-over-fence_rgb_0007_cctv3,intrusion_candidate,intrusion,"[76, 86, 96]","[2.533, 2.867, 3.2]","{""start_frame"": 61, ""end_frame"": 96}","[""stand, carry/hold (an object)"", ""stand, carry/hold (an object)"", ""stand, carry/hold (an object)""]","[""danger"", ""danger"", ""danger""]",danger,"{""normal"": 0, ""unsafe"": 0, ""danger"": 36}","{""normal"": 0.0, ""unsafe"": 0.0, ""danger"": 1.0}",danger,danger,danger,True,False,labeling_yolo_sequence_coverage,sampled_danger_then_danger_ratio_sampled_unsafe_then_unsafe_ratio_else_normal,danger,intrusion,True,True,True,1.5526,"```json
{
    ""risk_state"": ""danger""
}
```
",True
intrusion_climb-over-fence_rgb_0007_cctv3_f000106_000116_000126,climb-over-fence_plant_rgb,intrusion_climb-over-fence_rgb_0007_cctv3,intrusion_candidate,intrusion,"[106, 116, 126]","[3.533, 3.867, 4.2]","{""start_frame"": 91, ""end_frame"": 126}","[""stand, carry/hold (an object)"", ""stand, carry/hold (an object)"", ""stand, carry/hold (an object)""]","[""danger"", ""danger"", ""danger""]",danger,"{""normal"": 0, ""unsafe"": 0, ""danger"": 36}","{""normal"": 0.0, ""unsafe"": 0.0, ""danger"": 1.0}",danger,danger,danger,True,False,labeling_yolo_sequence_coverage,sampled_danger_then_danger_ratio_sampled_unsafe_then_unsafe_ratio_else_normal,danger,intrusion,True,True,True,1.424,"{""risk_state"":""danger""}
",True
intrusion_climb-over-fence_rgb_0007_cctv3_f000136_000146_000156,climb-over-fence_plant_rgb,intrusion_climb-over-fence_rgb_0007_cctv3,intrusion_candidate,intrusion,"[136, 146, 156]","[4.533, 4.867, 5.2]","{""start_frame"": 121, ""end_frame"": 156}","[""stand, carry/hold (an object)"", ""stand, carry/hold (an object)"", ""stand, carry/hold (an object)""]","[""danger"", ""danger"", ""danger""]",danger,"{""normal"": 0, ""unsafe"": 0, ""danger"": 36}","{""normal"": 0.0, ""unsafe"": 0.0, ""danger"": 1.0}",danger,danger,danger,True,False,labeling_yolo_sequence_coverage,sampled_danger_then_danger_ratio_sampled_unsafe_then_unsafe_ratio_else_normal,danger,intrusion,True,True,True,1.306,"{""risk_state"":""danger""}
",True
intrusion_climb-over-fence_rgb_0007_cctv3_f000166_000176_000186,climb-over-fence_plant_rgb,intrusion_climb-over-fence_rgb_0007_cctv3,intrusion_candidate,intrusion,"[166, 176, 186]","[5.533, 5.867, 6.2]","{""start_frame"": 151, ""end_frame"": 186}","[""stand, carry/hold (an object)"", ""stand, carry/hold (an object)"", ""stand, carry/hold (an object)""]","[""danger"", ""danger"", ""danger""]",danger,"{""normal"": 0, ""unsafe"": 0, ""danger"": 36}","{""normal"": 0.0, ""unsafe"": 0.0, ""danger"": 1.0}",danger,danger,danger,True,False,labeling_yolo_sequence_coverage,sampled_danger_then_danger_ratio_sampled_unsafe_then_unsafe_ratio_else_normal,danger,intrusion,True,True,True,1.3068,"{""risk_state"":""danger""}
",True
intrusion_climb-over-fence_rgb_0007_cctv3_f000196_000206_000216,climb-over-fence_plant_rgb,intrusion_climb-over-fence_rgb_0007_cctv3,intrusion_candidate,intrusion,"[196, 206, 216]","[6.533, 6.867, 7.2]","{""start_frame"": 181, ""end_frame"": 216}","[""stand, carry/hold (an object)"", ""stand, carry/hold (an object)"", ""stand, carry/hold (an object)""]","[""danger"", ""danger"", ""danger""]",danger,"{""normal"": 0, ""unsafe"": 0, ""danger"": 36}","{""normal"": 0.0, ""unsafe"": 0.0, ""danger"": 1.0}",danger,danger,danger,True,False,labeling_yolo_sequence_coverage,sampled_danger_then_danger_ratio_sampled_unsafe_then_unsafe_ratio_else_normal,danger,intrusion,True,True,True,1.3072,"{""risk_state"":""danger""}
",True
intrusion_climb-over-fence_rgb_0007_cctv3_f000226_000236_000246,climb-over-fence_plant_rgb,intrusion_climb-over-fence_rgb_0007_cctv3,intrusion_candidate,intrusion,"[226, 236, 246]","[7.533, 7.867, 8.2]","{""start_frame"": 211, ""end_frame"": 246}","[""stand, carry/hold (an object)"", ""stand, carry/hold (an object)"", ""stand, carry/hold (an object)""]","[""danger"", ""danger"", ""danger""]",danger,"{""normal"": 0, ""unsafe"": 0, ""danger"": 36}","{""normal"": 0.0, ""unsafe"": 0.0, ""danger"": 1.0}",danger,danger,danger,True,False,labeling_yolo_sequence_coverage,sampled_danger_then_danger_ratio_sampled_unsafe_then_unsafe_ratio_else_normal,danger,intrusion,True,True,True,1.4141,"{
""risk_state"": ""danger""
}
",True
intrusion_climb-over-fence_rgb_0007_cctv3_f000256_000266_000276,climb-over-fence_plant_rgb,intrusion_climb-over-fence_rgb_0007_cctv3,intrusion_candidate,intrusion,"[256, 266, 276]","[8.533, 8.867, 9.2]","{""start_frame"": 241, ""end_frame"": 276}","[""stand, carry/hold (an object)"", ""stand, carry/hold (an object)"", ""stand, carry/hold (an object)""]","[""danger"", ""danger"", ""danger""]",danger,"{""normal"": 0, ""unsafe"": 0, ""danger"": 36}","{""normal"": 0.0, ""unsafe"": 0.0, ""danger"": 1.0}",danger,danger,danger,True,False,labeling_yolo_sequence_coverage,sampled_danger_then_danger_ratio_sampled_unsafe_then_unsafe_ratio_else_normal,danger,intrusion,True,True,True,1.2995,"{""risk_state"":""danger""}
",True
intrusion_climb-over-fence_rgb_0007_cctv3_f000286_000296_000306,climb-over-fence_plant_rgb,intrusion_climb-over-fence_rgb_0007_cctv3,intrusion_candidate,intrusion,"[286, 296, 306]","[9.533, 9.867, 10.2]","{""start_frame"": 271, ""end_frame"": 306}","[""stand, carry/hold (an object)"", ""stand, carry/hold (an object)"", ""stand, carry/hold (an object)""]","[""danger"", ""danger"", ""danger""]",danger,"{""normal"": 0, ""unsafe"": 0, ""danger"": 36}","{""normal"": 0.0, ""unsafe"": 0.0, ""danger"": 1.0}",danger,danger,danger,True,False,labeling_yolo_sequence_coverage,sampled_danger_then_danger_ratio_sampled_unsafe_then_unsafe_ratio_else_normal,danger,intrusion,True,True,True,1.4063,"{""risk_state"":""danger""}
",True
intrusion_climb-over-fence_rgb_0007_cctv3_f000316_000326_000336,climb-over-fence_plant_rgb,intrusion_climb-over-fence_rgb_0007_cctv3,intrusion_candidate,intrusion,"[316, 326, 336]","[10.533, 10.867, 11.2]","{""start_frame"": 301, ""end_frame"": 336}","[""stand, carry/hold (an object)"", ""stand, carry/hold (an object)"", ""stand, carry/hold (an object)""]","[""danger"", ""danger"", ""danger""]",danger,"{""normal"": 0, ""unsafe"": 0, ""danger"": 36}","{""normal"": 0.0, ""unsafe"": 0.0, ""danger"": 1.0}",danger,danger,danger,True,False,labeling_yolo_sequence_coverage,sampled_danger_then_danger_ratio_sampled_unsafe_then_unsafe_ratio_else_normal,danger,intrusion,True,True,True,1.4092,"{""risk_state"":""danger""}
",True
intrusion_climb-over-fence_rgb_0007_cctv3_f000346_000356_000366,climb-over-fence_plant_rgb,intrusion_climb-over-fence_rgb_0007_cctv3,intrusion_candidate,intrusion,"[346, 356, 366]","[11.533, 11.867, 12.2]","{""start_frame"": 331, ""end_frame"": 366}","[""stand, carry/hold (an object)"", ""stand, carry/hold (an object)"", ""stand, carry/hold (an object)""]","[""danger"", ""danger"", ""danger""]",danger,"{""normal"": 0, ""unsafe"": 0, ""danger"": 36}","{""normal"": 0.0, ""unsafe"": 0.0, ""danger"": 1.0}",danger,danger,danger,True,False,labeling_yolo_sequence_coverage,sampled_danger_then_danger_ratio_sampled_unsafe_then_unsafe_ratio_else_normal,danger,intrusion,True,True,True,1.2996,"{""risk_state"":""danger""}
",True
intrusion_climb-over-fence_rgb_0007_cctv3_f000376_000386_000396,climb-over-fence_plant_rgb,intrusion_climb-over-fence_rgb_0007_cctv3,intrusion_candidate,intrusion,"[376, 386, 396]","[12.533, 12.867, 13.2]","{""start_frame"": 361, ""end_frame"": 396}","[""stand, carry/hold (an object)"", ""stand, carry/hold (an object)"", ""stand, carry/hold (an object)""]","[""danger"", ""danger"", ""danger""]",danger,"{""normal"": 0, ""unsafe"": 0, ""danger"": 36}","{""normal"": 0.0, ""unsafe"": 0.0, ""danger"": 1.0}",danger,danger,danger,True,False,labeling_yolo_sequence_coverage,sampled_danger_then_danger_ratio_sampled_unsafe_then_unsafe_ratio_else_normal,danger,intrusion,True,True,True,1.4086,"{
""risk_state"": ""danger""
}
",True
intrusion_climb-over-fence_rgb_0008_cctv2_f000016_000026_000036,climb-over-fence_plant_rgb,intrusion_climb-over-fence_rgb_0008_cctv2,intrusion_candidate,intrusion,"[16, 26, 36]","[0.533, 0.867, 1.2]","{""start_frame"": 1, ""end_frame"": 36}","[""bend/bow (at the waist), carry/hold (an object)"", ""bend/bow (at the waist), carry/hold (an object)"", ""bend/bow (at the waist), carry/hold (an object)""]","[""unsafe"", ""unsafe"", ""unsafe""]",unsafe,"{""normal"": 0, ""unsafe"": 36, ""danger"": 0}","{""normal"": 0.0, ""unsafe"": 1.0, ""danger"": 0.0}",unsafe,unsafe,unsafe,True,False,labeling_yolo_sequence_coverage,sampled_danger_then_danger_ratio_sampled_unsafe_then_unsafe_ratio_else_normal,normal,normal,False,True,True,1.532,"{
""risk_state"": ""normal""
}
",False
intrusion_climb-over-fence_rgb_0008_cctv2_f000046_000056_000066,climb-over-fence_plant_rgb,intrusion_climb-over-fence_rgb_0008_cctv2,intrusion_candidate,intrusion,"[46, 56, 66]","[1.533, 1.867, 2.2]","{""start_frame"": 31, ""end_frame"": 66}","[""bend/bow (at the waist), carry/hold (an object)"", ""stand, carry/hold (an object)"", ""stand, carry/hold (an object)""]","[""danger"", ""danger"", ""danger""]",danger,"{""normal"": 0, ""unsafe"": 6, ""danger"": 30}","{""normal"": 0.0, ""unsafe"": 0.1667, ""danger"": 0.8333}",danger,danger,danger,True,False,labeling_yolo_sequence_coverage,sampled_danger_then_danger_ratio_sampled_unsafe_then_unsafe_ratio_else_normal,danger,intrusion,True,True,True,1.3076,"{""risk_state"":""danger""}
",True
intrusion_climb-over-fence_rgb_0008_cctv2_f000076_000086_000096,climb-over-fence_plant_rgb,intrusion_climb-over-fence_rgb_0008_cctv2,intrusion_candidate,intrusion,"[76, 86, 96]","[2.533, 2.867, 3.2]","{""start_frame"": 61, ""end_frame"": 96}","[""stand, carry/hold (an object)"", ""walk, carry/hold (an object)"", ""walk, carry/hold (an object)""]","[""danger"", ""danger"", ""danger""]",danger,"{""normal"": 0, ""unsafe"": 0, ""danger"": 36}","{""normal"": 0.0, ""unsafe"": 0.0, ""danger"": 1.0}",danger,danger,danger,True,False,labeling_yolo_sequence_coverage,sampled_danger_then_danger_ratio_sampled_unsafe_then_unsafe_ratio_else_normal,danger,intrusion,True,True,True,1.3014,"{""risk_state"":""danger""}
",True
intrusion_climb-over-fence_rgb_0008_cctv2_f000106_000116_000126,climb-over-fence_plant_rgb,intrusion_climb-over-fence_rgb_0008_cctv2,intrusion_candidate,intrusion,"[106, 116, 126]","[3.533, 3.867, 4.2]","{""start_frame"": 91, ""end_frame"": 126}","[""walk, carry/hold (an object)"", ""carry/hold (an object), walk"", ""stand, carry/hold (an object)""]","[""danger"", ""danger"", ""danger""]",danger,"{""normal"": 0, ""unsafe"": 0, ""danger"": 36}","{""normal"": 0.0, ""unsafe"": 0.0, ""danger"": 1.0}",danger,danger,danger,True,False,labeling_yolo_sequence_coverage,sampled_danger_then_danger_ratio_sampled_unsafe_then_unsafe_ratio_else_normal,danger,intrusion,True,True,True,1.4032,"{""risk_state"":""danger""}
",True
intrusion_climb-over-fence_rgb_0008_cctv2_f000136_000146_000156,climb-over-fence_plant_rgb,intrusion_climb-over-fence_rgb_0008_cctv2,intrusion_candidate,intrusion,"[136, 146, 156]","[4.533, 4.867, 5.2]","{""start_frame"": 121, ""end_frame"": 156}","[""carry/hold (an object), stand"", ""stand, carry/hold (an object)"", ""stand, carry/hold (an object)""]","[""danger"", ""danger"", ""danger""]",danger,"{""normal"": 0, ""unsafe"": 0, ""danger"": 36}","{""normal"": 0.0, ""unsafe"": 0.0, ""danger"": 1.0}",danger,danger,danger,True,False,labeling_yolo_sequence_coverage,sampled_danger_then_danger_ratio_sampled_unsafe_then_unsafe_ratio_else_normal,danger,intrusion,True,True,True,1.3042,"{""risk_state"":""danger""}
",True
intrusion_climb-over-fence_rgb_0008_cctv2_f000166_000176_000186,climb-over-fence_plant_rgb,intrusion_climb-over-fence_rgb_0008_cctv2,intrusion_candidate,intrusion,"[166, 176, 186]","[5.533, 5.867, 6.2]","{""start_frame"": 151, ""end_frame"": 186}","[""stand, carry/hold (an object)"", ""stand, carry/hold (an object)"", ""stand, carry/hold (an object)""]","[""danger"", ""danger"", ""danger""]",danger,"{""normal"": 0, ""unsafe"": 0, ""danger"": 36}","{""normal"": 0.0, ""unsafe"": 0.0, ""danger"": 1.0}",danger,danger,danger,True,False,labeling_yolo_sequence_coverage,sampled_danger_then_danger_ratio_sampled_unsafe_then_unsafe_ratio_else_normal,danger,intrusion,True,True,True,1.4159,"{
""risk_state"": ""danger""
}
",True
intrusion_climb-over-fence_rgb_0008_cctv2_f000196_000206_000216,climb-over-fence_plant_rgb,intrusion_climb-over-fence_rgb_0008_cctv2,intrusion_candidate,intrusion,"[196, 206, 216]","[6.533, 6.867, 7.2]","{""start_frame"": 181, ""end_frame"": 216}","[""stand, carry/hold (an object)"", ""stand, carry/hold (an object)"", ""stand, carry/hold (an object)""]","[""danger"", ""danger"", ""danger""]",danger,"{""normal"": 0, ""unsafe"": 0, ""danger"": 36}","{""normal"": 0.0, ""unsafe"": 0.0, ""danger"": 1.0}",danger,danger,danger,True,False,labeling_yolo_sequence_coverage,sampled_danger_then_danger_ratio_sampled_unsafe_then_unsafe_ratio_else_normal,danger,intrusion,True,True,True,1.4128,"{
""risk_state"": ""danger""
}
",True
intrusion_climb-over-fence_rgb_0008_cctv2_f000226_000236_000246,climb-over-fence_plant_rgb,intrusion_climb-over-fence_rgb_0008_cctv2,intrusion_candidate,intrusion,"[226, 236, 246]","[7.533, 7.867, 8.2]","{""start_frame"": 211, ""end_frame"": 246}","[""stand, carry/hold (an object)"", ""stand"", ""stand, carry/hold (an object)""]","[""danger"", ""danger"", ""danger""]",danger,"{""normal"": 0, ""unsafe"": 0, ""danger"": 36}","{""normal"": 0.0, ""unsafe"": 0.0, ""danger"": 1.0}",danger,danger,danger,True,False,labeling_yolo_sequence_coverage,sampled_danger_then_danger_ratio_sampled_unsafe_then_unsafe_ratio_else_normal,danger,intrusion,True,True,True,1.5192,"{
""risk_state"": ""danger""
}
",True
intrusion_climb-over-fence_rgb_0008_cctv2_f000256_000266_000276,climb-over-fence_plant_rgb,intrusion_climb-over-fence_rgb_0008_cctv2,intrusion_candidate,intrusion,"[256, 266, 276]","[8.533, 8.867, 9.2]","{""start_frame"": 241, ""end_frame"": 276}","[""walk, stand"", ""stand, walk"", ""stand, carry/hold (an object)""]","[""danger"", ""danger"", ""danger""]",danger,"{""normal"": 0, ""unsafe"": 0, ""danger"": 36}","{""normal"": 0.0, ""unsafe"": 0.0, ""danger"": 1.0}",danger,danger,danger,True,False,labeling_yolo_sequence_coverage,sampled_danger_then_danger_ratio_sampled_unsafe_then_unsafe_ratio_else_normal,danger,intrusion,True,True,True,1.5121,"{
""risk_state"": ""danger""
}
",True
intrusion_climb-over-fence_rgb_0008_cctv2_f000286_000296_000306,climb-over-fence_plant_rgb,intrusion_climb-over-fence_rgb_0008_cctv2,intrusion_candidate,intrusion,"[286, 296, 306]","[9.533, 9.867, 10.2]","{""start_frame"": 271, ""end_frame"": 306}","[""stand, carry/hold (an object)"", ""stand, carry/hold (an object)"", ""stand, carry/hold (an object)""]","[""danger"", ""danger"", ""danger""]",danger,"{""normal"": 0, ""unsafe"": 0, ""danger"": 36}","{""normal"": 0.0, ""unsafe"": 0.0, ""danger"": 1.0}",danger,danger,danger,True,False,labeling_yolo_sequence_coverage,sampled_danger_then_danger_ratio_sampled_unsafe_then_unsafe_ratio_else_normal,danger,intrusion,True,True,True,1.4233,"{
""risk_state"": ""danger""
}
",True
intrusion_climb-over-fence_rgb_0008_cctv2_f000316_000326_000336,climb-over-fence_plant_rgb,intrusion_climb-over-fence_rgb_0008_cctv2,intrusion_candidate,intrusion,"[316, 326, 336]","[10.533, 10.867, 11.2]","{""start_frame"": 301, ""end_frame"": 336}","[""bend/bow (at the waist), stand"", ""bend/bow (at the waist), carry/hold (an object)"", ""bend/bow (at the waist), carry/hold (an object)""]","[""danger"", ""danger"", ""danger""]",danger,"{""normal"": 0, ""unsafe"": 0, ""danger"": 36}","{""normal"": 0.0, ""unsafe"": 0.0, ""danger"": 1.0}",danger,danger,danger,True,False,labeling_yolo_sequence_coverage,sampled_danger_then_danger_ratio_sampled_unsafe_then_unsafe_ratio_else_normal,danger,intrusion,True,True,True,1.309,"{""risk_state"":""danger""}
",True
intrusion_climb-over-fence_rgb_0008_cctv2_f000346_000356_000366,climb-over-fence_plant_rgb,intrusion_climb-over-fence_rgb_0008_cctv2,intrusion_candidate,intrusion,"[346, 356, 366]","[11.533, 11.867, 12.2]","{""start_frame"": 331, ""end_frame"": 366}","[""stand, bend/bow (at the waist)"", ""stand, carry/hold (an object)"", ""stand, carry/hold (an object)""]","[""danger"", ""danger"", ""danger""]",danger,"{""normal"": 0, ""unsafe"": 0, ""danger"": 36}","{""normal"": 0.0, ""unsafe"": 0.0, ""danger"": 1.0}",danger,danger,danger,True,False,labeling_yolo_sequence_coverage,sampled_danger_then_danger_ratio_sampled_unsafe_then_unsafe_ratio_else_normal,danger,intrusion,True,True,True,1.4223,"{""risk_state"":""danger""}
",True
intrusion_climb-over-fence_rgb_0008_cctv2_f000376_000386_000396,climb-over-fence_plant_rgb,intrusion_climb-over-fence_rgb_0008_cctv2,intrusion_candidate,intrusion,"[376, 386, 396]","[12.533, 12.867, 13.2]","{""start_frame"": 361, ""end_frame"": 396}","[""stand, bend/bow (at the waist)"", ""stand, carry/hold (an object)"", ""stand, carry/hold (an object)""]","[""danger"", ""danger"", ""danger""]",danger,"{""normal"": 0, ""unsafe"": 0, ""danger"": 36}","{""normal"": 0.0, ""unsafe"": 0.0, ""danger"": 1.0}",danger,danger,danger,True,False,labeling_yolo_sequence_coverage,sampled_danger_then_danger_ratio_sampled_unsafe_then_unsafe_ratio_else_normal,danger,intrusion,True,True,True,1.3085,"{""risk_state"":""danger""}
",True
intrusion_climb-over-fence_rgb_0017_cctv1_f000016_000026_000036,climb-over-fence_plant_rgb,intrusion_climb-over-fence_rgb_0017_cctv1,intrusion_candidate,intrusion,"[16, 26, 36]","[0.533, 0.867, 1.2]","{""start_frame"": 1, ""end_frame"": 36}","[""carry/hold (an object), walk"", ""walk, carry/hold (an object)"", ""walk""]","[""danger"", ""danger"", ""danger""]",danger,"{""normal"": 0, ""unsafe"": 0, ""danger"": 36}","{""normal"": 0.0, ""unsafe"": 0.0, ""danger"": 1.0}",danger,danger,danger,True,False,labeling_yolo_sequence_coverage,sampled_danger_then_danger_ratio_sampled_unsafe_then_unsafe_ratio_else_normal,danger,intrusion,True,True,True,1.4089,"{
""risk_state"": ""danger""
}
",True
intrusion_climb-over-fence_rgb_0017_cctv1_f000046_000056_000066,climb-over-fence_plant_rgb,intrusion_climb-over-fence_rgb_0017_cctv1,intrusion_candidate,intrusion,"[46, 56, 66]","[1.533, 1.867, 2.2]","{""start_frame"": 31, ""end_frame"": 66}","[""none"", ""stand"", ""stand""]","[""danger"", ""danger"", ""danger""]",danger,"{""normal"": 0, ""unsafe"": 0, ""danger"": 36}","{""normal"": 0.0, ""unsafe"": 0.0, ""danger"": 1.0}",danger,danger,danger,True,False,labeling_yolo_sequence_coverage,sampled_danger_then_danger_ratio_sampled_unsafe_then_unsafe_ratio_else_normal,danger,intrusion,True,True,True,1.5352,"{
""risk_state"": ""danger""
}
",True
intrusion_climb-over-fence_rgb_0017_cctv1_f000076_000086_000096,climb-over-fence_plant_rgb,intrusion_climb-over-fence_rgb_0017_cctv1,intrusion_candidate,intrusion,"[76, 86, 96]","[2.533, 2.867, 3.2]","{""start_frame"": 61, ""end_frame"": 96}","[""stand"", ""stand"", ""stand""]","[""danger"", ""danger"", ""danger""]",danger,"{""normal"": 0, ""unsafe"": 0, ""danger"": 36}","{""normal"": 0.0, ""unsafe"": 0.0, ""danger"": 1.0}",danger,danger,danger,True,False,labeling_yolo_sequence_coverage,sampled_danger_then_danger_ratio_sampled_unsafe_then_unsafe_ratio_else_normal,danger,intrusion,True,True,True,1.4105,"{
""risk_state"": ""danger""
}
",True
intrusion_climb-over-fence_rgb_0017_cctv1_f000106_000116_000126,climb-over-fence_plant_rgb,intrusion_climb-over-fence_rgb_0017_cctv1,intrusion_candidate,intrusion,"[106, 116, 126]","[3.533, 3.867, 4.2]","{""start_frame"": 91, ""end_frame"": 126}","[""stand"", ""stand"", ""stand""]","[""danger"", ""danger"", ""danger""]",danger,"{""normal"": 0, ""unsafe"": 0, ""danger"": 36}","{""normal"": 0.0, ""unsafe"": 0.0, ""danger"": 1.0}",danger,danger,danger,True,False,labeling_yolo_sequence_coverage,sampled_danger_then_danger_ratio_sampled_unsafe_then_unsafe_ratio_else_normal,danger,intrusion,True,True,True,1.5254,"{
""risk_state"": ""danger""
}
",True
intrusion_climb-over-fence_rgb_0017_cctv1_f000136_000146_000156,climb-over-fence_plant_rgb,intrusion_climb-over-fence_rgb_0017_cctv1,intrusion_candidate,intrusion,"[136, 146, 156]","[4.533, 4.867, 5.2]","{""start_frame"": 121, ""end_frame"": 156}","[""stand"", ""none"", ""stand""]","[""danger"", ""danger"", ""danger""]",danger,"{""normal"": 0, ""unsafe"": 0, ""danger"": 36}","{""normal"": 0.0, ""unsafe"": 0.0, ""danger"": 1.0}",danger,danger,danger,True,False,labeling_yolo_sequence_coverage,sampled_danger_then_danger_ratio_sampled_unsafe_then_unsafe_ratio_else_normal,danger,intrusion,True,True,True,1.4304,"{
""risk_state"": ""danger""
}
",True
intrusion_climb-over-fence_rgb_0017_cctv1_f000166_000176_000186,climb-over-fence_plant_rgb,intrusion_climb-over-fence_rgb_0017_cctv1,intrusion_candidate,intrusion,"[166, 176, 186]","[5.533, 5.867, 6.2]","{""start_frame"": 151, ""end_frame"": 186}","[""stand"", ""none"", ""stand""]","[""danger"", ""danger"", ""danger""]",danger,"{""normal"": 0, ""unsafe"": 0, ""danger"": 36}","{""normal"": 0.0, ""unsafe"": 0.0, ""danger"": 1.0}",danger,danger,danger,True,False,labeling_yolo_sequence_coverage,sampled_danger_then_danger_ratio_sampled_unsafe_then_unsafe_ratio_else_normal,danger,intrusion,True,True,True,1.4185,"{
""risk_state"": ""danger""
}
",True
intrusion_climb-over-fence_rgb_0017_cctv1_f000196_000206_000216,climb-over-fence_plant_rgb,intrusion_climb-over-fence_rgb_0017_cctv1,intrusion_candidate,intrusion,"[196, 206, 216]","[6.533, 6.867, 7.2]","{""start_frame"": 181, ""end_frame"": 216}","[""stand"", ""stand"", ""stand""]","[""danger"", ""danger"", ""danger""]",danger,"{""normal"": 0, ""unsafe"": 0, ""danger"": 36}","{""normal"": 0.0, ""unsafe"": 0.0, ""danger"": 1.0}",danger,danger,danger,True,False,labeling_yolo_sequence_coverage,sampled_danger_then_danger_ratio_sampled_unsafe_then_unsafe_ratio_else_normal,danger,intrusion,True,True,True,1.4152,"{
""risk_state"": ""danger""
}
",True
intrusion_climb-over-fence_rgb_0019_cctv1_f000016_000026_000036,climb-over-fence_plant_rgb,intrusion_climb-over-fence_rgb_0019_cctv1,intrusion_candidate,intrusion,"[16, 26, 36]","[0.533, 0.867, 1.2]","{""start_frame"": 1, ""end_frame"": 36}","[""stand, carry/hold (an object)"", ""stand, carry/hold (an object)"", ""stand, carry/hold (an object)""]","[""danger"", ""danger"", ""danger""]",danger,"{""normal"": 0, ""unsafe"": 0, ""danger"": 36}","{""normal"": 0.0, ""unsafe"": 0.0, ""danger"": 1.0}",danger,danger,danger,True,False,labeling_yolo_sequence_coverage,sampled_danger_then_danger_ratio_sampled_unsafe_then_unsafe_ratio_else_normal,danger,intrusion,True,True,True,1.4243,"{
""risk_state"": ""danger""
}
",True
intrusion_climb-over-fence_rgb_0019_cctv1_f000046_000056_000066,climb-over-fence_plant_rgb,intrusion_climb-over-fence_rgb_0019_cctv1,intrusion_candidate,intrusion,"[46, 56, 66]","[1.533, 1.867, 2.2]","{""start_frame"": 31, ""end_frame"": 66}","[""stand, carry/hold (an object)"", ""stand, carry/hold (an object)"", ""stand""]","[""danger"", ""danger"", ""danger""]",danger,"{""normal"": 0, ""unsafe"": 0, ""danger"": 36}","{""normal"": 0.0, ""unsafe"": 0.0, ""danger"": 1.0}",danger,danger,danger,True,False,labeling_yolo_sequence_coverage,sampled_danger_then_danger_ratio_sampled_unsafe_then_unsafe_ratio_else_normal,danger,intrusion,True,True,True,1.5359,"{
""risk_state"": ""danger""
}
",True
intrusion_climb-over-fence_rgb_0019_cctv1_f000076_000086_000096,climb-over-fence_plant_rgb,intrusion_climb-over-fence_rgb_0019_cctv1,intrusion_candidate,intrusion,"[76, 86, 96]","[2.533, 2.867, 3.2]","{""start_frame"": 61, ""end_frame"": 96}","[""stand"", ""stand"", ""stand""]","[""danger"", ""danger"", ""danger""]",danger,"{""normal"": 0, ""unsafe"": 0, ""danger"": 36}","{""normal"": 0.0, ""unsafe"": 0.0, ""danger"": 1.0}",danger,danger,danger,True,False,labeling_yolo_sequence_coverage,sampled_danger_then_danger_ratio_sampled_unsafe_then_unsafe_ratio_else_normal,danger,intrusion,True,True,True,1.4135,"{
""risk_state"": ""danger""
}
",True
intrusion_climb-over-fence_rgb_0019_cctv1_f000106_000116_000126,climb-over-fence_plant_rgb,intrusion_climb-over-fence_rgb_0019_cctv1,intrusion_candidate,intrusion,"[106, 116, 126]","[3.533, 3.867, 4.2]","{""start_frame"": 91, ""end_frame"": 126}","[""stand, carry/hold (an object)"", ""stand"", ""stand""]","[""danger"", ""danger"", ""danger""]",danger,"{""normal"": 0, ""unsafe"": 0, ""danger"": 36}","{""normal"": 0.0, ""unsafe"": 0.0, ""danger"": 1.0}",danger,danger,danger,True,False,labeling_yolo_sequence_coverage,sampled_danger_then_danger_ratio_sampled_unsafe_then_unsafe_ratio_else_normal,danger,intrusion,True,True,True,1.5253,"{
""risk_state"": ""danger""
}
",True
intrusion_climb-over-fence_rgb_0019_cctv1_f000136_000146_000156,climb-over-fence_plant_rgb,intrusion_climb-over-fence_rgb_0019_cctv1,intrusion_candidate,intrusion,"[136, 146, 156]","[4.533, 4.867, 5.2]","{""start_frame"": 121, ""end_frame"": 156}","[""stand"", ""stand"", ""stand""]","[""danger"", ""danger"", ""danger""]",danger,"{""normal"": 0, ""unsafe"": 0, ""danger"": 36}","{""normal"": 0.0, ""unsafe"": 0.0, ""danger"": 1.0}",danger,danger,danger,True,False,labeling_yolo_sequence_coverage,sampled_danger_then_danger_ratio_sampled_unsafe_then_unsafe_ratio_else_normal,danger,intrusion,True,True,True,1.4221,"{
""risk_state"": ""danger""
}
",True
intrusion_climb-over-fence_rgb_0019_cctv1_f000166_000176_000186,climb-over-fence_plant_rgb,intrusion_climb-over-fence_rgb_0019_cctv1,intrusion_candidate,intrusion,"[166, 176, 186]","[5.533, 5.867, 6.2]","{""start_frame"": 151, ""end_frame"": 186}","[""stand, carry/hold (an object)"", ""stand, carry/hold (an object)"", ""stand, carry/hold (an object)""]","[""danger"", ""danger"", ""danger""]",danger,"{""normal"": 0, ""unsafe"": 0, ""danger"": 36}","{""normal"": 0.0, ""unsafe"": 0.0, ""danger"": 1.0}",danger,danger,danger,True,False,labeling_yolo_sequence_coverage,sampled_danger_then_danger_ratio_sampled_unsafe_then_unsafe_ratio_else_normal,danger,intrusion,True,True,True,1.425,"{
""risk_state"": ""danger""
}
",True
intrusion_climb-over-fence_rgb_0019_cctv1_f000196_000206_000216,climb-over-fence_plant_rgb,intrusion_climb-over-fence_rgb_0019_cctv1,intrusion_candidate,intrusion,"[196, 206, 216]","[6.533, 6.867, 7.2]","{""start_frame"": 181, ""end_frame"": 216}","[""stand"", ""stand"", ""stand""]","[""danger"", ""danger"", ""danger""]",danger,"{""normal"": 0, ""unsafe"": 0, ""danger"": 36}","{""normal"": 0.0, ""unsafe"": 0.0, ""danger"": 1.0}",danger,danger,danger,True,False,labeling_yolo_sequence_coverage,sampled_danger_then_danger_ratio_sampled_unsafe_then_unsafe_ratio_else_normal,danger,intrusion,True,True,True,1.4252,"{
""risk_state"": ""danger""
}
",True
intrusion_climb-over-fence_rgb_0024_cctv3_f000016_000026_000036,climb-over-fence_plant_rgb,intrusion_climb-over-fence_rgb_0024_cctv3,intrusion_candidate,intrusion,"[16, 26, 36]","[0.533, 0.867, 1.2]","{""start_frame"": 1, ""end_frame"": 36}","[""carry/hold (an object), walk"", ""walk, carry/hold (an object)"", ""walk, carry/hold (an object)""]","[""danger"", ""danger"", ""danger""]",danger,"{""normal"": 0, ""unsafe"": 0, ""danger"": 36}","{""normal"": 0.0, ""unsafe"": 0.0, ""danger"": 1.0}",danger,danger,danger,True,False,labeling_yolo_sequence_coverage,sampled_danger_then_danger_ratio_sampled_unsafe_then_unsafe_ratio_else_normal,danger,intrusion,True,True,True,1.4194,"{""risk_state"":""danger""}
",True
intrusion_climb-over-fence_rgb_0024_cctv3_f000046_000056_000066,climb-over-fence_plant_rgb,intrusion_climb-over-fence_rgb_0024_cctv3,intrusion_candidate,intrusion,"[46, 56, 66]","[1.533, 1.867, 2.2]","{""start_frame"": 31, ""end_frame"": 66}","[""walk, carry/hold (an object)"", ""walk, carry/hold (an object)"", ""walk, carry/hold (an object)""]","[""danger"", ""danger"", ""danger""]",danger,"{""normal"": 0, ""unsafe"": 0, ""danger"": 36}","{""normal"": 0.0, ""unsafe"": 0.0, ""danger"": 1.0}",danger,danger,danger,True,False,labeling_yolo_sequence_coverage,sampled_danger_then_danger_ratio_sampled_unsafe_then_unsafe_ratio_else_normal,danger,intrusion,True,True,True,1.3311,"{""risk_state"":""danger""}
",True
intrusion_climb-over-fence_rgb_0024_cctv3_f000076_000086_000096,climb-over-fence_plant_rgb,intrusion_climb-over-fence_rgb_0024_cctv3,intrusion_candidate,intrusion,"[76, 86, 96]","[2.533, 2.867, 3.2]","{""start_frame"": 61, ""end_frame"": 96}","[""stand, walk"", ""carry/hold (an object), stand"", ""bend/bow (at the waist), carry/hold (an object)""]","[""danger"", ""danger"", ""danger""]",danger,"{""normal"": 0, ""unsafe"": 0, ""danger"": 36}","{""normal"": 0.0, ""unsafe"": 0.0, ""danger"": 1.0}",danger,danger,danger,True,False,labeling_yolo_sequence_coverage,sampled_danger_then_danger_ratio_sampled_unsafe_then_unsafe_ratio_else_normal,danger,intrusion,True,True,True,1.3216,"{""risk_state"":""danger""}
",True
intrusion_climb-over-fence_rgb_0024_cctv3_f000106_000116_000126,climb-over-fence_plant_rgb,intrusion_climb-over-fence_rgb_0024_cctv3,intrusion_candidate,intrusion,"[106, 116, 126]","[3.533, 3.867, 4.2]","{""start_frame"": 91, ""end_frame"": 126}","[""bend/bow (at the waist), carry/hold (an object)"", ""bend/bow (at the waist), carry/hold (an object)"", ""bend/bow (at the waist), carry/hold (an object)""]","[""danger"", ""danger"", ""danger""]",danger,"{""normal"": 0, ""unsafe"": 0, ""danger"": 36}","{""normal"": 0.0, ""unsafe"": 0.0, ""danger"": 1.0}",danger,danger,danger,True,False,labeling_yolo_sequence_coverage,sampled_danger_then_danger_ratio_sampled_unsafe_then_unsafe_ratio_else_normal,danger,intrusion,True,True,True,1.4297,"{""risk_state"":""danger""}
",True
intrusion_climb-over-fence_rgb_0024_cctv3_f000136_000146_000156,climb-over-fence_plant_rgb,intrusion_climb-over-fence_rgb_0024_cctv3,intrusion_candidate,intrusion,"[136, 146, 156]","[4.533, 4.867, 5.2]","{""start_frame"": 121, ""end_frame"": 156}","[""bend/bow (at the waist), carry/hold (an object)"", ""bend/bow (at the waist)"", ""bend/bow (at the waist), carry/hold (an object)""]","[""danger"", ""danger"", ""danger""]",danger,"{""normal"": 0, ""unsafe"": 0, ""danger"": 36}","{""normal"": 0.0, ""unsafe"": 0.0, ""danger"": 1.0}",danger,danger,danger,True,False,labeling_yolo_sequence_coverage,sampled_danger_then_danger_ratio_sampled_unsafe_then_unsafe_ratio_else_normal,danger,intrusion,True,True,True,1.4409,"{""risk_state"":""danger""}
",True
intrusion_climb-over-fence_rgb_0024_cctv3_f000166_000176_000186,climb-over-fence_plant_rgb,intrusion_climb-over-fence_rgb_0024_cctv3,intrusion_candidate,intrusion,"[166, 176, 186]","[5.533, 5.867, 6.2]","{""start_frame"": 151, ""end_frame"": 186}","[""bend/bow (at the waist), carry/hold (an object)"", ""bend/bow (at the waist)"", ""bend/bow (at the waist)""]","[""danger"", ""danger"", ""danger""]",danger,"{""normal"": 0, ""unsafe"": 0, ""danger"": 36}","{""normal"": 0.0, ""unsafe"": 0.0, ""danger"": 1.0}",danger,danger,danger,True,False,labeling_yolo_sequence_coverage,sampled_danger_then_danger_ratio_sampled_unsafe_then_unsafe_ratio_else_normal,danger,intrusion,True,True,True,1.3255,"{""risk_state"":""danger""}
",True
intrusion_climb-over-fence_rgb_0024_cctv3_f000196_000206_000216,climb-over-fence_plant_rgb,intrusion_climb-over-fence_rgb_0024_cctv3,intrusion_candidate,intrusion,"[196, 206, 216]","[6.533, 6.867, 7.2]","{""start_frame"": 181, ""end_frame"": 216}","[""bend/bow (at the waist)"", ""bend/bow (at the waist)"", ""bend/bow (at the waist), carry/hold (an object)""]","[""danger"", ""danger"", ""danger""]",danger,"{""normal"": 0, ""unsafe"": 0, ""danger"": 36}","{""normal"": 0.0, ""unsafe"": 0.0, ""danger"": 1.0}",danger,danger,danger,True,False,labeling_yolo_sequence_coverage,sampled_danger_then_danger_ratio_sampled_unsafe_then_unsafe_ratio_else_normal,danger,intrusion,True,True,True,1.3218,"{""risk_state"":""danger""}
",True
intrusion_climb-over-fence_rgb_0024_cctv3_f000226_000236_000246,climb-over-fence_plant_rgb,intrusion_climb-over-fence_rgb_0024_cctv3,intrusion_candidate,intrusion,"[226, 236, 246]","[7.533, 7.867, 8.2]","{""start_frame"": 211, ""end_frame"": 246}","[""bend/bow (at the waist), carry/hold (an object)"", ""bend/bow (at the waist), carry/hold (an object)"", ""bend/bow (at the waist), carry/hold (an object)""]","[""danger"", ""danger"", ""danger""]",danger,"{""normal"": 0, ""unsafe"": 0, ""danger"": 36}","{""normal"": 0.0, ""unsafe"": 0.0, ""danger"": 1.0}",danger,danger,danger,True,False,labeling_yolo_sequence_coverage,sampled_danger_then_danger_ratio_sampled_unsafe_then_unsafe_ratio_else_normal,danger,intrusion,True,True,True,1.3255,"{""risk_state"":""danger""}
",True
intrusion_climb-over-fence_rgb_0025_cctv2_f000016_000026_000036,climb-over-fence_plant_rgb,intrusion_climb-over-fence_rgb_0025_cctv2,intrusion_candidate,intrusion,"[16, 26, 36]","[0.533, 0.867, 1.2]","{""start_frame"": 1, ""end_frame"": 36}","[""walk, carry/hold (an object)"", ""bend/bow (at the waist), carry/hold (an object)"", ""bend/bow (at the waist), carry/hold (an object)""]","[""danger"", ""danger"", ""danger""]",danger,"{""normal"": 0, ""unsafe"": 0, ""danger"": 36}","{""normal"": 0.0, ""unsafe"": 0.0, ""danger"": 1.0}",danger,danger,danger,True,False,labeling_yolo_sequence_coverage,sampled_danger_then_danger_ratio_sampled_unsafe_then_unsafe_ratio_else_normal,danger,intrusion,True,True,True,1.4407,"{""risk_state"":""danger""}
",True
intrusion_climb-over-fence_rgb_0025_cctv2_f000046_000056_000066,climb-over-fence_plant_rgb,intrusion_climb-over-fence_rgb_0025_cctv2,intrusion_candidate,intrusion,"[46, 56, 66]","[1.533, 1.867, 2.2]","{""start_frame"": 31, ""end_frame"": 66}","[""bend/bow (at the waist), carry/hold (an object)"", ""bend/bow (at the waist), carry/hold (an object)"", ""bend/bow (at the waist), carry/hold (an object)""]","[""danger"", ""danger"", ""danger""]",danger,"{""normal"": 0, ""unsafe"": 0, ""danger"": 36}","{""normal"": 0.0, ""unsafe"": 0.0, ""danger"": 1.0}",danger,danger,danger,True,False,labeling_yolo_sequence_coverage,sampled_danger_then_danger_ratio_sampled_unsafe_then_unsafe_ratio_else_normal,danger,intrusion,True,True,True,1.3279,"{""risk_state"":""danger""}
",True
intrusion_climb-over-fence_rgb_0025_cctv2_f000076_000086_000096,climb-over-fence_plant_rgb,intrusion_climb-over-fence_rgb_0025_cctv2,intrusion_candidate,intrusion,"[76, 86, 96]","[2.533, 2.867, 3.2]","{""start_frame"": 61, ""end_frame"": 96}","[""bend/bow (at the waist), carry/hold (an object)"", ""bend/bow (at the waist), carry/hold (an object)"", ""bend/bow (at the waist), carry/hold (an object)""]","[""danger"", ""danger"", ""danger""]",danger,"{""normal"": 0, ""unsafe"": 0, ""danger"": 36}","{""normal"": 0.0, ""unsafe"": 0.0, ""danger"": 1.0}",danger,danger,danger,True,False,labeling_yolo_sequence_coverage,sampled_danger_then_danger_ratio_sampled_unsafe_then_unsafe_ratio_else_normal,danger,intrusion,True,True,True,1.3299,"{""risk_state"":""danger""}
",True
intrusion_climb-over-fence_rgb_0025_cctv2_f000106_000116_000126,climb-over-fence_plant_rgb,intrusion_climb-over-fence_rgb_0025_cctv2,intrusion_candidate,intrusion,"[106, 116, 126]","[3.533, 3.867, 4.2]","{""start_frame"": 91, ""end_frame"": 126}","[""bend/bow (at the waist), carry/hold (an object)"", ""bend/bow (at the waist), carry/hold (an object)"", ""bend/bow (at the waist), carry/hold (an object)""]","[""danger"", ""danger"", ""danger""]",danger,"{""normal"": 0, ""unsafe"": 0, ""danger"": 36}","{""normal"": 0.0, ""unsafe"": 0.0, ""danger"": 1.0}",danger,danger,danger,True,False,labeling_yolo_sequence_coverage,sampled_danger_then_danger_ratio_sampled_unsafe_then_unsafe_ratio_else_normal,danger,intrusion,True,True,True,1.3303,"{""risk_state"":""danger""}
",True
intrusion_climb-over-fence_rgb_0025_cctv2_f000136_000146_000156,climb-over-fence_plant_rgb,intrusion_climb-over-fence_rgb_0025_cctv2,intrusion_candidate,intrusion,"[136, 146, 156]","[4.533, 4.867, 5.2]","{""start_frame"": 121, ""end_frame"": 156}","[""bend/bow (at the waist), carry/hold (an object)"", ""bend/bow (at the waist), carry/hold (an object)"", ""bend/bow (at the waist), carry/hold (an object)""]","[""danger"", ""danger"", ""danger""]",danger,"{""normal"": 0, ""unsafe"": 0, ""danger"": 36}","{""normal"": 0.0, ""unsafe"": 0.0, ""danger"": 1.0}",danger,danger,danger,True,False,labeling_yolo_sequence_coverage,sampled_danger_then_danger_ratio_sampled_unsafe_then_unsafe_ratio_else_normal,danger,intrusion,True,True,True,1.3242,"{""risk_state"":""danger""}
",True
intrusion_climb-over-fence_rgb_0025_cctv2_f000166_000176_000186,climb-over-fence_plant_rgb,intrusion_climb-over-fence_rgb_0025_cctv2,intrusion_candidate,intrusion,"[166, 176, 186]","[5.533, 5.867, 6.2]","{""start_frame"": 151, ""end_frame"": 186}","[""bend/bow (at the waist), carry/hold (an object)"", ""bend/bow (at the waist), carry/hold (an object)"", ""bend/bow (at the waist), carry/hold (an object)""]","[""danger"", ""danger"", ""danger""]",danger,"{""normal"": 0, ""unsafe"": 0, ""danger"": 36}","{""normal"": 0.0, ""unsafe"": 0.0, ""danger"": 1.0}",danger,danger,danger,True,False,labeling_yolo_sequence_coverage,sampled_danger_then_danger_ratio_sampled_unsafe_then_unsafe_ratio_else_normal,danger,intrusion,True,True,True,1.3281,"{""risk_state"":""danger""}
",True
intrusion_climb-over-fence_rgb_0025_cctv2_f000196_000206_000216,climb-over-fence_plant_rgb,intrusion_climb-over-fence_rgb_0025_cctv2,intrusion_candidate,intrusion,"[196, 206, 216]","[6.533, 6.867, 7.2]","{""start_frame"": 181, ""end_frame"": 216}","[""bend/bow (at the waist), carry/hold (an object)"", ""bend/bow (at the waist), carry/hold (an object)"", ""bend/bow (at the waist), carry/hold (an object)""]","[""danger"", ""danger"", ""danger""]",danger,"{""normal"": 0, ""unsafe"": 0, ""danger"": 36}","{""normal"": 0.0, ""unsafe"": 0.0, ""danger"": 1.0}",danger,danger,danger,True,False,labeling_yolo_sequence_coverage,sampled_danger_then_danger_ratio_sampled_unsafe_then_unsafe_ratio_else_normal,danger,intrusion,True,True,True,1.3287,"{""risk_state"":""danger""}
",True
intrusion_climb-over-fence_rgb_0034_cctv3_f000016_000026_000036,climb-over-fence_plant_rgb,intrusion_climb-over-fence_rgb_0034_cctv3,intrusion_candidate,intrusion,"[16, 26, 36]","[0.533, 0.867, 1.2]","{""start_frame"": 1, ""end_frame"": 36}","[""walk, carry/hold (an object)"", ""walk, carry/hold (an object)"", ""walk, carry/hold (an object)""]","[""danger"", ""danger"", ""danger""]",danger,"{""normal"": 0, ""unsafe"": 0, ""danger"": 36}","{""normal"": 0.0, ""unsafe"": 0.0, ""danger"": 1.0}",danger,danger,danger,True,False,labeling_yolo_sequence_coverage,sampled_danger_then_danger_ratio_sampled_unsafe_then_unsafe_ratio_else_normal,danger,intrusion,True,True,True,1.323,"{""risk_state"":""danger""}
",True
intrusion_climb-over-fence_rgb_0034_cctv3_f000046_000056_000066,climb-over-fence_plant_rgb,intrusion_climb-over-fence_rgb_0034_cctv3,intrusion_candidate,intrusion,"[46, 56, 66]","[1.533, 1.867, 2.2]","{""start_frame"": 31, ""end_frame"": 66}","[""carry/hold (an object), walk"", ""carry/hold (an object), walk"", ""carry/hold (an object), stand""]","[""danger"", ""danger"", ""danger""]",danger,"{""normal"": 0, ""unsafe"": 0, ""danger"": 36}","{""normal"": 0.0, ""unsafe"": 0.0, ""danger"": 1.0}",danger,danger,danger,True,False,labeling_yolo_sequence_coverage,sampled_danger_then_danger_ratio_sampled_unsafe_then_unsafe_ratio_else_normal,danger,intrusion,True,True,True,1.4246,"{""risk_state"":""danger""}
",True
intrusion_climb-over-fence_rgb_0034_cctv3_f000076_000086_000096,climb-over-fence_plant_rgb,intrusion_climb-over-fence_rgb_0034_cctv3,intrusion_candidate,intrusion,"[76, 86, 96]","[2.533, 2.867, 3.2]","{""start_frame"": 61, ""end_frame"": 96}","[""bend/bow (at the waist), carry/hold (an object)"", ""bend/bow (at the waist), carry/hold (an object)"", ""bend/bow (at the waist), carry/hold (an object)""]","[""danger"", ""danger"", ""danger""]",danger,"{""normal"": 0, ""unsafe"": 0, ""danger"": 36}","{""normal"": 0.0, ""unsafe"": 0.0, ""danger"": 1.0}",danger,danger,danger,True,False,labeling_yolo_sequence_coverage,sampled_danger_then_danger_ratio_sampled_unsafe_then_unsafe_ratio_else_normal,danger,intrusion,True,True,True,1.3365,"{""risk_state"":""danger""}
",True
intrusion_climb-over-fence_rgb_0034_cctv3_f000106_000116_000126,climb-over-fence_plant_rgb,intrusion_climb-over-fence_rgb_0034_cctv3,intrusion_candidate,intrusion,"[106, 116, 126]","[3.533, 3.867, 4.2]","{""start_frame"": 91, ""end_frame"": 126}","[""bend/bow (at the waist), carry/hold (an object)"", ""bend/bow (at the waist), carry/hold (an object)"", ""bend/bow (at the waist), carry/hold (an object)""]","[""danger"", ""danger"", ""danger""]",danger,"{""normal"": 0, ""unsafe"": 0, ""danger"": 36}","{""normal"": 0.0, ""unsafe"": 0.0, ""danger"": 1.0}",danger,danger,danger,True,False,labeling_yolo_sequence_coverage,sampled_danger_then_danger_ratio_sampled_unsafe_then_unsafe_ratio_else_normal,danger,intrusion,True,True,True,1.3289,"{""risk_state"":""danger""}
",True
intrusion_climb-over-fence_rgb_0034_cctv3_f000136_000146_000156,climb-over-fence_plant_rgb,intrusion_climb-over-fence_rgb_0034_cctv3,intrusion_candidate,intrusion,"[136, 146, 156]","[4.533, 4.867, 5.2]","{""start_frame"": 121, ""end_frame"": 156}","[""bend/bow (at the waist), carry/hold (an object)"", ""bend/bow (at the waist), carry/hold (an object)"", ""bend/bow (at the waist), carry/hold (an object)""]","[""danger"", ""danger"", ""danger""]",danger,"{""normal"": 0, ""unsafe"": 0, ""danger"": 36}","{""normal"": 0.0, ""unsafe"": 0.0, ""danger"": 1.0}",danger,danger,danger,True,False,labeling_yolo_sequence_coverage,sampled_danger_then_danger_ratio_sampled_unsafe_then_unsafe_ratio_else_normal,danger,intrusion,True,True,True,1.3331,"{""risk_state"":""danger""}
",True
intrusion_climb-over-fence_rgb_0034_cctv3_f000166_000176_000186,climb-over-fence_plant_rgb,intrusion_climb-over-fence_rgb_0034_cctv3,intrusion_candidate,intrusion,"[166, 176, 186]","[5.533, 5.867, 6.2]","{""start_frame"": 151, ""end_frame"": 186}","[""bend/bow (at the waist), carry/hold (an object)"", ""bend/bow (at the waist), carry/hold (an object)"", ""bend/bow (at the waist), carry/hold (an object)""]","[""danger"", ""danger"", ""danger""]",danger,"{""normal"": 0, ""unsafe"": 0, ""danger"": 36}","{""normal"": 0.0, ""unsafe"": 0.0, ""danger"": 1.0}",danger,danger,danger,True,False,labeling_yolo_sequence_coverage,sampled_danger_then_danger_ratio_sampled_unsafe_then_unsafe_ratio_else_normal,danger,intrusion,True,True,True,1.3297,"{""risk_state"":""danger""}
",True
intrusion_climb-over-fence_rgb_0034_cctv3_f000196_000206_000216,climb-over-fence_plant_rgb,intrusion_climb-over-fence_rgb_0034_cctv3,intrusion_candidate,intrusion,"[196, 206, 216]","[6.533, 6.867, 7.2]","{""start_frame"": 181, ""end_frame"": 216}","[""bend/bow (at the waist), carry/hold (an object)"", ""bend/bow (at the waist), carry/hold (an object)"", ""bend/bow (at the waist), carry/hold (an object)""]","[""danger"", ""danger"", ""danger""]",danger,"{""normal"": 0, ""unsafe"": 0, ""danger"": 36}","{""normal"": 0.0, ""unsafe"": 0.0, ""danger"": 1.0}",danger,danger,danger,True,False,labeling_yolo_sequence_coverage,sampled_danger_then_danger_ratio_sampled_unsafe_then_unsafe_ratio_else_normal,danger,intrusion,True,True,True,1.3414,"{""risk_state"":""danger""}
",True
intrusion_climb-over-fence_rgb_0038_cctv3_f000016_000026_000036,climb-over-fence_plant_rgb,intrusion_climb-over-fence_rgb_0038_cctv3,intrusion_candidate,intrusion,"[16, 26, 36]","[0.533, 0.867, 1.2]","{""start_frame"": 1, ""end_frame"": 36}","[""walk, carry/hold (an object)"", ""stand, carry/hold (an object)"", ""walk, carry/hold (an object)""]","[""danger"", ""danger"", ""danger""]",danger,"{""normal"": 0, ""unsafe"": 0, ""danger"": 36}","{""normal"": 0.0, ""unsafe"": 0.0, ""danger"": 1.0}",danger,danger,danger,True,False,labeling_yolo_sequence_coverage,sampled_danger_then_danger_ratio_sampled_unsafe_then_unsafe_ratio_else_normal,danger,intrusion,True,True,True,1.3217,"{""risk_state"":""danger""}
",True
intrusion_climb-over-fence_rgb_0038_cctv3_f000046_000056_000066,climb-over-fence_plant_rgb,intrusion_climb-over-fence_rgb_0038_cctv3,intrusion_candidate,intrusion,"[46, 56, 66]","[1.533, 1.867, 2.2]","{""start_frame"": 31, ""end_frame"": 66}","[""carry/hold (an object), run/jog"", ""walk, carry/hold (an object)"", ""walk, carry/hold (an object)""]","[""danger"", ""danger"", ""danger""]",danger,"{""normal"": 0, ""unsafe"": 0, ""danger"": 36}","{""normal"": 0.0, ""unsafe"": 0.0, ""danger"": 1.0}",danger,danger,danger,True,False,labeling_yolo_sequence_coverage,sampled_danger_then_danger_ratio_sampled_unsafe_then_unsafe_ratio_else_normal,danger,intrusion,True,True,True,1.4305,"{""risk_state"":""danger""}
",True
intrusion_climb-over-fence_rgb_0038_cctv3_f000076_000086_000096,climb-over-fence_plant_rgb,intrusion_climb-over-fence_rgb_0038_cctv3,intrusion_candidate,intrusion,"[76, 86, 96]","[2.533, 2.867, 3.2]","{""start_frame"": 61, ""end_frame"": 96}","[""walk, carry/hold (an object)"", ""walk, stand"", ""walk, carry/hold (an object)""]","[""danger"", ""danger"", ""danger""]",danger,"{""normal"": 0, ""unsafe"": 0, ""danger"": 36}","{""normal"": 0.0, ""unsafe"": 0.0, ""danger"": 1.0}",danger,danger,danger,True,False,labeling_yolo_sequence_coverage,sampled_danger_then_danger_ratio_sampled_unsafe_then_unsafe_ratio_else_normal,danger,intrusion,True,True,True,1.4357,"{""risk_state"":""danger""}
",True
intrusion_climb-over-fence_rgb_0038_cctv3_f000106_000116_000126,climb-over-fence_plant_rgb,intrusion_climb-over-fence_rgb_0038_cctv3,intrusion_candidate,intrusion,"[106, 116, 126]","[3.533, 3.867, 4.2]","{""start_frame"": 91, ""end_frame"": 126}","[""stand, carry/hold (an object)"", ""stand, walk"", ""walk, carry/hold (an object)""]","[""danger"", ""danger"", ""danger""]",danger,"{""normal"": 0, ""unsafe"": 0, ""danger"": 36}","{""normal"": 0.0, ""unsafe"": 0.0, ""danger"": 1.0}",danger,danger,danger,True,False,labeling_yolo_sequence_coverage,sampled_danger_then_danger_ratio_sampled_unsafe_then_unsafe_ratio_else_normal,danger,intrusion,True,True,True,1.3321,"{""risk_state"":""danger""}
",True
intrusion_climb-over-fence_rgb_0038_cctv3_f000136_000146_000156,climb-over-fence_plant_rgb,intrusion_climb-over-fence_rgb_0038_cctv3,intrusion_candidate,intrusion,"[136, 146, 156]","[4.533, 4.867, 5.2]","{""start_frame"": 121, ""end_frame"": 156}","[""carry/hold (an object), walk"", ""carry/hold (an object), stand"", ""stand, carry/hold (an object)""]","[""danger"", ""danger"", ""danger""]",danger,"{""normal"": 0, ""unsafe"": 0, ""danger"": 36}","{""normal"": 0.0, ""unsafe"": 0.0, ""danger"": 1.0}",danger,danger,danger,True,False,labeling_yolo_sequence_coverage,sampled_danger_then_danger_ratio_sampled_unsafe_then_unsafe_ratio_else_normal,danger,intrusion,True,True,True,1.3239,"{""risk_state"":""danger""}
",True
intrusion_climb-over-fence_rgb_0038_cctv3_f000166_000176_000186,climb-over-fence_plant_rgb,intrusion_climb-over-fence_rgb_0038_cctv3,intrusion_candidate,intrusion,"[166, 176, 186]","[5.533, 5.867, 6.2]","{""start_frame"": 151, ""end_frame"": 186}","[""stand, carry/hold (an object)"", ""bend/bow (at the waist), carry/hold (an object)"", ""bend/bow (at the waist)""]","[""danger"", ""danger"", ""danger""]",danger,"{""normal"": 0, ""unsafe"": 0, ""danger"": 36}","{""normal"": 0.0, ""unsafe"": 0.0, ""danger"": 1.0}",danger,danger,danger,True,False,labeling_yolo_sequence_coverage,sampled_danger_then_danger_ratio_sampled_unsafe_then_unsafe_ratio_else_normal,danger,intrusion,True,True,True,1.4371,"{""risk_state"":""danger""}
",True
intrusion_climb-over-fence_rgb_0038_cctv3_f000196_000206_000216,climb-over-fence_plant_rgb,intrusion_climb-over-fence_rgb_0038_cctv3,intrusion_candidate,intrusion,"[196, 206, 216]","[6.533, 6.867, 7.2]","{""start_frame"": 181, ""end_frame"": 216}","[""bend/bow (at the waist), carry/hold (an object)"", ""bend/bow (at the waist), carry/hold (an object)"", ""bend/bow (at the waist), carry/hold (an object)""]","[""danger"", ""danger"", ""danger""]",danger,"{""normal"": 0, ""unsafe"": 0, ""danger"": 36}","{""normal"": 0.0, ""unsafe"": 0.0, ""danger"": 1.0}",danger,danger,danger,True,False,labeling_yolo_sequence_coverage,sampled_danger_then_danger_ratio_sampled_unsafe_then_unsafe_ratio_else_normal,danger,intrusion,True,True,True,1.3328,"{""risk_state"":""danger""}
",True
intrusion_climb-over-fence_rgb_0038_cctv3_f000226_000236_000246,climb-over-fence_plant_rgb,intrusion_climb-over-fence_rgb_0038_cctv3,intrusion_candidate,intrusion,"[226, 236, 246]","[7.533, 7.867, 8.2]","{""start_frame"": 211, ""end_frame"": 246}","[""bend/bow (at the waist), carry/hold (an object)"", ""bend/bow (at the waist), carry/hold (an object)"", ""bend/bow (at the waist), carry/hold (an object)""]","[""danger"", ""danger"", ""danger""]",danger,"{""normal"": 0, ""unsafe"": 0, ""danger"": 36}","{""normal"": 0.0, ""unsafe"": 0.0, ""danger"": 1.0}",danger,danger,danger,True,False,labeling_yolo_sequence_coverage,sampled_danger_then_danger_ratio_sampled_unsafe_then_unsafe_ratio_else_normal,danger,intrusion,True,True,True,1.3417,"{""risk_state"":""danger""}
",True
intrusion_climb-over-fence_rgb_0052_cctv1_f000016_000026_000036,climb-over-fence_plant_rgb,intrusion_climb-over-fence_rgb_0052_cctv1,intrusion_candidate,intrusion,"[16, 26, 36]","[0.533, 0.867, 1.2]","{""start_frame"": 1, ""end_frame"": 36}","[""carry/hold (an object), walk"", ""bend/bow (at the waist), carry/hold (an object)"", ""bend/bow (at the waist), carry/hold (an object)""]","[""danger"", ""danger"", ""danger""]",danger,"{""normal"": 0, ""unsafe"": 0, ""danger"": 36}","{""normal"": 0.0, ""unsafe"": 0.0, ""danger"": 1.0}",danger,danger,danger,True,False,labeling_yolo_sequence_coverage,sampled_danger_then_danger_ratio_sampled_unsafe_then_unsafe_ratio_else_normal,danger,intrusion,True,True,True,1.4343,"{""risk_state"":""danger""}
",True
intrusion_climb-over-fence_rgb_0052_cctv1_f000046_000056_000066,climb-over-fence_plant_rgb,intrusion_climb-over-fence_rgb_0052_cctv1,intrusion_candidate,intrusion,"[46, 56, 66]","[1.533, 1.867, 2.2]","{""start_frame"": 31, ""end_frame"": 66}","[""bend/bow (at the waist), carry/hold (an object)"", ""bend/bow (at the waist)"", ""bend/bow (at the waist)""]","[""danger"", ""danger"", ""danger""]",danger,"{""normal"": 0, ""unsafe"": 0, ""danger"": 36}","{""normal"": 0.0, ""unsafe"": 0.0, ""danger"": 1.0}",danger,danger,danger,True,False,labeling_yolo_sequence_coverage,sampled_danger_then_danger_ratio_sampled_unsafe_then_unsafe_ratio_else_normal,danger,intrusion,True,True,True,1.3294,"{""risk_state"":""danger""}
",True
intrusion_climb-over-fence_rgb_0052_cctv1_f000076_000086_000096,climb-over-fence_plant_rgb,intrusion_climb-over-fence_rgb_0052_cctv1,intrusion_candidate,intrusion,"[76, 86, 96]","[2.533, 2.867, 3.2]","{""start_frame"": 61, ""end_frame"": 96}","[""bend/bow (at the waist), carry/hold (an object)"", ""bend/bow (at the waist), stand"", ""bend/bow (at the waist), carry/hold (an object)""]","[""danger"", ""danger"", ""danger""]",danger,"{""normal"": 0, ""unsafe"": 0, ""danger"": 36}","{""normal"": 0.0, ""unsafe"": 0.0, ""danger"": 1.0}",danger,danger,danger,True,False,labeling_yolo_sequence_coverage,sampled_danger_then_danger_ratio_sampled_unsafe_then_unsafe_ratio_else_normal,danger,intrusion,True,True,True,1.3374,"{""risk_state"":""danger""}
",True
intrusion_climb-over-fence_rgb_0052_cctv1_f000106_000116_000126,climb-over-fence_plant_rgb,intrusion_climb-over-fence_rgb_0052_cctv1,intrusion_candidate,intrusion,"[106, 116, 126]","[3.533, 3.867, 4.2]","{""start_frame"": 91, ""end_frame"": 126}","[""stand, carry/hold (an object)"", ""stand, carry/hold (an object)"", ""stand, bend/bow (at the waist)""]","[""danger"", ""danger"", ""danger""]",danger,"{""normal"": 0, ""unsafe"": 0, ""danger"": 36}","{""normal"": 0.0, ""unsafe"": 0.0, ""danger"": 1.0}",danger,danger,danger,True,False,labeling_yolo_sequence_coverage,sampled_danger_then_danger_ratio_sampled_unsafe_then_unsafe_ratio_else_normal,danger,intrusion,True,True,True,1.3364,"{""risk_state"":""danger""}
",True
intrusion_climb-over-fence_rgb_0052_cctv1_f000136_000146_000156,climb-over-fence_plant_rgb,intrusion_climb-over-fence_rgb_0052_cctv1,intrusion_candidate,intrusion,"[136, 146, 156]","[4.533, 4.867, 5.2]","{""start_frame"": 121, ""end_frame"": 156}","[""stand, carry/hold (an object)"", ""bend/bow (at the waist), carry/hold (an object)"", ""bend/bow (at the waist), carry/hold (an object)""]","[""danger"", ""danger"", ""danger""]",danger,"{""normal"": 0, ""unsafe"": 0, ""danger"": 36}","{""normal"": 0.0, ""unsafe"": 0.0, ""danger"": 1.0}",danger,danger,danger,True,False,labeling_yolo_sequence_coverage,sampled_danger_then_danger_ratio_sampled_unsafe_then_unsafe_ratio_else_normal,danger,intrusion,True,True,True,1.4451,"{""risk_state"":""danger""}
",True
intrusion_climb-over-fence_rgb_0052_cctv1_f000166_000176_000186,climb-over-fence_plant_rgb,intrusion_climb-over-fence_rgb_0052_cctv1,intrusion_candidate,intrusion,"[166, 176, 186]","[5.533, 5.867, 6.2]","{""start_frame"": 151, ""end_frame"": 186}","[""bend/bow (at the waist)"", ""bend/bow (at the waist), stand"", ""stand, carry/hold (an object)""]","[""danger"", ""danger"", ""danger""]",danger,"{""normal"": 0, ""unsafe"": 0, ""danger"": 36}","{""normal"": 0.0, ""unsafe"": 0.0, ""danger"": 1.0}",danger,danger,danger,True,False,labeling_yolo_sequence_coverage,sampled_danger_then_danger_ratio_sampled_unsafe_then_unsafe_ratio_else_normal,danger,intrusion,True,True,True,1.3302,"{""risk_state"":""danger""}
",True
intrusion_climb-over-fence_rgb_0052_cctv1_f000196_000206_000216,climb-over-fence_plant_rgb,intrusion_climb-over-fence_rgb_0052_cctv1,intrusion_candidate,intrusion,"[196, 206, 216]","[6.533, 6.867, 7.2]","{""start_frame"": 181, ""end_frame"": 216}","[""stand, carry/hold (an object)"", ""stand, carry/hold (an object)"", ""none""]","[""danger"", ""danger"", ""danger""]",danger,"{""normal"": 0, ""unsafe"": 0, ""danger"": 36}","{""normal"": 0.0, ""unsafe"": 0.0, ""danger"": 1.0}",danger,danger,danger,True,False,labeling_yolo_sequence_coverage,sampled_danger_then_danger_ratio_sampled_unsafe_then_unsafe_ratio_else_normal,danger,intrusion,True,True,True,1.3272,"{""risk_state"":""danger""}
",True
intrusion_climb-over-fence_rgb_0052_cctv1_f000226_000236_000246,climb-over-fence_plant_rgb,intrusion_climb-over-fence_rgb_0052_cctv1,intrusion_candidate,intrusion,"[226, 236, 246]","[7.533, 7.867, 8.2]","{""start_frame"": 211, ""end_frame"": 246}","[""stand, carry/hold (an object)"", ""stand, carry/hold (an object)"", ""stand, carry/hold (an object)""]","[""danger"", ""danger"", ""danger""]",danger,"{""normal"": 0, ""unsafe"": 0, ""danger"": 36}","{""normal"": 0.0, ""unsafe"": 0.0, ""danger"": 1.0}",danger,danger,danger,True,False,labeling_yolo_sequence_coverage,sampled_danger_then_danger_ratio_sampled_unsafe_then_unsafe_ratio_else_normal,danger,intrusion,True,True,True,1.3374,"{""risk_state"":""danger""}
",True
intrusion_climb-over-fence_rgb_0054_cctv1_f000016_000026_000036,climb-over-fence_plant_rgb,intrusion_climb-over-fence_rgb_0054_cctv1,intrusion_candidate,intrusion,"[16, 26, 36]","[0.533, 0.867, 1.2]","{""start_frame"": 1, ""end_frame"": 36}","[""bend/bow (at the waist), carry/hold (an object)"", ""bend/bow (at the waist), carry/hold (an object)"", ""bend/bow (at the waist), carry/hold (an object)""]","[""danger"", ""danger"", ""danger""]",danger,"{""normal"": 0, ""unsafe"": 0, ""danger"": 36}","{""normal"": 0.0, ""unsafe"": 0.0, ""danger"": 1.0}",danger,danger,danger,True,False,labeling_yolo_sequence_coverage,sampled_danger_then_danger_ratio_sampled_unsafe_then_unsafe_ratio_else_normal,danger,intrusion,True,True,True,1.3342,"{""risk_state"":""danger""}
",True
intrusion_climb-over-fence_rgb_0054_cctv1_f000046_000056_000066,climb-over-fence_plant_rgb,intrusion_climb-over-fence_rgb_0054_cctv1,intrusion_candidate,intrusion,"[46, 56, 66]","[1.533, 1.867, 2.2]","{""start_frame"": 31, ""end_frame"": 66}","[""bend/bow (at the waist), carry/hold (an object)"", ""bend/bow (at the waist), stand"", ""bend/bow (at the waist), stand""]","[""danger"", ""danger"", ""danger""]",danger,"{""normal"": 0, ""unsafe"": 0, ""danger"": 36}","{""normal"": 0.0, ""unsafe"": 0.0, ""danger"": 1.0}",danger,danger,danger,True,False,labeling_yolo_sequence_coverage,sampled_danger_then_danger_ratio_sampled_unsafe_then_unsafe_ratio_else_normal,danger,intrusion,True,True,True,1.3364,"{""risk_state"":""danger""}
",True
intrusion_climb-over-fence_rgb_0054_cctv1_f000076_000086_000096,climb-over-fence_plant_rgb,intrusion_climb-over-fence_rgb_0054_cctv1,intrusion_candidate,intrusion,"[76, 86, 96]","[2.533, 2.867, 3.2]","{""start_frame"": 61, ""end_frame"": 96}","[""stand, carry/hold (an object)"", ""stand, carry/hold (an object)"", ""stand, carry/hold (an object)""]","[""danger"", ""danger"", ""danger""]",danger,"{""normal"": 0, ""unsafe"": 0, ""danger"": 36}","{""normal"": 0.0, ""unsafe"": 0.0, ""danger"": 1.0}",danger,danger,danger,True,False,labeling_yolo_sequence_coverage,sampled_danger_then_danger_ratio_sampled_unsafe_then_unsafe_ratio_else_normal,danger,intrusion,True,True,True,1.3303,"{""risk_state"":""danger""}
",True
intrusion_climb-over-fence_rgb_0054_cctv1_f000106_000116_000126,climb-over-fence_plant_rgb,intrusion_climb-over-fence_rgb_0054_cctv1,intrusion_candidate,intrusion,"[106, 116, 126]","[3.533, 3.867, 4.2]","{""start_frame"": 91, ""end_frame"": 126}","[""stand, carry/hold (an object)"", ""carry/hold (an object), stand"", ""carry/hold (an object), bend/bow (at the waist)""]","[""danger"", ""danger"", ""danger""]",danger,"{""normal"": 0, ""unsafe"": 0, ""danger"": 36}","{""normal"": 0.0, ""unsafe"": 0.0, ""danger"": 1.0}",danger,danger,danger,True,False,labeling_yolo_sequence_coverage,sampled_danger_then_danger_ratio_sampled_unsafe_then_unsafe_ratio_else_normal,danger,intrusion,True,True,True,1.3361,"{""risk_state"":""danger""}
",True
intrusion_climb-over-fence_rgb_0054_cctv1_f000136_000146_000156,climb-over-fence_plant_rgb,intrusion_climb-over-fence_rgb_0054_cctv1,intrusion_candidate,intrusion,"[136, 146, 156]","[4.533, 4.867, 5.2]","{""start_frame"": 121, ""end_frame"": 156}","[""stand, carry/hold (an object)"", ""stand, carry/hold (an object)"", ""stand, carry/hold (an object)""]","[""danger"", ""danger"", ""danger""]",danger,"{""normal"": 0, ""unsafe"": 0, ""danger"": 36}","{""normal"": 0.0, ""unsafe"": 0.0, ""danger"": 1.0}",danger,danger,danger,True,False,labeling_yolo_sequence_coverage,sampled_danger_then_danger_ratio_sampled_unsafe_then_unsafe_ratio_else_normal,danger,intrusion,True,True,True,1.3295,"{""risk_state"":""danger""}
",True
intrusion_climb-over-fence_rgb_0004_cctv1_f000016_000026_000036,climb-over-fence_smart_rgb,intrusion_climb-over-fence_rgb_0004_cctv1,intrusion_candidate,intrusion,"[16, 26, 36]","[0.533, 0.867, 1.2]","{""start_frame"": 1, ""end_frame"": 36}","[""walk, carry/hold (an object)"", ""walk, carry/hold (an object)"", ""walk, carry/hold (an object)""]","[""normal"", ""normal"", ""unsafe""]",unsafe,"{""normal"": 28, ""unsafe"": 8, ""danger"": 0}","{""normal"": 0.7778, ""unsafe"": 0.2222, ""danger"": 0.0}",normal,unsafe,unsafe,True,False,labeling_yolo_sequence_coverage,sampled_danger_then_danger_ratio_sampled_unsafe_then_unsafe_ratio_else_normal,normal,normal,False,True,True,1.4296,"```json
{""risk_state"":""normal""}
```
",False
intrusion_climb-over-fence_rgb_0004_cctv1_f000046_000056_000066,climb-over-fence_smart_rgb,intrusion_climb-over-fence_rgb_0004_cctv1,intrusion_candidate,intrusion,"[46, 56, 66]","[1.533, 1.867, 2.2]","{""start_frame"": 31, ""end_frame"": 66}","[""run/jog, carry/hold (an object)"", ""carry/hold (an object), walk"", ""walk, carry/hold (an object)""]","[""danger"", ""danger"", ""danger""]",danger,"{""normal"": 0, ""unsafe"": 10, ""danger"": 26}","{""normal"": 0.0, ""unsafe"": 0.2778, ""danger"": 0.7222}",danger,danger,danger,True,False,labeling_yolo_sequence_coverage,sampled_danger_then_danger_ratio_sampled_unsafe_then_unsafe_ratio_else_normal,danger,intrusion,True,True,True,1.5579,"```json
{
    ""risk_state"": ""danger""
}
```
",True
intrusion_climb-over-fence_rgb_0004_cctv1_f000076_000086_000096,climb-over-fence_smart_rgb,intrusion_climb-over-fence_rgb_0004_cctv1,intrusion_candidate,intrusion,"[76, 86, 96]","[2.533, 2.867, 3.2]","{""start_frame"": 61, ""end_frame"": 96}","[""walk, carry/hold (an object)"", ""stand, carry/hold (an object)"", ""stand, answer phone""]","[""danger"", ""danger"", ""danger""]",danger,"{""normal"": 0, ""unsafe"": 0, ""danger"": 36}","{""normal"": 0.0, ""unsafe"": 0.0, ""danger"": 1.0}",danger,danger,danger,True,False,labeling_yolo_sequence_coverage,sampled_danger_then_danger_ratio_sampled_unsafe_then_unsafe_ratio_else_normal,danger,intrusion,True,True,True,1.5549,"```json
{
    ""risk_state"": ""danger""
}
```
",True
intrusion_climb-over-fence_rgb_0004_cctv1_f000106_000116_000126,climb-over-fence_smart_rgb,intrusion_climb-over-fence_rgb_0004_cctv1,intrusion_candidate,intrusion,"[106, 116, 126]","[3.533, 3.867, 4.2]","{""start_frame"": 91, ""end_frame"": 126}","[""stand"", ""stand, answer phone"", ""stand, answer phone""]","[""danger"", ""danger"", ""danger""]",danger,"{""normal"": 0, ""unsafe"": 0, ""danger"": 36}","{""normal"": 0.0, ""unsafe"": 0.0, ""danger"": 1.0}",danger,danger,danger,True,False,labeling_yolo_sequence_coverage,sampled_danger_then_danger_ratio_sampled_unsafe_then_unsafe_ratio_else_normal,danger,intrusion,True,True,True,1.5512,"```json
{""risk_state"":""danger""}
```
",True
intrusion_climb-over-fence_rgb_0004_cctv1_f000136_000146_000156,climb-over-fence_smart_rgb,intrusion_climb-over-fence_rgb_0004_cctv1,intrusion_candidate,intrusion,"[136, 146, 156]","[4.533, 4.867, 5.2]","{""start_frame"": 121, ""end_frame"": 156}","[""stand, answer phone"", ""stand, answer phone"", ""stand, answer phone""]","[""danger"", ""danger"", ""danger""]",danger,"{""normal"": 0, ""unsafe"": 0, ""danger"": 36}","{""normal"": 0.0, ""unsafe"": 0.0, ""danger"": 1.0}",danger,danger,danger,True,False,labeling_yolo_sequence_coverage,sampled_danger_then_danger_ratio_sampled_unsafe_then_unsafe_ratio_else_normal,danger,intrusion,True,True,True,1.6764,"```json
{
    ""risk_state"": ""danger""
}
```
",True
intrusion_climb-over-fence_rgb_0004_cctv1_f000166_000176_000186,climb-over-fence_smart_rgb,intrusion_climb-over-fence_rgb_0004_cctv1,intrusion_candidate,intrusion,"[166, 176, 186]","[5.533, 5.867, 6.2]","{""start_frame"": 151, ""end_frame"": 186}","[""stand, carry/hold (an object)"", ""walk, carry/hold (an object)"", ""stand, carry/hold (an object)""]","[""danger"", ""danger"", ""danger""]",danger,"{""normal"": 0, ""unsafe"": 0, ""danger"": 36}","{""normal"": 0.0, ""unsafe"": 0.0, ""danger"": 1.0}",danger,danger,danger,True,False,labeling_yolo_sequence_coverage,sampled_danger_then_danger_ratio_sampled_unsafe_then_unsafe_ratio_else_normal,danger,intrusion,True,True,True,1.5686,"```json
{
    ""risk_state"": ""danger""
}
```
",True
intrusion_climb-over-fence_rgb_0004_cctv1_f000196_000206_000216,climb-over-fence_smart_rgb,intrusion_climb-over-fence_rgb_0004_cctv1,intrusion_candidate,intrusion,"[196, 206, 216]","[6.533, 6.867, 7.2]","{""start_frame"": 181, ""end_frame"": 216}","[""stand, carry/hold (an object)"", ""stand, walk"", ""bend/bow (at the waist), carry/hold (an object)""]","[""danger"", ""danger"", ""danger""]",danger,"{""normal"": 0, ""unsafe"": 0, ""danger"": 36}","{""normal"": 0.0, ""unsafe"": 0.0, ""danger"": 1.0}",danger,danger,danger,True,False,labeling_yolo_sequence_coverage,sampled_danger_then_danger_ratio_sampled_unsafe_then_unsafe_ratio_else_normal,danger,intrusion,True,True,True,1.5642,"```json
{
    ""risk_state"": ""danger""
}
```
",True
intrusion_climb-over-fence_rgb_0004_cctv1_f000226_000236_000246,climb-over-fence_smart_rgb,intrusion_climb-over-fence_rgb_0004_cctv1,intrusion_candidate,intrusion,"[226, 236, 246]","[7.533, 7.867, 8.2]","{""start_frame"": 211, ""end_frame"": 246}","[""bend/bow (at the waist), carry/hold (an object)"", ""bend/bow (at the waist), carry/hold (an object)"", ""stand, carry/hold (an object)""]","[""danger"", ""danger"", ""danger""]",danger,"{""normal"": 0, ""unsafe"": 0, ""danger"": 36}","{""normal"": 0.0, ""unsafe"": 0.0, ""danger"": 1.0}",danger,danger,danger,True,False,labeling_yolo_sequence_coverage,sampled_danger_then_danger_ratio_sampled_unsafe_then_unsafe_ratio_else_normal,danger,intrusion,True,True,True,1.5741,"```json
{
    ""risk_state"": ""danger""
}
```
",True
intrusion_climb-over-fence_rgb_0004_cctv1_f000256_000266_000276,climb-over-fence_smart_rgb,intrusion_climb-over-fence_rgb_0004_cctv1,intrusion_candidate,intrusion,"[256, 266, 276]","[8.533, 8.867, 9.2]","{""start_frame"": 241, ""end_frame"": 276}","[""stand, answer phone"", ""stand, answer phone"", ""stand, answer phone""]","[""danger"", ""danger"", ""danger""]",danger,"{""normal"": 0, ""unsafe"": 0, ""danger"": 36}","{""normal"": 0.0, ""unsafe"": 0.0, ""danger"": 1.0}",danger,danger,danger,True,False,labeling_yolo_sequence_coverage,sampled_danger_then_danger_ratio_sampled_unsafe_then_unsafe_ratio_else_normal,danger,intrusion,True,True,True,1.557,"```json
{
    ""risk_state"": ""danger""
}
```
",True
intrusion_climb-over-fence_rgb_0004_cctv1_f000286_000296_000306,climb-over-fence_smart_rgb,intrusion_climb-over-fence_rgb_0004_cctv1,intrusion_candidate,intrusion,"[286, 296, 306]","[9.533, 9.867, 10.2]","{""start_frame"": 271, ""end_frame"": 306}","[""stand, carry/hold (an object)"", ""bend/bow (at the waist), carry/hold (an object)"", ""stand, carry/hold (an object)""]","[""danger"", ""danger"", ""danger""]",danger,"{""normal"": 0, ""unsafe"": 0, ""danger"": 36}","{""normal"": 0.0, ""unsafe"": 0.0, ""danger"": 1.0}",danger,danger,danger,True,False,labeling_yolo_sequence_coverage,sampled_danger_then_danger_ratio_sampled_unsafe_then_unsafe_ratio_else_normal,danger,intrusion,True,True,True,1.6617,"```json
{
    ""risk_state"": ""danger""
}
```
",True
intrusion_climb-over-fence_rgb_0004_cctv1_f000316_000326_000336,climb-over-fence_smart_rgb,intrusion_climb-over-fence_rgb_0004_cctv1,intrusion_candidate,intrusion,"[316, 326, 336]","[10.533, 10.867, 11.2]","{""start_frame"": 301, ""end_frame"": 336}","[""stand, carry/hold (an object)"", ""bend/bow (at the waist), carry/hold (an object)"", ""stand, answer phone""]","[""danger"", ""danger"", ""danger""]",danger,"{""normal"": 0, ""unsafe"": 0, ""danger"": 36}","{""normal"": 0.0, ""unsafe"": 0.0, ""danger"": 1.0}",danger,danger,danger,True,False,labeling_yolo_sequence_coverage,sampled_danger_then_danger_ratio_sampled_unsafe_then_unsafe_ratio_else_normal,danger,intrusion,True,True,True,1.5712,"```json
{
    ""risk_state"": ""danger""
}
```
",True
intrusion_climb-over-fence_rgb_0004_cctv1_f000346_000356_000366,climb-over-fence_smart_rgb,intrusion_climb-over-fence_rgb_0004_cctv1,intrusion_candidate,intrusion,"[346, 356, 366]","[11.533, 11.867, 12.2]","{""start_frame"": 331, ""end_frame"": 366}","[""stand, answer phone"", ""bend/bow (at the waist), stand"", ""bend/bow (at the waist), carry/hold (an object)""]","[""danger"", ""danger"", ""danger""]",danger,"{""normal"": 0, ""unsafe"": 0, ""danger"": 36}","{""normal"": 0.0, ""unsafe"": 0.0, ""danger"": 1.0}",danger,danger,danger,True,False,labeling_yolo_sequence_coverage,sampled_danger_then_danger_ratio_sampled_unsafe_then_unsafe_ratio_else_normal,danger,intrusion,True,True,True,1.5665,"```json
{
    ""risk_state"": ""danger""
}
```
",True
intrusion_climb-over-fence_rgb_0004_cctv1_f000376_000386_000396,climb-over-fence_smart_rgb,intrusion_climb-over-fence_rgb_0004_cctv1,intrusion_candidate,intrusion,"[376, 386, 396]","[12.533, 12.867, 13.2]","{""start_frame"": 361, ""end_frame"": 396}","[""bend/bow (at the waist), stand"", ""bend/bow (at the waist), stand"", ""sit, stand""]","[""danger"", ""danger"", ""danger""]",danger,"{""normal"": 0, ""unsafe"": 0, ""danger"": 36}","{""normal"": 0.0, ""unsafe"": 0.0, ""danger"": 1.0}",danger,danger,danger,True,False,labeling_yolo_sequence_coverage,sampled_danger_then_danger_ratio_sampled_unsafe_then_unsafe_ratio_else_normal,danger,intrusion,True,True,True,1.5621,"```json
{
    ""risk_state"": ""danger""
}
```
",True
intrusion_climb-over-fence_rgb_0004_cctv1_f000406_000416_000426,climb-over-fence_smart_rgb,intrusion_climb-over-fence_rgb_0004_cctv1,intrusion_candidate,intrusion,"[406, 416, 426]","[13.533, 13.867, 14.2]","{""start_frame"": 391, ""end_frame"": 426}","[""stand, sit"", ""stand"", ""stand""]","[""danger"", ""danger"", ""danger""]",danger,"{""normal"": 0, ""unsafe"": 0, ""danger"": 36}","{""normal"": 0.0, ""unsafe"": 0.0, ""danger"": 1.0}",danger,danger,danger,True,False,labeling_yolo_sequence_coverage,sampled_danger_then_danger_ratio_sampled_unsafe_then_unsafe_ratio_else_normal,danger,intrusion,True,True,True,1.6577,"```json
{
    ""risk_state"": ""danger""
}
```
",True
intrusion_climb-over-fence_rgb_0004_cctv1_f000436_000446_000456,climb-over-fence_smart_rgb,intrusion_climb-over-fence_rgb_0004_cctv1,intrusion_candidate,intrusion,"[436, 446, 456]","[14.533, 14.867, 15.2]","{""start_frame"": 421, ""end_frame"": 456}","[""bend/bow (at the waist), stand"", ""bend/bow (at the waist), carry/hold (an object)"", ""bend/bow (at the waist), carry/hold (an object)""]","[""danger"", ""danger"", ""danger""]",danger,"{""normal"": 0, ""unsafe"": 0, ""danger"": 36}","{""normal"": 0.0, ""unsafe"": 0.0, ""danger"": 1.0}",danger,danger,danger,True,False,labeling_yolo_sequence_coverage,sampled_danger_then_danger_ratio_sampled_unsafe_then_unsafe_ratio_else_normal,danger,intrusion,True,True,True,1.5653,"```json
{
    ""risk_state"": ""danger""
}
```
",True
intrusion_climb-over-fence_rgb_0005_cctv2_f000016_000026_000036,climb-over-fence_smart_rgb,intrusion_climb-over-fence_rgb_0005_cctv2,intrusion_candidate,intrusion,"[16, 26, 36]","[0.533, 0.867, 1.2]","{""start_frame"": 1, ""end_frame"": 36}","[""walk, carry/hold (an object)"", ""walk, carry/hold (an object)"", ""walk, carry/hold (an object)""]","[""normal"", ""normal"", ""normal""]",normal,"{""normal"": 36, ""unsafe"": 0, ""danger"": 0}","{""normal"": 1.0, ""unsafe"": 0.0, ""danger"": 0.0}",normal,normal,normal,True,False,labeling_yolo_sequence_coverage,sampled_danger_then_danger_ratio_sampled_unsafe_then_unsafe_ratio_else_normal,normal,normal,False,True,True,1.3332,"{""risk_state"":""normal""}
",True
intrusion_climb-over-fence_rgb_0005_cctv2_f000046_000056_000066,climb-over-fence_smart_rgb,intrusion_climb-over-fence_rgb_0005_cctv2,intrusion_candidate,intrusion,"[46, 56, 66]","[1.533, 1.867, 2.2]","{""start_frame"": 31, ""end_frame"": 66}","[""walk, carry/hold (an object)"", ""walk, carry/hold (an object)"", ""walk, carry/hold (an object)""]","[""normal"", ""normal"", ""unsafe""]",unsafe,"{""normal"": 28, ""unsafe"": 8, ""danger"": 0}","{""normal"": 0.7778, ""unsafe"": 0.2222, ""danger"": 0.0}",normal,unsafe,unsafe,True,False,labeling_yolo_sequence_coverage,sampled_danger_then_danger_ratio_sampled_unsafe_then_unsafe_ratio_else_normal,normal,normal,False,True,True,1.4294,"{
""risk_state"": ""normal""
}
",False
intrusion_climb-over-fence_rgb_0005_cctv2_f000076_000086_000096,climb-over-fence_smart_rgb,intrusion_climb-over-fence_rgb_0005_cctv2,intrusion_candidate,intrusion,"[76, 86, 96]","[2.533, 2.867, 3.2]","{""start_frame"": 61, ""end_frame"": 96}","[""walk, carry/hold (an object)"", ""carry/hold (an object), stand"", ""carry/hold (an object), walk""]","[""unsafe"", ""danger"", ""danger""]",danger,"{""normal"": 0, ""unsafe"": 25, ""danger"": 11}","{""normal"": 0.0, ""unsafe"": 0.6944, ""danger"": 0.3056}",danger,danger,danger,True,False,labeling_yolo_sequence_coverage,sampled_danger_then_danger_ratio_sampled_unsafe_then_unsafe_ratio_else_normal,danger,intrusion,True,True,True,1.6674,"```json
{
    ""risk_state"": ""danger""
}
```
",True
intrusion_climb-over-fence_rgb_0005_cctv2_f000106_000116_000126,climb-over-fence_smart_rgb,intrusion_climb-over-fence_rgb_0005_cctv2,intrusion_candidate,intrusion,"[106, 116, 126]","[3.533, 3.867, 4.2]","{""start_frame"": 91, ""end_frame"": 126}","[""carry/hold (an object), stand"", ""carry/hold (an object), stand"", ""carry/hold (an object), walk""]","[""danger"", ""danger"", ""danger""]",danger,"{""normal"": 0, ""unsafe"": 0, ""danger"": 36}","{""normal"": 0.0, ""unsafe"": 0.0, ""danger"": 1.0}",danger,danger,danger,True,False,labeling_yolo_sequence_coverage,sampled_danger_then_danger_ratio_sampled_unsafe_then_unsafe_ratio_else_normal,danger,intrusion,True,True,True,1.4301,"```json
{""risk_state"":""danger""}
```
",True
intrusion_climb-over-fence_rgb_0005_cctv2_f000136_000146_000156,climb-over-fence_smart_rgb,intrusion_climb-over-fence_rgb_0005_cctv2,intrusion_candidate,intrusion,"[136, 146, 156]","[4.533, 4.867, 5.2]","{""start_frame"": 121, ""end_frame"": 156}","[""run/jog, walk"", ""stand, walk"", ""stand, carry/hold (an object)""]","[""danger"", ""danger"", ""danger""]",danger,"{""normal"": 0, ""unsafe"": 0, ""danger"": 36}","{""normal"": 0.0, ""unsafe"": 0.0, ""danger"": 1.0}",danger,danger,danger,True,False,labeling_yolo_sequence_coverage,sampled_danger_then_danger_ratio_sampled_unsafe_then_unsafe_ratio_else_normal,danger,intrusion,True,True,True,1.5307,"```json
{""risk_state"":""danger""}
```
",True
intrusion_climb-over-fence_rgb_0005_cctv2_f000166_000176_000186,climb-over-fence_smart_rgb,intrusion_climb-over-fence_rgb_0005_cctv2,intrusion_candidate,intrusion,"[166, 176, 186]","[5.533, 5.867, 6.2]","{""start_frame"": 151, ""end_frame"": 186}","[""stand, carry/hold (an object)"", ""stand, carry/hold (an object)"", ""stand, carry/hold (an object)""]","[""danger"", ""danger"", ""danger""]",danger,"{""normal"": 0, ""unsafe"": 0, ""danger"": 36}","{""normal"": 0.0, ""unsafe"": 0.0, ""danger"": 1.0}",danger,danger,danger,True,False,labeling_yolo_sequence_coverage,sampled_danger_then_danger_ratio_sampled_unsafe_then_unsafe_ratio_else_normal,danger,intrusion,True,True,True,1.5663,"```json
{
    ""risk_state"": ""danger""
}
```
",True
intrusion_climb-over-fence_rgb_0005_cctv2_f000196_000206_000216,climb-over-fence_smart_rgb,intrusion_climb-over-fence_rgb_0005_cctv2,intrusion_candidate,intrusion,"[196, 206, 216]","[6.533, 6.867, 7.2]","{""start_frame"": 181, ""end_frame"": 216}","[""stand, carry/hold (an object)"", ""stand, carry/hold (an object)"", ""carry/hold (an object), stand""]","[""danger"", ""danger"", ""danger""]",danger,"{""normal"": 0, ""unsafe"": 0, ""danger"": 36}","{""normal"": 0.0, ""unsafe"": 0.0, ""danger"": 1.0}",danger,danger,danger,True,False,labeling_yolo_sequence_coverage,sampled_danger_then_danger_ratio_sampled_unsafe_then_unsafe_ratio_else_normal,danger,intrusion,True,True,True,1.5529,"```json
{
    ""risk_state"": ""danger""
}
```
",True
intrusion_climb-over-fence_rgb_0005_cctv2_f000226_000236_000246,climb-over-fence_smart_rgb,intrusion_climb-over-fence_rgb_0005_cctv2,intrusion_candidate,intrusion,"[226, 236, 246]","[7.533, 7.867, 8.2]","{""start_frame"": 211, ""end_frame"": 246}","[""stand, carry/hold (an object)"", ""stand, carry/hold (an object)"", ""stand, carry/hold (an object)""]","[""danger"", ""danger"", ""danger""]",danger,"{""normal"": 0, ""unsafe"": 0, ""danger"": 36}","{""normal"": 0.0, ""unsafe"": 0.0, ""danger"": 1.0}",danger,danger,danger,True,False,labeling_yolo_sequence_coverage,sampled_danger_then_danger_ratio_sampled_unsafe_then_unsafe_ratio_else_normal,danger,intrusion,True,True,True,1.5611,"```json
{
    ""risk_state"": ""danger""
}
```
",True
intrusion_climb-over-fence_rgb_0005_cctv2_f000256_000266_000276,climb-over-fence_smart_rgb,intrusion_climb-over-fence_rgb_0005_cctv2,intrusion_candidate,intrusion,"[256, 266, 276]","[8.533, 8.867, 9.2]","{""start_frame"": 241, ""end_frame"": 276}","[""walk, stand"", ""stand, carry/hold (an object)"", ""stand, carry/hold (an object)""]","[""danger"", ""danger"", ""danger""]",danger,"{""normal"": 0, ""unsafe"": 0, ""danger"": 36}","{""normal"": 0.0, ""unsafe"": 0.0, ""danger"": 1.0}",danger,danger,danger,True,False,labeling_yolo_sequence_coverage,sampled_danger_then_danger_ratio_sampled_unsafe_then_unsafe_ratio_else_normal,danger,intrusion,True,True,True,1.5588,"```json
{
    ""risk_state"": ""danger""
}
```
",True
intrusion_climb-over-fence_rgb_0005_cctv2_f000286_000296_000306,climb-over-fence_smart_rgb,intrusion_climb-over-fence_rgb_0005_cctv2,intrusion_candidate,intrusion,"[286, 296, 306]","[9.533, 9.867, 10.2]","{""start_frame"": 271, ""end_frame"": 306}","[""bend/bow (at the waist), carry/hold (an object)"", ""bend/bow (at the waist), stand"", ""stand, bend/bow (at the waist)""]","[""danger"", ""danger"", ""danger""]",danger,"{""normal"": 0, ""unsafe"": 0, ""danger"": 36}","{""normal"": 0.0, ""unsafe"": 0.0, ""danger"": 1.0}",danger,danger,danger,True,False,labeling_yolo_sequence_coverage,sampled_danger_then_danger_ratio_sampled_unsafe_then_unsafe_ratio_else_normal,danger,intrusion,True,True,True,1.3414,"{""risk_state"":""danger""}
",True
intrusion_climb-over-fence_rgb_0005_cctv2_f000316_000326_000336,climb-over-fence_smart_rgb,intrusion_climb-over-fence_rgb_0005_cctv2,intrusion_candidate,intrusion,"[316, 326, 336]","[10.533, 10.867, 11.2]","{""start_frame"": 301, ""end_frame"": 336}","[""bend/bow (at the waist), carry/hold (an object)"", ""bend/bow (at the waist), stand"", ""stand, bend/bow (at the waist)""]","[""danger"", ""danger"", ""danger""]",danger,"{""normal"": 0, ""unsafe"": 0, ""danger"": 36}","{""normal"": 0.0, ""unsafe"": 0.0, ""danger"": 1.0}",danger,danger,danger,True,False,labeling_yolo_sequence_coverage,sampled_danger_then_danger_ratio_sampled_unsafe_then_unsafe_ratio_else_normal,danger,intrusion,True,True,True,1.6693,"```json
{
    ""risk_state"": ""danger""
}
```
",True
intrusion_climb-over-fence_rgb_0005_cctv2_f000346_000356_000366,climb-over-fence_smart_rgb,intrusion_climb-over-fence_rgb_0005_cctv2,intrusion_candidate,intrusion,"[346, 356, 366]","[11.533, 11.867, 12.2]","{""start_frame"": 331, ""end_frame"": 366}","[""stand, bend/bow (at the waist)"", ""stand, walk"", ""stand, walk""]","[""danger"", ""danger"", ""danger""]",danger,"{""normal"": 0, ""unsafe"": 0, ""danger"": 36}","{""normal"": 0.0, ""unsafe"": 0.0, ""danger"": 1.0}",danger,danger,danger,True,False,labeling_yolo_sequence_coverage,sampled_danger_then_danger_ratio_sampled_unsafe_then_unsafe_ratio_else_normal,danger,intrusion,True,True,True,1.5563,"```json
{
    ""risk_state"": ""danger""
}
```
",True
intrusion_climb-over-fence_rgb_0005_cctv2_f000376_000386_000396,climb-over-fence_smart_rgb,intrusion_climb-over-fence_rgb_0005_cctv2,intrusion_candidate,intrusion,"[376, 386, 396]","[12.533, 12.867, 13.2]","{""start_frame"": 361, ""end_frame"": 396}","[""stand, walk"", ""stand, walk"", ""stand, bend/bow (at the waist)""]","[""danger"", ""danger"", ""danger""]",danger,"{""normal"": 0, ""unsafe"": 0, ""danger"": 36}","{""normal"": 0.0, ""unsafe"": 0.0, ""danger"": 1.0}",danger,danger,danger,True,False,labeling_yolo_sequence_coverage,sampled_danger_then_danger_ratio_sampled_unsafe_then_unsafe_ratio_else_normal,danger,intrusion,True,True,True,1.5721,"```json
{
    ""risk_state"": ""danger""
}
```
",True
intrusion_climb-over-fence_rgb_0005_cctv2_f000406_000416_000426,climb-over-fence_smart_rgb,intrusion_climb-over-fence_rgb_0005_cctv2,intrusion_candidate,intrusion,"[406, 416, 426]","[13.533, 13.867, 14.2]","{""start_frame"": 391, ""end_frame"": 426}","[""bend/bow (at the waist), stand"", ""bend/bow (at the waist), stand"", ""bend/bow (at the waist), carry/hold (an object)""]","[""danger"", ""danger"", ""danger""]",danger,"{""normal"": 0, ""unsafe"": 0, ""danger"": 36}","{""normal"": 0.0, ""unsafe"": 0.0, ""danger"": 1.0}",danger,danger,danger,True,False,labeling_yolo_sequence_coverage,sampled_danger_then_danger_ratio_sampled_unsafe_then_unsafe_ratio_else_normal,danger,intrusion,True,True,True,1.3371,"{""risk_state"":""danger""}
",True
intrusion_climb-over-fence_rgb_0005_cctv2_f000436_000446_000456,climb-over-fence_smart_rgb,intrusion_climb-over-fence_rgb_0005_cctv2,intrusion_candidate,intrusion,"[436, 446, 456]","[14.533, 14.867, 15.2]","{""start_frame"": 421, ""end_frame"": 456}","[""bend/bow (at the waist), stand"", ""bend/bow (at the waist), stand"", ""stand""]","[""danger"", ""danger"", ""danger""]",danger,"{""normal"": 0, ""unsafe"": 0, ""danger"": 36}","{""normal"": 0.0, ""unsafe"": 0.0, ""danger"": 1.0}",danger,danger,danger,True,False,labeling_yolo_sequence_coverage,sampled_danger_then_danger_ratio_sampled_unsafe_then_unsafe_ratio_else_normal,danger,intrusion,True,True,True,1.5606,"```json
{
    ""risk_state"": ""danger""
}
```
",True
intrusion_climb-over-fence_rgb_0005_cctv2_f000466_000476_000486,climb-over-fence_smart_rgb,intrusion_climb-over-fence_rgb_0005_cctv2,intrusion_candidate,intrusion,"[466, 476, 486]","[15.533, 15.867, 16.2]","{""start_frame"": 451, ""end_frame"": 486}","[""stand, bend/bow (at the waist)"", ""stand"", ""stand""]","[""danger"", ""danger"", ""danger""]",danger,"{""normal"": 0, ""unsafe"": 0, ""danger"": 36}","{""normal"": 0.0, ""unsafe"": 0.0, ""danger"": 1.0}",danger,danger,danger,True,False,labeling_yolo_sequence_coverage,sampled_danger_then_danger_ratio_sampled_unsafe_then_unsafe_ratio_else_normal,danger,intrusion,True,True,True,1.5639,"```json
{
    ""risk_state"": ""danger""
}
```
",True
intrusion_climb-over-fence_rgb_0053_cctv1_f000016_000026_000036,climb-over-fence_smart_rgb,intrusion_climb-over-fence_rgb_0053_cctv1,intrusion_candidate,intrusion,"[16, 26, 36]","[0.533, 0.867, 1.2]","{""start_frame"": 1, ""end_frame"": 36}","[""walk, carry/hold (an object)"", ""walk, run/jog"", ""walk, carry/hold (an object)""]","[""normal"", ""normal"", ""unsafe""]",unsafe,"{""normal"": 33, ""unsafe"": 3, ""danger"": 0}","{""normal"": 0.9167, ""unsafe"": 0.0833, ""danger"": 0.0}",normal,unsafe,unsafe,True,False,labeling_yolo_sequence_coverage,sampled_danger_then_danger_ratio_sampled_unsafe_then_unsafe_ratio_else_normal,unsafe,intrusion,True,True,True,1.5415,"```json
{""risk_state"":""unsafe""}
```
",True
intrusion_climb-over-fence_rgb_0053_cctv1_f000046_000056_000066,climb-over-fence_smart_rgb,intrusion_climb-over-fence_rgb_0053_cctv1,intrusion_candidate,intrusion,"[46, 56, 66]","[1.533, 1.867, 2.2]","{""start_frame"": 31, ""end_frame"": 66}","[""walk, carry/hold (an object)"", ""walk, carry/hold (an object)"", ""walk, carry/hold (an object)""]","[""unsafe"", ""unsafe"", ""unsafe""]",unsafe,"{""normal"": 3, ""unsafe"": 33, ""danger"": 0}","{""normal"": 0.0833, ""unsafe"": 0.9167, ""danger"": 0.0}",unsafe,unsafe,unsafe,True,False,labeling_yolo_sequence_coverage,sampled_danger_then_danger_ratio_sampled_unsafe_then_unsafe_ratio_else_normal,unsafe,intrusion,True,True,True,1.4424,"```json
{""risk_state"":""unsafe""}
```
",True
intrusion_climb-over-fence_rgb_0053_cctv1_f000076_000086_000096,climb-over-fence_smart_rgb,intrusion_climb-over-fence_rgb_0053_cctv1,intrusion_candidate,intrusion,"[76, 86, 96]","[2.533, 2.867, 3.2]","{""start_frame"": 61, ""end_frame"": 96}","[""stand, walk"", ""stand, walk"", ""walk, carry/hold (an object)""]","[""unsafe"", ""unsafe"", ""danger""]",danger,"{""normal"": 0, ""unsafe"": 32, ""danger"": 4}","{""normal"": 0.0, ""unsafe"": 0.8889, ""danger"": 0.1111}",unsafe,danger,danger,True,False,labeling_yolo_sequence_coverage,sampled_danger_then_danger_ratio_sampled_unsafe_then_unsafe_ratio_else_normal,unsafe,intrusion,True,True,True,1.4407,"```json
{""risk_state"":""unsafe""}
```
",False
intrusion_climb-over-fence_rgb_0053_cctv1_f000106_000116_000126,climb-over-fence_smart_rgb,intrusion_climb-over-fence_rgb_0053_cctv1,intrusion_candidate,intrusion,"[106, 116, 126]","[3.533, 3.867, 4.2]","{""start_frame"": 91, ""end_frame"": 126}","[""walk, carry/hold (an object)"", ""stand, carry/hold (an object)"", ""walk, stand""]","[""danger"", ""danger"", ""danger""]",danger,"{""normal"": 0, ""unsafe"": 2, ""danger"": 34}","{""normal"": 0.0, ""unsafe"": 0.0556, ""danger"": 0.9444}",danger,danger,danger,True,False,labeling_yolo_sequence_coverage,sampled_danger_then_danger_ratio_sampled_unsafe_then_unsafe_ratio_else_normal,danger,intrusion,True,True,True,1.5638,"```json
{
    ""risk_state"": ""danger""
}
```
",True
intrusion_climb-over-fence_rgb_0053_cctv1_f000136_000146_000156,climb-over-fence_smart_rgb,intrusion_climb-over-fence_rgb_0053_cctv1,intrusion_candidate,intrusion,"[136, 146, 156]","[4.533, 4.867, 5.2]","{""start_frame"": 121, ""end_frame"": 156}","[""stand, carry/hold (an object)"", ""stand, carry/hold (an object)"", ""bend/bow (at the waist), carry/hold (an object)""]","[""danger"", ""danger"", ""danger""]",danger,"{""normal"": 0, ""unsafe"": 0, ""danger"": 36}","{""normal"": 0.0, ""unsafe"": 0.0, ""danger"": 1.0}",danger,danger,danger,True,False,labeling_yolo_sequence_coverage,sampled_danger_then_danger_ratio_sampled_unsafe_then_unsafe_ratio_else_normal,danger,intrusion,True,True,True,1.6808,"```json
{
    ""risk_state"": ""danger""
}
```
",True
intrusion_climb-over-fence_rgb_0053_cctv1_f000166_000176_000186,climb-over-fence_smart_rgb,intrusion_climb-over-fence_rgb_0053_cctv1,intrusion_candidate,intrusion,"[166, 176, 186]","[5.533, 5.867, 6.2]","{""start_frame"": 151, ""end_frame"": 186}","[""bend/bow (at the waist), carry/hold (an object)"", ""stand, carry/hold (an object)"", ""stand, carry/hold (an object)""]","[""danger"", ""danger"", ""danger""]",danger,"{""normal"": 0, ""unsafe"": 0, ""danger"": 36}","{""normal"": 0.0, ""unsafe"": 0.0, ""danger"": 1.0}",danger,danger,danger,True,False,labeling_yolo_sequence_coverage,sampled_danger_then_danger_ratio_sampled_unsafe_then_unsafe_ratio_else_normal,danger,intrusion,True,True,True,1.5815,"```json
{
    ""risk_state"": ""danger""
}
```
",True
intrusion_climb-over-fence_rgb_0053_cctv1_f000196_000206_000216,climb-over-fence_smart_rgb,intrusion_climb-over-fence_rgb_0053_cctv1,intrusion_candidate,intrusion,"[196, 206, 216]","[6.533, 6.867, 7.2]","{""start_frame"": 181, ""end_frame"": 216}","[""stand, carry/hold (an object)"", ""stand, carry/hold (an object)"", ""stand, carry/hold (an object)""]","[""danger"", ""danger"", ""danger""]",danger,"{""normal"": 0, ""unsafe"": 0, ""danger"": 36}","{""normal"": 0.0, ""unsafe"": 0.0, ""danger"": 1.0}",danger,danger,danger,True,False,labeling_yolo_sequence_coverage,sampled_danger_then_danger_ratio_sampled_unsafe_then_unsafe_ratio_else_normal,danger,intrusion,True,True,True,1.5711,"```json
{
    ""risk_state"": ""danger""
}
```
",True
intrusion_climb-over-fence_rgb_0053_cctv1_f000226_000236_000246,climb-over-fence_smart_rgb,intrusion_climb-over-fence_rgb_0053_cctv1,intrusion_candidate,intrusion,"[226, 236, 246]","[7.533, 7.867, 8.2]","{""start_frame"": 211, ""end_frame"": 246}","[""stand, carry/hold (an object)"", ""stand, carry/hold (an object)"", ""stand, answer phone""]","[""danger"", ""danger"", ""danger""]",danger,"{""normal"": 0, ""unsafe"": 0, ""danger"": 36}","{""normal"": 0.0, ""unsafe"": 0.0, ""danger"": 1.0}",danger,danger,danger,True,False,labeling_yolo_sequence_coverage,sampled_danger_then_danger_ratio_sampled_unsafe_then_unsafe_ratio_else_normal,danger,intrusion,True,True,True,1.5676,"```json
{
    ""risk_state"": ""danger""
}
```
",True
intrusion_climb-over-fence_rgb_0053_cctv1_f000256_000266_000276,climb-over-fence_smart_rgb,intrusion_climb-over-fence_rgb_0053_cctv1,intrusion_candidate,intrusion,"[256, 266, 276]","[8.533, 8.867, 9.2]","{""start_frame"": 241, ""end_frame"": 276}","[""stand, answer phone"", ""stand, answer phone"", ""stand, carry/hold (an object)""]","[""danger"", ""danger"", ""danger""]",danger,"{""normal"": 0, ""unsafe"": 0, ""danger"": 36}","{""normal"": 0.0, ""unsafe"": 0.0, ""danger"": 1.0}",danger,danger,danger,True,False,labeling_yolo_sequence_coverage,sampled_danger_then_danger_ratio_sampled_unsafe_then_unsafe_ratio_else_normal,danger,intrusion,True,True,True,1.4458,"```json
{""risk_state"":""danger""}
```
",True
intrusion_climb-over-fence_rgb_0053_cctv1_f000286_000296_000306,climb-over-fence_smart_rgb,intrusion_climb-over-fence_rgb_0053_cctv1,intrusion_candidate,intrusion,"[286, 296, 306]","[9.533, 9.867, 10.2]","{""start_frame"": 271, ""end_frame"": 306}","[""stand, carry/hold (an object)"", ""stand, carry/hold (an object)"", ""stand, carry/hold (an object)""]","[""danger"", ""danger"", ""danger""]",danger,"{""normal"": 0, ""unsafe"": 0, ""danger"": 36}","{""normal"": 0.0, ""unsafe"": 0.0, ""danger"": 1.0}",danger,danger,danger,True,False,labeling_yolo_sequence_coverage,sampled_danger_then_danger_ratio_sampled_unsafe_then_unsafe_ratio_else_normal,danger,intrusion,True,True,True,1.44,"```json
{""risk_state"":""danger""}
```
",True
intrusion_climb-over-fence_rgb_0053_cctv1_f000316_000326_000336,climb-over-fence_smart_rgb,intrusion_climb-over-fence_rgb_0053_cctv1,intrusion_candidate,intrusion,"[316, 326, 336]","[10.533, 10.867, 11.2]","{""start_frame"": 301, ""end_frame"": 336}","[""stand, carry/hold (an object)"", ""stand, bend/bow (at the waist)"", ""stand, carry/hold (an object)""]","[""danger"", ""danger"", ""danger""]",danger,"{""normal"": 0, ""unsafe"": 0, ""danger"": 36}","{""normal"": 0.0, ""unsafe"": 0.0, ""danger"": 1.0}",danger,danger,danger,True,False,labeling_yolo_sequence_coverage,sampled_danger_then_danger_ratio_sampled_unsafe_then_unsafe_ratio_else_normal,danger,intrusion,True,True,True,1.5639,"```json
{
    ""risk_state"": ""danger""
}
```
",True
intrusion_climb-over-fence_rgb_0053_cctv1_f000346_000356_000366,climb-over-fence_smart_rgb,intrusion_climb-over-fence_rgb_0053_cctv1,intrusion_candidate,intrusion,"[346, 356, 366]","[11.533, 11.867, 12.2]","{""start_frame"": 331, ""end_frame"": 366}","[""stand, carry/hold (an object)"", ""stand, carry/hold (an object)"", ""stand, bend/bow (at the waist)""]","[""danger"", ""danger"", ""danger""]",danger,"{""normal"": 0, ""unsafe"": 0, ""danger"": 36}","{""normal"": 0.0, ""unsafe"": 0.0, ""danger"": 1.0}",danger,danger,danger,True,False,labeling_yolo_sequence_coverage,sampled_danger_then_danger_ratio_sampled_unsafe_then_unsafe_ratio_else_normal,danger,intrusion,True,True,True,1.581,"```json
{
    ""risk_state"": ""danger""
}
```
",True
intrusion_climb-over-fence_rgb_0053_cctv1_f000376_000386_000396,climb-over-fence_smart_rgb,intrusion_climb-over-fence_rgb_0053_cctv1,intrusion_candidate,intrusion,"[376, 386, 396]","[12.533, 12.867, 13.2]","{""start_frame"": 361, ""end_frame"": 396}","[""stand, bend/bow (at the waist)"", ""stand, bend/bow (at the waist)"", ""bend/bow (at the waist), stand""]","[""danger"", ""danger"", ""danger""]",danger,"{""normal"": 0, ""unsafe"": 0, ""danger"": 36}","{""normal"": 0.0, ""unsafe"": 0.0, ""danger"": 1.0}",danger,danger,danger,True,False,labeling_yolo_sequence_coverage,sampled_danger_then_danger_ratio_sampled_unsafe_then_unsafe_ratio_else_normal,danger,intrusion,True,True,True,1.5629,"```json
{
    ""risk_state"": ""danger""
}
```
",True
intrusion_climb-over-fence_rgb_0053_cctv1_f000406_000416_000426,climb-over-fence_smart_rgb,intrusion_climb-over-fence_rgb_0053_cctv1,intrusion_candidate,intrusion,"[406, 416, 426]","[13.533, 13.867, 14.2]","{""start_frame"": 391, ""end_frame"": 426}","[""bend/bow (at the waist), stand"", ""bend/bow (at the waist), stand"", ""bend/bow (at the waist), stand""]","[""danger"", ""danger"", ""danger""]",danger,"{""normal"": 0, ""unsafe"": 0, ""danger"": 36}","{""normal"": 0.0, ""unsafe"": 0.0, ""danger"": 1.0}",danger,danger,danger,True,False,labeling_yolo_sequence_coverage,sampled_danger_then_danger_ratio_sampled_unsafe_then_unsafe_ratio_else_normal,danger,intrusion,True,True,True,1.5813,"```json
{
    ""risk_state"": ""danger""
}
```
",True
intrusion_climb-over-fence_rgb_0078_cctv3_f000016_000026_000036,climb-over-fence_smart_rgb,intrusion_climb-over-fence_rgb_0078_cctv3,intrusion_candidate,intrusion,"[16, 26, 36]","[0.533, 0.867, 1.2]","{""start_frame"": 1, ""end_frame"": 36}","[""walk, carry/hold (an object)"", ""walk, carry/hold (an object)"", ""walk, carry/hold (an object)""]","[""unsafe"", ""unsafe"", ""unsafe""]",unsafe,"{""normal"": 0, ""unsafe"": 36, ""danger"": 0}","{""normal"": 0.0, ""unsafe"": 1.0, ""danger"": 0.0}",unsafe,unsafe,unsafe,True,False,labeling_yolo_sequence_coverage,sampled_danger_then_danger_ratio_sampled_unsafe_then_unsafe_ratio_else_normal,unsafe,intrusion,True,True,True,1.4349,"```json
{""risk_state"":""unsafe""}
```
",True
intrusion_climb-over-fence_rgb_0078_cctv3_f000046_000056_000066,climb-over-fence_smart_rgb,intrusion_climb-over-fence_rgb_0078_cctv3,intrusion_candidate,intrusion,"[46, 56, 66]","[1.533, 1.867, 2.2]","{""start_frame"": 31, ""end_frame"": 66}","[""walk, carry/hold (an object)"", ""walk, carry/hold (an object)"", ""walk, carry/hold (an object)""]","[""unsafe"", ""danger"", ""danger""]",danger,"{""normal"": 0, ""unsafe"": 16, ""danger"": 20}","{""normal"": 0.0, ""unsafe"": 0.4444, ""danger"": 0.5556}",danger,danger,danger,True,False,labeling_yolo_sequence_coverage,sampled_danger_then_danger_ratio_sampled_unsafe_then_unsafe_ratio_else_normal,danger,intrusion,True,True,True,1.5592,"```json
{
    ""risk_state"": ""danger""
}
```
",True
intrusion_climb-over-fence_rgb_0078_cctv3_f000076_000086_000096,climb-over-fence_smart_rgb,intrusion_climb-over-fence_rgb_0078_cctv3,intrusion_candidate,intrusion,"[76, 86, 96]","[2.533, 2.867, 3.2]","{""start_frame"": 61, ""end_frame"": 96}","[""walk, carry/hold (an object)"", ""carry/hold (an object), walk"", ""walk, carry/hold (an object)""]","[""danger"", ""danger"", ""danger""]",danger,"{""normal"": 0, ""unsafe"": 0, ""danger"": 36}","{""normal"": 0.0, ""unsafe"": 0.0, ""danger"": 1.0}",danger,danger,danger,True,False,labeling_yolo_sequence_coverage,sampled_danger_then_danger_ratio_sampled_unsafe_then_unsafe_ratio_else_normal,danger,intrusion,True,True,True,1.5609,"```json
{
    ""risk_state"": ""danger""
}
```
",True
intrusion_climb-over-fence_rgb_0078_cctv3_f000106_000116_000126,climb-over-fence_smart_rgb,intrusion_climb-over-fence_rgb_0078_cctv3,intrusion_candidate,intrusion,"[106, 116, 126]","[3.533, 3.867, 4.2]","{""start_frame"": 91, ""end_frame"": 126}","[""walk, carry/hold (an object)"", ""walk, stand"", ""stand, carry/hold (an object)""]","[""danger"", ""danger"", ""danger""]",danger,"{""normal"": 0, ""unsafe"": 0, ""danger"": 36}","{""normal"": 0.0, ""unsafe"": 0.0, ""danger"": 1.0}",danger,danger,danger,True,False,labeling_yolo_sequence_coverage,sampled_danger_then_danger_ratio_sampled_unsafe_then_unsafe_ratio_else_normal,danger,intrusion,True,True,True,1.5714,"```json
{
    ""risk_state"": ""danger""
}
```
",True
intrusion_climb-over-fence_rgb_0078_cctv3_f000136_000146_000156,climb-over-fence_smart_rgb,intrusion_climb-over-fence_rgb_0078_cctv3,intrusion_candidate,intrusion,"[136, 146, 156]","[4.533, 4.867, 5.2]","{""start_frame"": 121, ""end_frame"": 156}","[""walk, carry/hold (an object)"", ""walk, carry/hold (an object)"", ""walk, stand""]","[""danger"", ""danger"", ""danger""]",danger,"{""normal"": 0, ""unsafe"": 0, ""danger"": 36}","{""normal"": 0.0, ""unsafe"": 0.0, ""danger"": 1.0}",danger,danger,danger,True,False,labeling_yolo_sequence_coverage,sampled_danger_then_danger_ratio_sampled_unsafe_then_unsafe_ratio_else_normal,danger,intrusion,True,True,True,1.5658,"```json
{
    ""risk_state"": ""danger""
}
```
",True
intrusion_climb-over-fence_rgb_0078_cctv3_f000166_000176_000186,climb-over-fence_smart_rgb,intrusion_climb-over-fence_rgb_0078_cctv3,intrusion_candidate,intrusion,"[166, 176, 186]","[5.533, 5.867, 6.2]","{""start_frame"": 151, ""end_frame"": 186}","[""stand, carry/hold (an object)"", ""stand, carry/hold (an object)"", ""stand, carry/hold (an object)""]","[""danger"", ""danger"", ""danger""]",danger,"{""normal"": 0, ""unsafe"": 0, ""danger"": 36}","{""normal"": 0.0, ""unsafe"": 0.0, ""danger"": 1.0}",danger,danger,danger,True,False,labeling_yolo_sequence_coverage,sampled_danger_then_danger_ratio_sampled_unsafe_then_unsafe_ratio_else_normal,danger,intrusion,True,True,True,1.5636,"```json
{
    ""risk_state"": ""danger""
}
```
",True
intrusion_climb-over-fence_rgb_0078_cctv3_f000196_000206_000216,climb-over-fence_smart_rgb,intrusion_climb-over-fence_rgb_0078_cctv3,intrusion_candidate,intrusion,"[196, 206, 216]","[6.533, 6.867, 7.2]","{""start_frame"": 181, ""end_frame"": 216}","[""stand, answer phone"", ""walk, carry/hold (an object)"", ""walk, carry/hold (an object)""]","[""danger"", ""danger"", ""danger""]",danger,"{""normal"": 0, ""unsafe"": 0, ""danger"": 36}","{""normal"": 0.0, ""unsafe"": 0.0, ""danger"": 1.0}",danger,danger,danger,True,False,labeling_yolo_sequence_coverage,sampled_danger_then_danger_ratio_sampled_unsafe_then_unsafe_ratio_else_normal,danger,intrusion,True,True,True,1.5758,"```json
{
    ""risk_state"": ""danger""
}
```
",True
intrusion_climb-over-fence_rgb_0078_cctv3_f000226_000236_000246,climb-over-fence_smart_rgb,intrusion_climb-over-fence_rgb_0078_cctv3,intrusion_candidate,intrusion,"[226, 236, 246]","[7.533, 7.867, 8.2]","{""start_frame"": 211, ""end_frame"": 246}","[""stand, walk"", ""stand, carry/hold (an object)"", ""stand, answer phone""]","[""danger"", ""danger"", ""danger""]",danger,"{""normal"": 0, ""unsafe"": 0, ""danger"": 36}","{""normal"": 0.0, ""unsafe"": 0.0, ""danger"": 1.0}",danger,danger,danger,True,False,labeling_yolo_sequence_coverage,sampled_danger_then_danger_ratio_sampled_unsafe_then_unsafe_ratio_else_normal,danger,intrusion,True,True,True,1.5642,"```json
{
    ""risk_state"": ""danger""
}
```
",True
intrusion_climb-over-fence_rgb_0078_cctv3_f000256_000266_000276,climb-over-fence_smart_rgb,intrusion_climb-over-fence_rgb_0078_cctv3,intrusion_candidate,intrusion,"[256, 266, 276]","[8.533, 8.867, 9.2]","{""start_frame"": 241, ""end_frame"": 276}","[""stand, carry/hold (an object)"", ""stand, carry/hold (an object)"", ""bend/bow (at the waist), stand""]","[""danger"", ""danger"", ""danger""]",danger,"{""normal"": 0, ""unsafe"": 0, ""danger"": 36}","{""normal"": 0.0, ""unsafe"": 0.0, ""danger"": 1.0}",danger,danger,danger,True,False,labeling_yolo_sequence_coverage,sampled_danger_then_danger_ratio_sampled_unsafe_then_unsafe_ratio_else_normal,danger,intrusion,True,True,True,1.5701,"```json
{
    ""risk_state"": ""danger""
}
```
",True
intrusion_climb-over-fence_rgb_0078_cctv3_f000286_000296_000306,climb-over-fence_smart_rgb,intrusion_climb-over-fence_rgb_0078_cctv3,intrusion_candidate,intrusion,"[286, 296, 306]","[9.533, 9.867, 10.2]","{""start_frame"": 271, ""end_frame"": 306}","[""stand, carry/hold (an object)"", ""stand, carry/hold (an object)"", ""stand, carry/hold (an object)""]","[""danger"", ""danger"", ""danger""]",danger,"{""normal"": 0, ""unsafe"": 0, ""danger"": 36}","{""normal"": 0.0, ""unsafe"": 0.0, ""danger"": 1.0}",danger,danger,danger,True,False,labeling_yolo_sequence_coverage,sampled_danger_then_danger_ratio_sampled_unsafe_then_unsafe_ratio_else_normal,danger,intrusion,True,True,True,1.5672,"```json
{
    ""risk_state"": ""danger""
}
```
",True
intrusion_climb-over-fence_rgb_0078_cctv3_f000316_000326_000336,climb-over-fence_smart_rgb,intrusion_climb-over-fence_rgb_0078_cctv3,intrusion_candidate,intrusion,"[316, 326, 336]","[10.533, 10.867, 11.2]","{""start_frame"": 301, ""end_frame"": 336}","[""stand, carry/hold (an object)"", ""stand, carry/hold (an object)"", ""stand, carry/hold (an object)""]","[""danger"", ""danger"", ""danger""]",danger,"{""normal"": 0, ""unsafe"": 0, ""danger"": 36}","{""normal"": 0.0, ""unsafe"": 0.0, ""danger"": 1.0}",danger,danger,danger,True,False,labeling_yolo_sequence_coverage,sampled_danger_then_danger_ratio_sampled_unsafe_then_unsafe_ratio_else_normal,danger,intrusion,True,True,True,1.5761,"```json
{
    ""risk_state"": ""danger""
}
```
",True
intrusion_climb-over-fence_rgb_0078_cctv3_f000346_000356_000366,climb-over-fence_smart_rgb,intrusion_climb-over-fence_rgb_0078_cctv3,intrusion_candidate,intrusion,"[346, 356, 366]","[11.533, 11.867, 12.2]","{""start_frame"": 331, ""end_frame"": 366}","[""stand, carry/hold (an object)"", ""stand, carry/hold (an object)"", ""stand, walk""]","[""danger"", ""danger"", ""danger""]",danger,"{""normal"": 0, ""unsafe"": 0, ""danger"": 36}","{""normal"": 0.0, ""unsafe"": 0.0, ""danger"": 1.0}",danger,danger,danger,True,False,labeling_yolo_sequence_coverage,sampled_danger_then_danger_ratio_sampled_unsafe_then_unsafe_ratio_else_normal,danger,intrusion,True,True,True,1.5709,"```json
{
    ""risk_state"": ""danger""
}
```
",True
intrusion_climb-over-fence_rgb_0078_cctv3_f000376_000386_000396,climb-over-fence_smart_rgb,intrusion_climb-over-fence_rgb_0078_cctv3,intrusion_candidate,intrusion,"[376, 386, 396]","[12.533, 12.867, 13.2]","{""start_frame"": 361, ""end_frame"": 396}","[""walk, stand"", ""stand, walk"", ""stand, walk""]","[""danger"", ""danger"", ""danger""]",danger,"{""normal"": 0, ""unsafe"": 0, ""danger"": 36}","{""normal"": 0.0, ""unsafe"": 0.0, ""danger"": 1.0}",danger,danger,danger,True,False,labeling_yolo_sequence_coverage,sampled_danger_then_danger_ratio_sampled_unsafe_then_unsafe_ratio_else_normal,danger,intrusion,True,True,True,1.552,"```json
{
    ""risk_state"": ""danger""
}
```
",True
intrusion_climb-over-fence_rgb_0078_cctv3_f000406_000416_000426,climb-over-fence_smart_rgb,intrusion_climb-over-fence_rgb_0078_cctv3,intrusion_candidate,intrusion,"[406, 416, 426]","[13.533, 13.867, 14.2]","{""start_frame"": 391, ""end_frame"": 426}","[""stand"", ""walk, stand"", ""stand, walk""]","[""danger"", ""danger"", ""danger""]",danger,"{""normal"": 0, ""unsafe"": 0, ""danger"": 36}","{""normal"": 0.0, ""unsafe"": 0.0, ""danger"": 1.0}",danger,danger,danger,True,False,labeling_yolo_sequence_coverage,sampled_danger_then_danger_ratio_sampled_unsafe_then_unsafe_ratio_else_normal,danger,intrusion,True,True,True,1.6689,"```json
{
    ""risk_state"": ""danger""
}
```
",True
intrusion_climb-over-fence_rgb_0078_cctv3_f000436_000446_000456,climb-over-fence_smart_rgb,intrusion_climb-over-fence_rgb_0078_cctv3,intrusion_candidate,intrusion,"[436, 446, 456]","[14.533, 14.867, 15.2]","{""start_frame"": 421, ""end_frame"": 456}","[""stand, walk"", ""stand, carry/hold (an object)"", ""stand, carry/hold (an object)""]","[""danger"", ""danger"", ""danger""]",danger,"{""normal"": 0, ""unsafe"": 0, ""danger"": 36}","{""normal"": 0.0, ""unsafe"": 0.0, ""danger"": 1.0}",danger,danger,danger,True,False,labeling_yolo_sequence_coverage,sampled_danger_then_danger_ratio_sampled_unsafe_then_unsafe_ratio_else_normal,danger,intrusion,True,True,True,1.5646,"```json
{
    ""risk_state"": ""danger""
}
```
",True
intrusion_climb-over-fence_rgb_0079_cctv3_f000016_000026_000036,climb-over-fence_smart_rgb,intrusion_climb-over-fence_rgb_0079_cctv3,intrusion_candidate,intrusion,"[16, 26, 36]","[0.533, 0.867, 1.2]","{""start_frame"": 1, ""end_frame"": 36}","[""walk, stand"", ""walk, carry/hold (an object)"", ""walk, carry/hold (an object)""]","[""unsafe"", ""danger"", ""danger""]",danger,"{""normal"": 0, ""unsafe"": 21, ""danger"": 15}","{""normal"": 0.0, ""unsafe"": 0.5833, ""danger"": 0.4167}",danger,danger,danger,True,False,labeling_yolo_sequence_coverage,sampled_danger_then_danger_ratio_sampled_unsafe_then_unsafe_ratio_else_normal,danger,intrusion,True,True,True,1.4315,"```json
{""risk_state"":""danger""}
```
",True
intrusion_climb-over-fence_rgb_0079_cctv3_f000046_000056_000066,climb-over-fence_smart_rgb,intrusion_climb-over-fence_rgb_0079_cctv3,intrusion_candidate,intrusion,"[46, 56, 66]","[1.533, 1.867, 2.2]","{""start_frame"": 31, ""end_frame"": 66}","[""walk, carry/hold (an object)"", ""walk, carry/hold (an object)"", ""walk, carry/hold (an object)""]","[""danger"", ""danger"", ""danger""]",danger,"{""normal"": 0, ""unsafe"": 0, ""danger"": 36}","{""normal"": 0.0, ""unsafe"": 0.0, ""danger"": 1.0}",danger,danger,danger,True,False,labeling_yolo_sequence_coverage,sampled_danger_then_danger_ratio_sampled_unsafe_then_unsafe_ratio_else_normal,danger,intrusion,True,True,True,1.5655,"```json
{
    ""risk_state"": ""danger""
}
```
",True
intrusion_climb-over-fence_rgb_0079_cctv3_f000076_000086_000096,climb-over-fence_smart_rgb,intrusion_climb-over-fence_rgb_0079_cctv3,intrusion_candidate,intrusion,"[76, 86, 96]","[2.533, 2.867, 3.2]","{""start_frame"": 61, ""end_frame"": 96}","[""walk, carry/hold (an object)"", ""carry/hold (an object), walk"", ""carry/hold (an object), stand""]","[""danger"", ""danger"", ""danger""]",danger,"{""normal"": 0, ""unsafe"": 0, ""danger"": 36}","{""normal"": 0.0, ""unsafe"": 0.0, ""danger"": 1.0}",danger,danger,danger,True,False,labeling_yolo_sequence_coverage,sampled_danger_then_danger_ratio_sampled_unsafe_then_unsafe_ratio_else_normal,danger,intrusion,True,True,True,1.5742,"```json
{
    ""risk_state"": ""danger""
}
```
",True
intrusion_climb-over-fence_rgb_0079_cctv3_f000106_000116_000126,climb-over-fence_smart_rgb,intrusion_climb-over-fence_rgb_0079_cctv3,intrusion_candidate,intrusion,"[106, 116, 126]","[3.533, 3.867, 4.2]","{""start_frame"": 91, ""end_frame"": 126}","[""carry/hold (an object), walk"", ""carry/hold (an object), walk"", ""stand, carry/hold (an object)""]","[""danger"", ""danger"", ""danger""]",danger,"{""normal"": 0, ""unsafe"": 0, ""danger"": 36}","{""normal"": 0.0, ""unsafe"": 0.0, ""danger"": 1.0}",danger,danger,danger,True,False,labeling_yolo_sequence_coverage,sampled_danger_then_danger_ratio_sampled_unsafe_then_unsafe_ratio_else_normal,danger,intrusion,True,True,True,1.5643,"```json
{
    ""risk_state"": ""danger""
}
```
",True
intrusion_climb-over-fence_rgb_0079_cctv3_f000136_000146_000156,climb-over-fence_smart_rgb,intrusion_climb-over-fence_rgb_0079_cctv3,intrusion_candidate,intrusion,"[136, 146, 156]","[4.533, 4.867, 5.2]","{""start_frame"": 121, ""end_frame"": 156}","[""stand, carry/hold (an object)"", ""stand, carry/hold (an object)"", ""stand, carry/hold (an object)""]","[""danger"", ""danger"", ""danger""]",danger,"{""normal"": 0, ""unsafe"": 0, ""danger"": 36}","{""normal"": 0.0, ""unsafe"": 0.0, ""danger"": 1.0}",danger,danger,danger,True,False,labeling_yolo_sequence_coverage,sampled_danger_then_danger_ratio_sampled_unsafe_then_unsafe_ratio_else_normal,danger,intrusion,True,True,True,1.5674,"```json
{
    ""risk_state"": ""danger""
}
```
",True
intrusion_climb-over-fence_rgb_0079_cctv3_f000166_000176_000186,climb-over-fence_smart_rgb,intrusion_climb-over-fence_rgb_0079_cctv3,intrusion_candidate,intrusion,"[166, 176, 186]","[5.533, 5.867, 6.2]","{""start_frame"": 151, ""end_frame"": 186}","[""stand, carry/hold (an object)"", ""stand, carry/hold (an object)"", ""stand, carry/hold (an object)""]","[""danger"", ""danger"", ""danger""]",danger,"{""normal"": 0, ""unsafe"": 0, ""danger"": 36}","{""normal"": 0.0, ""unsafe"": 0.0, ""danger"": 1.0}",danger,danger,danger,True,False,labeling_yolo_sequence_coverage,sampled_danger_then_danger_ratio_sampled_unsafe_then_unsafe_ratio_else_normal,danger,intrusion,True,True,True,1.5811,"```json
{
    ""risk_state"": ""danger""
}
```
",True
intrusion_climb-over-fence_rgb_0079_cctv3_f000196_000206_000216,climb-over-fence_smart_rgb,intrusion_climb-over-fence_rgb_0079_cctv3,intrusion_candidate,intrusion,"[196, 206, 216]","[6.533, 6.867, 7.2]","{""start_frame"": 181, ""end_frame"": 216}","[""stand, carry/hold (an object)"", ""stand, carry/hold (an object)"", ""stand, carry/hold (an object)""]","[""danger"", ""danger"", ""danger""]",danger,"{""normal"": 0, ""unsafe"": 0, ""danger"": 36}","{""normal"": 0.0, ""unsafe"": 0.0, ""danger"": 1.0}",danger,danger,danger,True,False,labeling_yolo_sequence_coverage,sampled_danger_then_danger_ratio_sampled_unsafe_then_unsafe_ratio_else_normal,danger,intrusion,True,True,True,1.5842,"```json
{
    ""risk_state"": ""danger""
}
```
",True
intrusion_climb-over-fence_rgb_0079_cctv3_f000226_000236_000246,climb-over-fence_smart_rgb,intrusion_climb-over-fence_rgb_0079_cctv3,intrusion_candidate,intrusion,"[226, 236, 246]","[7.533, 7.867, 8.2]","{""start_frame"": 211, ""end_frame"": 246}","[""stand, carry/hold (an object)"", ""stand, carry/hold (an object)"", ""walk, carry/hold (an object)""]","[""danger"", ""danger"", ""danger""]",danger,"{""normal"": 0, ""unsafe"": 0, ""danger"": 36}","{""normal"": 0.0, ""unsafe"": 0.0, ""danger"": 1.0}",danger,danger,danger,True,False,labeling_yolo_sequence_coverage,sampled_danger_then_danger_ratio_sampled_unsafe_then_unsafe_ratio_else_normal,danger,intrusion,True,True,True,1.5826,"```json
{
    ""risk_state"": ""danger""
}
```
",True
intrusion_climb-over-fence_rgb_0079_cctv3_f000256_000266_000276,climb-over-fence_smart_rgb,intrusion_climb-over-fence_rgb_0079_cctv3,intrusion_candidate,intrusion,"[256, 266, 276]","[8.533, 8.867, 9.2]","{""start_frame"": 241, ""end_frame"": 276}","[""walk, carry/hold (an object)"", ""stand, carry/hold (an object)"", ""stand, carry/hold (an object)""]","[""danger"", ""danger"", ""danger""]",danger,"{""normal"": 0, ""unsafe"": 0, ""danger"": 36}","{""normal"": 0.0, ""unsafe"": 0.0, ""danger"": 1.0}",danger,danger,danger,True,False,labeling_yolo_sequence_coverage,sampled_danger_then_danger_ratio_sampled_unsafe_then_unsafe_ratio_else_normal,danger,intrusion,True,True,True,1.5695,"```json
{
    ""risk_state"": ""danger""
}
```
",True
intrusion_climb-over-fence_rgb_0079_cctv3_f000286_000296_000306,climb-over-fence_smart_rgb,intrusion_climb-over-fence_rgb_0079_cctv3,intrusion_candidate,intrusion,"[286, 296, 306]","[9.533, 9.867, 10.2]","{""start_frame"": 271, ""end_frame"": 306}","[""walk, carry/hold (an object)"", ""walk, stand"", ""stand, carry/hold (an object)""]","[""danger"", ""danger"", ""danger""]",danger,"{""normal"": 0, ""unsafe"": 0, ""danger"": 36}","{""normal"": 0.0, ""unsafe"": 0.0, ""danger"": 1.0}",danger,danger,danger,True,False,labeling_yolo_sequence_coverage,sampled_danger_then_danger_ratio_sampled_unsafe_then_unsafe_ratio_else_normal,danger,intrusion,True,True,True,1.5883,"```json
{
    ""risk_state"": ""danger""
}
```
",True
intrusion_climb-over-fence_rgb_0079_cctv3_f000316_000326_000336,climb-over-fence_smart_rgb,intrusion_climb-over-fence_rgb_0079_cctv3,intrusion_candidate,intrusion,"[316, 326, 336]","[10.533, 10.867, 11.2]","{""start_frame"": 301, ""end_frame"": 336}","[""stand, carry/hold (an object)"", ""stand, carry/hold (an object)"", ""stand, carry/hold (an object)""]","[""danger"", ""danger"", ""danger""]",danger,"{""normal"": 0, ""unsafe"": 0, ""danger"": 36}","{""normal"": 0.0, ""unsafe"": 0.0, ""danger"": 1.0}",danger,danger,danger,True,False,labeling_yolo_sequence_coverage,sampled_danger_then_danger_ratio_sampled_unsafe_then_unsafe_ratio_else_normal,danger,intrusion,True,True,True,1.5734,"```json
{
    ""risk_state"": ""danger""
}
```
",True
intrusion_climb-over-fence_rgb_0079_cctv3_f000346_000356_000366,climb-over-fence_smart_rgb,intrusion_climb-over-fence_rgb_0079_cctv3,intrusion_candidate,intrusion,"[346, 356, 366]","[11.533, 11.867, 12.2]","{""start_frame"": 331, ""end_frame"": 366}","[""stand, carry/hold (an object)"", ""stand, carry/hold (an object)"", ""stand, carry/hold (an object)""]","[""danger"", ""danger"", ""danger""]",danger,"{""normal"": 0, ""unsafe"": 0, ""danger"": 36}","{""normal"": 0.0, ""unsafe"": 0.0, ""danger"": 1.0}",danger,danger,danger,True,False,labeling_yolo_sequence_coverage,sampled_danger_then_danger_ratio_sampled_unsafe_then_unsafe_ratio_else_normal,danger,intrusion,True,True,True,1.5574,"```json
{
    ""risk_state"": ""danger""
}
```
",True
intrusion_climb-over-fence_rgb_0079_cctv3_f000376_000386_000396,climb-over-fence_smart_rgb,intrusion_climb-over-fence_rgb_0079_cctv3,intrusion_candidate,intrusion,"[376, 386, 396]","[12.533, 12.867, 13.2]","{""start_frame"": 361, ""end_frame"": 396}","[""stand, carry/hold (an object)"", ""stand, carry/hold (an object)"", ""stand, carry/hold (an object)""]","[""danger"", ""danger"", ""danger""]",danger,"{""normal"": 0, ""unsafe"": 0, ""danger"": 36}","{""normal"": 0.0, ""unsafe"": 0.0, ""danger"": 1.0}",danger,danger,danger,True,False,labeling_yolo_sequence_coverage,sampled_danger_then_danger_ratio_sampled_unsafe_then_unsafe_ratio_else_normal,danger,intrusion,True,True,True,1.5651,"```json
{
    ""risk_state"": ""danger""
}
```
",True
intrusion_climb-over-fence_rgb_0079_cctv3_f000406_000416_000426,climb-over-fence_smart_rgb,intrusion_climb-over-fence_rgb_0079_cctv3,intrusion_candidate,intrusion,"[406, 416, 426]","[13.533, 13.867, 14.2]","{""start_frame"": 391, ""end_frame"": 426}","[""stand, carry/hold (an object)"", ""stand, carry/hold (an object)"", ""stand, carry/hold (an object)""]","[""danger"", ""danger"", ""danger""]",danger,"{""normal"": 0, ""unsafe"": 0, ""danger"": 36}","{""normal"": 0.0, ""unsafe"": 0.0, ""danger"": 1.0}",danger,danger,danger,True,False,labeling_yolo_sequence_coverage,sampled_danger_then_danger_ratio_sampled_unsafe_then_unsafe_ratio_else_normal,danger,intrusion,True,True,True,1.5769,"```json
{
    ""risk_state"": ""danger""
}
```
",True
intrusion_climb-over-fence_rgb_0079_cctv3_f000436_000446_000456,climb-over-fence_smart_rgb,intrusion_climb-over-fence_rgb_0079_cctv3,intrusion_candidate,intrusion,"[436, 446, 456]","[14.533, 14.867, 15.2]","{""start_frame"": 421, ""end_frame"": 456}","[""stand, carry/hold (an object)"", ""stand, carry/hold (an object)"", ""stand, carry/hold (an object)""]","[""danger"", ""danger"", ""danger""]",danger,"{""normal"": 0, ""unsafe"": 0, ""danger"": 36}","{""normal"": 0.0, ""unsafe"": 0.0, ""danger"": 1.0}",danger,danger,danger,True,False,labeling_yolo_sequence_coverage,sampled_danger_then_danger_ratio_sampled_unsafe_then_unsafe_ratio_else_normal,danger,intrusion,True,True,True,1.5707,"```json
{
    ""risk_state"": ""danger""
}
```
",True
intrusion_climb-over-fence_rgb_0081_cctv4_f000016_000026_000036,climb-over-fence_smart_rgb,intrusion_climb-over-fence_rgb_0081_cctv4,intrusion_candidate,intrusion,"[16, 26, 36]","[0.533, 0.867, 1.2]","{""start_frame"": 1, ""end_frame"": 36}","[""walk, carry/hold (an object)"", ""walk, carry/hold (an object)"", ""walk, sit""]","[""unsafe"", ""unsafe"", ""unsafe""]",unsafe,"{""normal"": 0, ""unsafe"": 36, ""danger"": 0}","{""normal"": 0.0, ""unsafe"": 1.0, ""danger"": 0.0}",unsafe,unsafe,unsafe,True,False,labeling_yolo_sequence_coverage,sampled_danger_then_danger_ratio_sampled_unsafe_then_unsafe_ratio_else_normal,normal,normal,False,True,True,1.5574,"```json
{
    ""risk_state"": ""normal""
}
```
",False
intrusion_climb-over-fence_rgb_0081_cctv4_f000046_000056_000066,climb-over-fence_smart_rgb,intrusion_climb-over-fence_rgb_0081_cctv4,intrusion_candidate,intrusion,"[46, 56, 66]","[1.533, 1.867, 2.2]","{""start_frame"": 31, ""end_frame"": 66}","[""walk, sit"", ""walk"", ""walk, carry/hold (an object)""]","[""unsafe"", ""unsafe"", ""unsafe""]",unsafe,"{""normal"": 0, ""unsafe"": 36, ""danger"": 0}","{""normal"": 0.0, ""unsafe"": 1.0, ""danger"": 0.0}",unsafe,unsafe,unsafe,True,False,labeling_yolo_sequence_coverage,sampled_danger_then_danger_ratio_sampled_unsafe_then_unsafe_ratio_else_normal,normal,normal,False,True,True,1.573,"```json
{
    ""risk_state"": ""normal""
}
```
",False
intrusion_climb-over-fence_rgb_0081_cctv4_f000076_000086_000096,climb-over-fence_smart_rgb,intrusion_climb-over-fence_rgb_0081_cctv4,intrusion_candidate,intrusion,"[76, 86, 96]","[2.533, 2.867, 3.2]","{""start_frame"": 61, ""end_frame"": 96}","[""walk"", ""walk, carry/hold (an object)"", ""walk""]","[""unsafe"", ""unsafe"", ""unsafe""]",unsafe,"{""normal"": 0, ""unsafe"": 36, ""danger"": 0}","{""normal"": 0.0, ""unsafe"": 1.0, ""danger"": 0.0}",unsafe,unsafe,unsafe,True,False,labeling_yolo_sequence_coverage,sampled_danger_then_danger_ratio_sampled_unsafe_then_unsafe_ratio_else_normal,normal,normal,False,True,True,1.5649,"```json
{
    ""risk_state"": ""normal""
}
```
",False
intrusion_climb-over-fence_rgb_0081_cctv4_f000106_000116_000126,climb-over-fence_smart_rgb,intrusion_climb-over-fence_rgb_0081_cctv4,intrusion_candidate,intrusion,"[106, 116, 126]","[3.533, 3.867, 4.2]","{""start_frame"": 91, ""end_frame"": 126}","[""walk"", ""walk, stand"", ""walk, carry/hold (an object)""]","[""unsafe"", ""unsafe"", ""danger""]",danger,"{""normal"": 0, ""unsafe"": 26, ""danger"": 10}","{""normal"": 0.0, ""unsafe"": 0.7222, ""danger"": 0.2778}",unsafe,danger,danger,True,False,labeling_yolo_sequence_coverage,sampled_danger_then_danger_ratio_sampled_unsafe_then_unsafe_ratio_else_normal,danger,intrusion,True,True,True,1.667,"```json
{
    ""risk_state"": ""danger""
}
```
",True
intrusion_climb-over-fence_rgb_0081_cctv4_f000136_000146_000156,climb-over-fence_smart_rgb,intrusion_climb-over-fence_rgb_0081_cctv4,intrusion_candidate,intrusion,"[136, 146, 156]","[4.533, 4.867, 5.2]","{""start_frame"": 121, ""end_frame"": 156}","[""walk"", ""walk, stand"", ""walk""]","[""danger"", ""danger"", ""danger""]",danger,"{""normal"": 0, ""unsafe"": 0, ""danger"": 36}","{""normal"": 0.0, ""unsafe"": 0.0, ""danger"": 1.0}",danger,danger,danger,True,False,labeling_yolo_sequence_coverage,sampled_danger_then_danger_ratio_sampled_unsafe_then_unsafe_ratio_else_normal,danger,intrusion,True,True,True,1.6608,"```json
{
    ""risk_state"": ""danger""
}
```
",True
intrusion_climb-over-fence_rgb_0081_cctv4_f000166_000176_000186,climb-over-fence_smart_rgb,intrusion_climb-over-fence_rgb_0081_cctv4,intrusion_candidate,intrusion,"[166, 176, 186]","[5.533, 5.867, 6.2]","{""start_frame"": 151, ""end_frame"": 186}","[""walk, sit"", ""walk, stand"", ""walk""]","[""danger"", ""danger"", ""danger""]",danger,"{""normal"": 0, ""unsafe"": 0, ""danger"": 36}","{""normal"": 0.0, ""unsafe"": 0.0, ""danger"": 1.0}",danger,danger,danger,True,False,labeling_yolo_sequence_coverage,sampled_danger_then_danger_ratio_sampled_unsafe_then_unsafe_ratio_else_normal,danger,intrusion,True,True,True,1.6724,"```json
{
    ""risk_state"": ""danger""
}
```
",True
intrusion_climb-over-fence_rgb_0081_cctv4_f000196_000206_000216,climb-over-fence_smart_rgb,intrusion_climb-over-fence_rgb_0081_cctv4,intrusion_candidate,intrusion,"[196, 206, 216]","[6.533, 6.867, 7.2]","{""start_frame"": 181, ""end_frame"": 216}","[""walk"", ""walk, carry/hold (an object)"", ""walk, run/jog""]","[""danger"", ""danger"", ""danger""]",danger,"{""normal"": 0, ""unsafe"": 0, ""danger"": 36}","{""normal"": 0.0, ""unsafe"": 0.0, ""danger"": 1.0}",danger,danger,danger,True,False,labeling_yolo_sequence_coverage,sampled_danger_then_danger_ratio_sampled_unsafe_then_unsafe_ratio_else_normal,danger,intrusion,True,True,True,1.5551,"```json
{
    ""risk_state"": ""danger""
}
```
",True
intrusion_climb-over-fence_rgb_0081_cctv4_f000226_000236_000246,climb-over-fence_smart_rgb,intrusion_climb-over-fence_rgb_0081_cctv4,intrusion_candidate,intrusion,"[226, 236, 246]","[7.533, 7.867, 8.2]","{""start_frame"": 211, ""end_frame"": 246}","[""walk, stand"", ""walk, stand"", ""stand, sit""]","[""danger"", ""danger"", ""danger""]",danger,"{""normal"": 0, ""unsafe"": 0, ""danger"": 36}","{""normal"": 0.0, ""unsafe"": 0.0, ""danger"": 1.0}",danger,danger,danger,True,False,labeling_yolo_sequence_coverage,sampled_danger_then_danger_ratio_sampled_unsafe_then_unsafe_ratio_else_normal,danger,intrusion,True,True,True,1.5561,"```json
{
    ""risk_state"": ""danger""
}
```
",True
intrusion_climb-over-fence_rgb_0081_cctv4_f000256_000266_000276,climb-over-fence_smart_rgb,intrusion_climb-over-fence_rgb_0081_cctv4,intrusion_candidate,intrusion,"[256, 266, 276]","[8.533, 8.867, 9.2]","{""start_frame"": 241, ""end_frame"": 276}","[""stand"", ""stand"", ""stand, walk""]","[""danger"", ""danger"", ""danger""]",danger,"{""normal"": 0, ""unsafe"": 0, ""danger"": 36}","{""normal"": 0.0, ""unsafe"": 0.0, ""danger"": 1.0}",danger,danger,danger,True,False,labeling_yolo_sequence_coverage,sampled_danger_then_danger_ratio_sampled_unsafe_then_unsafe_ratio_else_normal,danger,intrusion,True,True,True,1.5565,"```json
{
    ""risk_state"": ""danger""
}
```
",True
intrusion_climb-over-fence_rgb_0081_cctv4_f000286_000296_000306,climb-over-fence_smart_rgb,intrusion_climb-over-fence_rgb_0081_cctv4,intrusion_candidate,intrusion,"[286, 296, 306]","[9.533, 9.867, 10.2]","{""start_frame"": 271, ""end_frame"": 306}","[""stand, walk"", ""stand, walk"", ""stand, walk""]","[""danger"", ""danger"", ""danger""]",danger,"{""normal"": 0, ""unsafe"": 0, ""danger"": 36}","{""normal"": 0.0, ""unsafe"": 0.0, ""danger"": 1.0}",danger,danger,danger,True,False,labeling_yolo_sequence_coverage,sampled_danger_then_danger_ratio_sampled_unsafe_then_unsafe_ratio_else_normal,danger,intrusion,True,True,True,1.5654,"```json
{
    ""risk_state"": ""danger""
}
```
",True
intrusion_climb-over-fence_rgb_0081_cctv4_f000316_000326_000336,climb-over-fence_smart_rgb,intrusion_climb-over-fence_rgb_0081_cctv4,intrusion_candidate,intrusion,"[316, 326, 336]","[10.533, 10.867, 11.2]","{""start_frame"": 301, ""end_frame"": 336}","[""stand, walk"", ""stand, walk"", ""stand, walk""]","[""danger"", ""danger"", ""danger""]",danger,"{""normal"": 0, ""unsafe"": 0, ""danger"": 36}","{""normal"": 0.0, ""unsafe"": 0.0, ""danger"": 1.0}",danger,danger,danger,True,False,labeling_yolo_sequence_coverage,sampled_danger_then_danger_ratio_sampled_unsafe_then_unsafe_ratio_else_normal,danger,intrusion,True,True,True,1.5666,"```json
{
    ""risk_state"": ""danger""
}
```
",True
intrusion_climb-over-fence_rgb_0081_cctv4_f000346_000356_000366,climb-over-fence_smart_rgb,intrusion_climb-over-fence_rgb_0081_cctv4,intrusion_candidate,intrusion,"[346, 356, 366]","[11.533, 11.867, 12.2]","{""start_frame"": 331, ""end_frame"": 366}","[""stand"", ""stand"", ""none""]","[""danger"", ""danger"", ""danger""]",danger,"{""normal"": 0, ""unsafe"": 0, ""danger"": 36}","{""normal"": 0.0, ""unsafe"": 0.0, ""danger"": 1.0}",danger,danger,danger,True,False,labeling_yolo_sequence_coverage,sampled_danger_then_danger_ratio_sampled_unsafe_then_unsafe_ratio_else_normal,danger,intrusion,True,True,True,1.6637,"```json
{
    ""risk_state"": ""danger""
}
```
",True
intrusion_climb-over-fence_rgb_0081_cctv4_f000376_000386_000396,climb-over-fence_smart_rgb,intrusion_climb-over-fence_rgb_0081_cctv4,intrusion_candidate,intrusion,"[376, 386, 396]","[12.533, 12.867, 13.2]","{""start_frame"": 361, ""end_frame"": 396}","[""none"", ""none"", ""none""]","[""danger"", ""danger"", ""danger""]",danger,"{""normal"": 0, ""unsafe"": 0, ""danger"": 36}","{""normal"": 0.0, ""unsafe"": 0.0, ""danger"": 1.0}",danger,danger,danger,True,False,labeling_yolo_sequence_coverage,sampled_danger_then_danger_ratio_sampled_unsafe_then_unsafe_ratio_else_normal,danger,intrusion,True,True,True,1.5707,"```json
{
  ""risk_state"": ""danger""
}
```
",True
intrusion_climb-over-fence_rgb_0091_cctv2_f000016_000026_000036,climb-over-fence_smart_rgb,intrusion_climb-over-fence_rgb_0091_cctv2,intrusion_candidate,intrusion,"[16, 26, 36]","[0.533, 0.867, 1.2]","{""start_frame"": 1, ""end_frame"": 36}","[""walk, carry/hold (an object)"", ""walk, carry/hold (an object)"", ""walk, carry/hold (an object)""]","[""unsafe"", ""danger"", ""danger""]",danger,"{""normal"": 0, ""unsafe"": 25, ""danger"": 11}","{""normal"": 0.0, ""unsafe"": 0.6944, ""danger"": 0.3056}",danger,danger,danger,True,False,labeling_yolo_sequence_coverage,sampled_danger_then_danger_ratio_sampled_unsafe_then_unsafe_ratio_else_normal,normal,normal,False,True,True,1.5597,"```json
{
    ""risk_state"": ""normal""
}
```
",False
intrusion_climb-over-fence_rgb_0091_cctv2_f000046_000056_000066,climb-over-fence_smart_rgb,intrusion_climb-over-fence_rgb_0091_cctv2,intrusion_candidate,intrusion,"[46, 56, 66]","[1.533, 1.867, 2.2]","{""start_frame"": 31, ""end_frame"": 66}","[""stand, carry/hold (an object)"", ""stand, carry/hold (an object)"", ""carry/hold (an object), walk""]","[""danger"", ""danger"", ""danger""]",danger,"{""normal"": 0, ""unsafe"": 0, ""danger"": 36}","{""normal"": 0.0, ""unsafe"": 0.0, ""danger"": 1.0}",danger,danger,danger,True,False,labeling_yolo_sequence_coverage,sampled_danger_then_danger_ratio_sampled_unsafe_then_unsafe_ratio_else_normal,danger,intrusion,True,True,True,1.5528,"```json
{
    ""risk_state"": ""danger""
}
```
",True
intrusion_climb-over-fence_rgb_0091_cctv2_f000076_000086_000096,climb-over-fence_smart_rgb,intrusion_climb-over-fence_rgb_0091_cctv2,intrusion_candidate,intrusion,"[76, 86, 96]","[2.533, 2.867, 3.2]","{""start_frame"": 61, ""end_frame"": 96}","[""carry/hold (an object), walk"", ""stand, carry/hold (an object)"", ""stand, answer phone""]","[""danger"", ""danger"", ""danger""]",danger,"{""normal"": 0, ""unsafe"": 0, ""danger"": 36}","{""normal"": 0.0, ""unsafe"": 0.0, ""danger"": 1.0}",danger,danger,danger,True,False,labeling_yolo_sequence_coverage,sampled_danger_then_danger_ratio_sampled_unsafe_then_unsafe_ratio_else_normal,danger,intrusion,True,True,True,1.4358,"```json
{""risk_state"":""danger""}
```
",True
intrusion_climb-over-fence_rgb_0091_cctv2_f000106_000116_000126,climb-over-fence_smart_rgb,intrusion_climb-over-fence_rgb_0091_cctv2,intrusion_candidate,intrusion,"[106, 116, 126]","[3.533, 3.867, 4.2]","{""start_frame"": 91, ""end_frame"": 126}","[""stand, answer phone"", ""stand, answer phone"", ""stand, answer phone""]","[""danger"", ""danger"", ""danger""]",danger,"{""normal"": 0, ""unsafe"": 0, ""danger"": 36}","{""normal"": 0.0, ""unsafe"": 0.0, ""danger"": 1.0}",danger,danger,danger,True,False,labeling_yolo_sequence_coverage,sampled_danger_then_danger_ratio_sampled_unsafe_then_unsafe_ratio_else_normal,danger,intrusion,True,True,True,1.5672,"```json
{
    ""risk_state"": ""danger""
}
```
",True
intrusion_climb-over-fence_rgb_0091_cctv2_f000136_000146_000156,climb-over-fence_smart_rgb,intrusion_climb-over-fence_rgb_0091_cctv2,intrusion_candidate,intrusion,"[136, 146, 156]","[4.533, 4.867, 5.2]","{""start_frame"": 121, ""end_frame"": 156}","[""stand, answer phone"", ""stand, answer phone"", ""stand, carry/hold (an object)""]","[""danger"", ""danger"", ""danger""]",danger,"{""normal"": 0, ""unsafe"": 0, ""danger"": 36}","{""normal"": 0.0, ""unsafe"": 0.0, ""danger"": 1.0}",danger,danger,danger,True,False,labeling_yolo_sequence_coverage,sampled_danger_then_danger_ratio_sampled_unsafe_then_unsafe_ratio_else_normal,danger,intrusion,True,True,True,1.4354,"```json
{""risk_state"":""danger""}
```
",True
intrusion_climb-over-fence_rgb_0091_cctv2_f000166_000176_000186,climb-over-fence_smart_rgb,intrusion_climb-over-fence_rgb_0091_cctv2,intrusion_candidate,intrusion,"[166, 176, 186]","[5.533, 5.867, 6.2]","{""start_frame"": 151, ""end_frame"": 186}","[""carry/hold (an object), walk"", ""carry/hold (an object), stand"", ""stand, carry/hold (an object)""]","[""danger"", ""danger"", ""danger""]",danger,"{""normal"": 0, ""unsafe"": 0, ""danger"": 36}","{""normal"": 0.0, ""unsafe"": 0.0, ""danger"": 1.0}",danger,danger,danger,True,False,labeling_yolo_sequence_coverage,sampled_danger_then_danger_ratio_sampled_unsafe_then_unsafe_ratio_else_normal,danger,intrusion,True,True,True,1.4366,"```json
{""risk_state"":""danger""}
```
",True
intrusion_climb-over-fence_rgb_0091_cctv2_f000196_000206_000216,climb-over-fence_smart_rgb,intrusion_climb-over-fence_rgb_0091_cctv2,intrusion_candidate,intrusion,"[196, 206, 216]","[6.533, 6.867, 7.2]","{""start_frame"": 181, ""end_frame"": 216}","[""stand, carry/hold (an object)"", ""walk, carry/hold (an object)"", ""walk, carry/hold (an object)""]","[""danger"", ""danger"", ""danger""]",danger,"{""normal"": 0, ""unsafe"": 0, ""danger"": 36}","{""normal"": 0.0, ""unsafe"": 0.0, ""danger"": 1.0}",danger,danger,danger,True,False,labeling_yolo_sequence_coverage,sampled_danger_then_danger_ratio_sampled_unsafe_then_unsafe_ratio_else_normal,danger,intrusion,True,True,True,1.5724,"```json
{
    ""risk_state"": ""danger""
}
```
",True
intrusion_climb-over-fence_rgb_0091_cctv2_f000226_000236_000246,climb-over-fence_smart_rgb,intrusion_climb-over-fence_rgb_0091_cctv2,intrusion_candidate,intrusion,"[226, 236, 246]","[7.533, 7.867, 8.2]","{""start_frame"": 211, ""end_frame"": 246}","[""bend/bow (at the waist), stand"", ""bend/bow (at the waist), stand"", ""stand, carry/hold (an object)""]","[""danger"", ""danger"", ""danger""]",danger,"{""normal"": 0, ""unsafe"": 0, ""danger"": 36}","{""normal"": 0.0, ""unsafe"": 0.0, ""danger"": 1.0}",danger,danger,danger,True,False,labeling_yolo_sequence_coverage,sampled_danger_then_danger_ratio_sampled_unsafe_then_unsafe_ratio_else_normal,danger,intrusion,True,True,True,1.5645,"```json
{
    ""risk_state"": ""danger""
}
```
",True
intrusion_climb-over-fence_rgb_0091_cctv2_f000256_000266_000276,climb-over-fence_smart_rgb,intrusion_climb-over-fence_rgb_0091_cctv2,intrusion_candidate,intrusion,"[256, 266, 276]","[8.533, 8.867, 9.2]","{""start_frame"": 241, ""end_frame"": 276}","[""stand, carry/hold (an object)"", ""stand, walk"", ""stand, walk""]","[""danger"", ""danger"", ""danger""]",danger,"{""normal"": 0, ""unsafe"": 0, ""danger"": 36}","{""normal"": 0.0, ""unsafe"": 0.0, ""danger"": 1.0}",danger,danger,danger,True,False,labeling_yolo_sequence_coverage,sampled_danger_then_danger_ratio_sampled_unsafe_then_unsafe_ratio_else_normal,danger,intrusion,True,True,True,1.5663,"```json
{
    ""risk_state"": ""danger""
}
```
",True
intrusion_climb-over-fence_rgb_0091_cctv2_f000286_000296_000306,climb-over-fence_smart_rgb,intrusion_climb-over-fence_rgb_0091_cctv2,intrusion_candidate,intrusion,"[286, 296, 306]","[9.533, 9.867, 10.2]","{""start_frame"": 271, ""end_frame"": 306}","[""stand, answer phone"", ""stand, answer phone"", ""stand, answer phone""]","[""danger"", ""danger"", ""danger""]",danger,"{""normal"": 0, ""unsafe"": 0, ""danger"": 36}","{""normal"": 0.0, ""unsafe"": 0.0, ""danger"": 1.0}",danger,danger,danger,True,False,labeling_yolo_sequence_coverage,sampled_danger_then_danger_ratio_sampled_unsafe_then_unsafe_ratio_else_normal,danger,intrusion,True,True,True,1.452,"```json
{""risk_state"":""danger""}
```
",True
intrusion_climb-over-fence_rgb_0091_cctv2_f000316_000326_000336,climb-over-fence_smart_rgb,intrusion_climb-over-fence_rgb_0091_cctv2,intrusion_candidate,intrusion,"[316, 326, 336]","[10.533, 10.867, 11.2]","{""start_frame"": 301, ""end_frame"": 336}","[""stand, answer phone"", ""stand, answer phone"", ""stand, walk""]","[""danger"", ""danger"", ""danger""]",danger,"{""normal"": 0, ""unsafe"": 0, ""danger"": 36}","{""normal"": 0.0, ""unsafe"": 0.0, ""danger"": 1.0}",danger,danger,danger,True,False,labeling_yolo_sequence_coverage,sampled_danger_then_danger_ratio_sampled_unsafe_then_unsafe_ratio_else_normal,danger,intrusion,True,True,True,1.6739,"```json
{
    ""risk_state"": ""danger""
}
```
",True
intrusion_climb-over-fence_rgb_0091_cctv2_f000346_000356_000366,climb-over-fence_smart_rgb,intrusion_climb-over-fence_rgb_0091_cctv2,intrusion_candidate,intrusion,"[346, 356, 366]","[11.533, 11.867, 12.2]","{""start_frame"": 331, ""end_frame"": 366}","[""stand, carry/hold (an object)"", ""stand, carry/hold (an object)"", ""stand, carry/hold (an object)""]","[""danger"", ""danger"", ""danger""]",danger,"{""normal"": 0, ""unsafe"": 0, ""danger"": 36}","{""normal"": 0.0, ""unsafe"": 0.0, ""danger"": 1.0}",danger,danger,danger,True,False,labeling_yolo_sequence_coverage,sampled_danger_then_danger_ratio_sampled_unsafe_then_unsafe_ratio_else_normal,danger,intrusion,True,True,True,1.5711,"```json
{
    ""risk_state"": ""danger""
}
```
",True
intrusion_climb-over-fence_rgb_0091_cctv2_f000376_000386_000396,climb-over-fence_smart_rgb,intrusion_climb-over-fence_rgb_0091_cctv2,intrusion_candidate,intrusion,"[376, 386, 396]","[12.533, 12.867, 13.2]","{""start_frame"": 361, ""end_frame"": 396}","[""stand, carry/hold (an object)"", ""stand, walk"", ""stand, carry/hold (an object)""]","[""danger"", ""danger"", ""danger""]",danger,"{""normal"": 0, ""unsafe"": 0, ""danger"": 36}","{""normal"": 0.0, ""unsafe"": 0.0, ""danger"": 1.0}",danger,danger,danger,True,False,labeling_yolo_sequence_coverage,sampled_danger_then_danger_ratio_sampled_unsafe_then_unsafe_ratio_else_normal,danger,intrusion,True,True,True,1.5748,"```json
{
    ""risk_state"": ""danger""
}
```
",True
intrusion_climb-over-fence_rgb_0098_cctv3_f000016_000026_000036,climb-over-fence_smart_rgb,intrusion_climb-over-fence_rgb_0098_cctv3,intrusion_candidate,intrusion,"[16, 26, 36]","[0.533, 0.867, 1.2]","{""start_frame"": 1, ""end_frame"": 36}","[""carry/hold (an object), walk"", ""carry/hold (an object), walk"", ""walk, carry/hold (an object)""]","[""danger"", ""danger"", ""danger""]",danger,"{""normal"": 0, ""unsafe"": 2, ""danger"": 34}","{""normal"": 0.0, ""unsafe"": 0.0556, ""danger"": 0.9444}",danger,danger,danger,True,False,labeling_yolo_sequence_coverage,sampled_danger_then_danger_ratio_sampled_unsafe_then_unsafe_ratio_else_normal,danger,intrusion,True,True,True,1.5708,"```json
{
    ""risk_state"": ""danger""
}
```
",True
intrusion_climb-over-fence_rgb_0098_cctv3_f000046_000056_000066,climb-over-fence_smart_rgb,intrusion_climb-over-fence_rgb_0098_cctv3,intrusion_candidate,intrusion,"[46, 56, 66]","[1.533, 1.867, 2.2]","{""start_frame"": 31, ""end_frame"": 66}","[""stand, walk"", ""stand, carry/hold (an object)"", ""stand, carry/hold (an object)""]","[""danger"", ""danger"", ""danger""]",danger,"{""normal"": 0, ""unsafe"": 0, ""danger"": 36}","{""normal"": 0.0, ""unsafe"": 0.0, ""danger"": 1.0}",danger,danger,danger,True,False,labeling_yolo_sequence_coverage,sampled_danger_then_danger_ratio_sampled_unsafe_then_unsafe_ratio_else_normal,danger,intrusion,True,True,True,1.5542,"```json
{
    ""risk_state"": ""danger""
}
```
",True
intrusion_climb-over-fence_rgb_0098_cctv3_f000076_000086_000096,climb-over-fence_smart_rgb,intrusion_climb-over-fence_rgb_0098_cctv3,intrusion_candidate,intrusion,"[76, 86, 96]","[2.533, 2.867, 3.2]","{""start_frame"": 61, ""end_frame"": 96}","[""stand, carry/hold (an object)"", ""walk, carry/hold (an object)"", ""walk, run/jog""]","[""danger"", ""danger"", ""danger""]",danger,"{""normal"": 0, ""unsafe"": 0, ""danger"": 36}","{""normal"": 0.0, ""unsafe"": 0.0, ""danger"": 1.0}",danger,danger,danger,True,False,labeling_yolo_sequence_coverage,sampled_danger_then_danger_ratio_sampled_unsafe_then_unsafe_ratio_else_normal,danger,intrusion,True,True,True,1.5639,"```json
{
    ""risk_state"": ""danger""
}
```
",True
intrusion_climb-over-fence_rgb_0098_cctv3_f000106_000116_000126,climb-over-fence_smart_rgb,intrusion_climb-over-fence_rgb_0098_cctv3,intrusion_candidate,intrusion,"[106, 116, 126]","[3.533, 3.867, 4.2]","{""start_frame"": 91, ""end_frame"": 126}","[""walk, carry/hold (an object)"", ""walk, carry/hold (an object)"", ""walk, carry/hold (an object)""]","[""danger"", ""danger"", ""danger""]",danger,"{""normal"": 0, ""unsafe"": 0, ""danger"": 36}","{""normal"": 0.0, ""unsafe"": 0.0, ""danger"": 1.0}",danger,danger,danger,True,False,labeling_yolo_sequence_coverage,sampled_danger_then_danger_ratio_sampled_unsafe_then_unsafe_ratio_else_normal,normal,normal,False,True,True,1.5785,"```json
{
    ""risk_state"": ""normal""
}
```
",False
intrusion_climb-over-fence_rgb_0098_cctv3_f000136_000146_000156,climb-over-fence_smart_rgb,intrusion_climb-over-fence_rgb_0098_cctv3,intrusion_candidate,intrusion,"[136, 146, 156]","[4.533, 4.867, 5.2]","{""start_frame"": 121, ""end_frame"": 156}","[""walk, carry/hold (an object)"", ""walk, carry/hold (an object)"", ""carry/hold (an object), stand""]","[""danger"", ""danger"", ""danger""]",danger,"{""normal"": 0, ""unsafe"": 0, ""danger"": 36}","{""normal"": 0.0, ""unsafe"": 0.0, ""danger"": 1.0}",danger,danger,danger,True,False,labeling_yolo_sequence_coverage,sampled_danger_then_danger_ratio_sampled_unsafe_then_unsafe_ratio_else_normal,danger,intrusion,True,True,True,1.5559,"```json
{
    ""risk_state"": ""danger""
}
```
",True
intrusion_climb-over-fence_rgb_0098_cctv3_f000166_000176_000186,climb-over-fence_smart_rgb,intrusion_climb-over-fence_rgb_0098_cctv3,intrusion_candidate,intrusion,"[166, 176, 186]","[5.533, 5.867, 6.2]","{""start_frame"": 151, ""end_frame"": 186}","[""walk, carry/hold (an object)"", ""walk, carry/hold (an object)"", ""walk, carry/hold (an object)""]","[""danger"", ""danger"", ""danger""]",danger,"{""normal"": 0, ""unsafe"": 0, ""danger"": 36}","{""normal"": 0.0, ""unsafe"": 0.0, ""danger"": 1.0}",danger,danger,danger,True,False,labeling_yolo_sequence_coverage,sampled_danger_then_danger_ratio_sampled_unsafe_then_unsafe_ratio_else_normal,danger,intrusion,True,True,True,1.571,"```json
{
    ""risk_state"": ""danger""
}
```
",True
intrusion_climb-over-fence_rgb_0098_cctv3_f000196_000206_000216,climb-over-fence_smart_rgb,intrusion_climb-over-fence_rgb_0098_cctv3,intrusion_candidate,intrusion,"[196, 206, 216]","[6.533, 6.867, 7.2]","{""start_frame"": 181, ""end_frame"": 216}","[""walk, carry/hold (an object)"", ""walk, carry/hold (an object)"", ""walk, carry/hold (an object)""]","[""danger"", ""danger"", ""danger""]",danger,"{""normal"": 0, ""unsafe"": 0, ""danger"": 36}","{""normal"": 0.0, ""unsafe"": 0.0, ""danger"": 1.0}",danger,danger,danger,True,False,labeling_yolo_sequence_coverage,sampled_danger_then_danger_ratio_sampled_unsafe_then_unsafe_ratio_else_normal,danger,intrusion,True,True,True,1.5901,"```json
{
    ""risk_state"": ""danger""
}
```
",True
intrusion_climb-over-fence_rgb_0098_cctv3_f000226_000236_000246,climb-over-fence_smart_rgb,intrusion_climb-over-fence_rgb_0098_cctv3,intrusion_candidate,intrusion,"[226, 236, 246]","[7.533, 7.867, 8.2]","{""start_frame"": 211, ""end_frame"": 246}","[""stand, walk"", ""walk, carry/hold (an object)"", ""stand, walk""]","[""danger"", ""danger"", ""danger""]",danger,"{""normal"": 0, ""unsafe"": 0, ""danger"": 36}","{""normal"": 0.0, ""unsafe"": 0.0, ""danger"": 1.0}",danger,danger,danger,True,False,labeling_yolo_sequence_coverage,sampled_danger_then_danger_ratio_sampled_unsafe_then_unsafe_ratio_else_normal,danger,intrusion,True,True,True,1.5723,"```json
{
    ""risk_state"": ""danger""
}
```
",True
intrusion_climb-over-fence_rgb_0098_cctv3_f000256_000266_000276,climb-over-fence_smart_rgb,intrusion_climb-over-fence_rgb_0098_cctv3,intrusion_candidate,intrusion,"[256, 266, 276]","[8.533, 8.867, 9.2]","{""start_frame"": 241, ""end_frame"": 276}","[""stand, carry/hold (an object)"", ""stand, carry/hold (an object)"", ""stand, walk""]","[""danger"", ""danger"", ""danger""]",danger,"{""normal"": 0, ""unsafe"": 0, ""danger"": 36}","{""normal"": 0.0, ""unsafe"": 0.0, ""danger"": 1.0}",danger,danger,danger,True,False,labeling_yolo_sequence_coverage,sampled_danger_then_danger_ratio_sampled_unsafe_then_unsafe_ratio_else_normal,danger,intrusion,True,True,True,1.562,"```json
{
    ""risk_state"": ""danger""
}
```
",True
intrusion_climb-over-fence_rgb_0098_cctv3_f000286_000296_000306,climb-over-fence_smart_rgb,intrusion_climb-over-fence_rgb_0098_cctv3,intrusion_candidate,intrusion,"[286, 296, 306]","[9.533, 9.867, 10.2]","{""start_frame"": 271, ""end_frame"": 306}","[""stand, walk"", ""stand, walk"", ""stand, walk""]","[""danger"", ""danger"", ""danger""]",danger,"{""normal"": 0, ""unsafe"": 0, ""danger"": 36}","{""normal"": 0.0, ""unsafe"": 0.0, ""danger"": 1.0}",danger,danger,danger,True,False,labeling_yolo_sequence_coverage,sampled_danger_then_danger_ratio_sampled_unsafe_then_unsafe_ratio_else_normal,danger,intrusion,True,True,True,1.5743,"```json
{
    ""risk_state"": ""danger""
}
```
",True
intrusion_climb-over-fence_rgb_0098_cctv3_f000316_000326_000336,climb-over-fence_smart_rgb,intrusion_climb-over-fence_rgb_0098_cctv3,intrusion_candidate,intrusion,"[316, 326, 336]","[10.533, 10.867, 11.2]","{""start_frame"": 301, ""end_frame"": 336}","[""stand, answer phone"", ""stand, carry/hold (an object)"", ""walk, carry/hold (an object)""]","[""danger"", ""danger"", ""danger""]",danger,"{""normal"": 0, ""unsafe"": 0, ""danger"": 36}","{""normal"": 0.0, ""unsafe"": 0.0, ""danger"": 1.0}",danger,danger,danger,True,False,labeling_yolo_sequence_coverage,sampled_danger_then_danger_ratio_sampled_unsafe_then_unsafe_ratio_else_normal,danger,intrusion,True,True,True,1.5714,"```json
{
    ""risk_state"": ""danger""
}
```
",True
intrusion_climb-over-fence_rgb_0098_cctv3_f000346_000356_000366,climb-over-fence_smart_rgb,intrusion_climb-over-fence_rgb_0098_cctv3,intrusion_candidate,intrusion,"[346, 356, 366]","[11.533, 11.867, 12.2]","{""start_frame"": 331, ""end_frame"": 366}","[""walk, carry/hold (an object)"", ""stand, walk"", ""stand, carry/hold (an object)""]","[""danger"", ""danger"", ""danger""]",danger,"{""normal"": 0, ""unsafe"": 0, ""danger"": 36}","{""normal"": 0.0, ""unsafe"": 0.0, ""danger"": 1.0}",danger,danger,danger,True,False,labeling_yolo_sequence_coverage,sampled_danger_then_danger_ratio_sampled_unsafe_then_unsafe_ratio_else_normal,danger,intrusion,True,True,True,1.5627,"```json
{
    ""risk_state"": ""danger""
}
```
",True
intrusion_climb-over-fence_rgb_0098_cctv3_f000376_000386_000396,climb-over-fence_smart_rgb,intrusion_climb-over-fence_rgb_0098_cctv3,intrusion_candidate,intrusion,"[376, 386, 396]","[12.533, 12.867, 13.2]","{""start_frame"": 361, ""end_frame"": 396}","[""stand, walk"", ""stand, carry/hold (an object)"", ""stand, carry/hold (an object)""]","[""danger"", ""danger"", ""danger""]",danger,"{""normal"": 0, ""unsafe"": 0, ""danger"": 36}","{""normal"": 0.0, ""unsafe"": 0.0, ""danger"": 1.0}",danger,danger,danger,True,False,labeling_yolo_sequence_coverage,sampled_danger_then_danger_ratio_sampled_unsafe_then_unsafe_ratio_else_normal,danger,intrusion,True,True,True,1.5646,"```json
{
    ""risk_state"": ""danger""
}
```
",True
intrusion_climb-over-fence_rgb_0106_cctv1_f000016_000026_000036,climb-over-fence_smart_rgb,intrusion_climb-over-fence_rgb_0106_cctv1,intrusion_candidate,intrusion,"[16, 26, 36]","[0.533, 0.867, 1.2]","{""start_frame"": 1, ""end_frame"": 36}","[""walk, carry/hold (an object)"", ""walk, carry/hold (an object)"", ""walk, carry/hold (an object)""]","[""unsafe"", ""unsafe"", ""unsafe""]",unsafe,"{""normal"": 0, ""unsafe"": 36, ""danger"": 0}","{""normal"": 0.0, ""unsafe"": 1.0, ""danger"": 0.0}",unsafe,unsafe,unsafe,True,False,labeling_yolo_sequence_coverage,sampled_danger_then_danger_ratio_sampled_unsafe_then_unsafe_ratio_else_normal,normal,normal,False,True,True,1.4412,"```json
{""risk_state"":""normal""}
```
",False
intrusion_climb-over-fence_rgb_0106_cctv1_f000046_000056_000066,climb-over-fence_smart_rgb,intrusion_climb-over-fence_rgb_0106_cctv1,intrusion_candidate,intrusion,"[46, 56, 66]","[1.533, 1.867, 2.2]","{""start_frame"": 31, ""end_frame"": 66}","[""walk, carry/hold (an object)"", ""walk, carry/hold (an object)"", ""walk, carry/hold (an object)""]","[""unsafe"", ""unsafe"", ""danger""]",danger,"{""normal"": 0, ""unsafe"": 26, ""danger"": 10}","{""normal"": 0.0, ""unsafe"": 0.7222, ""danger"": 0.2778}",unsafe,danger,danger,True,False,labeling_yolo_sequence_coverage,sampled_danger_then_danger_ratio_sampled_unsafe_then_unsafe_ratio_else_normal,danger,intrusion,True,True,True,1.4495,"```json
{""risk_state"":""danger""}
```
",True
intrusion_climb-over-fence_rgb_0106_cctv1_f000076_000086_000096,climb-over-fence_smart_rgb,intrusion_climb-over-fence_rgb_0106_cctv1,intrusion_candidate,intrusion,"[76, 86, 96]","[2.533, 2.867, 3.2]","{""start_frame"": 61, ""end_frame"": 96}","[""carry/hold (an object), walk"", ""carry/hold (an object), stand"", ""walk, carry/hold (an object)""]","[""danger"", ""danger"", ""danger""]",danger,"{""normal"": 0, ""unsafe"": 0, ""danger"": 36}","{""normal"": 0.0, ""unsafe"": 0.0, ""danger"": 1.0}",danger,danger,danger,True,False,labeling_yolo_sequence_coverage,sampled_danger_then_danger_ratio_sampled_unsafe_then_unsafe_ratio_else_normal,danger,intrusion,True,True,True,1.4432,"```json
{""risk_state"":""danger""}
```
",True
intrusion_climb-over-fence_rgb_0106_cctv1_f000106_000116_000126,climb-over-fence_smart_rgb,intrusion_climb-over-fence_rgb_0106_cctv1,intrusion_candidate,intrusion,"[106, 116, 126]","[3.533, 3.867, 4.2]","{""start_frame"": 91, ""end_frame"": 126}","[""walk, carry/hold (an object)"", ""walk, stand"", ""stand, carry/hold (an object)""]","[""danger"", ""danger"", ""danger""]",danger,"{""normal"": 0, ""unsafe"": 0, ""danger"": 36}","{""normal"": 0.0, ""unsafe"": 0.0, ""danger"": 1.0}",danger,danger,danger,True,False,labeling_yolo_sequence_coverage,sampled_danger_then_danger_ratio_sampled_unsafe_then_unsafe_ratio_else_normal,danger,intrusion,True,True,True,1.5693,"```json
{
    ""risk_state"": ""danger""
}
```
",True
intrusion_climb-over-fence_rgb_0106_cctv1_f000136_000146_000156,climb-over-fence_smart_rgb,intrusion_climb-over-fence_rgb_0106_cctv1,intrusion_candidate,intrusion,"[136, 146, 156]","[4.533, 4.867, 5.2]","{""start_frame"": 121, ""end_frame"": 156}","[""stand, carry/hold (an object)"", ""stand, carry/hold (an object)"", ""stand, carry/hold (an object)""]","[""danger"", ""danger"", ""danger""]",danger,"{""normal"": 0, ""unsafe"": 0, ""danger"": 36}","{""normal"": 0.0, ""unsafe"": 0.0, ""danger"": 1.0}",danger,danger,danger,True,False,labeling_yolo_sequence_coverage,sampled_danger_then_danger_ratio_sampled_unsafe_then_unsafe_ratio_else_normal,danger,intrusion,True,True,True,1.5711,"```json
{
    ""risk_state"": ""danger""
}
```
",True
intrusion_climb-over-fence_rgb_0106_cctv1_f000166_000176_000186,climb-over-fence_smart_rgb,intrusion_climb-over-fence_rgb_0106_cctv1,intrusion_candidate,intrusion,"[166, 176, 186]","[5.533, 5.867, 6.2]","{""start_frame"": 151, ""end_frame"": 186}","[""stand"", ""stand, carry/hold (an object)"", ""stand, carry/hold (an object)""]","[""danger"", ""danger"", ""danger""]",danger,"{""normal"": 0, ""unsafe"": 0, ""danger"": 36}","{""normal"": 0.0, ""unsafe"": 0.0, ""danger"": 1.0}",danger,danger,danger,True,False,labeling_yolo_sequence_coverage,sampled_danger_then_danger_ratio_sampled_unsafe_then_unsafe_ratio_else_normal,danger,intrusion,True,True,True,1.4383,"```json
{""risk_state"":""danger""}
```
",True
intrusion_climb-over-fence_rgb_0106_cctv1_f000196_000206_000216,climb-over-fence_smart_rgb,intrusion_climb-over-fence_rgb_0106_cctv1,intrusion_candidate,intrusion,"[196, 206, 216]","[6.533, 6.867, 7.2]","{""start_frame"": 181, ""end_frame"": 216}","[""carry/hold (an object), stand"", ""carry/hold (an object), stand"", ""carry/hold (an object), stand""]","[""danger"", ""danger"", ""danger""]",danger,"{""normal"": 0, ""unsafe"": 0, ""danger"": 36}","{""normal"": 0.0, ""unsafe"": 0.0, ""danger"": 1.0}",danger,danger,danger,True,False,labeling_yolo_sequence_coverage,sampled_danger_then_danger_ratio_sampled_unsafe_then_unsafe_ratio_else_normal,danger,intrusion,True,True,True,1.4387,"```json
{""risk_state"":""danger""}
```
",True
intrusion_climb-over-fence_rgb_0106_cctv1_f000226_000236_000246,climb-over-fence_smart_rgb,intrusion_climb-over-fence_rgb_0106_cctv1,intrusion_candidate,intrusion,"[226, 236, 246]","[7.533, 7.867, 8.2]","{""start_frame"": 211, ""end_frame"": 246}","[""carry/hold (an object), walk"", ""bend/bow (at the waist), carry/hold (an object)"", ""bend/bow (at the waist), carry/hold (an object)""]","[""danger"", ""danger"", ""danger""]",danger,"{""normal"": 0, ""unsafe"": 0, ""danger"": 36}","{""normal"": 0.0, ""unsafe"": 0.0, ""danger"": 1.0}",danger,danger,danger,True,False,labeling_yolo_sequence_coverage,sampled_danger_then_danger_ratio_sampled_unsafe_then_unsafe_ratio_else_normal,danger,intrusion,True,True,True,1.573,"```json
{
    ""risk_state"": ""danger""
}
```
",True
intrusion_climb-over-fence_rgb_0106_cctv1_f000256_000266_000276,climb-over-fence_smart_rgb,intrusion_climb-over-fence_rgb_0106_cctv1,intrusion_candidate,intrusion,"[256, 266, 276]","[8.533, 8.867, 9.2]","{""start_frame"": 241, ""end_frame"": 276}","[""stand, carry/hold (an object)"", ""stand, carry/hold (an object)"", ""stand, carry/hold (an object)""]","[""danger"", ""danger"", ""danger""]",danger,"{""normal"": 0, ""unsafe"": 0, ""danger"": 36}","{""normal"": 0.0, ""unsafe"": 0.0, ""danger"": 1.0}",danger,danger,danger,True,False,labeling_yolo_sequence_coverage,sampled_danger_then_danger_ratio_sampled_unsafe_then_unsafe_ratio_else_normal,danger,intrusion,True,True,True,1.5733,"```json
{
    ""risk_state"": ""danger""
}
```
",True
intrusion_climb-over-fence_rgb_0106_cctv1_f000286_000296_000306,climb-over-fence_smart_rgb,intrusion_climb-over-fence_rgb_0106_cctv1,intrusion_candidate,intrusion,"[286, 296, 306]","[9.533, 9.867, 10.2]","{""start_frame"": 271, ""end_frame"": 306}","[""stand, carry/hold (an object)"", ""stand, answer phone"", ""stand, answer phone""]","[""danger"", ""danger"", ""danger""]",danger,"{""normal"": 0, ""unsafe"": 0, ""danger"": 36}","{""normal"": 0.0, ""unsafe"": 0.0, ""danger"": 1.0}",danger,danger,danger,True,False,labeling_yolo_sequence_coverage,sampled_danger_then_danger_ratio_sampled_unsafe_then_unsafe_ratio_else_normal,danger,intrusion,True,True,True,1.5629,"```json
{
    ""risk_state"": ""danger""
}
```
",True
intrusion_climb-over-fence_rgb_0106_cctv1_f000316_000326_000336,climb-over-fence_smart_rgb,intrusion_climb-over-fence_rgb_0106_cctv1,intrusion_candidate,intrusion,"[316, 326, 336]","[10.533, 10.867, 11.2]","{""start_frame"": 301, ""end_frame"": 336}","[""stand, answer phone"", ""stand, answer phone"", ""stand, answer phone""]","[""danger"", ""danger"", ""danger""]",danger,"{""normal"": 0, ""unsafe"": 0, ""danger"": 36}","{""normal"": 0.0, ""unsafe"": 0.0, ""danger"": 1.0}",danger,danger,danger,True,False,labeling_yolo_sequence_coverage,sampled_danger_then_danger_ratio_sampled_unsafe_then_unsafe_ratio_else_normal,danger,intrusion,True,True,True,1.5861,"```json
{
    ""risk_state"": ""danger""
}
```
",True
intrusion_climb-over-fence_rgb_0106_cctv1_f000346_000356_000366,climb-over-fence_smart_rgb,intrusion_climb-over-fence_rgb_0106_cctv1,intrusion_candidate,intrusion,"[346, 356, 366]","[11.533, 11.867, 12.2]","{""start_frame"": 331, ""end_frame"": 366}","[""stand"", ""stand, answer phone"", ""stand, answer phone""]","[""danger"", ""danger"", ""danger""]",danger,"{""normal"": 0, ""unsafe"": 0, ""danger"": 36}","{""normal"": 0.0, ""unsafe"": 0.0, ""danger"": 1.0}",danger,danger,danger,True,False,labeling_yolo_sequence_coverage,sampled_danger_then_danger_ratio_sampled_unsafe_then_unsafe_ratio_else_normal,danger,intrusion,True,True,True,1.5681,"```json
{
    ""risk_state"": ""danger""
}
```
",True
intrusion_climb-over-fence_rgb_0106_cctv1_f000376_000386_000396,climb-over-fence_smart_rgb,intrusion_climb-over-fence_rgb_0106_cctv1,intrusion_candidate,intrusion,"[376, 386, 396]","[12.533, 12.867, 13.2]","{""start_frame"": 361, ""end_frame"": 396}","[""stand, carry/hold (an object)"", ""stand, carry/hold (an object)"", ""stand, carry/hold (an object)""]","[""danger"", ""danger"", ""danger""]",danger,"{""normal"": 0, ""unsafe"": 0, ""danger"": 36}","{""normal"": 0.0, ""unsafe"": 0.0, ""danger"": 1.0}",danger,danger,danger,True,False,labeling_yolo_sequence_coverage,sampled_danger_then_danger_ratio_sampled_unsafe_then_unsafe_ratio_else_normal,danger,intrusion,True,True,True,1.5702,"```json
{
    ""risk_state"": ""danger""
}
```
",True
intrusion_climb-over-fence_rgb_0106_cctv1_f000406_000416_000426,climb-over-fence_smart_rgb,intrusion_climb-over-fence_rgb_0106_cctv1,intrusion_candidate,intrusion,"[406, 416, 426]","[13.533, 13.867, 14.2]","{""start_frame"": 391, ""end_frame"": 426}","[""stand, carry/hold (an object)"", ""stand, carry/hold (an object)"", ""stand""]","[""danger"", ""danger"", ""danger""]",danger,"{""normal"": 0, ""unsafe"": 0, ""danger"": 36}","{""normal"": 0.0, ""unsafe"": 0.0, ""danger"": 1.0}",danger,danger,danger,True,False,labeling_yolo_sequence_coverage,sampled_danger_then_danger_ratio_sampled_unsafe_then_unsafe_ratio_else_normal,danger,intrusion,True,True,True,1.5643,"```json
{
    ""risk_state"": ""danger""
}
```
",True
intrusion_climb-over-fence_rgb_0106_cctv1_f000436_000446_000456,climb-over-fence_smart_rgb,intrusion_climb-over-fence_rgb_0106_cctv1,intrusion_candidate,intrusion,"[436, 446, 456]","[14.533, 14.867, 15.2]","{""start_frame"": 421, ""end_frame"": 456}","[""stand"", ""stand"", ""stand""]","[""danger"", ""danger"", ""danger""]",danger,"{""normal"": 0, ""unsafe"": 0, ""danger"": 36}","{""normal"": 0.0, ""unsafe"": 0.0, ""danger"": 1.0}",danger,danger,danger,True,False,labeling_yolo_sequence_coverage,sampled_danger_then_danger_ratio_sampled_unsafe_then_unsafe_ratio_else_normal,danger,intrusion,True,True,True,1.5617,"```json
{
    ""risk_state"": ""danger""
}
```
",True
intrusion_climb-over-fence_rgb_0107_cctv1_f000016_000026_000036,climb-over-fence_smart_rgb,intrusion_climb-over-fence_rgb_0107_cctv1,intrusion_candidate,intrusion,"[16, 26, 36]","[0.533, 0.867, 1.2]","{""start_frame"": 1, ""end_frame"": 36}","[""walk, carry/hold (an object)"", ""walk, carry/hold (an object)"", ""walk, carry/hold (an object)""]","[""normal"", ""normal"", ""normal""]",normal,"{""normal"": 36, ""unsafe"": 0, ""danger"": 0}","{""normal"": 1.0, ""unsafe"": 0.0, ""danger"": 0.0}",normal,normal,normal,True,False,labeling_yolo_sequence_coverage,sampled_danger_then_danger_ratio_sampled_unsafe_then_unsafe_ratio_else_normal,normal,normal,False,True,True,1.4407,"```json
{""risk_state"":""normal""}
```
",True
intrusion_climb-over-fence_rgb_0107_cctv1_f000046_000056_000066,climb-over-fence_smart_rgb,intrusion_climb-over-fence_rgb_0107_cctv1,intrusion_candidate,intrusion,"[46, 56, 66]","[1.533, 1.867, 2.2]","{""start_frame"": 31, ""end_frame"": 66}","[""walk, carry/hold (an object)"", ""stand, carry/hold (an object)"", ""stand, walk""]","[""unsafe"", ""unsafe"", ""unsafe""]",unsafe,"{""normal"": 8, ""unsafe"": 28, ""danger"": 0}","{""normal"": 0.2222, ""unsafe"": 0.7778, ""danger"": 0.0}",unsafe,unsafe,unsafe,True,False,labeling_yolo_sequence_coverage,sampled_danger_then_danger_ratio_sampled_unsafe_then_unsafe_ratio_else_normal,unsafe,intrusion,True,True,True,1.4418,"```json
{""risk_state"":""unsafe""}
```
",True
intrusion_climb-over-fence_rgb_0107_cctv1_f000076_000086_000096,climb-over-fence_smart_rgb,intrusion_climb-over-fence_rgb_0107_cctv1,intrusion_candidate,intrusion,"[76, 86, 96]","[2.533, 2.867, 3.2]","{""start_frame"": 61, ""end_frame"": 96}","[""stand, walk"", ""walk, carry/hold (an object)"", ""walk, carry/hold (an object)""]","[""unsafe"", ""unsafe"", ""unsafe""]",unsafe,"{""normal"": 0, ""unsafe"": 36, ""danger"": 0}","{""normal"": 0.0, ""unsafe"": 1.0, ""danger"": 0.0}",unsafe,unsafe,unsafe,True,False,labeling_yolo_sequence_coverage,sampled_danger_then_danger_ratio_sampled_unsafe_then_unsafe_ratio_else_normal,unsafe,intrusion,True,True,True,1.4348,"```json
{""risk_state"":""unsafe""}
```
",True
intrusion_climb-over-fence_rgb_0107_cctv1_f000106_000116_000126,climb-over-fence_smart_rgb,intrusion_climb-over-fence_rgb_0107_cctv1,intrusion_candidate,intrusion,"[106, 116, 126]","[3.533, 3.867, 4.2]","{""start_frame"": 91, ""end_frame"": 126}","[""stand, carry/hold (an object)"", ""walk, carry/hold (an object)"", ""walk, carry/hold (an object)""]","[""unsafe"", ""unsafe"", ""unsafe""]",unsafe,"{""normal"": 0, ""unsafe"": 36, ""danger"": 0}","{""normal"": 0.0, ""unsafe"": 1.0, ""danger"": 0.0}",unsafe,unsafe,unsafe,True,False,labeling_yolo_sequence_coverage,sampled_danger_then_danger_ratio_sampled_unsafe_then_unsafe_ratio_else_normal,unsafe,intrusion,True,True,True,1.4493,"```json
{""risk_state"":""unsafe""}
```
",True
intrusion_climb-over-fence_rgb_0107_cctv1_f000136_000146_000156,climb-over-fence_smart_rgb,intrusion_climb-over-fence_rgb_0107_cctv1,intrusion_candidate,intrusion,"[136, 146, 156]","[4.533, 4.867, 5.2]","{""start_frame"": 121, ""end_frame"": 156}","[""walk, carry/hold (an object)"", ""walk, carry/hold (an object)"", ""walk, carry/hold (an object)""]","[""unsafe"", ""unsafe"", ""unsafe""]",unsafe,"{""normal"": 0, ""unsafe"": 36, ""danger"": 0}","{""normal"": 0.0, ""unsafe"": 1.0, ""danger"": 0.0}",unsafe,unsafe,unsafe,True,False,labeling_yolo_sequence_coverage,sampled_danger_then_danger_ratio_sampled_unsafe_then_unsafe_ratio_else_normal,normal,normal,False,True,True,1.5618,"```json
{
    ""risk_state"": ""normal""
}
```
",False
intrusion_climb-over-fence_rgb_0107_cctv1_f000166_000176_000186,climb-over-fence_smart_rgb,intrusion_climb-over-fence_rgb_0107_cctv1,intrusion_candidate,intrusion,"[166, 176, 186]","[5.533, 5.867, 6.2]","{""start_frame"": 151, ""end_frame"": 186}","[""walk, carry/hold (an object)"", ""carry/hold (an object), stand"", ""carry/hold (an object), stand""]","[""danger"", ""danger"", ""danger""]",danger,"{""normal"": 0, ""unsafe"": 9, ""danger"": 27}","{""normal"": 0.0, ""unsafe"": 0.25, ""danger"": 0.75}",danger,danger,danger,True,False,labeling_yolo_sequence_coverage,sampled_danger_then_danger_ratio_sampled_unsafe_then_unsafe_ratio_else_normal,danger,intrusion,True,True,True,1.5641,"```json
{
    ""risk_state"": ""danger""
}
```
",True
intrusion_climb-over-fence_rgb_0107_cctv1_f000196_000206_000216,climb-over-fence_smart_rgb,intrusion_climb-over-fence_rgb_0107_cctv1,intrusion_candidate,intrusion,"[196, 206, 216]","[6.533, 6.867, 7.2]","{""start_frame"": 181, ""end_frame"": 216}","[""stand, carry/hold (an object)"", ""carry/hold (an object), stand"", ""walk, carry/hold (an object)""]","[""danger"", ""danger"", ""danger""]",danger,"{""normal"": 0, ""unsafe"": 0, ""danger"": 36}","{""normal"": 0.0, ""unsafe"": 0.0, ""danger"": 1.0}",danger,danger,danger,True,False,labeling_yolo_sequence_coverage,sampled_danger_then_danger_ratio_sampled_unsafe_then_unsafe_ratio_else_normal,danger,intrusion,True,True,True,1.5627,"```json
{
    ""risk_state"": ""danger""
}
```
",True
intrusion_climb-over-fence_rgb_0107_cctv1_f000226_000236_000246,climb-over-fence_smart_rgb,intrusion_climb-over-fence_rgb_0107_cctv1,intrusion_candidate,intrusion,"[226, 236, 246]","[7.533, 7.867, 8.2]","{""start_frame"": 211, ""end_frame"": 246}","[""carry/hold (an object), walk"", ""carry/hold (an object), stand"", ""stand, carry/hold (an object)""]","[""danger"", ""danger"", ""danger""]",danger,"{""normal"": 0, ""unsafe"": 0, ""danger"": 36}","{""normal"": 0.0, ""unsafe"": 0.0, ""danger"": 1.0}",danger,danger,danger,True,False,labeling_yolo_sequence_coverage,sampled_danger_then_danger_ratio_sampled_unsafe_then_unsafe_ratio_else_normal,danger,intrusion,True,True,True,1.4327,"```json
{""risk_state"":""danger""}
```
",True
intrusion_climb-over-fence_rgb_0107_cctv1_f000256_000266_000276,climb-over-fence_smart_rgb,intrusion_climb-over-fence_rgb_0107_cctv1,intrusion_candidate,intrusion,"[256, 266, 276]","[8.533, 8.867, 9.2]","{""start_frame"": 241, ""end_frame"": 276}","[""stand, carry/hold (an object)"", ""stand, carry/hold (an object)"", ""walk, carry/hold (an object)""]","[""danger"", ""danger"", ""danger""]",danger,"{""normal"": 0, ""unsafe"": 0, ""danger"": 36}","{""normal"": 0.0, ""unsafe"": 0.0, ""danger"": 1.0}",danger,danger,danger,True,False,labeling_yolo_sequence_coverage,sampled_danger_then_danger_ratio_sampled_unsafe_then_unsafe_ratio_else_normal,danger,intrusion,True,True,True,1.4451,"```json
{""risk_state"":""danger""}
```
",True
intrusion_climb-over-fence_rgb_0107_cctv1_f000286_000296_000306,climb-over-fence_smart_rgb,intrusion_climb-over-fence_rgb_0107_cctv1,intrusion_candidate,intrusion,"[286, 296, 306]","[9.533, 9.867, 10.2]","{""start_frame"": 271, ""end_frame"": 306}","[""walk, carry/hold (an object)"", ""bend/bow (at the waist), carry/hold (an object)"", ""bend/bow (at the waist), carry/hold (an object)""]","[""danger"", ""danger"", ""danger""]",danger,"{""normal"": 0, ""unsafe"": 0, ""danger"": 36}","{""normal"": 0.0, ""unsafe"": 0.0, ""danger"": 1.0}",danger,danger,danger,True,False,labeling_yolo_sequence_coverage,sampled_danger_then_danger_ratio_sampled_unsafe_then_unsafe_ratio_else_normal,danger,intrusion,True,True,True,1.6866,"```json
{
    ""risk_state"": ""danger""
}
```
",True
intrusion_climb-over-fence_rgb_0107_cctv1_f000316_000326_000336,climb-over-fence_smart_rgb,intrusion_climb-over-fence_rgb_0107_cctv1,intrusion_candidate,intrusion,"[316, 326, 336]","[10.533, 10.867, 11.2]","{""start_frame"": 301, ""end_frame"": 336}","[""stand, answer phone"", ""stand, answer phone"", ""stand, answer phone""]","[""danger"", ""danger"", ""danger""]",danger,"{""normal"": 0, ""unsafe"": 0, ""danger"": 36}","{""normal"": 0.0, ""unsafe"": 0.0, ""danger"": 1.0}",danger,danger,danger,True,False,labeling_yolo_sequence_coverage,sampled_danger_then_danger_ratio_sampled_unsafe_then_unsafe_ratio_else_normal,danger,intrusion,True,True,True,1.5668,"```json
{
    ""risk_state"": ""danger""
}
```
",True
intrusion_climb-over-fence_rgb_0107_cctv1_f000346_000356_000366,climb-over-fence_smart_rgb,intrusion_climb-over-fence_rgb_0107_cctv1,intrusion_candidate,intrusion,"[346, 356, 366]","[11.533, 11.867, 12.2]","{""start_frame"": 331, ""end_frame"": 366}","[""stand, answer phone"", ""stand, answer phone"", ""stand, answer phone""]","[""danger"", ""danger"", ""danger""]",danger,"{""normal"": 0, ""unsafe"": 0, ""danger"": 36}","{""normal"": 0.0, ""unsafe"": 0.0, ""danger"": 1.0}",danger,danger,danger,True,False,labeling_yolo_sequence_coverage,sampled_danger_then_danger_ratio_sampled_unsafe_then_unsafe_ratio_else_normal,danger,intrusion,True,True,True,1.5629,"```json
{
    ""risk_state"": ""danger""
}
```
",True
intrusion_climb-over-fence_rgb_0107_cctv1_f000376_000386_000396,climb-over-fence_smart_rgb,intrusion_climb-over-fence_rgb_0107_cctv1,intrusion_candidate,intrusion,"[376, 386, 396]","[12.533, 12.867, 13.2]","{""start_frame"": 361, ""end_frame"": 396}","[""stand, carry/hold (an object)"", ""stand, carry/hold (an object)"", ""sit, carry/hold (an object)""]","[""danger"", ""danger"", ""danger""]",danger,"{""normal"": 0, ""unsafe"": 0, ""danger"": 36}","{""normal"": 0.0, ""unsafe"": 0.0, ""danger"": 1.0}",danger,danger,danger,True,False,labeling_yolo_sequence_coverage,sampled_danger_then_danger_ratio_sampled_unsafe_then_unsafe_ratio_else_normal,danger,intrusion,True,True,True,1.576,"```json
{
    ""risk_state"": ""danger""
}
```
",True
intrusion_climb-over-fence_rgb_0107_cctv1_f000406_000416_000426,climb-over-fence_smart_rgb,intrusion_climb-over-fence_rgb_0107_cctv1,intrusion_candidate,intrusion,"[406, 416, 426]","[13.533, 13.867, 14.2]","{""start_frame"": 391, ""end_frame"": 426}","[""stand, carry/hold (an object)"", ""stand, carry/hold (an object)"", ""stand, carry/hold (an object)""]","[""danger"", ""danger"", ""danger""]",danger,"{""normal"": 0, ""unsafe"": 0, ""danger"": 36}","{""normal"": 0.0, ""unsafe"": 0.0, ""danger"": 1.0}",danger,danger,danger,True,False,labeling_yolo_sequence_coverage,sampled_danger_then_danger_ratio_sampled_unsafe_then_unsafe_ratio_else_normal,danger,intrusion,True,True,True,1.5781,"```json
{
    ""risk_state"": ""danger""
}
```
",True
intrusion_climb-over-fence_rgb_0107_cctv1_f000436_000446_000456,climb-over-fence_smart_rgb,intrusion_climb-over-fence_rgb_0107_cctv1,intrusion_candidate,intrusion,"[436, 446, 456]","[14.533, 14.867, 15.2]","{""start_frame"": 421, ""end_frame"": 456}","[""stand"", ""stand, watch (a person)"", ""stand, watch (a person)""]","[""danger"", ""danger"", ""danger""]",danger,"{""normal"": 0, ""unsafe"": 0, ""danger"": 36}","{""normal"": 0.0, ""unsafe"": 0.0, ""danger"": 1.0}",danger,danger,danger,True,False,labeling_yolo_sequence_coverage,sampled_danger_then_danger_ratio_sampled_unsafe_then_unsafe_ratio_else_normal,danger,intrusion,True,True,True,1.5604,"```json
{
    ""risk_state"": ""danger""
}
```
",True
intrusion_climb-over-fence_rgb_0107_cctv1_f000466_000476_000486,climb-over-fence_smart_rgb,intrusion_climb-over-fence_rgb_0107_cctv1,intrusion_candidate,intrusion,"[466, 476, 486]","[15.533, 15.867, 16.2]","{""start_frame"": 451, ""end_frame"": 486}","[""stand"", ""stand, carry/hold (an object)"", ""stand, watch (a person)""]","[""danger"", ""danger"", ""danger""]",danger,"{""normal"": 0, ""unsafe"": 0, ""danger"": 36}","{""normal"": 0.0, ""unsafe"": 0.0, ""danger"": 1.0}",danger,danger,danger,True,False,labeling_yolo_sequence_coverage,sampled_danger_then_danger_ratio_sampled_unsafe_then_unsafe_ratio_else_normal,danger,intrusion,True,True,True,1.5657,"```json
{
    ""risk_state"": ""danger""
}
```
",True
intrusion_normal_rgb_0060_cctv1_f000016_000026_000036,normal_plant_rgb,intrusion_normal_rgb_0060_cctv1,normal_candidate,normal,"[16, 26, 36]","[0.533, 0.867, 1.2]","{""start_frame"": 1, ""end_frame"": 36}","[""walk, carry/hold (an object)"", ""walk, carry/hold (an object)"", ""stand, carry/hold (an object)""]","[""normal"", ""normal"", ""normal""]",normal,"{""normal"": 36, ""unsafe"": 0, ""danger"": 0}","{""normal"": 1.0, ""unsafe"": 0.0, ""danger"": 0.0}",normal,normal,normal,True,False,labeling_yolo_sequence_coverage,sampled_danger_then_danger_ratio_sampled_unsafe_then_unsafe_ratio_else_normal,normal,normal,True,True,True,1.3357,"{""risk_state"":""normal""}
",True
intrusion_normal_rgb_0060_cctv1_f000046_000056_000066,normal_plant_rgb,intrusion_normal_rgb_0060_cctv1,normal_candidate,normal,"[46, 56, 66]","[1.533, 1.867, 2.2]","{""start_frame"": 31, ""end_frame"": 66}","[""walk, carry/hold (an object)"", ""walk, carry/hold (an object)"", ""walk, stand""]","[""normal"", ""normal"", ""normal""]",normal,"{""normal"": 36, ""unsafe"": 0, ""danger"": 0}","{""normal"": 1.0, ""unsafe"": 0.0, ""danger"": 0.0}",normal,normal,normal,True,False,labeling_yolo_sequence_coverage,sampled_danger_then_danger_ratio_sampled_unsafe_then_unsafe_ratio_else_normal,normal,normal,True,True,True,1.3403,"{""risk_state"":""normal""}
",True
intrusion_normal_rgb_0060_cctv1_f000076_000086_000096,normal_plant_rgb,intrusion_normal_rgb_0060_cctv1,normal_candidate,normal,"[76, 86, 96]","[2.533, 2.867, 3.2]","{""start_frame"": 61, ""end_frame"": 96}","[""walk, carry/hold (an object)"", ""walk, carry/hold (an object)"", ""walk, stand""]","[""normal"", ""normal"", ""normal""]",normal,"{""normal"": 36, ""unsafe"": 0, ""danger"": 0}","{""normal"": 1.0, ""unsafe"": 0.0, ""danger"": 0.0}",normal,normal,normal,True,False,labeling_yolo_sequence_coverage,sampled_danger_then_danger_ratio_sampled_unsafe_then_unsafe_ratio_else_normal,normal,normal,True,True,True,1.3373,"{""risk_state"":""normal""}
",True
intrusion_normal_rgb_0060_cctv1_f000106_000116_000126,normal_plant_rgb,intrusion_normal_rgb_0060_cctv1,normal_candidate,normal,"[106, 116, 126]","[3.533, 3.867, 4.2]","{""start_frame"": 91, ""end_frame"": 126}","[""walk, carry/hold (an object)"", ""walk, carry/hold (an object)"", ""walk, carry/hold (an object)""]","[""normal"", ""normal"", ""normal""]",normal,"{""normal"": 36, ""unsafe"": 0, ""danger"": 0}","{""normal"": 1.0, ""unsafe"": 0.0, ""danger"": 0.0}",normal,normal,normal,True,False,labeling_yolo_sequence_coverage,sampled_danger_then_danger_ratio_sampled_unsafe_then_unsafe_ratio_else_normal,normal,normal,True,True,True,1.3392,"{""risk_state"":""normal""}
",True
intrusion_normal_rgb_0060_cctv1_f000136_000146_000156,normal_plant_rgb,intrusion_normal_rgb_0060_cctv1,normal_candidate,normal,"[136, 146, 156]","[4.533, 4.867, 5.2]","{""start_frame"": 121, ""end_frame"": 156}","[""walk, carry/hold (an object)"", ""walk, carry/hold (an object)"", ""walk, carry/hold (an object)""]","[""normal"", ""normal"", ""normal""]",normal,"{""normal"": 36, ""unsafe"": 0, ""danger"": 0}","{""normal"": 1.0, ""unsafe"": 0.0, ""danger"": 0.0}",normal,normal,normal,True,False,labeling_yolo_sequence_coverage,sampled_danger_then_danger_ratio_sampled_unsafe_then_unsafe_ratio_else_normal,normal,normal,True,True,True,1.3393,"{""risk_state"":""normal""}
",True
intrusion_normal_rgb_0088_cctv3_f000016_000026_000036,normal_plant_rgb,intrusion_normal_rgb_0088_cctv3,normal_candidate,normal,"[16, 26, 36]","[0.533, 0.867, 1.2]","{""start_frame"": 1, ""end_frame"": 36}","[""walk, run/jog"", ""walk, run/jog"", ""walk, carry/hold (an object)""]","[""unsafe"", ""unsafe"", ""unsafe""]",unsafe,"{""normal"": 0, ""unsafe"": 36, ""danger"": 0}","{""normal"": 0.0, ""unsafe"": 1.0, ""danger"": 0.0}",unsafe,unsafe,unsafe,True,False,labeling_yolo_sequence_coverage,sampled_danger_then_danger_ratio_sampled_unsafe_then_unsafe_ratio_else_normal,normal,normal,True,True,True,1.4416,"```json
{""risk_state"":""normal""}
```
",False
intrusion_normal_rgb_0088_cctv3_f000046_000056_000066,normal_plant_rgb,intrusion_normal_rgb_0088_cctv3,normal_candidate,normal,"[46, 56, 66]","[1.533, 1.867, 2.2]","{""start_frame"": 31, ""end_frame"": 66}","[""walk, carry/hold (an object)"", ""walk, carry/hold (an object)"", ""walk, carry/hold (an object)""]","[""unsafe"", ""unsafe"", ""unsafe""]",unsafe,"{""normal"": 0, ""unsafe"": 36, ""danger"": 0}","{""normal"": 0.0, ""unsafe"": 1.0, ""danger"": 0.0}",unsafe,unsafe,unsafe,True,False,labeling_yolo_sequence_coverage,sampled_danger_then_danger_ratio_sampled_unsafe_then_unsafe_ratio_else_normal,normal,normal,True,True,True,1.5644,"```json
{
  ""risk_state"": ""normal""
}
```
",False
intrusion_normal_rgb_0088_cctv3_f000076_000086_000096,normal_plant_rgb,intrusion_normal_rgb_0088_cctv3,normal_candidate,normal,"[76, 86, 96]","[2.533, 2.867, 3.2]","{""start_frame"": 61, ""end_frame"": 96}","[""walk, stand"", ""stand, walk"", ""stand, talk to (e.g., self, a person, a group)""]","[""unsafe"", ""unsafe"", ""unsafe""]",unsafe,"{""normal"": 0, ""unsafe"": 36, ""danger"": 0}","{""normal"": 0.0, ""unsafe"": 1.0, ""danger"": 0.0}",unsafe,unsafe,unsafe,True,False,labeling_yolo_sequence_coverage,sampled_danger_then_danger_ratio_sampled_unsafe_then_unsafe_ratio_else_normal,normal,normal,True,True,True,1.4333,"```json
{""risk_state"":""normal""}
```
",False
intrusion_normal_rgb_0088_cctv3_f000106_000116_000126,normal_plant_rgb,intrusion_normal_rgb_0088_cctv3,normal_candidate,normal,"[106, 116, 126]","[3.533, 3.867, 4.2]","{""start_frame"": 91, ""end_frame"": 126}","[""stand, walk"", ""walk, stand"", ""walk, carry/hold (an object)""]","[""unsafe"", ""unsafe"", ""unsafe""]",unsafe,"{""normal"": 0, ""unsafe"": 36, ""danger"": 0}","{""normal"": 0.0, ""unsafe"": 1.0, ""danger"": 0.0}",unsafe,unsafe,unsafe,True,False,labeling_yolo_sequence_coverage,sampled_danger_then_danger_ratio_sampled_unsafe_then_unsafe_ratio_else_normal,normal,normal,True,True,True,1.4337,"```json
{""risk_state"":""normal""}
```
",False
intrusion_normal_rgb_0088_cctv3_f000136_000146_000156,normal_plant_rgb,intrusion_normal_rgb_0088_cctv3,normal_candidate,normal,"[136, 146, 156]","[4.533, 4.867, 5.2]","{""start_frame"": 121, ""end_frame"": 156}","[""walk, carry/hold (an object)"", ""walk, carry/hold (an object)"", ""walk, carry/hold (an object)""]","[""unsafe"", ""unsafe"", ""unsafe""]",unsafe,"{""normal"": 0, ""unsafe"": 36, ""danger"": 0}","{""normal"": 0.0, ""unsafe"": 1.0, ""danger"": 0.0}",unsafe,unsafe,unsafe,True,False,labeling_yolo_sequence_coverage,sampled_danger_then_danger_ratio_sampled_unsafe_then_unsafe_ratio_else_normal,normal,normal,True,True,True,1.4425,"{
""risk_state"": ""normal""
}
",False
intrusion_normal_rgb_0088_cctv3_f000166_000176_000186,normal_plant_rgb,intrusion_normal_rgb_0088_cctv3,normal_candidate,normal,"[166, 176, 186]","[5.533, 5.867, 6.2]","{""start_frame"": 151, ""end_frame"": 186}","[""walk, carry/hold (an object)"", ""walk, carry/hold (an object)"", ""walk, carry/hold (an object)""]","[""unsafe"", ""unsafe"", ""unsafe""]",unsafe,"{""normal"": 0, ""unsafe"": 36, ""danger"": 0}","{""normal"": 0.0, ""unsafe"": 1.0, ""danger"": 0.0}",unsafe,unsafe,unsafe,True,False,labeling_yolo_sequence_coverage,sampled_danger_then_danger_ratio_sampled_unsafe_then_unsafe_ratio_else_normal,normal,normal,True,True,True,1.4417,"{
""risk_state"": ""normal""
}
",False
intrusion_normal_rgb_0088_cctv3_f000196_000206_000216,normal_plant_rgb,intrusion_normal_rgb_0088_cctv3,normal_candidate,normal,"[196, 206, 216]","[6.533, 6.867, 7.2]","{""start_frame"": 181, ""end_frame"": 216}","[""walk, carry/hold (an object)"", ""walk, carry/hold (an object)"", ""walk, carry/hold (an object)""]","[""unsafe"", ""normal"", ""normal""]",unsafe,"{""normal"": 19, ""unsafe"": 17, ""danger"": 0}","{""normal"": 0.5278, ""unsafe"": 0.4722, ""danger"": 0.0}",unsafe,unsafe,unsafe,True,False,labeling_yolo_sequence_coverage,sampled_danger_then_danger_ratio_sampled_unsafe_then_unsafe_ratio_else_normal,normal,normal,True,True,True,1.4469,"{
""risk_state"": ""normal""
}
",False
intrusion_normal_rgb_0088_cctv3_f000226_000236_000246,normal_plant_rgb,intrusion_normal_rgb_0088_cctv3,normal_candidate,normal,"[226, 236, 246]","[7.533, 7.867, 8.2]","{""start_frame"": 211, ""end_frame"": 246}","[""walk, carry/hold (an object)"", ""walk, carry/hold (an object)"", ""run/jog, walk""]","[""normal"", ""normal"", ""normal""]",normal,"{""normal"": 36, ""unsafe"": 0, ""danger"": 0}","{""normal"": 1.0, ""unsafe"": 0.0, ""danger"": 0.0}",normal,normal,normal,True,False,labeling_yolo_sequence_coverage,sampled_danger_then_danger_ratio_sampled_unsafe_then_unsafe_ratio_else_normal,normal,normal,True,True,True,1.434,"{
""risk_state"": ""normal""
}
",True
intrusion_normal_rgb_0088_cctv3_f000256_000266_000276,normal_plant_rgb,intrusion_normal_rgb_0088_cctv3,normal_candidate,normal,"[256, 266, 276]","[8.533, 8.867, 9.2]","{""start_frame"": 241, ""end_frame"": 276}","[""walk, run/jog"", ""walk, carry/hold (an object)"", ""walk, carry/hold (an object)""]","[""normal"", ""normal"", ""normal""]",normal,"{""normal"": 36, ""unsafe"": 0, ""danger"": 0}","{""normal"": 1.0, ""unsafe"": 0.0, ""danger"": 0.0}",normal,normal,normal,True,False,labeling_yolo_sequence_coverage,sampled_danger_then_danger_ratio_sampled_unsafe_then_unsafe_ratio_else_normal,normal,normal,True,True,True,1.4413,"```json
{""risk_state"":""normal""}
```
",True
intrusion_normal_rgb_0088_cctv3_f000286_000296_000306,normal_plant_rgb,intrusion_normal_rgb_0088_cctv3,normal_candidate,normal,"[286, 296, 306]","[9.533, 9.867, 10.2]","{""start_frame"": 271, ""end_frame"": 306}","[""walk, carry/hold (an object)"", ""walk, carry/hold (an object)"", ""walk, carry/hold (an object)""]","[""normal"", ""normal"", ""normal""]",normal,"{""normal"": 36, ""unsafe"": 0, ""danger"": 0}","{""normal"": 1.0, ""unsafe"": 0.0, ""danger"": 0.0}",normal,normal,normal,True,False,labeling_yolo_sequence_coverage,sampled_danger_then_danger_ratio_sampled_unsafe_then_unsafe_ratio_else_normal,normal,normal,True,True,True,1.4391,"{
""risk_state"": ""normal""
}
",True
intrusion_normal_rgb_0088_cctv3_f000316_000326_000336,normal_plant_rgb,intrusion_normal_rgb_0088_cctv3,normal_candidate,normal,"[316, 326, 336]","[10.533, 10.867, 11.2]","{""start_frame"": 301, ""end_frame"": 336}","[""walk, carry/hold (an object)"", ""walk"", ""walk""]","[""normal"", ""unsafe"", ""unsafe""]",unsafe,"{""normal"": 19, ""unsafe"": 17, ""danger"": 0}","{""normal"": 0.5278, ""unsafe"": 0.4722, ""danger"": 0.0}",unsafe,unsafe,unsafe,True,False,labeling_yolo_sequence_coverage,sampled_danger_then_danger_ratio_sampled_unsafe_then_unsafe_ratio_else_normal,normal,normal,True,True,True,1.4316,"{
""risk_state"": ""normal""
}
",False
intrusion_normal_rgb_0088_cctv3_f000346_000356_000366,normal_plant_rgb,intrusion_normal_rgb_0088_cctv3,normal_candidate,normal,"[346, 356, 366]","[11.533, 11.867, 12.2]","{""start_frame"": 331, ""end_frame"": 366}","[""walk, carry/hold (an object)"", ""walk, stand"", ""stand, walk""]","[""unsafe"", ""unsafe"", ""unsafe""]",unsafe,"{""normal"": 0, ""unsafe"": 36, ""danger"": 0}","{""normal"": 0.0, ""unsafe"": 1.0, ""danger"": 0.0}",unsafe,unsafe,unsafe,True,False,labeling_yolo_sequence_coverage,sampled_danger_then_danger_ratio_sampled_unsafe_then_unsafe_ratio_else_normal,normal,normal,True,True,True,1.4404,"{
""risk_state"": ""normal""
}
",False
intrusion_normal_rgb_0088_cctv3_f000376_000386_000396,normal_plant_rgb,intrusion_normal_rgb_0088_cctv3,normal_candidate,normal,"[376, 386, 396]","[12.533, 12.867, 13.2]","{""start_frame"": 361, ""end_frame"": 396}","[""walk, stand"", ""walk, stand"", ""stand, walk""]","[""normal"", ""normal"", ""normal""]",normal,"{""normal"": 26, ""unsafe"": 10, ""danger"": 0}","{""normal"": 0.7222, ""unsafe"": 0.2778, ""danger"": 0.0}",normal,normal,normal,True,False,labeling_yolo_sequence_coverage,sampled_danger_then_danger_ratio_sampled_unsafe_then_unsafe_ratio_else_normal,normal,normal,True,True,True,1.4343,"{
""risk_state"": ""normal""
}
",True
intrusion_normal_rgb_0088_cctv3_f000406_000416_000426,normal_plant_rgb,intrusion_normal_rgb_0088_cctv3,normal_candidate,normal,"[406, 416, 426]","[13.533, 13.867, 14.2]","{""start_frame"": 391, ""end_frame"": 426}","[""walk, stand"", ""walk, carry/hold (an object)"", ""walk""]","[""normal"", ""normal"", ""normal""]",normal,"{""normal"": 36, ""unsafe"": 0, ""danger"": 0}","{""normal"": 1.0, ""unsafe"": 0.0, ""danger"": 0.0}",normal,normal,normal,True,False,labeling_yolo_sequence_coverage,sampled_danger_then_danger_ratio_sampled_unsafe_then_unsafe_ratio_else_normal,normal,normal,True,True,True,1.4369,"{
""risk_state"": ""normal""
}
",True
intrusion_normal_rgb_0091_cctv3_f000016_000026_000036,normal_plant_rgb,intrusion_normal_rgb_0091_cctv3,normal_candidate,normal,"[16, 26, 36]","[0.533, 0.867, 1.2]","{""start_frame"": 1, ""end_frame"": 36}","[""walk, carry/hold (an object)"", ""walk, carry/hold (an object)"", ""walk, carry/hold (an object)""]","[""normal"", ""normal"", ""normal""]",normal,"{""normal"": 36, ""unsafe"": 0, ""danger"": 0}","{""normal"": 1.0, ""unsafe"": 0.0, ""danger"": 0.0}",normal,normal,normal,True,False,labeling_yolo_sequence_coverage,sampled_danger_then_danger_ratio_sampled_unsafe_then_unsafe_ratio_else_normal,normal,normal,True,True,True,1.5632,"```json
{
    ""risk_state"": ""normal""
}
```
",True
intrusion_normal_rgb_0091_cctv3_f000046_000056_000066,normal_plant_rgb,intrusion_normal_rgb_0091_cctv3,normal_candidate,normal,"[46, 56, 66]","[1.533, 1.867, 2.2]","{""start_frame"": 31, ""end_frame"": 66}","[""walk, carry/hold (an object)"", ""walk, carry/hold (an object)"", ""walk, carry/hold (an object)""]","[""normal"", ""normal"", ""normal""]",normal,"{""normal"": 36, ""unsafe"": 0, ""danger"": 0}","{""normal"": 1.0, ""unsafe"": 0.0, ""danger"": 0.0}",normal,normal,normal,True,False,labeling_yolo_sequence_coverage,sampled_danger_then_danger_ratio_sampled_unsafe_then_unsafe_ratio_else_normal,normal,normal,True,True,True,1.569,"```json
{
    ""risk_state"": ""normal""
}
```
",True
intrusion_normal_rgb_0091_cctv3_f000076_000086_000096,normal_plant_rgb,intrusion_normal_rgb_0091_cctv3,normal_candidate,normal,"[76, 86, 96]","[2.533, 2.867, 3.2]","{""start_frame"": 61, ""end_frame"": 96}","[""walk, carry/hold (an object)"", ""walk, carry/hold (an object)"", ""walk, carry/hold (an object)""]","[""normal"", ""normal"", ""normal""]",normal,"{""normal"": 36, ""unsafe"": 0, ""danger"": 0}","{""normal"": 1.0, ""unsafe"": 0.0, ""danger"": 0.0}",normal,normal,normal,True,False,labeling_yolo_sequence_coverage,sampled_danger_then_danger_ratio_sampled_unsafe_then_unsafe_ratio_else_normal,normal,normal,True,True,True,1.5782,"```json
{
    ""risk_state"": ""normal""
}
```
",True
intrusion_normal_rgb_0091_cctv3_f000106_000116_000126,normal_plant_rgb,intrusion_normal_rgb_0091_cctv3,normal_candidate,normal,"[106, 116, 126]","[3.533, 3.867, 4.2]","{""start_frame"": 91, ""end_frame"": 126}","[""walk, carry/hold (an object)"", ""walk, carry/hold (an object)"", ""walk, carry/hold (an object)""]","[""normal"", ""normal"", ""normal""]",normal,"{""normal"": 36, ""unsafe"": 0, ""danger"": 0}","{""normal"": 1.0, ""unsafe"": 0.0, ""danger"": 0.0}",normal,normal,normal,True,False,labeling_yolo_sequence_coverage,sampled_danger_then_danger_ratio_sampled_unsafe_then_unsafe_ratio_else_normal,normal,normal,True,True,True,1.5703,"```json
{
    ""risk_state"": ""normal""
}
```
",True
intrusion_normal_rgb_0091_cctv3_f000136_000146_000156,normal_plant_rgb,intrusion_normal_rgb_0091_cctv3,normal_candidate,normal,"[136, 146, 156]","[4.533, 4.867, 5.2]","{""start_frame"": 121, ""end_frame"": 156}","[""walk, carry/hold (an object)"", ""walk, carry/hold (an object)"", ""walk, carry/hold (an object)""]","[""normal"", ""normal"", ""normal""]",normal,"{""normal"": 36, ""unsafe"": 0, ""danger"": 0}","{""normal"": 1.0, ""unsafe"": 0.0, ""danger"": 0.0}",normal,normal,normal,True,False,labeling_yolo_sequence_coverage,sampled_danger_then_danger_ratio_sampled_unsafe_then_unsafe_ratio_else_normal,normal,normal,True,True,True,1.5714,"```json
{
    ""risk_state"": ""normal""
}
```
",True
intrusion_normal_rgb_0091_cctv3_f000166_000176_000186,normal_plant_rgb,intrusion_normal_rgb_0091_cctv3,normal_candidate,normal,"[166, 176, 186]","[5.533, 5.867, 6.2]","{""start_frame"": 151, ""end_frame"": 186}","[""walk, carry/hold (an object)"", ""walk, carry/hold (an object)"", ""walk, carry/hold (an object)""]","[""normal"", ""normal"", ""normal""]",normal,"{""normal"": 36, ""unsafe"": 0, ""danger"": 0}","{""normal"": 1.0, ""unsafe"": 0.0, ""danger"": 0.0}",normal,normal,normal,True,False,labeling_yolo_sequence_coverage,sampled_danger_then_danger_ratio_sampled_unsafe_then_unsafe_ratio_else_normal,normal,normal,True,True,True,1.5685,"```json
{
    ""risk_state"": ""normal""
}
```
",True
intrusion_normal_rgb_0093_cctv3_f000016_000026_000036,normal_plant_rgb,intrusion_normal_rgb_0093_cctv3,normal_candidate,normal,"[16, 26, 36]","[0.533, 0.867, 1.2]","{""start_frame"": 1, ""end_frame"": 36}","[""walk, carry/hold (an object)"", ""walk, carry/hold (an object)"", ""walk, carry/hold (an object)""]","[""normal"", ""normal"", ""normal""]",normal,"{""normal"": 36, ""unsafe"": 0, ""danger"": 0}","{""normal"": 1.0, ""unsafe"": 0.0, ""danger"": 0.0}",normal,normal,normal,True,False,labeling_yolo_sequence_coverage,sampled_danger_then_danger_ratio_sampled_unsafe_then_unsafe_ratio_else_normal,normal,normal,True,True,True,1.5736,"```json
{
    ""risk_state"": ""normal""
}
```
",True
intrusion_normal_rgb_0093_cctv3_f000046_000056_000066,normal_plant_rgb,intrusion_normal_rgb_0093_cctv3,normal_candidate,normal,"[46, 56, 66]","[1.533, 1.867, 2.2]","{""start_frame"": 31, ""end_frame"": 66}","[""walk, carry/hold (an object)"", ""walk, carry/hold (an object)"", ""walk, carry/hold (an object)""]","[""normal"", ""normal"", ""normal""]",normal,"{""normal"": 36, ""unsafe"": 0, ""danger"": 0}","{""normal"": 1.0, ""unsafe"": 0.0, ""danger"": 0.0}",normal,normal,normal,True,False,labeling_yolo_sequence_coverage,sampled_danger_then_danger_ratio_sampled_unsafe_then_unsafe_ratio_else_normal,normal,normal,True,True,True,1.5599,"```json
{
    ""risk_state"": ""normal""
}
```
",True
intrusion_normal_rgb_0093_cctv3_f000076_000086_000096,normal_plant_rgb,intrusion_normal_rgb_0093_cctv3,normal_candidate,normal,"[76, 86, 96]","[2.533, 2.867, 3.2]","{""start_frame"": 61, ""end_frame"": 96}","[""walk, carry/hold (an object)"", ""walk, carry/hold (an object)"", ""walk, carry/hold (an object)""]","[""normal"", ""normal"", ""normal""]",normal,"{""normal"": 36, ""unsafe"": 0, ""danger"": 0}","{""normal"": 1.0, ""unsafe"": 0.0, ""danger"": 0.0}",normal,normal,normal,True,False,labeling_yolo_sequence_coverage,sampled_danger_then_danger_ratio_sampled_unsafe_then_unsafe_ratio_else_normal,normal,normal,True,True,True,1.5621,"```json
{
    ""risk_state"": ""normal""
}
```
",True
intrusion_normal_rgb_0093_cctv3_f000106_000116_000126,normal_plant_rgb,intrusion_normal_rgb_0093_cctv3,normal_candidate,normal,"[106, 116, 126]","[3.533, 3.867, 4.2]","{""start_frame"": 91, ""end_frame"": 126}","[""walk, carry/hold (an object)"", ""walk, carry/hold (an object)"", ""walk, carry/hold (an object)""]","[""normal"", ""normal"", ""normal""]",normal,"{""normal"": 36, ""unsafe"": 0, ""danger"": 0}","{""normal"": 1.0, ""unsafe"": 0.0, ""danger"": 0.0}",normal,normal,normal,True,False,labeling_yolo_sequence_coverage,sampled_danger_then_danger_ratio_sampled_unsafe_then_unsafe_ratio_else_normal,normal,normal,True,True,True,1.446,"{
""risk_state"": ""normal""
}
",True
intrusion_normal_rgb_0093_cctv3_f000136_000146_000156,normal_plant_rgb,intrusion_normal_rgb_0093_cctv3,normal_candidate,normal,"[136, 146, 156]","[4.533, 4.867, 5.2]","{""start_frame"": 121, ""end_frame"": 156}","[""walk, carry/hold (an object)"", ""walk, carry/hold (an object)"", ""walk""]","[""normal"", ""normal"", ""normal""]",normal,"{""normal"": 36, ""unsafe"": 0, ""danger"": 0}","{""normal"": 1.0, ""unsafe"": 0.0, ""danger"": 0.0}",normal,normal,normal,True,False,labeling_yolo_sequence_coverage,sampled_danger_then_danger_ratio_sampled_unsafe_then_unsafe_ratio_else_normal,normal,normal,True,True,True,1.5629,"```json
{
    ""risk_state"": ""normal""
}
```
",True
intrusion_normal_rgb_0103_cctv4_f000016_000026_000036,normal_plant_rgb,intrusion_normal_rgb_0103_cctv4,normal_candidate,normal,"[16, 26, 36]","[0.533, 0.867, 1.2]","{""start_frame"": 1, ""end_frame"": 36}","[""walk, carry/hold (an object)"", ""walk, carry/hold (an object)"", ""walk, carry/hold (an object)""]","[""normal"", ""normal"", ""normal""]",normal,"{""normal"": 36, ""unsafe"": 0, ""danger"": 0}","{""normal"": 1.0, ""unsafe"": 0.0, ""danger"": 0.0}",normal,normal,normal,True,False,labeling_yolo_sequence_coverage,sampled_danger_then_danger_ratio_sampled_unsafe_then_unsafe_ratio_else_normal,normal,normal,True,True,True,1.5613,"```json
{
    ""risk_state"": ""normal""
}
```
",True
intrusion_normal_rgb_0103_cctv4_f000046_000056_000066,normal_plant_rgb,intrusion_normal_rgb_0103_cctv4,normal_candidate,normal,"[46, 56, 66]","[1.533, 1.867, 2.2]","{""start_frame"": 31, ""end_frame"": 66}","[""walk, carry/hold (an object)"", ""walk, carry/hold (an object)"", ""walk, carry/hold (an object)""]","[""normal"", ""normal"", ""normal""]",normal,"{""normal"": 36, ""unsafe"": 0, ""danger"": 0}","{""normal"": 1.0, ""unsafe"": 0.0, ""danger"": 0.0}",normal,normal,normal,True,False,labeling_yolo_sequence_coverage,sampled_danger_then_danger_ratio_sampled_unsafe_then_unsafe_ratio_else_normal,normal,normal,True,True,True,1.5683,"```json
{
    ""risk_state"": ""normal""
}
```
",True
intrusion_normal_rgb_0103_cctv4_f000076_000086_000096,normal_plant_rgb,intrusion_normal_rgb_0103_cctv4,normal_candidate,normal,"[76, 86, 96]","[2.533, 2.867, 3.2]","{""start_frame"": 61, ""end_frame"": 96}","[""walk, carry/hold (an object)"", ""walk, carry/hold (an object)"", ""walk, carry/hold (an object)""]","[""normal"", ""normal"", ""normal""]",normal,"{""normal"": 36, ""unsafe"": 0, ""danger"": 0}","{""normal"": 1.0, ""unsafe"": 0.0, ""danger"": 0.0}",normal,normal,normal,True,False,labeling_yolo_sequence_coverage,sampled_danger_then_danger_ratio_sampled_unsafe_then_unsafe_ratio_else_normal,normal,normal,True,True,True,1.5641,"```json
{
    ""risk_state"": ""normal""
}
```
",True
intrusion_normal_rgb_0103_cctv4_f000106_000116_000126,normal_plant_rgb,intrusion_normal_rgb_0103_cctv4,normal_candidate,normal,"[106, 116, 126]","[3.533, 3.867, 4.2]","{""start_frame"": 91, ""end_frame"": 126}","[""walk, carry/hold (an object)"", ""walk, carry/hold (an object)"", ""walk, carry/hold (an object)""]","[""normal"", ""normal"", ""normal""]",normal,"{""normal"": 36, ""unsafe"": 0, ""danger"": 0}","{""normal"": 1.0, ""unsafe"": 0.0, ""danger"": 0.0}",normal,normal,normal,True,False,labeling_yolo_sequence_coverage,sampled_danger_then_danger_ratio_sampled_unsafe_then_unsafe_ratio_else_normal,normal,normal,True,True,True,1.569,"```json
{
    ""risk_state"": ""normal""
}
```
",True
intrusion_normal_rgb_0103_cctv4_f000136_000146_000156,normal_plant_rgb,intrusion_normal_rgb_0103_cctv4,normal_candidate,normal,"[136, 146, 156]","[4.533, 4.867, 5.2]","{""start_frame"": 121, ""end_frame"": 156}","[""walk, carry/hold (an object)"", ""walk, carry/hold (an object)"", ""walk""]","[""normal"", ""normal"", ""normal""]",normal,"{""normal"": 36, ""unsafe"": 0, ""danger"": 0}","{""normal"": 1.0, ""unsafe"": 0.0, ""danger"": 0.0}",normal,normal,normal,True,False,labeling_yolo_sequence_coverage,sampled_danger_then_danger_ratio_sampled_unsafe_then_unsafe_ratio_else_normal,normal,normal,True,True,True,1.5555,"```json
{
    ""risk_state"": ""normal""
}
```
",True
intrusion_normal_rgb_0114_cctv4_f000016_000026_000036,normal_plant_rgb,intrusion_normal_rgb_0114_cctv4,normal_candidate,normal,"[16, 26, 36]","[0.533, 0.867, 1.2]","{""start_frame"": 1, ""end_frame"": 36}","[""walk, carry/hold (an object)"", ""walk, carry/hold (an object)"", ""walk, carry/hold (an object)""]","[""normal"", ""normal"", ""normal""]",normal,"{""normal"": 36, ""unsafe"": 0, ""danger"": 0}","{""normal"": 1.0, ""unsafe"": 0.0, ""danger"": 0.0}",normal,normal,normal,True,False,labeling_yolo_sequence_coverage,sampled_danger_then_danger_ratio_sampled_unsafe_then_unsafe_ratio_else_normal,normal,normal,True,True,True,1.3421,"{""risk_state"":""normal""}
",True
intrusion_normal_rgb_0114_cctv4_f000046_000056_000066,normal_plant_rgb,intrusion_normal_rgb_0114_cctv4,normal_candidate,normal,"[46, 56, 66]","[1.533, 1.867, 2.2]","{""start_frame"": 31, ""end_frame"": 66}","[""walk, carry/hold (an object)"", ""walk, carry/hold (an object)"", ""walk, carry/hold (an object)""]","[""normal"", ""normal"", ""normal""]",normal,"{""normal"": 36, ""unsafe"": 0, ""danger"": 0}","{""normal"": 1.0, ""unsafe"": 0.0, ""danger"": 0.0}",normal,normal,normal,True,False,labeling_yolo_sequence_coverage,sampled_danger_then_danger_ratio_sampled_unsafe_then_unsafe_ratio_else_normal,normal,normal,True,True,True,1.335,"{""risk_state"":""normal""}
",True
intrusion_normal_rgb_0114_cctv4_f000076_000086_000096,normal_plant_rgb,intrusion_normal_rgb_0114_cctv4,normal_candidate,normal,"[76, 86, 96]","[2.533, 2.867, 3.2]","{""start_frame"": 61, ""end_frame"": 96}","[""walk, carry/hold (an object)"", ""walk, carry/hold (an object)"", ""walk, carry/hold (an object)""]","[""normal"", ""normal"", ""normal""]",normal,"{""normal"": 36, ""unsafe"": 0, ""danger"": 0}","{""normal"": 1.0, ""unsafe"": 0.0, ""danger"": 0.0}",normal,normal,normal,True,False,labeling_yolo_sequence_coverage,sampled_danger_then_danger_ratio_sampled_unsafe_then_unsafe_ratio_else_normal,normal,normal,True,True,True,1.5702,"```json
{
    ""risk_state"": ""normal""
}
```
",True
intrusion_normal_rgb_0114_cctv4_f000106_000116_000126,normal_plant_rgb,intrusion_normal_rgb_0114_cctv4,normal_candidate,normal,"[106, 116, 126]","[3.533, 3.867, 4.2]","{""start_frame"": 91, ""end_frame"": 126}","[""walk, carry/hold (an object)"", ""walk, carry/hold (an object)"", ""walk, carry/hold (an object)""]","[""normal"", ""normal"", ""normal""]",normal,"{""normal"": 36, ""unsafe"": 0, ""danger"": 0}","{""normal"": 1.0, ""unsafe"": 0.0, ""danger"": 0.0}",normal,normal,normal,True,False,labeling_yolo_sequence_coverage,sampled_danger_then_danger_ratio_sampled_unsafe_then_unsafe_ratio_else_normal,normal,normal,True,True,True,1.4541,"```json
{""risk_state"":""normal""}
```
",True
intrusion_normal_rgb_0114_cctv4_f000136_000146_000156,normal_plant_rgb,intrusion_normal_rgb_0114_cctv4,normal_candidate,normal,"[136, 146, 156]","[4.533, 4.867, 5.2]","{""start_frame"": 121, ""end_frame"": 156}","[""walk, carry/hold (an object)"", ""walk, carry/hold (an object)"", ""walk, carry/hold (an object)""]","[""normal"", ""normal"", ""normal""]",normal,"{""normal"": 36, ""unsafe"": 0, ""danger"": 0}","{""normal"": 1.0, ""unsafe"": 0.0, ""danger"": 0.0}",normal,normal,normal,True,False,labeling_yolo_sequence_coverage,sampled_danger_then_danger_ratio_sampled_unsafe_then_unsafe_ratio_else_normal,normal,normal,True,True,True,1.439,"```json
{""risk_state"":""normal""}
```
",True
intrusion_normal_rgb_0120_cctv3_f000016_000026_000036,normal_plant_rgb,intrusion_normal_rgb_0120_cctv3,normal_candidate,normal,"[16, 26, 36]","[0.533, 0.867, 1.2]","{""start_frame"": 1, ""end_frame"": 36}","[""walk, carry/hold (an object)"", ""walk, carry/hold (an object)"", ""walk, carry/hold (an object)""]","[""normal"", ""normal"", ""normal""]",normal,"{""normal"": 36, ""unsafe"": 0, ""danger"": 0}","{""normal"": 1.0, ""unsafe"": 0.0, ""danger"": 0.0}",normal,normal,normal,True,False,labeling_yolo_sequence_coverage,sampled_danger_then_danger_ratio_sampled_unsafe_then_unsafe_ratio_else_normal,normal,normal,True,True,True,1.3356,"{""risk_state"":""normal""}
",True
intrusion_normal_rgb_0120_cctv3_f000046_000056_000066,normal_plant_rgb,intrusion_normal_rgb_0120_cctv3,normal_candidate,normal,"[46, 56, 66]","[1.533, 1.867, 2.2]","{""start_frame"": 31, ""end_frame"": 66}","[""walk, carry/hold (an object)"", ""walk, carry/hold (an object)"", ""walk, carry/hold (an object)""]","[""normal"", ""normal"", ""normal""]",normal,"{""normal"": 36, ""unsafe"": 0, ""danger"": 0}","{""normal"": 1.0, ""unsafe"": 0.0, ""danger"": 0.0}",normal,normal,normal,True,False,labeling_yolo_sequence_coverage,sampled_danger_then_danger_ratio_sampled_unsafe_then_unsafe_ratio_else_normal,normal,normal,True,True,True,1.3337,"{""risk_state"":""normal""}
",True
intrusion_normal_rgb_0120_cctv3_f000076_000086_000096,normal_plant_rgb,intrusion_normal_rgb_0120_cctv3,normal_candidate,normal,"[76, 86, 96]","[2.533, 2.867, 3.2]","{""start_frame"": 61, ""end_frame"": 96}","[""walk, carry/hold (an object)"", ""walk, carry/hold (an object)"", ""walk, carry/hold (an object)""]","[""normal"", ""normal"", ""normal""]",normal,"{""normal"": 36, ""unsafe"": 0, ""danger"": 0}","{""normal"": 1.0, ""unsafe"": 0.0, ""danger"": 0.0}",normal,normal,normal,True,False,labeling_yolo_sequence_coverage,sampled_danger_then_danger_ratio_sampled_unsafe_then_unsafe_ratio_else_normal,normal,normal,True,True,True,1.338,"{""risk_state"":""normal""}
",True
intrusion_normal_rgb_0120_cctv3_f000106_000116_000126,normal_plant_rgb,intrusion_normal_rgb_0120_cctv3,normal_candidate,normal,"[106, 116, 126]","[3.533, 3.867, 4.2]","{""start_frame"": 91, ""end_frame"": 126}","[""walk, carry/hold (an object)"", ""walk, carry/hold (an object)"", ""walk, carry/hold (an object)""]","[""normal"", ""normal"", ""normal""]",normal,"{""normal"": 36, ""unsafe"": 0, ""danger"": 0}","{""normal"": 1.0, ""unsafe"": 0.0, ""danger"": 0.0}",normal,normal,normal,True,False,labeling_yolo_sequence_coverage,sampled_danger_then_danger_ratio_sampled_unsafe_then_unsafe_ratio_else_normal,normal,normal,True,True,True,1.3417,"{""risk_state"":""normal""}
",True
intrusion_normal_rgb_0120_cctv3_f000136_000146_000156,normal_plant_rgb,intrusion_normal_rgb_0120_cctv3,normal_candidate,normal,"[136, 146, 156]","[4.533, 4.867, 5.2]","{""start_frame"": 121, ""end_frame"": 156}","[""walk, carry/hold (an object)"", ""walk, carry/hold (an object)"", ""walk, carry/hold (an object)""]","[""normal"", ""normal"", ""normal""]",normal,"{""normal"": 36, ""unsafe"": 0, ""danger"": 0}","{""normal"": 1.0, ""unsafe"": 0.0, ""danger"": 0.0}",normal,normal,normal,True,False,labeling_yolo_sequence_coverage,sampled_danger_then_danger_ratio_sampled_unsafe_then_unsafe_ratio_else_normal,normal,normal,True,True,True,1.3391,"{""risk_state"":""normal""}
",True
intrusion_normal_rgb_0120_cctv3_f000166_000176_000186,normal_plant_rgb,intrusion_normal_rgb_0120_cctv3,normal_candidate,normal,"[166, 176, 186]","[5.533, 5.867, 6.2]","{""start_frame"": 151, ""end_frame"": 186}","[""walk, carry/hold (an object)"", ""walk, carry/hold (an object)"", ""walk, carry/hold (an object)""]","[""normal"", ""normal"", ""normal""]",normal,"{""normal"": 36, ""unsafe"": 0, ""danger"": 0}","{""normal"": 1.0, ""unsafe"": 0.0, ""danger"": 0.0}",normal,normal,normal,True,False,labeling_yolo_sequence_coverage,sampled_danger_then_danger_ratio_sampled_unsafe_then_unsafe_ratio_else_normal,normal,normal,True,True,True,1.3416,"{""risk_state"":""normal""}
",True
intrusion_normal_rgb_0122_cctv3_f000016_000026_000036,normal_plant_rgb,intrusion_normal_rgb_0122_cctv3,normal_candidate,normal,"[16, 26, 36]","[0.533, 0.867, 1.2]","{""start_frame"": 1, ""end_frame"": 36}","[""walk, carry/hold (an object)"", ""walk, carry/hold (an object)"", ""walk, carry/hold (an object)""]","[""normal"", ""normal"", ""normal""]",normal,"{""normal"": 36, ""unsafe"": 0, ""danger"": 0}","{""normal"": 1.0, ""unsafe"": 0.0, ""danger"": 0.0}",normal,normal,normal,True,False,labeling_yolo_sequence_coverage,sampled_danger_then_danger_ratio_sampled_unsafe_then_unsafe_ratio_else_normal,normal,normal,True,True,True,1.3403,"{""risk_state"":""normal""}
",True
intrusion_normal_rgb_0122_cctv3_f000046_000056_000066,normal_plant_rgb,intrusion_normal_rgb_0122_cctv3,normal_candidate,normal,"[46, 56, 66]","[1.533, 1.867, 2.2]","{""start_frame"": 31, ""end_frame"": 66}","[""walk, carry/hold (an object)"", ""walk, carry/hold (an object)"", ""walk, carry/hold (an object)""]","[""normal"", ""normal"", ""normal""]",normal,"{""normal"": 36, ""unsafe"": 0, ""danger"": 0}","{""normal"": 1.0, ""unsafe"": 0.0, ""danger"": 0.0}",normal,normal,normal,True,False,labeling_yolo_sequence_coverage,sampled_danger_then_danger_ratio_sampled_unsafe_then_unsafe_ratio_else_normal,normal,normal,True,True,True,1.5637,"```json
{
    ""risk_state"": ""normal""
}
```
",True
intrusion_normal_rgb_0122_cctv3_f000076_000086_000096,normal_plant_rgb,intrusion_normal_rgb_0122_cctv3,normal_candidate,normal,"[76, 86, 96]","[2.533, 2.867, 3.2]","{""start_frame"": 61, ""end_frame"": 96}","[""walk, carry/hold (an object)"", ""walk, carry/hold (an object)"", ""walk, carry/hold (an object)""]","[""normal"", ""normal"", ""normal""]",normal,"{""normal"": 36, ""unsafe"": 0, ""danger"": 0}","{""normal"": 1.0, ""unsafe"": 0.0, ""danger"": 0.0}",normal,normal,normal,True,False,labeling_yolo_sequence_coverage,sampled_danger_then_danger_ratio_sampled_unsafe_then_unsafe_ratio_else_normal,normal,normal,True,True,True,1.3352,"{""risk_state"":""normal""}
",True
intrusion_normal_rgb_0122_cctv3_f000106_000116_000126,normal_plant_rgb,intrusion_normal_rgb_0122_cctv3,normal_candidate,normal,"[106, 116, 126]","[3.533, 3.867, 4.2]","{""start_frame"": 91, ""end_frame"": 126}","[""stand, carry/hold (an object)"", ""walk, carry/hold (an object)"", ""walk, carry/hold (an object)""]","[""normal"", ""normal"", ""normal""]",normal,"{""normal"": 36, ""unsafe"": 0, ""danger"": 0}","{""normal"": 1.0, ""unsafe"": 0.0, ""danger"": 0.0}",normal,normal,normal,True,False,labeling_yolo_sequence_coverage,sampled_danger_then_danger_ratio_sampled_unsafe_then_unsafe_ratio_else_normal,normal,normal,True,True,True,1.4477,"```json
{""risk_state"":""normal""}
```
",True
intrusion_normal_rgb_0125_cctv2_f000016_000026_000036,normal_plant_rgb,intrusion_normal_rgb_0125_cctv2,normal_candidate,normal,"[16, 26, 36]","[0.533, 0.867, 1.2]","{""start_frame"": 1, ""end_frame"": 36}","[""walk, carry/hold (an object)"", ""walk, carry/hold (an object)"", ""walk, carry/hold (an object)""]","[""normal"", ""normal"", ""normal""]",normal,"{""normal"": 36, ""unsafe"": 0, ""danger"": 0}","{""normal"": 1.0, ""unsafe"": 0.0, ""danger"": 0.0}",normal,normal,normal,True,False,labeling_yolo_sequence_coverage,sampled_danger_then_danger_ratio_sampled_unsafe_then_unsafe_ratio_else_normal,normal,normal,True,True,True,1.4462,"```json
{""risk_state"":""normal""}
```
",True
intrusion_normal_rgb_0125_cctv2_f000046_000056_000066,normal_plant_rgb,intrusion_normal_rgb_0125_cctv2,normal_candidate,normal,"[46, 56, 66]","[1.533, 1.867, 2.2]","{""start_frame"": 31, ""end_frame"": 66}","[""walk, carry/hold (an object)"", ""walk, carry/hold (an object)"", ""walk, carry/hold (an object)""]","[""normal"", ""normal"", ""normal""]",normal,"{""normal"": 36, ""unsafe"": 0, ""danger"": 0}","{""normal"": 1.0, ""unsafe"": 0.0, ""danger"": 0.0}",normal,normal,normal,True,False,labeling_yolo_sequence_coverage,sampled_danger_then_danger_ratio_sampled_unsafe_then_unsafe_ratio_else_normal,normal,normal,True,True,True,1.3345,"{""risk_state"":""normal""}
",True
intrusion_normal_rgb_0125_cctv2_f000076_000086_000096,normal_plant_rgb,intrusion_normal_rgb_0125_cctv2,normal_candidate,normal,"[76, 86, 96]","[2.533, 2.867, 3.2]","{""start_frame"": 61, ""end_frame"": 96}","[""walk, carry/hold (an object)"", ""walk, carry/hold (an object)"", ""walk, carry/hold (an object)""]","[""normal"", ""normal"", ""normal""]",normal,"{""normal"": 36, ""unsafe"": 0, ""danger"": 0}","{""normal"": 1.0, ""unsafe"": 0.0, ""danger"": 0.0}",normal,normal,normal,True,False,labeling_yolo_sequence_coverage,sampled_danger_then_danger_ratio_sampled_unsafe_then_unsafe_ratio_else_normal,normal,normal,True,True,True,1.4456,"```json
{""risk_state"":""normal""}
```
",True
intrusion_normal_rgb_0125_cctv2_f000106_000116_000126,normal_plant_rgb,intrusion_normal_rgb_0125_cctv2,normal_candidate,normal,"[106, 116, 126]","[3.533, 3.867, 4.2]","{""start_frame"": 91, ""end_frame"": 126}","[""walk, carry/hold (an object)"", ""walk, carry/hold (an object)"", ""walk, carry/hold (an object)""]","[""normal"", ""normal"", ""normal""]",normal,"{""normal"": 36, ""unsafe"": 0, ""danger"": 0}","{""normal"": 1.0, ""unsafe"": 0.0, ""danger"": 0.0}",normal,normal,normal,True,False,labeling_yolo_sequence_coverage,sampled_danger_then_danger_ratio_sampled_unsafe_then_unsafe_ratio_else_normal,normal,normal,True,True,True,1.3382,"{""risk_state"":""normal""}
",True
intrusion_normal_rgb_0125_cctv2_f000136_000146_000156,normal_plant_rgb,intrusion_normal_rgb_0125_cctv2,normal_candidate,normal,"[136, 146, 156]","[4.533, 4.867, 5.2]","{""start_frame"": 121, ""end_frame"": 156}","[""walk, carry/hold (an object)"", ""walk, carry/hold (an object)"", ""walk, carry/hold (an object)""]","[""normal"", ""normal"", ""normal""]",normal,"{""normal"": 36, ""unsafe"": 0, ""danger"": 0}","{""normal"": 1.0, ""unsafe"": 0.0, ""danger"": 0.0}",normal,normal,normal,True,False,labeling_yolo_sequence_coverage,sampled_danger_then_danger_ratio_sampled_unsafe_then_unsafe_ratio_else_normal,normal,normal,True,True,True,1.3445,"{""risk_state"":""normal""}
",True
intrusion_normal_rgb_0128_cctv1_f000016_000026_000036,normal_plant_rgb,intrusion_normal_rgb_0128_cctv1,normal_candidate,normal,"[16, 26, 36]","[0.533, 0.867, 1.2]","{""start_frame"": 1, ""end_frame"": 36}","[""walk, carry/hold (an object)"", ""walk, carry/hold (an object)"", ""walk, carry/hold (an object)""]","[""normal"", ""normal"", ""normal""]",normal,"{""normal"": 36, ""unsafe"": 0, ""danger"": 0}","{""normal"": 1.0, ""unsafe"": 0.0, ""danger"": 0.0}",normal,normal,normal,True,False,labeling_yolo_sequence_coverage,sampled_danger_then_danger_ratio_sampled_unsafe_then_unsafe_ratio_else_normal,normal,normal,True,True,True,1.3329,"{""risk_state"":""normal""}
",True
intrusion_normal_rgb_0128_cctv1_f000046_000056_000066,normal_plant_rgb,intrusion_normal_rgb_0128_cctv1,normal_candidate,normal,"[46, 56, 66]","[1.533, 1.867, 2.2]","{""start_frame"": 31, ""end_frame"": 66}","[""walk, carry/hold (an object)"", ""walk, carry/hold (an object)"", ""walk, carry/hold (an object)""]","[""normal"", ""normal"", ""normal""]",normal,"{""normal"": 36, ""unsafe"": 0, ""danger"": 0}","{""normal"": 1.0, ""unsafe"": 0.0, ""danger"": 0.0}",normal,normal,normal,True,False,labeling_yolo_sequence_coverage,sampled_danger_then_danger_ratio_sampled_unsafe_then_unsafe_ratio_else_normal,normal,normal,True,True,True,1.3413,"{""risk_state"":""normal""}
",True
intrusion_normal_rgb_0128_cctv1_f000076_000086_000096,normal_plant_rgb,intrusion_normal_rgb_0128_cctv1,normal_candidate,normal,"[76, 86, 96]","[2.533, 2.867, 3.2]","{""start_frame"": 61, ""end_frame"": 96}","[""walk, stand"", ""walk, stand"", ""walk, carry/hold (an object)""]","[""normal"", ""normal"", ""normal""]",normal,"{""normal"": 36, ""unsafe"": 0, ""danger"": 0}","{""normal"": 1.0, ""unsafe"": 0.0, ""danger"": 0.0}",normal,normal,normal,True,False,labeling_yolo_sequence_coverage,sampled_danger_then_danger_ratio_sampled_unsafe_then_unsafe_ratio_else_normal,normal,normal,True,True,True,1.334,"{""risk_state"":""normal""}
",True
intrusion_normal_rgb_0128_cctv1_f000106_000116_000126,normal_plant_rgb,intrusion_normal_rgb_0128_cctv1,normal_candidate,normal,"[106, 116, 126]","[3.533, 3.867, 4.2]","{""start_frame"": 91, ""end_frame"": 126}","[""walk, carry/hold (an object)"", ""walk, carry/hold (an object)"", ""walk, carry/hold (an object)""]","[""normal"", ""normal"", ""normal""]",normal,"{""normal"": 36, ""unsafe"": 0, ""danger"": 0}","{""normal"": 1.0, ""unsafe"": 0.0, ""danger"": 0.0}",normal,normal,normal,True,False,labeling_yolo_sequence_coverage,sampled_danger_then_danger_ratio_sampled_unsafe_then_unsafe_ratio_else_normal,normal,normal,True,True,True,1.3439,"{""risk_state"":""normal""}
",True
intrusion_normal_rgb_0128_cctv1_f000136_000146_000156,normal_plant_rgb,intrusion_normal_rgb_0128_cctv1,normal_candidate,normal,"[136, 146, 156]","[4.533, 4.867, 5.2]","{""start_frame"": 121, ""end_frame"": 156}","[""walk, carry/hold (an object)"", ""walk, carry/hold (an object)"", ""walk, carry/hold (an object)""]","[""normal"", ""normal"", ""normal""]",normal,"{""normal"": 36, ""unsafe"": 0, ""danger"": 0}","{""normal"": 1.0, ""unsafe"": 0.0, ""danger"": 0.0}",normal,normal,normal,True,False,labeling_yolo_sequence_coverage,sampled_danger_then_danger_ratio_sampled_unsafe_then_unsafe_ratio_else_normal,normal,normal,True,True,True,1.3428,"{""risk_state"":""normal""}
",True
intrusion_normal_rgb_0133_cctv1_f000016_000026_000036,normal_plant_rgb,intrusion_normal_rgb_0133_cctv1,normal_candidate,normal,"[16, 26, 36]","[0.533, 0.867, 1.2]","{""start_frame"": 1, ""end_frame"": 36}","[""walk, carry/hold (an object)"", ""walk, carry/hold (an object)"", ""walk, carry/hold (an object)""]","[""normal"", ""normal"", ""normal""]",normal,"{""normal"": 36, ""unsafe"": 0, ""danger"": 0}","{""normal"": 1.0, ""unsafe"": 0.0, ""danger"": 0.0}",normal,normal,normal,True,False,labeling_yolo_sequence_coverage,sampled_danger_then_danger_ratio_sampled_unsafe_then_unsafe_ratio_else_normal,normal,normal,True,True,True,1.3411,"{""risk_state"":""normal""}
",True
intrusion_normal_rgb_0133_cctv1_f000046_000056_000066,normal_plant_rgb,intrusion_normal_rgb_0133_cctv1,normal_candidate,normal,"[46, 56, 66]","[1.533, 1.867, 2.2]","{""start_frame"": 31, ""end_frame"": 66}","[""walk, carry/hold (an object)"", ""walk, carry/hold (an object)"", ""walk, carry/hold (an object)""]","[""normal"", ""normal"", ""normal""]",normal,"{""normal"": 36, ""unsafe"": 0, ""danger"": 0}","{""normal"": 1.0, ""unsafe"": 0.0, ""danger"": 0.0}",normal,normal,normal,True,False,labeling_yolo_sequence_coverage,sampled_danger_then_danger_ratio_sampled_unsafe_then_unsafe_ratio_else_normal,normal,normal,True,True,True,1.3365,"{""risk_state"":""normal""}
",True
intrusion_normal_rgb_0133_cctv1_f000076_000086_000096,normal_plant_rgb,intrusion_normal_rgb_0133_cctv1,normal_candidate,normal,"[76, 86, 96]","[2.533, 2.867, 3.2]","{""start_frame"": 61, ""end_frame"": 96}","[""walk, carry/hold (an object)"", ""walk, carry/hold (an object)"", ""walk, carry/hold (an object)""]","[""normal"", ""normal"", ""normal""]",normal,"{""normal"": 36, ""unsafe"": 0, ""danger"": 0}","{""normal"": 1.0, ""unsafe"": 0.0, ""danger"": 0.0}",normal,normal,normal,True,False,labeling_yolo_sequence_coverage,sampled_danger_then_danger_ratio_sampled_unsafe_then_unsafe_ratio_else_normal,normal,normal,True,True,True,1.3349,"{""risk_state"":""normal""}
",True
intrusion_normal_rgb_0133_cctv1_f000106_000116_000126,normal_plant_rgb,intrusion_normal_rgb_0133_cctv1,normal_candidate,normal,"[106, 116, 126]","[3.533, 3.867, 4.2]","{""start_frame"": 91, ""end_frame"": 126}","[""walk, carry/hold (an object)"", ""walk, carry/hold (an object)"", ""walk, carry/hold (an object)""]","[""normal"", ""normal"", ""normal""]",normal,"{""normal"": 36, ""unsafe"": 0, ""danger"": 0}","{""normal"": 1.0, ""unsafe"": 0.0, ""danger"": 0.0}",normal,normal,normal,True,False,labeling_yolo_sequence_coverage,sampled_danger_then_danger_ratio_sampled_unsafe_then_unsafe_ratio_else_normal,normal,normal,True,True,True,1.3389,"{""risk_state"":""normal""}
",True
intrusion_normal_rgb_0133_cctv1_f000136_000146_000156,normal_plant_rgb,intrusion_normal_rgb_0133_cctv1,normal_candidate,normal,"[136, 146, 156]","[4.533, 4.867, 5.2]","{""start_frame"": 121, ""end_frame"": 156}","[""walk, carry/hold (an object)"", ""walk, carry/hold (an object)"", ""stand, carry/hold (an object)""]","[""normal"", ""normal"", ""normal""]",normal,"{""normal"": 36, ""unsafe"": 0, ""danger"": 0}","{""normal"": 1.0, ""unsafe"": 0.0, ""danger"": 0.0}",normal,normal,normal,True,False,labeling_yolo_sequence_coverage,sampled_danger_then_danger_ratio_sampled_unsafe_then_unsafe_ratio_else_normal,normal,normal,True,True,True,1.3425,"{""risk_state"":""normal""}
",True
intrusion_normal_rgb_0138_cctv2_f000016_000026_000036,normal_plant_rgb,intrusion_normal_rgb_0138_cctv2,normal_candidate,normal,"[16, 26, 36]","[0.533, 0.867, 1.2]","{""start_frame"": 1, ""end_frame"": 36}","[""walk, carry/hold (an object)"", ""walk, carry/hold (an object)"", ""walk, carry/hold (an object)""]","[""normal"", ""normal"", ""normal""]",normal,"{""normal"": 36, ""unsafe"": 0, ""danger"": 0}","{""normal"": 1.0, ""unsafe"": 0.0, ""danger"": 0.0}",normal,normal,normal,True,False,labeling_yolo_sequence_coverage,sampled_danger_then_danger_ratio_sampled_unsafe_then_unsafe_ratio_else_normal,normal,normal,True,True,True,1.3353,"{""risk_state"":""normal""}
",True
intrusion_normal_rgb_0138_cctv2_f000046_000056_000066,normal_plant_rgb,intrusion_normal_rgb_0138_cctv2,normal_candidate,normal,"[46, 56, 66]","[1.533, 1.867, 2.2]","{""start_frame"": 31, ""end_frame"": 66}","[""walk, carry/hold (an object)"", ""walk, carry/hold (an object)"", ""walk, carry/hold (an object)""]","[""normal"", ""normal"", ""normal""]",normal,"{""normal"": 36, ""unsafe"": 0, ""danger"": 0}","{""normal"": 1.0, ""unsafe"": 0.0, ""danger"": 0.0}",normal,normal,normal,True,False,labeling_yolo_sequence_coverage,sampled_danger_then_danger_ratio_sampled_unsafe_then_unsafe_ratio_else_normal,normal,normal,True,True,True,1.3379,"{""risk_state"":""normal""}
",True
intrusion_normal_rgb_0138_cctv2_f000076_000086_000096,normal_plant_rgb,intrusion_normal_rgb_0138_cctv2,normal_candidate,normal,"[76, 86, 96]","[2.533, 2.867, 3.2]","{""start_frame"": 61, ""end_frame"": 96}","[""walk, carry/hold (an object)"", ""walk, carry/hold (an object)"", ""walk, carry/hold (an object)""]","[""normal"", ""normal"", ""normal""]",normal,"{""normal"": 36, ""unsafe"": 0, ""danger"": 0}","{""normal"": 1.0, ""unsafe"": 0.0, ""danger"": 0.0}",normal,normal,normal,True,False,labeling_yolo_sequence_coverage,sampled_danger_then_danger_ratio_sampled_unsafe_then_unsafe_ratio_else_normal,normal,normal,True,True,True,1.339,"{""risk_state"":""normal""}
",True
intrusion_normal_rgb_0138_cctv2_f000106_000116_000126,normal_plant_rgb,intrusion_normal_rgb_0138_cctv2,normal_candidate,normal,"[106, 116, 126]","[3.533, 3.867, 4.2]","{""start_frame"": 91, ""end_frame"": 126}","[""walk, carry/hold (an object)"", ""walk, carry/hold (an object)"", ""walk, carry/hold (an object)""]","[""normal"", ""normal"", ""normal""]",normal,"{""normal"": 36, ""unsafe"": 0, ""danger"": 0}","{""normal"": 1.0, ""unsafe"": 0.0, ""danger"": 0.0}",normal,normal,normal,True,False,labeling_yolo_sequence_coverage,sampled_danger_then_danger_ratio_sampled_unsafe_then_unsafe_ratio_else_normal,normal,normal,True,True,True,1.3425,"{""risk_state"":""normal""}
",True
intrusion_normal_rgb_0138_cctv2_f000136_000146_000156,normal_plant_rgb,intrusion_normal_rgb_0138_cctv2,normal_candidate,normal,"[136, 146, 156]","[4.533, 4.867, 5.2]","{""start_frame"": 121, ""end_frame"": 156}","[""carry/hold (an object), walk"", ""walk, stand"", ""walk, carry/hold (an object)""]","[""normal"", ""normal"", ""normal""]",normal,"{""normal"": 36, ""unsafe"": 0, ""danger"": 0}","{""normal"": 1.0, ""unsafe"": 0.0, ""danger"": 0.0}",normal,normal,normal,True,False,labeling_yolo_sequence_coverage,sampled_danger_then_danger_ratio_sampled_unsafe_then_unsafe_ratio_else_normal,normal,normal,True,True,True,1.5679,"```json
{
    ""risk_state"": ""normal""
}
```
",True
intrusion_normal_rgb_0140_cctv4_f000016_000026_000036,normal_plant_rgb,intrusion_normal_rgb_0140_cctv4,normal_candidate,normal,"[16, 26, 36]","[0.533, 0.867, 1.2]","{""start_frame"": 1, ""end_frame"": 36}","[""walk, carry/hold (an object)"", ""walk, carry/hold (an object)"", ""walk, carry/hold (an object)""]","[""normal"", ""normal"", ""normal""]",normal,"{""normal"": 36, ""unsafe"": 0, ""danger"": 0}","{""normal"": 1.0, ""unsafe"": 0.0, ""danger"": 0.0}",normal,normal,normal,True,False,labeling_yolo_sequence_coverage,sampled_danger_then_danger_ratio_sampled_unsafe_then_unsafe_ratio_else_normal,normal,normal,True,True,True,1.4507,"{
""risk_state"": ""normal""
}
",True
intrusion_normal_rgb_0140_cctv4_f000046_000056_000066,normal_plant_rgb,intrusion_normal_rgb_0140_cctv4,normal_candidate,normal,"[46, 56, 66]","[1.533, 1.867, 2.2]","{""start_frame"": 31, ""end_frame"": 66}","[""walk, carry/hold (an object)"", ""walk, carry/hold (an object)"", ""walk, carry/hold (an object)""]","[""normal"", ""normal"", ""normal""]",normal,"{""normal"": 36, ""unsafe"": 0, ""danger"": 0}","{""normal"": 1.0, ""unsafe"": 0.0, ""danger"": 0.0}",normal,normal,normal,True,False,labeling_yolo_sequence_coverage,sampled_danger_then_danger_ratio_sampled_unsafe_then_unsafe_ratio_else_normal,normal,normal,True,True,True,1.4446,"```json
{""risk_state"":""normal""}
```
",True
intrusion_normal_rgb_0140_cctv4_f000076_000086_000096,normal_plant_rgb,intrusion_normal_rgb_0140_cctv4,normal_candidate,normal,"[76, 86, 96]","[2.533, 2.867, 3.2]","{""start_frame"": 61, ""end_frame"": 96}","[""walk, carry/hold (an object)"", ""walk, carry/hold (an object)"", ""walk, carry/hold (an object)""]","[""normal"", ""normal"", ""normal""]",normal,"{""normal"": 36, ""unsafe"": 0, ""danger"": 0}","{""normal"": 1.0, ""unsafe"": 0.0, ""danger"": 0.0}",normal,normal,normal,True,False,labeling_yolo_sequence_coverage,sampled_danger_then_danger_ratio_sampled_unsafe_then_unsafe_ratio_else_normal,normal,normal,True,True,True,1.3372,"{""risk_state"":""normal""}
",True
intrusion_normal_rgb_0140_cctv4_f000106_000116_000126,normal_plant_rgb,intrusion_normal_rgb_0140_cctv4,normal_candidate,normal,"[106, 116, 126]","[3.533, 3.867, 4.2]","{""start_frame"": 91, ""end_frame"": 126}","[""walk, carry/hold (an object)"", ""walk, carry/hold (an object)"", ""walk, carry/hold (an object)""]","[""normal"", ""normal"", ""normal""]",normal,"{""normal"": 36, ""unsafe"": 0, ""danger"": 0}","{""normal"": 1.0, ""unsafe"": 0.0, ""danger"": 0.0}",normal,normal,normal,True,False,labeling_yolo_sequence_coverage,sampled_danger_then_danger_ratio_sampled_unsafe_then_unsafe_ratio_else_normal,normal,normal,True,True,True,1.3401,"{""risk_state"":""normal""}
",True
intrusion_normal_rgb_0140_cctv4_f000136_000146_000156,normal_plant_rgb,intrusion_normal_rgb_0140_cctv4,normal_candidate,normal,"[136, 146, 156]","[4.533, 4.867, 5.2]","{""start_frame"": 121, ""end_frame"": 156}","[""walk, carry/hold (an object)"", ""walk, carry/hold (an object)"", ""walk, carry/hold (an object)""]","[""normal"", ""normal"", ""normal""]",normal,"{""normal"": 36, ""unsafe"": 0, ""danger"": 0}","{""normal"": 1.0, ""unsafe"": 0.0, ""danger"": 0.0}",normal,normal,normal,True,False,labeling_yolo_sequence_coverage,sampled_danger_then_danger_ratio_sampled_unsafe_then_unsafe_ratio_else_normal,normal,normal,True,True,True,1.4571,"{
""risk_state"": ""normal""
}
",True
intrusion_normal_rgb_0156_cctv2_f000016_000026_000036,normal_plant_rgb,intrusion_normal_rgb_0156_cctv2,normal_candidate,normal,"[16, 26, 36]","[0.533, 0.867, 1.2]","{""start_frame"": 1, ""end_frame"": 36}","[""walk, carry/hold (an object)"", ""walk, carry/hold (an object)"", ""walk, carry/hold (an object)""]","[""normal"", ""normal"", ""normal""]",normal,"{""normal"": 36, ""unsafe"": 0, ""danger"": 0}","{""normal"": 1.0, ""unsafe"": 0.0, ""danger"": 0.0}",normal,normal,normal,True,False,labeling_yolo_sequence_coverage,sampled_danger_then_danger_ratio_sampled_unsafe_then_unsafe_ratio_else_normal,normal,normal,True,True,True,1.5611,"```json
{
    ""risk_state"": ""normal""
}
```
",True
intrusion_normal_rgb_0156_cctv2_f000046_000056_000066,normal_plant_rgb,intrusion_normal_rgb_0156_cctv2,normal_candidate,normal,"[46, 56, 66]","[1.533, 1.867, 2.2]","{""start_frame"": 31, ""end_frame"": 66}","[""walk, carry/hold (an object)"", ""walk, carry/hold (an object)"", ""walk, carry/hold (an object)""]","[""normal"", ""normal"", ""normal""]",normal,"{""normal"": 36, ""unsafe"": 0, ""danger"": 0}","{""normal"": 1.0, ""unsafe"": 0.0, ""danger"": 0.0}",normal,normal,normal,True,False,labeling_yolo_sequence_coverage,sampled_danger_then_danger_ratio_sampled_unsafe_then_unsafe_ratio_else_normal,normal,normal,True,True,True,1.5682,"```json
{
    ""risk_state"": ""normal""
}
```
",True
intrusion_normal_rgb_0156_cctv2_f000076_000086_000096,normal_plant_rgb,intrusion_normal_rgb_0156_cctv2,normal_candidate,normal,"[76, 86, 96]","[2.533, 2.867, 3.2]","{""start_frame"": 61, ""end_frame"": 96}","[""walk, carry/hold (an object)"", ""walk, carry/hold (an object)"", ""walk, carry/hold (an object)""]","[""normal"", ""normal"", ""normal""]",normal,"{""normal"": 36, ""unsafe"": 0, ""danger"": 0}","{""normal"": 1.0, ""unsafe"": 0.0, ""danger"": 0.0}",normal,normal,normal,True,False,labeling_yolo_sequence_coverage,sampled_danger_then_danger_ratio_sampled_unsafe_then_unsafe_ratio_else_normal,normal,normal,True,True,True,1.5635,"```json
{
    ""risk_state"": ""normal""
}
```
",True
intrusion_normal_rgb_0156_cctv2_f000106_000116_000126,normal_plant_rgb,intrusion_normal_rgb_0156_cctv2,normal_candidate,normal,"[106, 116, 126]","[3.533, 3.867, 4.2]","{""start_frame"": 91, ""end_frame"": 126}","[""walk, carry/hold (an object)"", ""walk, carry/hold (an object)"", ""walk, carry/hold (an object)""]","[""normal"", ""normal"", ""normal""]",normal,"{""normal"": 36, ""unsafe"": 0, ""danger"": 0}","{""normal"": 1.0, ""unsafe"": 0.0, ""danger"": 0.0}",normal,normal,normal,True,False,labeling_yolo_sequence_coverage,sampled_danger_then_danger_ratio_sampled_unsafe_then_unsafe_ratio_else_normal,normal,normal,True,True,True,1.3446,"{""risk_state"":""normal""}
",True
intrusion_normal_rgb_0156_cctv2_f000136_000146_000156,normal_plant_rgb,intrusion_normal_rgb_0156_cctv2,normal_candidate,normal,"[136, 146, 156]","[4.533, 4.867, 5.2]","{""start_frame"": 121, ""end_frame"": 156}","[""walk, carry/hold (an object)"", ""walk, carry/hold (an object)"", ""walk, carry/hold (an object)""]","[""normal"", ""normal"", ""normal""]",normal,"{""normal"": 36, ""unsafe"": 0, ""danger"": 0}","{""normal"": 1.0, ""unsafe"": 0.0, ""danger"": 0.0}",normal,normal,normal,True,False,labeling_yolo_sequence_coverage,sampled_danger_then_danger_ratio_sampled_unsafe_then_unsafe_ratio_else_normal,normal,normal,True,True,True,1.5678,"```json
{
    ""risk_state"": ""normal""
}
```
",True
intrusion_normal_rgb_0156_cctv2_f000166_000176_000186,normal_plant_rgb,intrusion_normal_rgb_0156_cctv2,normal_candidate,normal,"[166, 176, 186]","[5.533, 5.867, 6.2]","{""start_frame"": 151, ""end_frame"": 186}","[""walk, carry/hold (an object)"", ""walk, carry/hold (an object)"", ""walk, carry/hold (an object)""]","[""normal"", ""normal"", ""normal""]",normal,"{""normal"": 36, ""unsafe"": 0, ""danger"": 0}","{""normal"": 1.0, ""unsafe"": 0.0, ""danger"": 0.0}",normal,normal,normal,True,False,labeling_yolo_sequence_coverage,sampled_danger_then_danger_ratio_sampled_unsafe_then_unsafe_ratio_else_normal,normal,normal,True,True,True,1.5753,"```json
{
    ""risk_state"": ""normal""
}
```
",True
intrusion_normal_rgb_0156_cctv2_f000196_000206_000216,normal_plant_rgb,intrusion_normal_rgb_0156_cctv2,normal_candidate,normal,"[196, 206, 216]","[6.533, 6.867, 7.2]","{""start_frame"": 181, ""end_frame"": 216}","[""walk, carry/hold (an object)"", ""walk, carry/hold (an object)"", ""walk, carry/hold (an object)""]","[""normal"", ""normal"", ""normal""]",normal,"{""normal"": 36, ""unsafe"": 0, ""danger"": 0}","{""normal"": 1.0, ""unsafe"": 0.0, ""danger"": 0.0}",normal,normal,normal,True,False,labeling_yolo_sequence_coverage,sampled_danger_then_danger_ratio_sampled_unsafe_then_unsafe_ratio_else_normal,normal,normal,True,True,True,1.5732,"```json
{
    ""risk_state"": ""normal""
}
```
",True
intrusion_normal_rgb_0158_cctv2_f000016_000026_000036,normal_plant_rgb,intrusion_normal_rgb_0158_cctv2,normal_candidate,normal,"[16, 26, 36]","[0.533, 0.867, 1.2]","{""start_frame"": 1, ""end_frame"": 36}","[""walk, carry/hold (an object)"", ""walk, carry/hold (an object)"", ""walk, carry/hold (an object)""]","[""normal"", ""normal"", ""normal""]",normal,"{""normal"": 36, ""unsafe"": 0, ""danger"": 0}","{""normal"": 1.0, ""unsafe"": 0.0, ""danger"": 0.0}",normal,normal,normal,True,False,labeling_yolo_sequence_coverage,sampled_danger_then_danger_ratio_sampled_unsafe_then_unsafe_ratio_else_normal,normal,normal,True,True,True,1.3379,"{""risk_state"":""normal""}
",True
intrusion_normal_rgb_0158_cctv2_f000046_000056_000066,normal_plant_rgb,intrusion_normal_rgb_0158_cctv2,normal_candidate,normal,"[46, 56, 66]","[1.533, 1.867, 2.2]","{""start_frame"": 31, ""end_frame"": 66}","[""walk, stand"", ""walk, stand"", ""walk, carry/hold (an object)""]","[""normal"", ""normal"", ""normal""]",normal,"{""normal"": 36, ""unsafe"": 0, ""danger"": 0}","{""normal"": 1.0, ""unsafe"": 0.0, ""danger"": 0.0}",normal,normal,normal,True,False,labeling_yolo_sequence_coverage,sampled_danger_then_danger_ratio_sampled_unsafe_then_unsafe_ratio_else_normal,normal,normal,True,True,True,1.3376,"{""risk_state"":""normal""}
",True
intrusion_normal_rgb_0158_cctv2_f000076_000086_000096,normal_plant_rgb,intrusion_normal_rgb_0158_cctv2,normal_candidate,normal,"[76, 86, 96]","[2.533, 2.867, 3.2]","{""start_frame"": 61, ""end_frame"": 96}","[""walk, carry/hold (an object)"", ""walk, carry/hold (an object)"", ""walk, carry/hold (an object)""]","[""normal"", ""normal"", ""normal""]",normal,"{""normal"": 36, ""unsafe"": 0, ""danger"": 0}","{""normal"": 1.0, ""unsafe"": 0.0, ""danger"": 0.0}",normal,normal,normal,True,False,labeling_yolo_sequence_coverage,sampled_danger_then_danger_ratio_sampled_unsafe_then_unsafe_ratio_else_normal,normal,normal,True,True,True,1.3374,"{""risk_state"":""normal""}
",True
intrusion_normal_rgb_0158_cctv2_f000106_000116_000126,normal_plant_rgb,intrusion_normal_rgb_0158_cctv2,normal_candidate,normal,"[106, 116, 126]","[3.533, 3.867, 4.2]","{""start_frame"": 91, ""end_frame"": 126}","[""walk, stand"", ""walk, carry/hold (an object)"", ""walk, carry/hold (an object)""]","[""normal"", ""normal"", ""normal""]",normal,"{""normal"": 36, ""unsafe"": 0, ""danger"": 0}","{""normal"": 1.0, ""unsafe"": 0.0, ""danger"": 0.0}",normal,normal,normal,True,False,labeling_yolo_sequence_coverage,sampled_danger_then_danger_ratio_sampled_unsafe_then_unsafe_ratio_else_normal,normal,normal,True,True,True,1.3408,"{""risk_state"":""normal""}
",True
intrusion_normal_rgb_0158_cctv2_f000136_000146_000156,normal_plant_rgb,intrusion_normal_rgb_0158_cctv2,normal_candidate,normal,"[136, 146, 156]","[4.533, 4.867, 5.2]","{""start_frame"": 121, ""end_frame"": 156}","[""walk, carry/hold (an object)"", ""walk, carry/hold (an object)"", ""walk, carry/hold (an object)""]","[""normal"", ""normal"", ""normal""]",normal,"{""normal"": 36, ""unsafe"": 0, ""danger"": 0}","{""normal"": 1.0, ""unsafe"": 0.0, ""danger"": 0.0}",normal,normal,normal,True,False,labeling_yolo_sequence_coverage,sampled_danger_then_danger_ratio_sampled_unsafe_then_unsafe_ratio_else_normal,normal,normal,True,True,True,1.3396,"{""risk_state"":""normal""}
",True
intrusion_normal_rgb_0161_cctv4_f000016_000026_000036,normal_plant_rgb,intrusion_normal_rgb_0161_cctv4,normal_candidate,normal,"[16, 26, 36]","[0.533, 0.867, 1.2]","{""start_frame"": 1, ""end_frame"": 36}","[""walk, carry/hold (an object)"", ""walk, carry/hold (an object)"", ""walk, carry/hold (an object)""]","[""normal"", ""normal"", ""normal""]",normal,"{""normal"": 36, ""unsafe"": 0, ""danger"": 0}","{""normal"": 1.0, ""unsafe"": 0.0, ""danger"": 0.0}",normal,normal,normal,True,False,labeling_yolo_sequence_coverage,sampled_danger_then_danger_ratio_sampled_unsafe_then_unsafe_ratio_else_normal,normal,normal,True,True,True,1.5638,"```json
{
    ""risk_state"": ""normal""
}
```
",True
intrusion_normal_rgb_0161_cctv4_f000046_000056_000066,normal_plant_rgb,intrusion_normal_rgb_0161_cctv4,normal_candidate,normal,"[46, 56, 66]","[1.533, 1.867, 2.2]","{""start_frame"": 31, ""end_frame"": 66}","[""walk, carry/hold (an object)"", ""walk, carry/hold (an object)"", ""walk, carry/hold (an object)""]","[""normal"", ""normal"", ""normal""]",normal,"{""normal"": 36, ""unsafe"": 0, ""danger"": 0}","{""normal"": 1.0, ""unsafe"": 0.0, ""danger"": 0.0}",normal,normal,normal,True,False,labeling_yolo_sequence_coverage,sampled_danger_then_danger_ratio_sampled_unsafe_then_unsafe_ratio_else_normal,normal,normal,True,True,True,1.5561,"```json
{
    ""risk_state"": ""normal""
}
```
",True
intrusion_normal_rgb_0161_cctv4_f000076_000086_000096,normal_plant_rgb,intrusion_normal_rgb_0161_cctv4,normal_candidate,normal,"[76, 86, 96]","[2.533, 2.867, 3.2]","{""start_frame"": 61, ""end_frame"": 96}","[""walk, carry/hold (an object)"", ""walk, carry/hold (an object)"", ""walk, carry/hold (an object)""]","[""normal"", ""normal"", ""normal""]",normal,"{""normal"": 36, ""unsafe"": 0, ""danger"": 0}","{""normal"": 1.0, ""unsafe"": 0.0, ""danger"": 0.0}",normal,normal,normal,True,False,labeling_yolo_sequence_coverage,sampled_danger_then_danger_ratio_sampled_unsafe_then_unsafe_ratio_else_normal,normal,normal,True,True,True,1.5671,"```json
{
    ""risk_state"": ""normal""
}
```
",True
intrusion_normal_rgb_0161_cctv4_f000106_000116_000126,normal_plant_rgb,intrusion_normal_rgb_0161_cctv4,normal_candidate,normal,"[106, 116, 126]","[3.533, 3.867, 4.2]","{""start_frame"": 91, ""end_frame"": 126}","[""walk, carry/hold (an object)"", ""walk, carry/hold (an object)"", ""walk, carry/hold (an object)""]","[""normal"", ""normal"", ""normal""]",normal,"{""normal"": 36, ""unsafe"": 0, ""danger"": 0}","{""normal"": 1.0, ""unsafe"": 0.0, ""danger"": 0.0}",normal,normal,normal,True,False,labeling_yolo_sequence_coverage,sampled_danger_then_danger_ratio_sampled_unsafe_then_unsafe_ratio_else_normal,normal,normal,True,True,True,1.5672,"```json
{
    ""risk_state"": ""normal""
}
```
",True
intrusion_normal_rgb_0161_cctv4_f000136_000146_000156,normal_plant_rgb,intrusion_normal_rgb_0161_cctv4,normal_candidate,normal,"[136, 146, 156]","[4.533, 4.867, 5.2]","{""start_frame"": 121, ""end_frame"": 156}","[""walk, carry/hold (an object)"", ""walk, carry/hold (an object)"", ""walk, carry/hold (an object)""]","[""normal"", ""normal"", ""normal""]",normal,"{""normal"": 36, ""unsafe"": 0, ""danger"": 0}","{""normal"": 1.0, ""unsafe"": 0.0, ""danger"": 0.0}",normal,normal,normal,True,False,labeling_yolo_sequence_coverage,sampled_danger_then_danger_ratio_sampled_unsafe_then_unsafe_ratio_else_normal,normal,normal,True,True,True,1.3398,"{""risk_state"":""normal""}
",True
intrusion_normal_rgb_0162_cctv2_f000016_000026_000036,normal_plant_rgb,intrusion_normal_rgb_0162_cctv2,normal_candidate,normal,"[16, 26, 36]","[0.533, 0.867, 1.2]","{""start_frame"": 1, ""end_frame"": 36}","[""walk, carry/hold (an object)"", ""walk, carry/hold (an object)"", ""walk, carry/hold (an object)""]","[""normal"", ""normal"", ""normal""]",normal,"{""normal"": 36, ""unsafe"": 0, ""danger"": 0}","{""normal"": 1.0, ""unsafe"": 0.0, ""danger"": 0.0}",normal,normal,normal,True,False,labeling_yolo_sequence_coverage,sampled_danger_then_danger_ratio_sampled_unsafe_then_unsafe_ratio_else_normal,normal,normal,True,True,True,1.5613,"```json
{
    ""risk_state"": ""normal""
}
```
",True
intrusion_normal_rgb_0162_cctv2_f000046_000056_000066,normal_plant_rgb,intrusion_normal_rgb_0162_cctv2,normal_candidate,normal,"[46, 56, 66]","[1.533, 1.867, 2.2]","{""start_frame"": 31, ""end_frame"": 66}","[""walk, carry/hold (an object)"", ""walk, carry/hold (an object)"", ""walk, carry/hold (an object)""]","[""normal"", ""normal"", ""normal""]",normal,"{""normal"": 36, ""unsafe"": 0, ""danger"": 0}","{""normal"": 1.0, ""unsafe"": 0.0, ""danger"": 0.0}",normal,normal,normal,True,False,labeling_yolo_sequence_coverage,sampled_danger_then_danger_ratio_sampled_unsafe_then_unsafe_ratio_else_normal,normal,normal,True,True,True,1.5823,"```json
{
    ""risk_state"": ""normal""
}
```
",True
intrusion_normal_rgb_0162_cctv2_f000076_000086_000096,normal_plant_rgb,intrusion_normal_rgb_0162_cctv2,normal_candidate,normal,"[76, 86, 96]","[2.533, 2.867, 3.2]","{""start_frame"": 61, ""end_frame"": 96}","[""walk, carry/hold (an object)"", ""walk, carry/hold (an object)"", ""walk, carry/hold (an object)""]","[""normal"", ""normal"", ""normal""]",normal,"{""normal"": 36, ""unsafe"": 0, ""danger"": 0}","{""normal"": 1.0, ""unsafe"": 0.0, ""danger"": 0.0}",normal,normal,normal,True,False,labeling_yolo_sequence_coverage,sampled_danger_then_danger_ratio_sampled_unsafe_then_unsafe_ratio_else_normal,normal,normal,True,True,True,1.3386,"{""risk_state"":""normal""}
",True
intrusion_normal_rgb_0162_cctv2_f000106_000116_000126,normal_plant_rgb,intrusion_normal_rgb_0162_cctv2,normal_candidate,normal,"[106, 116, 126]","[3.533, 3.867, 4.2]","{""start_frame"": 91, ""end_frame"": 126}","[""walk, carry/hold (an object)"", ""walk, carry/hold (an object)"", ""walk, carry/hold (an object)""]","[""normal"", ""normal"", ""normal""]",normal,"{""normal"": 36, ""unsafe"": 0, ""danger"": 0}","{""normal"": 1.0, ""unsafe"": 0.0, ""danger"": 0.0}",normal,normal,normal,True,False,labeling_yolo_sequence_coverage,sampled_danger_then_danger_ratio_sampled_unsafe_then_unsafe_ratio_else_normal,normal,normal,True,True,True,1.3439,"{""risk_state"":""normal""}
",True
intrusion_normal_rgb_0162_cctv2_f000136_000146_000156,normal_plant_rgb,intrusion_normal_rgb_0162_cctv2,normal_candidate,normal,"[136, 146, 156]","[4.533, 4.867, 5.2]","{""start_frame"": 121, ""end_frame"": 156}","[""walk, carry/hold (an object)"", ""walk, carry/hold (an object)"", ""walk, carry/hold (an object)""]","[""normal"", ""normal"", ""normal""]",normal,"{""normal"": 36, ""unsafe"": 0, ""danger"": 0}","{""normal"": 1.0, ""unsafe"": 0.0, ""danger"": 0.0}",normal,normal,normal,True,False,labeling_yolo_sequence_coverage,sampled_danger_then_danger_ratio_sampled_unsafe_then_unsafe_ratio_else_normal,normal,normal,True,True,True,1.5769,"```json
{
    ""risk_state"": ""normal""
}
```
",True
intrusion_normal_rgb_0163_cctv2_f000016_000026_000036,normal_plant_rgb,intrusion_normal_rgb_0163_cctv2,normal_candidate,normal,"[16, 26, 36]","[0.533, 0.867, 1.2]","{""start_frame"": 1, ""end_frame"": 36}","[""walk, carry/hold (an object)"", ""walk, carry/hold (an object)"", ""walk, carry/hold (an object)""]","[""normal"", ""normal"", ""normal""]",normal,"{""normal"": 36, ""unsafe"": 0, ""danger"": 0}","{""normal"": 1.0, ""unsafe"": 0.0, ""danger"": 0.0}",normal,normal,normal,True,False,labeling_yolo_sequence_coverage,sampled_danger_then_danger_ratio_sampled_unsafe_then_unsafe_ratio_else_normal,normal,normal,True,True,True,1.5654,"```json
{
    ""risk_state"": ""normal""
}
```
",True
intrusion_normal_rgb_0163_cctv2_f000046_000056_000066,normal_plant_rgb,intrusion_normal_rgb_0163_cctv2,normal_candidate,normal,"[46, 56, 66]","[1.533, 1.867, 2.2]","{""start_frame"": 31, ""end_frame"": 66}","[""walk, carry/hold (an object)"", ""walk, carry/hold (an object)"", ""walk, carry/hold (an object)""]","[""normal"", ""normal"", ""normal""]",normal,"{""normal"": 36, ""unsafe"": 0, ""danger"": 0}","{""normal"": 1.0, ""unsafe"": 0.0, ""danger"": 0.0}",normal,normal,normal,True,False,labeling_yolo_sequence_coverage,sampled_danger_then_danger_ratio_sampled_unsafe_then_unsafe_ratio_else_normal,normal,normal,True,True,True,1.5643,"```json
{
    ""risk_state"": ""normal""
}
```
",True
intrusion_normal_rgb_0163_cctv2_f000076_000086_000096,normal_plant_rgb,intrusion_normal_rgb_0163_cctv2,normal_candidate,normal,"[76, 86, 96]","[2.533, 2.867, 3.2]","{""start_frame"": 61, ""end_frame"": 96}","[""walk, carry/hold (an object)"", ""walk, carry/hold (an object)"", ""walk, carry/hold (an object)""]","[""normal"", ""normal"", ""normal""]",normal,"{""normal"": 36, ""unsafe"": 0, ""danger"": 0}","{""normal"": 1.0, ""unsafe"": 0.0, ""danger"": 0.0}",normal,normal,normal,True,False,labeling_yolo_sequence_coverage,sampled_danger_then_danger_ratio_sampled_unsafe_then_unsafe_ratio_else_normal,normal,normal,True,True,True,1.5753,"```json
{
    ""risk_state"": ""normal""
}
```
",True
intrusion_normal_rgb_0163_cctv2_f000106_000116_000126,normal_plant_rgb,intrusion_normal_rgb_0163_cctv2,normal_candidate,normal,"[106, 116, 126]","[3.533, 3.867, 4.2]","{""start_frame"": 91, ""end_frame"": 126}","[""walk, carry/hold (an object)"", ""walk, carry/hold (an object)"", ""walk, carry/hold (an object)""]","[""normal"", ""normal"", ""normal""]",normal,"{""normal"": 36, ""unsafe"": 0, ""danger"": 0}","{""normal"": 1.0, ""unsafe"": 0.0, ""danger"": 0.0}",normal,normal,normal,True,False,labeling_yolo_sequence_coverage,sampled_danger_then_danger_ratio_sampled_unsafe_then_unsafe_ratio_else_normal,normal,normal,True,True,True,1.3419,"{""risk_state"":""normal""}
",True
intrusion_normal_rgb_0163_cctv2_f000136_000146_000156,normal_plant_rgb,intrusion_normal_rgb_0163_cctv2,normal_candidate,normal,"[136, 146, 156]","[4.533, 4.867, 5.2]","{""start_frame"": 121, ""end_frame"": 156}","[""walk, carry/hold (an object)"", ""walk, carry/hold (an object)"", ""walk, carry/hold (an object)""]","[""normal"", ""normal"", ""normal""]",normal,"{""normal"": 36, ""unsafe"": 0, ""danger"": 0}","{""normal"": 1.0, ""unsafe"": 0.0, ""danger"": 0.0}",normal,normal,normal,True,False,labeling_yolo_sequence_coverage,sampled_danger_then_danger_ratio_sampled_unsafe_then_unsafe_ratio_else_normal,normal,normal,True,True,True,1.5692,"```json
{
    ""risk_state"": ""normal""
}
```
",True
intrusion_normal_rgb_0164_cctv4_f000016_000026_000036,normal_plant_rgb,intrusion_normal_rgb_0164_cctv4,normal_candidate,normal,"[16, 26, 36]","[0.533, 0.867, 1.2]","{""start_frame"": 1, ""end_frame"": 36}","[""walk, carry/hold (an object)"", ""walk, carry/hold (an object)"", ""walk, carry/hold (an object)""]","[""normal"", ""normal"", ""normal""]",normal,"{""normal"": 36, ""unsafe"": 0, ""danger"": 0}","{""normal"": 1.0, ""unsafe"": 0.0, ""danger"": 0.0}",normal,normal,normal,True,False,labeling_yolo_sequence_coverage,sampled_danger_then_danger_ratio_sampled_unsafe_then_unsafe_ratio_else_normal,normal,normal,True,True,True,1.5662,"```json
{
    ""risk_state"": ""normal""
}
```
",True
intrusion_normal_rgb_0164_cctv4_f000046_000056_000066,normal_plant_rgb,intrusion_normal_rgb_0164_cctv4,normal_candidate,normal,"[46, 56, 66]","[1.533, 1.867, 2.2]","{""start_frame"": 31, ""end_frame"": 66}","[""walk, carry/hold (an object)"", ""walk, carry/hold (an object)"", ""walk, carry/hold (an object)""]","[""normal"", ""normal"", ""normal""]",normal,"{""normal"": 36, ""unsafe"": 0, ""danger"": 0}","{""normal"": 1.0, ""unsafe"": 0.0, ""danger"": 0.0}",normal,normal,normal,True,False,labeling_yolo_sequence_coverage,sampled_danger_then_danger_ratio_sampled_unsafe_then_unsafe_ratio_else_normal,normal,normal,True,True,True,1.3386,"{""risk_state"":""normal""}
",True
intrusion_normal_rgb_0164_cctv4_f000076_000086_000096,normal_plant_rgb,intrusion_normal_rgb_0164_cctv4,normal_candidate,normal,"[76, 86, 96]","[2.533, 2.867, 3.2]","{""start_frame"": 61, ""end_frame"": 96}","[""walk, carry/hold (an object)"", ""walk, carry/hold (an object)"", ""walk, carry/hold (an object)""]","[""normal"", ""normal"", ""normal""]",normal,"{""normal"": 36, ""unsafe"": 0, ""danger"": 0}","{""normal"": 1.0, ""unsafe"": 0.0, ""danger"": 0.0}",normal,normal,normal,True,False,labeling_yolo_sequence_coverage,sampled_danger_then_danger_ratio_sampled_unsafe_then_unsafe_ratio_else_normal,normal,normal,True,True,True,1.3419,"{""risk_state"":""normal""}
",True
intrusion_normal_rgb_0164_cctv4_f000106_000116_000126,normal_plant_rgb,intrusion_normal_rgb_0164_cctv4,normal_candidate,normal,"[106, 116, 126]","[3.533, 3.867, 4.2]","{""start_frame"": 91, ""end_frame"": 126}","[""walk, carry/hold (an object)"", ""walk, carry/hold (an object)"", ""walk, carry/hold (an object)""]","[""normal"", ""normal"", ""normal""]",normal,"{""normal"": 36, ""unsafe"": 0, ""danger"": 0}","{""normal"": 1.0, ""unsafe"": 0.0, ""danger"": 0.0}",normal,normal,normal,True,False,labeling_yolo_sequence_coverage,sampled_danger_then_danger_ratio_sampled_unsafe_then_unsafe_ratio_else_normal,normal,normal,True,True,True,1.5766,"```json
{
    ""risk_state"": ""normal""
}
```
",True
intrusion_normal_rgb_0164_cctv4_f000136_000146_000156,normal_plant_rgb,intrusion_normal_rgb_0164_cctv4,normal_candidate,normal,"[136, 146, 156]","[4.533, 4.867, 5.2]","{""start_frame"": 121, ""end_frame"": 156}","[""walk, carry/hold (an object)"", ""walk, carry/hold (an object)"", ""walk, carry/hold (an object)""]","[""normal"", ""normal"", ""normal""]",normal,"{""normal"": 36, ""unsafe"": 0, ""danger"": 0}","{""normal"": 1.0, ""unsafe"": 0.0, ""danger"": 0.0}",normal,normal,normal,True,False,labeling_yolo_sequence_coverage,sampled_danger_then_danger_ratio_sampled_unsafe_then_unsafe_ratio_else_normal,normal,normal,True,True,True,1.3442,"{""risk_state"":""normal""}
",True
intrusion_normal_rgb_0166_cctv1_f000016_000026_000036,normal_plant_rgb,intrusion_normal_rgb_0166_cctv1,normal_candidate,normal,"[16, 26, 36]","[0.533, 0.867, 1.2]","{""start_frame"": 1, ""end_frame"": 36}","[""walk, carry/hold (an object)"", ""walk, carry/hold (an object)"", ""walk, carry/hold (an object)""]","[""normal"", ""normal"", ""normal""]",normal,"{""normal"": 36, ""unsafe"": 0, ""danger"": 0}","{""normal"": 1.0, ""unsafe"": 0.0, ""danger"": 0.0}",normal,normal,normal,True,False,labeling_yolo_sequence_coverage,sampled_danger_then_danger_ratio_sampled_unsafe_then_unsafe_ratio_else_normal,normal,normal,True,True,True,1.3479,"{""risk_state"":""normal""}
",True
intrusion_normal_rgb_0166_cctv1_f000046_000056_000066,normal_plant_rgb,intrusion_normal_rgb_0166_cctv1,normal_candidate,normal,"[46, 56, 66]","[1.533, 1.867, 2.2]","{""start_frame"": 31, ""end_frame"": 66}","[""walk, carry/hold (an object)"", ""walk, carry/hold (an object)"", ""walk, carry/hold (an object)""]","[""normal"", ""normal"", ""normal""]",normal,"{""normal"": 36, ""unsafe"": 0, ""danger"": 0}","{""normal"": 1.0, ""unsafe"": 0.0, ""danger"": 0.0}",normal,normal,normal,True,False,labeling_yolo_sequence_coverage,sampled_danger_then_danger_ratio_sampled_unsafe_then_unsafe_ratio_else_normal,normal,normal,True,True,True,1.5668,"```json
{
    ""risk_state"": ""normal""
}
```
",True
intrusion_normal_rgb_0166_cctv1_f000076_000086_000096,normal_plant_rgb,intrusion_normal_rgb_0166_cctv1,normal_candidate,normal,"[76, 86, 96]","[2.533, 2.867, 3.2]","{""start_frame"": 61, ""end_frame"": 96}","[""walk, carry/hold (an object)"", ""walk, carry/hold (an object)"", ""walk, carry/hold (an object)""]","[""normal"", ""normal"", ""normal""]",normal,"{""normal"": 36, ""unsafe"": 0, ""danger"": 0}","{""normal"": 1.0, ""unsafe"": 0.0, ""danger"": 0.0}",normal,normal,normal,True,False,labeling_yolo_sequence_coverage,sampled_danger_then_danger_ratio_sampled_unsafe_then_unsafe_ratio_else_normal,normal,normal,True,True,True,1.4473,"```json
{""risk_state"":""normal""}
```
",True
intrusion_normal_rgb_0166_cctv1_f000106_000116_000126,normal_plant_rgb,intrusion_normal_rgb_0166_cctv1,normal_candidate,normal,"[106, 116, 126]","[3.533, 3.867, 4.2]","{""start_frame"": 91, ""end_frame"": 126}","[""walk, carry/hold (an object)"", ""walk, carry/hold (an object)"", ""walk, carry/hold (an object)""]","[""normal"", ""normal"", ""normal""]",normal,"{""normal"": 36, ""unsafe"": 0, ""danger"": 0}","{""normal"": 1.0, ""unsafe"": 0.0, ""danger"": 0.0}",normal,normal,normal,True,False,labeling_yolo_sequence_coverage,sampled_danger_then_danger_ratio_sampled_unsafe_then_unsafe_ratio_else_normal,normal,normal,True,True,True,1.4465,"```json
{""risk_state"":""normal""}
```
",True
