request_id,parent_request_id,group,video_id,folder_coarse_label,frame_indices,frame_times_sec,sequence_coverage,stage1_actions,sampled_frame_gt,sampled_only_gt,coverage_total_frames,coverage_frame_count,coverage_ratio,coverage_based_gt,sequence_gt,gt_risk_state,use_for_eval,needs_review,gt_source,gt_rule,image_1,image_2,image_3
intrusion_climb-over-fence_rgb_0007_cctv3_f000016,intrusion_climb-over-fence_rgb_0007_cctv3_f000016_000026_000036,climb-over-fence_plant_rgb,intrusion_climb-over-fence_rgb_0007_cctv3,intrusion_candidate,[16],[0.533],"{""start_frame"": 16, ""end_frame"": 16}","[""stand, carry/hold (an object)""]","[""danger""]",danger,1,"{""normal"": 0, ""unsafe"": 0, ""danger"": 1}","{""normal"": 0.0, ""unsafe"": 0.0, ""danger"": 1.0}",danger,danger,danger,True,False,labeling_yolo_single_frame,single_frame_gt_from_sampled_frame_label,/home/capstone2/zroact-stage2/benchmark2/data/viz_shufflenet_test/test_frame_30fps/climb-over-fence_plant_rgb/images/intrusion_climb-over-fence_rgb_0007_cctv3/intrusion_climb-over-fence_rgb_0007_cctv3_t000016.jpg,,
intrusion_climb-over-fence_rgb_0007_cctv3_f000026,intrusion_climb-over-fence_rgb_0007_cctv3_f000016_000026_000036,climb-over-fence_plant_rgb,intrusion_climb-over-fence_rgb_0007_cctv3,intrusion_candidate,[26],[0.867],"{""start_frame"": 26, ""end_frame"": 26}","[""stand, carry/hold (an object)""]","[""danger""]",danger,1,"{""normal"": 0, ""unsafe"": 0, ""danger"": 1}","{""normal"": 0.0, ""unsafe"": 0.0, ""danger"": 1.0}",danger,danger,danger,True,False,labeling_yolo_single_frame,single_frame_gt_from_sampled_frame_label,/home/capstone2/zroact-stage2/benchmark2/data/viz_shufflenet_test/test_frame_30fps/climb-over-fence_plant_rgb/images/intrusion_climb-over-fence_rgb_0007_cctv3/intrusion_climb-over-fence_rgb_0007_cctv3_t000026.jpg,,
intrusion_climb-over-fence_rgb_0007_cctv3_f000036,intrusion_climb-over-fence_rgb_0007_cctv3_f000016_000026_000036,climb-over-fence_plant_rgb,intrusion_climb-over-fence_rgb_0007_cctv3,intrusion_candidate,[36],[1.2],"{""start_frame"": 36, ""end_frame"": 36}","[""stand, carry/hold (an object)""]","[""danger""]",danger,1,"{""normal"": 0, ""unsafe"": 0, ""danger"": 1}","{""normal"": 0.0, ""unsafe"": 0.0, ""danger"": 1.0}",danger,danger,danger,True,False,labeling_yolo_single_frame,single_frame_gt_from_sampled_frame_label,/home/capstone2/zroact-stage2/benchmark2/data/viz_shufflenet_test/test_frame_30fps/climb-over-fence_plant_rgb/images/intrusion_climb-over-fence_rgb_0007_cctv3/intrusion_climb-over-fence_rgb_0007_cctv3_t000036.jpg,,
intrusion_climb-over-fence_rgb_0007_cctv3_f000046,intrusion_climb-over-fence_rgb_0007_cctv3_f000046_000056_000066,climb-over-fence_plant_rgb,intrusion_climb-over-fence_rgb_0007_cctv3,intrusion_candidate,[46],[1.533],"{""start_frame"": 46, ""end_frame"": 46}","[""stand, carry/hold (an object)""]","[""danger""]",danger,1,"{""normal"": 0, ""unsafe"": 0, ""danger"": 1}","{""normal"": 0.0, ""unsafe"": 0.0, ""danger"": 1.0}",danger,danger,danger,True,False,labeling_yolo_single_frame,single_frame_gt_from_sampled_frame_label,/home/capstone2/zroact-stage2/benchmark2/data/viz_shufflenet_test/test_frame_30fps/climb-over-fence_plant_rgb/images/intrusion_climb-over-fence_rgb_0007_cctv3/intrusion_climb-over-fence_rgb_0007_cctv3_t000046.jpg,,
intrusion_climb-over-fence_rgb_0007_cctv3_f000056,intrusion_climb-over-fence_rgb_0007_cctv3_f000046_000056_000066,climb-over-fence_plant_rgb,intrusion_climb-over-fence_rgb_0007_cctv3,intrusion_candidate,[56],[1.867],"{""start_frame"": 56, ""end_frame"": 56}","[""stand, carry/hold (an object)""]","[""danger""]",danger,1,"{""normal"": 0, ""unsafe"": 0, ""danger"": 1}","{""normal"": 0.0, ""unsafe"": 0.0, ""danger"": 1.0}",danger,danger,danger,True,False,labeling_yolo_single_frame,single_frame_gt_from_sampled_frame_label,/home/capstone2/zroact-stage2/benchmark2/data/viz_shufflenet_test/test_frame_30fps/climb-over-fence_plant_rgb/images/intrusion_climb-over-fence_rgb_0007_cctv3/intrusion_climb-over-fence_rgb_0007_cctv3_t000056.jpg,,
intrusion_climb-over-fence_rgb_0007_cctv3_f000066,intrusion_climb-over-fence_rgb_0007_cctv3_f000046_000056_000066,climb-over-fence_plant_rgb,intrusion_climb-over-fence_rgb_0007_cctv3,intrusion_candidate,[66],[2.2],"{""start_frame"": 66, ""end_frame"": 66}","[""stand, carry/hold (an object)""]","[""danger""]",danger,1,"{""normal"": 0, ""unsafe"": 0, ""danger"": 1}","{""normal"": 0.0, ""unsafe"": 0.0, ""danger"": 1.0}",danger,danger,danger,True,False,labeling_yolo_single_frame,single_frame_gt_from_sampled_frame_label,/home/capstone2/zroact-stage2/benchmark2/data/viz_shufflenet_test/test_frame_30fps/climb-over-fence_plant_rgb/images/intrusion_climb-over-fence_rgb_0007_cctv3/intrusion_climb-over-fence_rgb_0007_cctv3_t000066.jpg,,
intrusion_climb-over-fence_rgb_0007_cctv3_f000076,intrusion_climb-over-fence_rgb_0007_cctv3_f000076_000086_000096,climb-over-fence_plant_rgb,intrusion_climb-over-fence_rgb_0007_cctv3,intrusion_candidate,[76],[2.533],"{""start_frame"": 76, ""end_frame"": 76}","[""stand, carry/hold (an object)""]","[""danger""]",danger,1,"{""normal"": 0, ""unsafe"": 0, ""danger"": 1}","{""normal"": 0.0, ""unsafe"": 0.0, ""danger"": 1.0}",danger,danger,danger,True,False,labeling_yolo_single_frame,single_frame_gt_from_sampled_frame_label,/home/capstone2/zroact-stage2/benchmark2/data/viz_shufflenet_test/test_frame_30fps/climb-over-fence_plant_rgb/images/intrusion_climb-over-fence_rgb_0007_cctv3/intrusion_climb-over-fence_rgb_0007_cctv3_t000076.jpg,,
intrusion_climb-over-fence_rgb_0007_cctv3_f000086,intrusion_climb-over-fence_rgb_0007_cctv3_f000076_000086_000096,climb-over-fence_plant_rgb,intrusion_climb-over-fence_rgb_0007_cctv3,intrusion_candidate,[86],[2.867],"{""start_frame"": 86, ""end_frame"": 86}","[""stand, carry/hold (an object)""]","[""danger""]",danger,1,"{""normal"": 0, ""unsafe"": 0, ""danger"": 1}","{""normal"": 0.0, ""unsafe"": 0.0, ""danger"": 1.0}",danger,danger,danger,True,False,labeling_yolo_single_frame,single_frame_gt_from_sampled_frame_label,/home/capstone2/zroact-stage2/benchmark2/data/viz_shufflenet_test/test_frame_30fps/climb-over-fence_plant_rgb/images/intrusion_climb-over-fence_rgb_0007_cctv3/intrusion_climb-over-fence_rgb_0007_cctv3_t000086.jpg,,
intrusion_climb-over-fence_rgb_0007_cctv3_f000096,intrusion_climb-over-fence_rgb_0007_cctv3_f000076_000086_000096,climb-over-fence_plant_rgb,intrusion_climb-over-fence_rgb_0007_cctv3,intrusion_candidate,[96],[3.2],"{""start_frame"": 96, ""end_frame"": 96}","[""stand, carry/hold (an object)""]","[""danger""]",danger,1,"{""normal"": 0, ""unsafe"": 0, ""danger"": 1}","{""normal"": 0.0, ""unsafe"": 0.0, ""danger"": 1.0}",danger,danger,danger,True,False,labeling_yolo_single_frame,single_frame_gt_from_sampled_frame_label,/home/capstone2/zroact-stage2/benchmark2/data/viz_shufflenet_test/test_frame_30fps/climb-over-fence_plant_rgb/images/intrusion_climb-over-fence_rgb_0007_cctv3/intrusion_climb-over-fence_rgb_0007_cctv3_t000096.jpg,,
intrusion_climb-over-fence_rgb_0007_cctv3_f000106,intrusion_climb-over-fence_rgb_0007_cctv3_f000106_000116_000126,climb-over-fence_plant_rgb,intrusion_climb-over-fence_rgb_0007_cctv3,intrusion_candidate,[106],[3.533],"{""start_frame"": 106, ""end_frame"": 106}","[""stand, carry/hold (an object)""]","[""danger""]",danger,1,"{""normal"": 0, ""unsafe"": 0, ""danger"": 1}","{""normal"": 0.0, ""unsafe"": 0.0, ""danger"": 1.0}",danger,danger,danger,True,False,labeling_yolo_single_frame,single_frame_gt_from_sampled_frame_label,/home/capstone2/zroact-stage2/benchmark2/data/viz_shufflenet_test/test_frame_30fps/climb-over-fence_plant_rgb/images/intrusion_climb-over-fence_rgb_0007_cctv3/intrusion_climb-over-fence_rgb_0007_cctv3_t000106.jpg,,
intrusion_climb-over-fence_rgb_0007_cctv3_f000116,intrusion_climb-over-fence_rgb_0007_cctv3_f000106_000116_000126,climb-over-fence_plant_rgb,intrusion_climb-over-fence_rgb_0007_cctv3,intrusion_candidate,[116],[3.867],"{""start_frame"": 116, ""end_frame"": 116}","[""stand, carry/hold (an object)""]","[""danger""]",danger,1,"{""normal"": 0, ""unsafe"": 0, ""danger"": 1}","{""normal"": 0.0, ""unsafe"": 0.0, ""danger"": 1.0}",danger,danger,danger,True,False,labeling_yolo_single_frame,single_frame_gt_from_sampled_frame_label,/home/capstone2/zroact-stage2/benchmark2/data/viz_shufflenet_test/test_frame_30fps/climb-over-fence_plant_rgb/images/intrusion_climb-over-fence_rgb_0007_cctv3/intrusion_climb-over-fence_rgb_0007_cctv3_t000116.jpg,,
intrusion_climb-over-fence_rgb_0007_cctv3_f000126,intrusion_climb-over-fence_rgb_0007_cctv3_f000106_000116_000126,climb-over-fence_plant_rgb,intrusion_climb-over-fence_rgb_0007_cctv3,intrusion_candidate,[126],[4.2],"{""start_frame"": 126, ""end_frame"": 126}","[""stand, carry/hold (an object)""]","[""danger""]",danger,1,"{""normal"": 0, ""unsafe"": 0, ""danger"": 1}","{""normal"": 0.0, ""unsafe"": 0.0, ""danger"": 1.0}",danger,danger,danger,True,False,labeling_yolo_single_frame,single_frame_gt_from_sampled_frame_label,/home/capstone2/zroact-stage2/benchmark2/data/viz_shufflenet_test/test_frame_30fps/climb-over-fence_plant_rgb/images/intrusion_climb-over-fence_rgb_0007_cctv3/intrusion_climb-over-fence_rgb_0007_cctv3_t000126.jpg,,
intrusion_climb-over-fence_rgb_0007_cctv3_f000136,intrusion_climb-over-fence_rgb_0007_cctv3_f000136_000146_000156,climb-over-fence_plant_rgb,intrusion_climb-over-fence_rgb_0007_cctv3,intrusion_candidate,[136],[4.533],"{""start_frame"": 136, ""end_frame"": 136}","[""stand, carry/hold (an object)""]","[""danger""]",danger,1,"{""normal"": 0, ""unsafe"": 0, ""danger"": 1}","{""normal"": 0.0, ""unsafe"": 0.0, ""danger"": 1.0}",danger,danger,danger,True,False,labeling_yolo_single_frame,single_frame_gt_from_sampled_frame_label,/home/capstone2/zroact-stage2/benchmark2/data/viz_shufflenet_test/test_frame_30fps/climb-over-fence_plant_rgb/images/intrusion_climb-over-fence_rgb_0007_cctv3/intrusion_climb-over-fence_rgb_0007_cctv3_t000136.jpg,,
intrusion_climb-over-fence_rgb_0007_cctv3_f000146,intrusion_climb-over-fence_rgb_0007_cctv3_f000136_000146_000156,climb-over-fence_plant_rgb,intrusion_climb-over-fence_rgb_0007_cctv3,intrusion_candidate,[146],[4.867],"{""start_frame"": 146, ""end_frame"": 146}","[""stand, carry/hold (an object)""]","[""danger""]",danger,1,"{""normal"": 0, ""unsafe"": 0, ""danger"": 1}","{""normal"": 0.0, ""unsafe"": 0.0, ""danger"": 1.0}",danger,danger,danger,True,False,labeling_yolo_single_frame,single_frame_gt_from_sampled_frame_label,/home/capstone2/zroact-stage2/benchmark2/data/viz_shufflenet_test/test_frame_30fps/climb-over-fence_plant_rgb/images/intrusion_climb-over-fence_rgb_0007_cctv3/intrusion_climb-over-fence_rgb_0007_cctv3_t000146.jpg,,
intrusion_climb-over-fence_rgb_0007_cctv3_f000156,intrusion_climb-over-fence_rgb_0007_cctv3_f000136_000146_000156,climb-over-fence_plant_rgb,intrusion_climb-over-fence_rgb_0007_cctv3,intrusion_candidate,[156],[5.2],"{""start_frame"": 156, ""end_frame"": 156}","[""stand, carry/hold (an object)""]","[""danger""]",danger,1,"{""normal"": 0, ""unsafe"": 0, ""danger"": 1}","{""normal"": 0.0, ""unsafe"": 0.0, ""danger"": 1.0}",danger,danger,danger,True,False,labeling_yolo_single_frame,single_frame_gt_from_sampled_frame_label,/home/capstone2/zroact-stage2/benchmark2/data/viz_shufflenet_test/test_frame_30fps/climb-over-fence_plant_rgb/images/intrusion_climb-over-fence_rgb_0007_cctv3/intrusion_climb-over-fence_rgb_0007_cctv3_t000156.jpg,,
intrusion_climb-over-fence_rgb_0007_cctv3_f000166,intrusion_climb-over-fence_rgb_0007_cctv3_f000166_000176_000186,climb-over-fence_plant_rgb,intrusion_climb-over-fence_rgb_0007_cctv3,intrusion_candidate,[166],[5.533],"{""start_frame"": 166, ""end_frame"": 166}","[""stand, carry/hold (an object)""]","[""danger""]",danger,1,"{""normal"": 0, ""unsafe"": 0, ""danger"": 1}","{""normal"": 0.0, ""unsafe"": 0.0, ""danger"": 1.0}",danger,danger,danger,True,False,labeling_yolo_single_frame,single_frame_gt_from_sampled_frame_label,/home/capstone2/zroact-stage2/benchmark2/data/viz_shufflenet_test/test_frame_30fps/climb-over-fence_plant_rgb/images/intrusion_climb-over-fence_rgb_0007_cctv3/intrusion_climb-over-fence_rgb_0007_cctv3_t000166.jpg,,
intrusion_climb-over-fence_rgb_0007_cctv3_f000176,intrusion_climb-over-fence_rgb_0007_cctv3_f000166_000176_000186,climb-over-fence_plant_rgb,intrusion_climb-over-fence_rgb_0007_cctv3,intrusion_candidate,[176],[5.867],"{""start_frame"": 176, ""end_frame"": 176}","[""stand, carry/hold (an object)""]","[""danger""]",danger,1,"{""normal"": 0, ""unsafe"": 0, ""danger"": 1}","{""normal"": 0.0, ""unsafe"": 0.0, ""danger"": 1.0}",danger,danger,danger,True,False,labeling_yolo_single_frame,single_frame_gt_from_sampled_frame_label,/home/capstone2/zroact-stage2/benchmark2/data/viz_shufflenet_test/test_frame_30fps/climb-over-fence_plant_rgb/images/intrusion_climb-over-fence_rgb_0007_cctv3/intrusion_climb-over-fence_rgb_0007_cctv3_t000176.jpg,,
intrusion_climb-over-fence_rgb_0007_cctv3_f000186,intrusion_climb-over-fence_rgb_0007_cctv3_f000166_000176_000186,climb-over-fence_plant_rgb,intrusion_climb-over-fence_rgb_0007_cctv3,intrusion_candidate,[186],[6.2],"{""start_frame"": 186, ""end_frame"": 186}","[""stand, carry/hold (an object)""]","[""danger""]",danger,1,"{""normal"": 0, ""unsafe"": 0, ""danger"": 1}","{""normal"": 0.0, ""unsafe"": 0.0, ""danger"": 1.0}",danger,danger,danger,True,False,labeling_yolo_single_frame,single_frame_gt_from_sampled_frame_label,/home/capstone2/zroact-stage2/benchmark2/data/viz_shufflenet_test/test_frame_30fps/climb-over-fence_plant_rgb/images/intrusion_climb-over-fence_rgb_0007_cctv3/intrusion_climb-over-fence_rgb_0007_cctv3_t000186.jpg,,
intrusion_climb-over-fence_rgb_0007_cctv3_f000196,intrusion_climb-over-fence_rgb_0007_cctv3_f000196_000206_000216,climb-over-fence_plant_rgb,intrusion_climb-over-fence_rgb_0007_cctv3,intrusion_candidate,[196],[6.533],"{""start_frame"": 196, ""end_frame"": 196}","[""stand, carry/hold (an object)""]","[""danger""]",danger,1,"{""normal"": 0, ""unsafe"": 0, ""danger"": 1}","{""normal"": 0.0, ""unsafe"": 0.0, ""danger"": 1.0}",danger,danger,danger,True,False,labeling_yolo_single_frame,single_frame_gt_from_sampled_frame_label,/home/capstone2/zroact-stage2/benchmark2/data/viz_shufflenet_test/test_frame_30fps/climb-over-fence_plant_rgb/images/intrusion_climb-over-fence_rgb_0007_cctv3/intrusion_climb-over-fence_rgb_0007_cctv3_t000196.jpg,,
intrusion_climb-over-fence_rgb_0007_cctv3_f000206,intrusion_climb-over-fence_rgb_0007_cctv3_f000196_000206_000216,climb-over-fence_plant_rgb,intrusion_climb-over-fence_rgb_0007_cctv3,intrusion_candidate,[206],[6.867],"{""start_frame"": 206, ""end_frame"": 206}","[""stand, carry/hold (an object)""]","[""danger""]",danger,1,"{""normal"": 0, ""unsafe"": 0, ""danger"": 1}","{""normal"": 0.0, ""unsafe"": 0.0, ""danger"": 1.0}",danger,danger,danger,True,False,labeling_yolo_single_frame,single_frame_gt_from_sampled_frame_label,/home/capstone2/zroact-stage2/benchmark2/data/viz_shufflenet_test/test_frame_30fps/climb-over-fence_plant_rgb/images/intrusion_climb-over-fence_rgb_0007_cctv3/intrusion_climb-over-fence_rgb_0007_cctv3_t000206.jpg,,
intrusion_climb-over-fence_rgb_0007_cctv3_f000216,intrusion_climb-over-fence_rgb_0007_cctv3_f000196_000206_000216,climb-over-fence_plant_rgb,intrusion_climb-over-fence_rgb_0007_cctv3,intrusion_candidate,[216],[7.2],"{""start_frame"": 216, ""end_frame"": 216}","[""stand, carry/hold (an object)""]","[""danger""]",danger,1,"{""normal"": 0, ""unsafe"": 0, ""danger"": 1}","{""normal"": 0.0, ""unsafe"": 0.0, ""danger"": 1.0}",danger,danger,danger,True,False,labeling_yolo_single_frame,single_frame_gt_from_sampled_frame_label,/home/capstone2/zroact-stage2/benchmark2/data/viz_shufflenet_test/test_frame_30fps/climb-over-fence_plant_rgb/images/intrusion_climb-over-fence_rgb_0007_cctv3/intrusion_climb-over-fence_rgb_0007_cctv3_t000216.jpg,,
intrusion_climb-over-fence_rgb_0007_cctv3_f000226,intrusion_climb-over-fence_rgb_0007_cctv3_f000226_000236_000246,climb-over-fence_plant_rgb,intrusion_climb-over-fence_rgb_0007_cctv3,intrusion_candidate,[226],[7.533],"{""start_frame"": 226, ""end_frame"": 226}","[""stand, carry/hold (an object)""]","[""danger""]",danger,1,"{""normal"": 0, ""unsafe"": 0, ""danger"": 1}","{""normal"": 0.0, ""unsafe"": 0.0, ""danger"": 1.0}",danger,danger,danger,True,False,labeling_yolo_single_frame,single_frame_gt_from_sampled_frame_label,/home/capstone2/zroact-stage2/benchmark2/data/viz_shufflenet_test/test_frame_30fps/climb-over-fence_plant_rgb/images/intrusion_climb-over-fence_rgb_0007_cctv3/intrusion_climb-over-fence_rgb_0007_cctv3_t000226.jpg,,
intrusion_climb-over-fence_rgb_0007_cctv3_f000236,intrusion_climb-over-fence_rgb_0007_cctv3_f000226_000236_000246,climb-over-fence_plant_rgb,intrusion_climb-over-fence_rgb_0007_cctv3,intrusion_candidate,[236],[7.867],"{""start_frame"": 236, ""end_frame"": 236}","[""stand, carry/hold (an object)""]","[""danger""]",danger,1,"{""normal"": 0, ""unsafe"": 0, ""danger"": 1}","{""normal"": 0.0, ""unsafe"": 0.0, ""danger"": 1.0}",danger,danger,danger,True,False,labeling_yolo_single_frame,single_frame_gt_from_sampled_frame_label,/home/capstone2/zroact-stage2/benchmark2/data/viz_shufflenet_test/test_frame_30fps/climb-over-fence_plant_rgb/images/intrusion_climb-over-fence_rgb_0007_cctv3/intrusion_climb-over-fence_rgb_0007_cctv3_t000236.jpg,,
intrusion_climb-over-fence_rgb_0007_cctv3_f000246,intrusion_climb-over-fence_rgb_0007_cctv3_f000226_000236_000246,climb-over-fence_plant_rgb,intrusion_climb-over-fence_rgb_0007_cctv3,intrusion_candidate,[246],[8.2],"{""start_frame"": 246, ""end_frame"": 246}","[""stand, carry/hold (an object)""]","[""danger""]",danger,1,"{""normal"": 0, ""unsafe"": 0, ""danger"": 1}","{""normal"": 0.0, ""unsafe"": 0.0, ""danger"": 1.0}",danger,danger,danger,True,False,labeling_yolo_single_frame,single_frame_gt_from_sampled_frame_label,/home/capstone2/zroact-stage2/benchmark2/data/viz_shufflenet_test/test_frame_30fps/climb-over-fence_plant_rgb/images/intrusion_climb-over-fence_rgb_0007_cctv3/intrusion_climb-over-fence_rgb_0007_cctv3_t000246.jpg,,
intrusion_climb-over-fence_rgb_0007_cctv3_f000256,intrusion_climb-over-fence_rgb_0007_cctv3_f000256_000266_000276,climb-over-fence_plant_rgb,intrusion_climb-over-fence_rgb_0007_cctv3,intrusion_candidate,[256],[8.533],"{""start_frame"": 256, ""end_frame"": 256}","[""stand, carry/hold (an object)""]","[""danger""]",danger,1,"{""normal"": 0, ""unsafe"": 0, ""danger"": 1}","{""normal"": 0.0, ""unsafe"": 0.0, ""danger"": 1.0}",danger,danger,danger,True,False,labeling_yolo_single_frame,single_frame_gt_from_sampled_frame_label,/home/capstone2/zroact-stage2/benchmark2/data/viz_shufflenet_test/test_frame_30fps/climb-over-fence_plant_rgb/images/intrusion_climb-over-fence_rgb_0007_cctv3/intrusion_climb-over-fence_rgb_0007_cctv3_t000256.jpg,,
intrusion_climb-over-fence_rgb_0007_cctv3_f000266,intrusion_climb-over-fence_rgb_0007_cctv3_f000256_000266_000276,climb-over-fence_plant_rgb,intrusion_climb-over-fence_rgb_0007_cctv3,intrusion_candidate,[266],[8.867],"{""start_frame"": 266, ""end_frame"": 266}","[""stand, carry/hold (an object)""]","[""danger""]",danger,1,"{""normal"": 0, ""unsafe"": 0, ""danger"": 1}","{""normal"": 0.0, ""unsafe"": 0.0, ""danger"": 1.0}",danger,danger,danger,True,False,labeling_yolo_single_frame,single_frame_gt_from_sampled_frame_label,/home/capstone2/zroact-stage2/benchmark2/data/viz_shufflenet_test/test_frame_30fps/climb-over-fence_plant_rgb/images/intrusion_climb-over-fence_rgb_0007_cctv3/intrusion_climb-over-fence_rgb_0007_cctv3_t000266.jpg,,
intrusion_climb-over-fence_rgb_0007_cctv3_f000276,intrusion_climb-over-fence_rgb_0007_cctv3_f000256_000266_000276,climb-over-fence_plant_rgb,intrusion_climb-over-fence_rgb_0007_cctv3,intrusion_candidate,[276],[9.2],"{""start_frame"": 276, ""end_frame"": 276}","[""stand, carry/hold (an object)""]","[""danger""]",danger,1,"{""normal"": 0, ""unsafe"": 0, ""danger"": 1}","{""normal"": 0.0, ""unsafe"": 0.0, ""danger"": 1.0}",danger,danger,danger,True,False,labeling_yolo_single_frame,single_frame_gt_from_sampled_frame_label,/home/capstone2/zroact-stage2/benchmark2/data/viz_shufflenet_test/test_frame_30fps/climb-over-fence_plant_rgb/images/intrusion_climb-over-fence_rgb_0007_cctv3/intrusion_climb-over-fence_rgb_0007_cctv3_t000276.jpg,,
intrusion_climb-over-fence_rgb_0007_cctv3_f000286,intrusion_climb-over-fence_rgb_0007_cctv3_f000286_000296_000306,climb-over-fence_plant_rgb,intrusion_climb-over-fence_rgb_0007_cctv3,intrusion_candidate,[286],[9.533],"{""start_frame"": 286, ""end_frame"": 286}","[""stand, carry/hold (an object)""]","[""danger""]",danger,1,"{""normal"": 0, ""unsafe"": 0, ""danger"": 1}","{""normal"": 0.0, ""unsafe"": 0.0, ""danger"": 1.0}",danger,danger,danger,True,False,labeling_yolo_single_frame,single_frame_gt_from_sampled_frame_label,/home/capstone2/zroact-stage2/benchmark2/data/viz_shufflenet_test/test_frame_30fps/climb-over-fence_plant_rgb/images/intrusion_climb-over-fence_rgb_0007_cctv3/intrusion_climb-over-fence_rgb_0007_cctv3_t000286.jpg,,
intrusion_climb-over-fence_rgb_0007_cctv3_f000296,intrusion_climb-over-fence_rgb_0007_cctv3_f000286_000296_000306,climb-over-fence_plant_rgb,intrusion_climb-over-fence_rgb_0007_cctv3,intrusion_candidate,[296],[9.867],"{""start_frame"": 296, ""end_frame"": 296}","[""stand, carry/hold (an object)""]","[""danger""]",danger,1,"{""normal"": 0, ""unsafe"": 0, ""danger"": 1}","{""normal"": 0.0, ""unsafe"": 0.0, ""danger"": 1.0}",danger,danger,danger,True,False,labeling_yolo_single_frame,single_frame_gt_from_sampled_frame_label,/home/capstone2/zroact-stage2/benchmark2/data/viz_shufflenet_test/test_frame_30fps/climb-over-fence_plant_rgb/images/intrusion_climb-over-fence_rgb_0007_cctv3/intrusion_climb-over-fence_rgb_0007_cctv3_t000296.jpg,,
intrusion_climb-over-fence_rgb_0007_cctv3_f000306,intrusion_climb-over-fence_rgb_0007_cctv3_f000286_000296_000306,climb-over-fence_plant_rgb,intrusion_climb-over-fence_rgb_0007_cctv3,intrusion_candidate,[306],[10.2],"{""start_frame"": 306, ""end_frame"": 306}","[""stand, carry/hold (an object)""]","[""danger""]",danger,1,"{""normal"": 0, ""unsafe"": 0, ""danger"": 1}","{""normal"": 0.0, ""unsafe"": 0.0, ""danger"": 1.0}",danger,danger,danger,True,False,labeling_yolo_single_frame,single_frame_gt_from_sampled_frame_label,/home/capstone2/zroact-stage2/benchmark2/data/viz_shufflenet_test/test_frame_30fps/climb-over-fence_plant_rgb/images/intrusion_climb-over-fence_rgb_0007_cctv3/intrusion_climb-over-fence_rgb_0007_cctv3_t000306.jpg,,
intrusion_climb-over-fence_rgb_0007_cctv3_f000316,intrusion_climb-over-fence_rgb_0007_cctv3_f000316_000326_000336,climb-over-fence_plant_rgb,intrusion_climb-over-fence_rgb_0007_cctv3,intrusion_candidate,[316],[10.533],"{""start_frame"": 316, ""end_frame"": 316}","[""stand, carry/hold (an object)""]","[""danger""]",danger,1,"{""normal"": 0, ""unsafe"": 0, ""danger"": 1}","{""normal"": 0.0, ""unsafe"": 0.0, ""danger"": 1.0}",danger,danger,danger,True,False,labeling_yolo_single_frame,single_frame_gt_from_sampled_frame_label,/home/capstone2/zroact-stage2/benchmark2/data/viz_shufflenet_test/test_frame_30fps/climb-over-fence_plant_rgb/images/intrusion_climb-over-fence_rgb_0007_cctv3/intrusion_climb-over-fence_rgb_0007_cctv3_t000316.jpg,,
intrusion_climb-over-fence_rgb_0007_cctv3_f000326,intrusion_climb-over-fence_rgb_0007_cctv3_f000316_000326_000336,climb-over-fence_plant_rgb,intrusion_climb-over-fence_rgb_0007_cctv3,intrusion_candidate,[326],[10.867],"{""start_frame"": 326, ""end_frame"": 326}","[""stand, carry/hold (an object)""]","[""danger""]",danger,1,"{""normal"": 0, ""unsafe"": 0, ""danger"": 1}","{""normal"": 0.0, ""unsafe"": 0.0, ""danger"": 1.0}",danger,danger,danger,True,False,labeling_yolo_single_frame,single_frame_gt_from_sampled_frame_label,/home/capstone2/zroact-stage2/benchmark2/data/viz_shufflenet_test/test_frame_30fps/climb-over-fence_plant_rgb/images/intrusion_climb-over-fence_rgb_0007_cctv3/intrusion_climb-over-fence_rgb_0007_cctv3_t000326.jpg,,
intrusion_climb-over-fence_rgb_0007_cctv3_f000336,intrusion_climb-over-fence_rgb_0007_cctv3_f000316_000326_000336,climb-over-fence_plant_rgb,intrusion_climb-over-fence_rgb_0007_cctv3,intrusion_candidate,[336],[11.2],"{""start_frame"": 336, ""end_frame"": 336}","[""stand, carry/hold (an object)""]","[""danger""]",danger,1,"{""normal"": 0, ""unsafe"": 0, ""danger"": 1}","{""normal"": 0.0, ""unsafe"": 0.0, ""danger"": 1.0}",danger,danger,danger,True,False,labeling_yolo_single_frame,single_frame_gt_from_sampled_frame_label,/home/capstone2/zroact-stage2/benchmark2/data/viz_shufflenet_test/test_frame_30fps/climb-over-fence_plant_rgb/images/intrusion_climb-over-fence_rgb_0007_cctv3/intrusion_climb-over-fence_rgb_0007_cctv3_t000336.jpg,,
intrusion_climb-over-fence_rgb_0007_cctv3_f000346,intrusion_climb-over-fence_rgb_0007_cctv3_f000346_000356_000366,climb-over-fence_plant_rgb,intrusion_climb-over-fence_rgb_0007_cctv3,intrusion_candidate,[346],[11.533],"{""start_frame"": 346, ""end_frame"": 346}","[""stand, carry/hold (an object)""]","[""danger""]",danger,1,"{""normal"": 0, ""unsafe"": 0, ""danger"": 1}","{""normal"": 0.0, ""unsafe"": 0.0, ""danger"": 1.0}",danger,danger,danger,True,False,labeling_yolo_single_frame,single_frame_gt_from_sampled_frame_label,/home/capstone2/zroact-stage2/benchmark2/data/viz_shufflenet_test/test_frame_30fps/climb-over-fence_plant_rgb/images/intrusion_climb-over-fence_rgb_0007_cctv3/intrusion_climb-over-fence_rgb_0007_cctv3_t000346.jpg,,
intrusion_climb-over-fence_rgb_0007_cctv3_f000356,intrusion_climb-over-fence_rgb_0007_cctv3_f000346_000356_000366,climb-over-fence_plant_rgb,intrusion_climb-over-fence_rgb_0007_cctv3,intrusion_candidate,[356],[11.867],"{""start_frame"": 356, ""end_frame"": 356}","[""stand, carry/hold (an object)""]","[""danger""]",danger,1,"{""normal"": 0, ""unsafe"": 0, ""danger"": 1}","{""normal"": 0.0, ""unsafe"": 0.0, ""danger"": 1.0}",danger,danger,danger,True,False,labeling_yolo_single_frame,single_frame_gt_from_sampled_frame_label,/home/capstone2/zroact-stage2/benchmark2/data/viz_shufflenet_test/test_frame_30fps/climb-over-fence_plant_rgb/images/intrusion_climb-over-fence_rgb_0007_cctv3/intrusion_climb-over-fence_rgb_0007_cctv3_t000356.jpg,,
intrusion_climb-over-fence_rgb_0007_cctv3_f000366,intrusion_climb-over-fence_rgb_0007_cctv3_f000346_000356_000366,climb-over-fence_plant_rgb,intrusion_climb-over-fence_rgb_0007_cctv3,intrusion_candidate,[366],[12.2],"{""start_frame"": 366, ""end_frame"": 366}","[""stand, carry/hold (an object)""]","[""danger""]",danger,1,"{""normal"": 0, ""unsafe"": 0, ""danger"": 1}","{""normal"": 0.0, ""unsafe"": 0.0, ""danger"": 1.0}",danger,danger,danger,True,False,labeling_yolo_single_frame,single_frame_gt_from_sampled_frame_label,/home/capstone2/zroact-stage2/benchmark2/data/viz_shufflenet_test/test_frame_30fps/climb-over-fence_plant_rgb/images/intrusion_climb-over-fence_rgb_0007_cctv3/intrusion_climb-over-fence_rgb_0007_cctv3_t000366.jpg,,
intrusion_climb-over-fence_rgb_0007_cctv3_f000376,intrusion_climb-over-fence_rgb_0007_cctv3_f000376_000386_000396,climb-over-fence_plant_rgb,intrusion_climb-over-fence_rgb_0007_cctv3,intrusion_candidate,[376],[12.533],"{""start_frame"": 376, ""end_frame"": 376}","[""stand, carry/hold (an object)""]","[""danger""]",danger,1,"{""normal"": 0, ""unsafe"": 0, ""danger"": 1}","{""normal"": 0.0, ""unsafe"": 0.0, ""danger"": 1.0}",danger,danger,danger,True,False,labeling_yolo_single_frame,single_frame_gt_from_sampled_frame_label,/home/capstone2/zroact-stage2/benchmark2/data/viz_shufflenet_test/test_frame_30fps/climb-over-fence_plant_rgb/images/intrusion_climb-over-fence_rgb_0007_cctv3/intrusion_climb-over-fence_rgb_0007_cctv3_t000376.jpg,,
intrusion_climb-over-fence_rgb_0007_cctv3_f000386,intrusion_climb-over-fence_rgb_0007_cctv3_f000376_000386_000396,climb-over-fence_plant_rgb,intrusion_climb-over-fence_rgb_0007_cctv3,intrusion_candidate,[386],[12.867],"{""start_frame"": 386, ""end_frame"": 386}","[""stand, carry/hold (an object)""]","[""danger""]",danger,1,"{""normal"": 0, ""unsafe"": 0, ""danger"": 1}","{""normal"": 0.0, ""unsafe"": 0.0, ""danger"": 1.0}",danger,danger,danger,True,False,labeling_yolo_single_frame,single_frame_gt_from_sampled_frame_label,/home/capstone2/zroact-stage2/benchmark2/data/viz_shufflenet_test/test_frame_30fps/climb-over-fence_plant_rgb/images/intrusion_climb-over-fence_rgb_0007_cctv3/intrusion_climb-over-fence_rgb_0007_cctv3_t000386.jpg,,
intrusion_climb-over-fence_rgb_0007_cctv3_f000396,intrusion_climb-over-fence_rgb_0007_cctv3_f000376_000386_000396,climb-over-fence_plant_rgb,intrusion_climb-over-fence_rgb_0007_cctv3,intrusion_candidate,[396],[13.2],"{""start_frame"": 396, ""end_frame"": 396}","[""stand, carry/hold (an object)""]","[""danger""]",danger,1,"{""normal"": 0, ""unsafe"": 0, ""danger"": 1}","{""normal"": 0.0, ""unsafe"": 0.0, ""danger"": 1.0}",danger,danger,danger,True,False,labeling_yolo_single_frame,single_frame_gt_from_sampled_frame_label,/home/capstone2/zroact-stage2/benchmark2/data/viz_shufflenet_test/test_frame_30fps/climb-over-fence_plant_rgb/images/intrusion_climb-over-fence_rgb_0007_cctv3/intrusion_climb-over-fence_rgb_0007_cctv3_t000396.jpg,,
intrusion_climb-over-fence_rgb_0008_cctv2_f000016,intrusion_climb-over-fence_rgb_0008_cctv2_f000016_000026_000036,climb-over-fence_plant_rgb,intrusion_climb-over-fence_rgb_0008_cctv2,intrusion_candidate,[16],[0.533],"{""start_frame"": 16, ""end_frame"": 16}","[""bend/bow (at the waist), carry/hold (an object)""]","[""unsafe""]",unsafe,1,"{""normal"": 0, ""unsafe"": 1, ""danger"": 0}","{""normal"": 0.0, ""unsafe"": 1.0, ""danger"": 0.0}",unsafe,unsafe,unsafe,True,False,labeling_yolo_single_frame,single_frame_gt_from_sampled_frame_label,/home/capstone2/zroact-stage2/benchmark2/data/viz_shufflenet_test/test_frame_30fps/climb-over-fence_plant_rgb/images/intrusion_climb-over-fence_rgb_0008_cctv2/intrusion_climb-over-fence_rgb_0008_cctv2_t000016.jpg,,
intrusion_climb-over-fence_rgb_0008_cctv2_f000026,intrusion_climb-over-fence_rgb_0008_cctv2_f000016_000026_000036,climb-over-fence_plant_rgb,intrusion_climb-over-fence_rgb_0008_cctv2,intrusion_candidate,[26],[0.867],"{""start_frame"": 26, ""end_frame"": 26}","[""bend/bow (at the waist), carry/hold (an object)""]","[""unsafe""]",unsafe,1,"{""normal"": 0, ""unsafe"": 1, ""danger"": 0}","{""normal"": 0.0, ""unsafe"": 1.0, ""danger"": 0.0}",unsafe,unsafe,unsafe,True,False,labeling_yolo_single_frame,single_frame_gt_from_sampled_frame_label,/home/capstone2/zroact-stage2/benchmark2/data/viz_shufflenet_test/test_frame_30fps/climb-over-fence_plant_rgb/images/intrusion_climb-over-fence_rgb_0008_cctv2/intrusion_climb-over-fence_rgb_0008_cctv2_t000026.jpg,,
intrusion_climb-over-fence_rgb_0008_cctv2_f000036,intrusion_climb-over-fence_rgb_0008_cctv2_f000016_000026_000036,climb-over-fence_plant_rgb,intrusion_climb-over-fence_rgb_0008_cctv2,intrusion_candidate,[36],[1.2],"{""start_frame"": 36, ""end_frame"": 36}","[""bend/bow (at the waist), carry/hold (an object)""]","[""unsafe""]",unsafe,1,"{""normal"": 0, ""unsafe"": 1, ""danger"": 0}","{""normal"": 0.0, ""unsafe"": 1.0, ""danger"": 0.0}",unsafe,unsafe,unsafe,True,False,labeling_yolo_single_frame,single_frame_gt_from_sampled_frame_label,/home/capstone2/zroact-stage2/benchmark2/data/viz_shufflenet_test/test_frame_30fps/climb-over-fence_plant_rgb/images/intrusion_climb-over-fence_rgb_0008_cctv2/intrusion_climb-over-fence_rgb_0008_cctv2_t000036.jpg,,
intrusion_climb-over-fence_rgb_0008_cctv2_f000046,intrusion_climb-over-fence_rgb_0008_cctv2_f000046_000056_000066,climb-over-fence_plant_rgb,intrusion_climb-over-fence_rgb_0008_cctv2,intrusion_candidate,[46],[1.533],"{""start_frame"": 46, ""end_frame"": 46}","[""bend/bow (at the waist), carry/hold (an object)""]","[""danger""]",danger,1,"{""normal"": 0, ""unsafe"": 0, ""danger"": 1}","{""normal"": 0.0, ""unsafe"": 0.0, ""danger"": 1.0}",danger,danger,danger,True,False,labeling_yolo_single_frame,single_frame_gt_from_sampled_frame_label,/home/capstone2/zroact-stage2/benchmark2/data/viz_shufflenet_test/test_frame_30fps/climb-over-fence_plant_rgb/images/intrusion_climb-over-fence_rgb_0008_cctv2/intrusion_climb-over-fence_rgb_0008_cctv2_t000046.jpg,,
intrusion_climb-over-fence_rgb_0008_cctv2_f000056,intrusion_climb-over-fence_rgb_0008_cctv2_f000046_000056_000066,climb-over-fence_plant_rgb,intrusion_climb-over-fence_rgb_0008_cctv2,intrusion_candidate,[56],[1.867],"{""start_frame"": 56, ""end_frame"": 56}","[""stand, carry/hold (an object)""]","[""danger""]",danger,1,"{""normal"": 0, ""unsafe"": 0, ""danger"": 1}","{""normal"": 0.0, ""unsafe"": 0.0, ""danger"": 1.0}",danger,danger,danger,True,False,labeling_yolo_single_frame,single_frame_gt_from_sampled_frame_label,/home/capstone2/zroact-stage2/benchmark2/data/viz_shufflenet_test/test_frame_30fps/climb-over-fence_plant_rgb/images/intrusion_climb-over-fence_rgb_0008_cctv2/intrusion_climb-over-fence_rgb_0008_cctv2_t000056.jpg,,
intrusion_climb-over-fence_rgb_0008_cctv2_f000066,intrusion_climb-over-fence_rgb_0008_cctv2_f000046_000056_000066,climb-over-fence_plant_rgb,intrusion_climb-over-fence_rgb_0008_cctv2,intrusion_candidate,[66],[2.2],"{""start_frame"": 66, ""end_frame"": 66}","[""stand, carry/hold (an object)""]","[""danger""]",danger,1,"{""normal"": 0, ""unsafe"": 0, ""danger"": 1}","{""normal"": 0.0, ""unsafe"": 0.0, ""danger"": 1.0}",danger,danger,danger,True,False,labeling_yolo_single_frame,single_frame_gt_from_sampled_frame_label,/home/capstone2/zroact-stage2/benchmark2/data/viz_shufflenet_test/test_frame_30fps/climb-over-fence_plant_rgb/images/intrusion_climb-over-fence_rgb_0008_cctv2/intrusion_climb-over-fence_rgb_0008_cctv2_t000066.jpg,,
intrusion_climb-over-fence_rgb_0008_cctv2_f000076,intrusion_climb-over-fence_rgb_0008_cctv2_f000076_000086_000096,climb-over-fence_plant_rgb,intrusion_climb-over-fence_rgb_0008_cctv2,intrusion_candidate,[76],[2.533],"{""start_frame"": 76, ""end_frame"": 76}","[""stand, carry/hold (an object)""]","[""danger""]",danger,1,"{""normal"": 0, ""unsafe"": 0, ""danger"": 1}","{""normal"": 0.0, ""unsafe"": 0.0, ""danger"": 1.0}",danger,danger,danger,True,False,labeling_yolo_single_frame,single_frame_gt_from_sampled_frame_label,/home/capstone2/zroact-stage2/benchmark2/data/viz_shufflenet_test/test_frame_30fps/climb-over-fence_plant_rgb/images/intrusion_climb-over-fence_rgb_0008_cctv2/intrusion_climb-over-fence_rgb_0008_cctv2_t000076.jpg,,
intrusion_climb-over-fence_rgb_0008_cctv2_f000086,intrusion_climb-over-fence_rgb_0008_cctv2_f000076_000086_000096,climb-over-fence_plant_rgb,intrusion_climb-over-fence_rgb_0008_cctv2,intrusion_candidate,[86],[2.867],"{""start_frame"": 86, ""end_frame"": 86}","[""walk, carry/hold (an object)""]","[""danger""]",danger,1,"{""normal"": 0, ""unsafe"": 0, ""danger"": 1}","{""normal"": 0.0, ""unsafe"": 0.0, ""danger"": 1.0}",danger,danger,danger,True,False,labeling_yolo_single_frame,single_frame_gt_from_sampled_frame_label,/home/capstone2/zroact-stage2/benchmark2/data/viz_shufflenet_test/test_frame_30fps/climb-over-fence_plant_rgb/images/intrusion_climb-over-fence_rgb_0008_cctv2/intrusion_climb-over-fence_rgb_0008_cctv2_t000086.jpg,,
intrusion_climb-over-fence_rgb_0008_cctv2_f000096,intrusion_climb-over-fence_rgb_0008_cctv2_f000076_000086_000096,climb-over-fence_plant_rgb,intrusion_climb-over-fence_rgb_0008_cctv2,intrusion_candidate,[96],[3.2],"{""start_frame"": 96, ""end_frame"": 96}","[""walk, carry/hold (an object)""]","[""danger""]",danger,1,"{""normal"": 0, ""unsafe"": 0, ""danger"": 1}","{""normal"": 0.0, ""unsafe"": 0.0, ""danger"": 1.0}",danger,danger,danger,True,False,labeling_yolo_single_frame,single_frame_gt_from_sampled_frame_label,/home/capstone2/zroact-stage2/benchmark2/data/viz_shufflenet_test/test_frame_30fps/climb-over-fence_plant_rgb/images/intrusion_climb-over-fence_rgb_0008_cctv2/intrusion_climb-over-fence_rgb_0008_cctv2_t000096.jpg,,
intrusion_climb-over-fence_rgb_0008_cctv2_f000106,intrusion_climb-over-fence_rgb_0008_cctv2_f000106_000116_000126,climb-over-fence_plant_rgb,intrusion_climb-over-fence_rgb_0008_cctv2,intrusion_candidate,[106],[3.533],"{""start_frame"": 106, ""end_frame"": 106}","[""walk, carry/hold (an object)""]","[""danger""]",danger,1,"{""normal"": 0, ""unsafe"": 0, ""danger"": 1}","{""normal"": 0.0, ""unsafe"": 0.0, ""danger"": 1.0}",danger,danger,danger,True,False,labeling_yolo_single_frame,single_frame_gt_from_sampled_frame_label,/home/capstone2/zroact-stage2/benchmark2/data/viz_shufflenet_test/test_frame_30fps/climb-over-fence_plant_rgb/images/intrusion_climb-over-fence_rgb_0008_cctv2/intrusion_climb-over-fence_rgb_0008_cctv2_t000106.jpg,,
intrusion_climb-over-fence_rgb_0008_cctv2_f000116,intrusion_climb-over-fence_rgb_0008_cctv2_f000106_000116_000126,climb-over-fence_plant_rgb,intrusion_climb-over-fence_rgb_0008_cctv2,intrusion_candidate,[116],[3.867],"{""start_frame"": 116, ""end_frame"": 116}","[""carry/hold (an object), walk""]","[""danger""]",danger,1,"{""normal"": 0, ""unsafe"": 0, ""danger"": 1}","{""normal"": 0.0, ""unsafe"": 0.0, ""danger"": 1.0}",danger,danger,danger,True,False,labeling_yolo_single_frame,single_frame_gt_from_sampled_frame_label,/home/capstone2/zroact-stage2/benchmark2/data/viz_shufflenet_test/test_frame_30fps/climb-over-fence_plant_rgb/images/intrusion_climb-over-fence_rgb_0008_cctv2/intrusion_climb-over-fence_rgb_0008_cctv2_t000116.jpg,,
intrusion_climb-over-fence_rgb_0008_cctv2_f000126,intrusion_climb-over-fence_rgb_0008_cctv2_f000106_000116_000126,climb-over-fence_plant_rgb,intrusion_climb-over-fence_rgb_0008_cctv2,intrusion_candidate,[126],[4.2],"{""start_frame"": 126, ""end_frame"": 126}","[""stand, carry/hold (an object)""]","[""danger""]",danger,1,"{""normal"": 0, ""unsafe"": 0, ""danger"": 1}","{""normal"": 0.0, ""unsafe"": 0.0, ""danger"": 1.0}",danger,danger,danger,True,False,labeling_yolo_single_frame,single_frame_gt_from_sampled_frame_label,/home/capstone2/zroact-stage2/benchmark2/data/viz_shufflenet_test/test_frame_30fps/climb-over-fence_plant_rgb/images/intrusion_climb-over-fence_rgb_0008_cctv2/intrusion_climb-over-fence_rgb_0008_cctv2_t000126.jpg,,
intrusion_climb-over-fence_rgb_0008_cctv2_f000136,intrusion_climb-over-fence_rgb_0008_cctv2_f000136_000146_000156,climb-over-fence_plant_rgb,intrusion_climb-over-fence_rgb_0008_cctv2,intrusion_candidate,[136],[4.533],"{""start_frame"": 136, ""end_frame"": 136}","[""carry/hold (an object), stand""]","[""danger""]",danger,1,"{""normal"": 0, ""unsafe"": 0, ""danger"": 1}","{""normal"": 0.0, ""unsafe"": 0.0, ""danger"": 1.0}",danger,danger,danger,True,False,labeling_yolo_single_frame,single_frame_gt_from_sampled_frame_label,/home/capstone2/zroact-stage2/benchmark2/data/viz_shufflenet_test/test_frame_30fps/climb-over-fence_plant_rgb/images/intrusion_climb-over-fence_rgb_0008_cctv2/intrusion_climb-over-fence_rgb_0008_cctv2_t000136.jpg,,
intrusion_climb-over-fence_rgb_0008_cctv2_f000146,intrusion_climb-over-fence_rgb_0008_cctv2_f000136_000146_000156,climb-over-fence_plant_rgb,intrusion_climb-over-fence_rgb_0008_cctv2,intrusion_candidate,[146],[4.867],"{""start_frame"": 146, ""end_frame"": 146}","[""stand, carry/hold (an object)""]","[""danger""]",danger,1,"{""normal"": 0, ""unsafe"": 0, ""danger"": 1}","{""normal"": 0.0, ""unsafe"": 0.0, ""danger"": 1.0}",danger,danger,danger,True,False,labeling_yolo_single_frame,single_frame_gt_from_sampled_frame_label,/home/capstone2/zroact-stage2/benchmark2/data/viz_shufflenet_test/test_frame_30fps/climb-over-fence_plant_rgb/images/intrusion_climb-over-fence_rgb_0008_cctv2/intrusion_climb-over-fence_rgb_0008_cctv2_t000146.jpg,,
intrusion_climb-over-fence_rgb_0008_cctv2_f000156,intrusion_climb-over-fence_rgb_0008_cctv2_f000136_000146_000156,climb-over-fence_plant_rgb,intrusion_climb-over-fence_rgb_0008_cctv2,intrusion_candidate,[156],[5.2],"{""start_frame"": 156, ""end_frame"": 156}","[""stand, carry/hold (an object)""]","[""danger""]",danger,1,"{""normal"": 0, ""unsafe"": 0, ""danger"": 1}","{""normal"": 0.0, ""unsafe"": 0.0, ""danger"": 1.0}",danger,danger,danger,True,False,labeling_yolo_single_frame,single_frame_gt_from_sampled_frame_label,/home/capstone2/zroact-stage2/benchmark2/data/viz_shufflenet_test/test_frame_30fps/climb-over-fence_plant_rgb/images/intrusion_climb-over-fence_rgb_0008_cctv2/intrusion_climb-over-fence_rgb_0008_cctv2_t000156.jpg,,
intrusion_climb-over-fence_rgb_0008_cctv2_f000166,intrusion_climb-over-fence_rgb_0008_cctv2_f000166_000176_000186,climb-over-fence_plant_rgb,intrusion_climb-over-fence_rgb_0008_cctv2,intrusion_candidate,[166],[5.533],"{""start_frame"": 166, ""end_frame"": 166}","[""stand, carry/hold (an object)""]","[""danger""]",danger,1,"{""normal"": 0, ""unsafe"": 0, ""danger"": 1}","{""normal"": 0.0, ""unsafe"": 0.0, ""danger"": 1.0}",danger,danger,danger,True,False,labeling_yolo_single_frame,single_frame_gt_from_sampled_frame_label,/home/capstone2/zroact-stage2/benchmark2/data/viz_shufflenet_test/test_frame_30fps/climb-over-fence_plant_rgb/images/intrusion_climb-over-fence_rgb_0008_cctv2/intrusion_climb-over-fence_rgb_0008_cctv2_t000166.jpg,,
intrusion_climb-over-fence_rgb_0008_cctv2_f000176,intrusion_climb-over-fence_rgb_0008_cctv2_f000166_000176_000186,climb-over-fence_plant_rgb,intrusion_climb-over-fence_rgb_0008_cctv2,intrusion_candidate,[176],[5.867],"{""start_frame"": 176, ""end_frame"": 176}","[""stand, carry/hold (an object)""]","[""danger""]",danger,1,"{""normal"": 0, ""unsafe"": 0, ""danger"": 1}","{""normal"": 0.0, ""unsafe"": 0.0, ""danger"": 1.0}",danger,danger,danger,True,False,labeling_yolo_single_frame,single_frame_gt_from_sampled_frame_label,/home/capstone2/zroact-stage2/benchmark2/data/viz_shufflenet_test/test_frame_30fps/climb-over-fence_plant_rgb/images/intrusion_climb-over-fence_rgb_0008_cctv2/intrusion_climb-over-fence_rgb_0008_cctv2_t000176.jpg,,
intrusion_climb-over-fence_rgb_0008_cctv2_f000186,intrusion_climb-over-fence_rgb_0008_cctv2_f000166_000176_000186,climb-over-fence_plant_rgb,intrusion_climb-over-fence_rgb_0008_cctv2,intrusion_candidate,[186],[6.2],"{""start_frame"": 186, ""end_frame"": 186}","[""stand, carry/hold (an object)""]","[""danger""]",danger,1,"{""normal"": 0, ""unsafe"": 0, ""danger"": 1}","{""normal"": 0.0, ""unsafe"": 0.0, ""danger"": 1.0}",danger,danger,danger,True,False,labeling_yolo_single_frame,single_frame_gt_from_sampled_frame_label,/home/capstone2/zroact-stage2/benchmark2/data/viz_shufflenet_test/test_frame_30fps/climb-over-fence_plant_rgb/images/intrusion_climb-over-fence_rgb_0008_cctv2/intrusion_climb-over-fence_rgb_0008_cctv2_t000186.jpg,,
intrusion_climb-over-fence_rgb_0008_cctv2_f000196,intrusion_climb-over-fence_rgb_0008_cctv2_f000196_000206_000216,climb-over-fence_plant_rgb,intrusion_climb-over-fence_rgb_0008_cctv2,intrusion_candidate,[196],[6.533],"{""start_frame"": 196, ""end_frame"": 196}","[""stand, carry/hold (an object)""]","[""danger""]",danger,1,"{""normal"": 0, ""unsafe"": 0, ""danger"": 1}","{""normal"": 0.0, ""unsafe"": 0.0, ""danger"": 1.0}",danger,danger,danger,True,False,labeling_yolo_single_frame,single_frame_gt_from_sampled_frame_label,/home/capstone2/zroact-stage2/benchmark2/data/viz_shufflenet_test/test_frame_30fps/climb-over-fence_plant_rgb/images/intrusion_climb-over-fence_rgb_0008_cctv2/intrusion_climb-over-fence_rgb_0008_cctv2_t000196.jpg,,
intrusion_climb-over-fence_rgb_0008_cctv2_f000206,intrusion_climb-over-fence_rgb_0008_cctv2_f000196_000206_000216,climb-over-fence_plant_rgb,intrusion_climb-over-fence_rgb_0008_cctv2,intrusion_candidate,[206],[6.867],"{""start_frame"": 206, ""end_frame"": 206}","[""stand, carry/hold (an object)""]","[""danger""]",danger,1,"{""normal"": 0, ""unsafe"": 0, ""danger"": 1}","{""normal"": 0.0, ""unsafe"": 0.0, ""danger"": 1.0}",danger,danger,danger,True,False,labeling_yolo_single_frame,single_frame_gt_from_sampled_frame_label,/home/capstone2/zroact-stage2/benchmark2/data/viz_shufflenet_test/test_frame_30fps/climb-over-fence_plant_rgb/images/intrusion_climb-over-fence_rgb_0008_cctv2/intrusion_climb-over-fence_rgb_0008_cctv2_t000206.jpg,,
intrusion_climb-over-fence_rgb_0008_cctv2_f000216,intrusion_climb-over-fence_rgb_0008_cctv2_f000196_000206_000216,climb-over-fence_plant_rgb,intrusion_climb-over-fence_rgb_0008_cctv2,intrusion_candidate,[216],[7.2],"{""start_frame"": 216, ""end_frame"": 216}","[""stand, carry/hold (an object)""]","[""danger""]",danger,1,"{""normal"": 0, ""unsafe"": 0, ""danger"": 1}","{""normal"": 0.0, ""unsafe"": 0.0, ""danger"": 1.0}",danger,danger,danger,True,False,labeling_yolo_single_frame,single_frame_gt_from_sampled_frame_label,/home/capstone2/zroact-stage2/benchmark2/data/viz_shufflenet_test/test_frame_30fps/climb-over-fence_plant_rgb/images/intrusion_climb-over-fence_rgb_0008_cctv2/intrusion_climb-over-fence_rgb_0008_cctv2_t000216.jpg,,
intrusion_climb-over-fence_rgb_0008_cctv2_f000226,intrusion_climb-over-fence_rgb_0008_cctv2_f000226_000236_000246,climb-over-fence_plant_rgb,intrusion_climb-over-fence_rgb_0008_cctv2,intrusion_candidate,[226],[7.533],"{""start_frame"": 226, ""end_frame"": 226}","[""stand, carry/hold (an object)""]","[""danger""]",danger,1,"{""normal"": 0, ""unsafe"": 0, ""danger"": 1}","{""normal"": 0.0, ""unsafe"": 0.0, ""danger"": 1.0}",danger,danger,danger,True,False,labeling_yolo_single_frame,single_frame_gt_from_sampled_frame_label,/home/capstone2/zroact-stage2/benchmark2/data/viz_shufflenet_test/test_frame_30fps/climb-over-fence_plant_rgb/images/intrusion_climb-over-fence_rgb_0008_cctv2/intrusion_climb-over-fence_rgb_0008_cctv2_t000226.jpg,,
intrusion_climb-over-fence_rgb_0008_cctv2_f000236,intrusion_climb-over-fence_rgb_0008_cctv2_f000226_000236_000246,climb-over-fence_plant_rgb,intrusion_climb-over-fence_rgb_0008_cctv2,intrusion_candidate,[236],[7.867],"{""start_frame"": 236, ""end_frame"": 236}","[""stand""]","[""danger""]",danger,1,"{""normal"": 0, ""unsafe"": 0, ""danger"": 1}","{""normal"": 0.0, ""unsafe"": 0.0, ""danger"": 1.0}",danger,danger,danger,True,False,labeling_yolo_single_frame,single_frame_gt_from_sampled_frame_label,/home/capstone2/zroact-stage2/benchmark2/data/viz_shufflenet_test/test_frame_30fps/climb-over-fence_plant_rgb/images/intrusion_climb-over-fence_rgb_0008_cctv2/intrusion_climb-over-fence_rgb_0008_cctv2_t000236.jpg,,
intrusion_climb-over-fence_rgb_0008_cctv2_f000246,intrusion_climb-over-fence_rgb_0008_cctv2_f000226_000236_000246,climb-over-fence_plant_rgb,intrusion_climb-over-fence_rgb_0008_cctv2,intrusion_candidate,[246],[8.2],"{""start_frame"": 246, ""end_frame"": 246}","[""stand, carry/hold (an object)""]","[""danger""]",danger,1,"{""normal"": 0, ""unsafe"": 0, ""danger"": 1}","{""normal"": 0.0, ""unsafe"": 0.0, ""danger"": 1.0}",danger,danger,danger,True,False,labeling_yolo_single_frame,single_frame_gt_from_sampled_frame_label,/home/capstone2/zroact-stage2/benchmark2/data/viz_shufflenet_test/test_frame_30fps/climb-over-fence_plant_rgb/images/intrusion_climb-over-fence_rgb_0008_cctv2/intrusion_climb-over-fence_rgb_0008_cctv2_t000246.jpg,,
intrusion_climb-over-fence_rgb_0008_cctv2_f000256,intrusion_climb-over-fence_rgb_0008_cctv2_f000256_000266_000276,climb-over-fence_plant_rgb,intrusion_climb-over-fence_rgb_0008_cctv2,intrusion_candidate,[256],[8.533],"{""start_frame"": 256, ""end_frame"": 256}","[""walk, stand""]","[""danger""]",danger,1,"{""normal"": 0, ""unsafe"": 0, ""danger"": 1}","{""normal"": 0.0, ""unsafe"": 0.0, ""danger"": 1.0}",danger,danger,danger,True,False,labeling_yolo_single_frame,single_frame_gt_from_sampled_frame_label,/home/capstone2/zroact-stage2/benchmark2/data/viz_shufflenet_test/test_frame_30fps/climb-over-fence_plant_rgb/images/intrusion_climb-over-fence_rgb_0008_cctv2/intrusion_climb-over-fence_rgb_0008_cctv2_t000256.jpg,,
intrusion_climb-over-fence_rgb_0008_cctv2_f000266,intrusion_climb-over-fence_rgb_0008_cctv2_f000256_000266_000276,climb-over-fence_plant_rgb,intrusion_climb-over-fence_rgb_0008_cctv2,intrusion_candidate,[266],[8.867],"{""start_frame"": 266, ""end_frame"": 266}","[""stand, walk""]","[""danger""]",danger,1,"{""normal"": 0, ""unsafe"": 0, ""danger"": 1}","{""normal"": 0.0, ""unsafe"": 0.0, ""danger"": 1.0}",danger,danger,danger,True,False,labeling_yolo_single_frame,single_frame_gt_from_sampled_frame_label,/home/capstone2/zroact-stage2/benchmark2/data/viz_shufflenet_test/test_frame_30fps/climb-over-fence_plant_rgb/images/intrusion_climb-over-fence_rgb_0008_cctv2/intrusion_climb-over-fence_rgb_0008_cctv2_t000266.jpg,,
intrusion_climb-over-fence_rgb_0008_cctv2_f000276,intrusion_climb-over-fence_rgb_0008_cctv2_f000256_000266_000276,climb-over-fence_plant_rgb,intrusion_climb-over-fence_rgb_0008_cctv2,intrusion_candidate,[276],[9.2],"{""start_frame"": 276, ""end_frame"": 276}","[""stand, carry/hold (an object)""]","[""danger""]",danger,1,"{""normal"": 0, ""unsafe"": 0, ""danger"": 1}","{""normal"": 0.0, ""unsafe"": 0.0, ""danger"": 1.0}",danger,danger,danger,True,False,labeling_yolo_single_frame,single_frame_gt_from_sampled_frame_label,/home/capstone2/zroact-stage2/benchmark2/data/viz_shufflenet_test/test_frame_30fps/climb-over-fence_plant_rgb/images/intrusion_climb-over-fence_rgb_0008_cctv2/intrusion_climb-over-fence_rgb_0008_cctv2_t000276.jpg,,
intrusion_climb-over-fence_rgb_0008_cctv2_f000286,intrusion_climb-over-fence_rgb_0008_cctv2_f000286_000296_000306,climb-over-fence_plant_rgb,intrusion_climb-over-fence_rgb_0008_cctv2,intrusion_candidate,[286],[9.533],"{""start_frame"": 286, ""end_frame"": 286}","[""stand, carry/hold (an object)""]","[""danger""]",danger,1,"{""normal"": 0, ""unsafe"": 0, ""danger"": 1}","{""normal"": 0.0, ""unsafe"": 0.0, ""danger"": 1.0}",danger,danger,danger,True,False,labeling_yolo_single_frame,single_frame_gt_from_sampled_frame_label,/home/capstone2/zroact-stage2/benchmark2/data/viz_shufflenet_test/test_frame_30fps/climb-over-fence_plant_rgb/images/intrusion_climb-over-fence_rgb_0008_cctv2/intrusion_climb-over-fence_rgb_0008_cctv2_t000286.jpg,,
intrusion_climb-over-fence_rgb_0008_cctv2_f000296,intrusion_climb-over-fence_rgb_0008_cctv2_f000286_000296_000306,climb-over-fence_plant_rgb,intrusion_climb-over-fence_rgb_0008_cctv2,intrusion_candidate,[296],[9.867],"{""start_frame"": 296, ""end_frame"": 296}","[""stand, carry/hold (an object)""]","[""danger""]",danger,1,"{""normal"": 0, ""unsafe"": 0, ""danger"": 1}","{""normal"": 0.0, ""unsafe"": 0.0, ""danger"": 1.0}",danger,danger,danger,True,False,labeling_yolo_single_frame,single_frame_gt_from_sampled_frame_label,/home/capstone2/zroact-stage2/benchmark2/data/viz_shufflenet_test/test_frame_30fps/climb-over-fence_plant_rgb/images/intrusion_climb-over-fence_rgb_0008_cctv2/intrusion_climb-over-fence_rgb_0008_cctv2_t000296.jpg,,
intrusion_climb-over-fence_rgb_0008_cctv2_f000306,intrusion_climb-over-fence_rgb_0008_cctv2_f000286_000296_000306,climb-over-fence_plant_rgb,intrusion_climb-over-fence_rgb_0008_cctv2,intrusion_candidate,[306],[10.2],"{""start_frame"": 306, ""end_frame"": 306}","[""stand, carry/hold (an object)""]","[""danger""]",danger,1,"{""normal"": 0, ""unsafe"": 0, ""danger"": 1}","{""normal"": 0.0, ""unsafe"": 0.0, ""danger"": 1.0}",danger,danger,danger,True,False,labeling_yolo_single_frame,single_frame_gt_from_sampled_frame_label,/home/capstone2/zroact-stage2/benchmark2/data/viz_shufflenet_test/test_frame_30fps/climb-over-fence_plant_rgb/images/intrusion_climb-over-fence_rgb_0008_cctv2/intrusion_climb-over-fence_rgb_0008_cctv2_t000306.jpg,,
intrusion_climb-over-fence_rgb_0008_cctv2_f000316,intrusion_climb-over-fence_rgb_0008_cctv2_f000316_000326_000336,climb-over-fence_plant_rgb,intrusion_climb-over-fence_rgb_0008_cctv2,intrusion_candidate,[316],[10.533],"{""start_frame"": 316, ""end_frame"": 316}","[""bend/bow (at the waist), stand""]","[""danger""]",danger,1,"{""normal"": 0, ""unsafe"": 0, ""danger"": 1}","{""normal"": 0.0, ""unsafe"": 0.0, ""danger"": 1.0}",danger,danger,danger,True,False,labeling_yolo_single_frame,single_frame_gt_from_sampled_frame_label,/home/capstone2/zroact-stage2/benchmark2/data/viz_shufflenet_test/test_frame_30fps/climb-over-fence_plant_rgb/images/intrusion_climb-over-fence_rgb_0008_cctv2/intrusion_climb-over-fence_rgb_0008_cctv2_t000316.jpg,,
intrusion_climb-over-fence_rgb_0008_cctv2_f000326,intrusion_climb-over-fence_rgb_0008_cctv2_f000316_000326_000336,climb-over-fence_plant_rgb,intrusion_climb-over-fence_rgb_0008_cctv2,intrusion_candidate,[326],[10.867],"{""start_frame"": 326, ""end_frame"": 326}","[""bend/bow (at the waist), carry/hold (an object)""]","[""danger""]",danger,1,"{""normal"": 0, ""unsafe"": 0, ""danger"": 1}","{""normal"": 0.0, ""unsafe"": 0.0, ""danger"": 1.0}",danger,danger,danger,True,False,labeling_yolo_single_frame,single_frame_gt_from_sampled_frame_label,/home/capstone2/zroact-stage2/benchmark2/data/viz_shufflenet_test/test_frame_30fps/climb-over-fence_plant_rgb/images/intrusion_climb-over-fence_rgb_0008_cctv2/intrusion_climb-over-fence_rgb_0008_cctv2_t000326.jpg,,
intrusion_climb-over-fence_rgb_0008_cctv2_f000336,intrusion_climb-over-fence_rgb_0008_cctv2_f000316_000326_000336,climb-over-fence_plant_rgb,intrusion_climb-over-fence_rgb_0008_cctv2,intrusion_candidate,[336],[11.2],"{""start_frame"": 336, ""end_frame"": 336}","[""bend/bow (at the waist), carry/hold (an object)""]","[""danger""]",danger,1,"{""normal"": 0, ""unsafe"": 0, ""danger"": 1}","{""normal"": 0.0, ""unsafe"": 0.0, ""danger"": 1.0}",danger,danger,danger,True,False,labeling_yolo_single_frame,single_frame_gt_from_sampled_frame_label,/home/capstone2/zroact-stage2/benchmark2/data/viz_shufflenet_test/test_frame_30fps/climb-over-fence_plant_rgb/images/intrusion_climb-over-fence_rgb_0008_cctv2/intrusion_climb-over-fence_rgb_0008_cctv2_t000336.jpg,,
intrusion_climb-over-fence_rgb_0008_cctv2_f000346,intrusion_climb-over-fence_rgb_0008_cctv2_f000346_000356_000366,climb-over-fence_plant_rgb,intrusion_climb-over-fence_rgb_0008_cctv2,intrusion_candidate,[346],[11.533],"{""start_frame"": 346, ""end_frame"": 346}","[""stand, bend/bow (at the waist)""]","[""danger""]",danger,1,"{""normal"": 0, ""unsafe"": 0, ""danger"": 1}","{""normal"": 0.0, ""unsafe"": 0.0, ""danger"": 1.0}",danger,danger,danger,True,False,labeling_yolo_single_frame,single_frame_gt_from_sampled_frame_label,/home/capstone2/zroact-stage2/benchmark2/data/viz_shufflenet_test/test_frame_30fps/climb-over-fence_plant_rgb/images/intrusion_climb-over-fence_rgb_0008_cctv2/intrusion_climb-over-fence_rgb_0008_cctv2_t000346.jpg,,
intrusion_climb-over-fence_rgb_0008_cctv2_f000356,intrusion_climb-over-fence_rgb_0008_cctv2_f000346_000356_000366,climb-over-fence_plant_rgb,intrusion_climb-over-fence_rgb_0008_cctv2,intrusion_candidate,[356],[11.867],"{""start_frame"": 356, ""end_frame"": 356}","[""stand, carry/hold (an object)""]","[""danger""]",danger,1,"{""normal"": 0, ""unsafe"": 0, ""danger"": 1}","{""normal"": 0.0, ""unsafe"": 0.0, ""danger"": 1.0}",danger,danger,danger,True,False,labeling_yolo_single_frame,single_frame_gt_from_sampled_frame_label,/home/capstone2/zroact-stage2/benchmark2/data/viz_shufflenet_test/test_frame_30fps/climb-over-fence_plant_rgb/images/intrusion_climb-over-fence_rgb_0008_cctv2/intrusion_climb-over-fence_rgb_0008_cctv2_t000356.jpg,,
intrusion_climb-over-fence_rgb_0008_cctv2_f000366,intrusion_climb-over-fence_rgb_0008_cctv2_f000346_000356_000366,climb-over-fence_plant_rgb,intrusion_climb-over-fence_rgb_0008_cctv2,intrusion_candidate,[366],[12.2],"{""start_frame"": 366, ""end_frame"": 366}","[""stand, carry/hold (an object)""]","[""danger""]",danger,1,"{""normal"": 0, ""unsafe"": 0, ""danger"": 1}","{""normal"": 0.0, ""unsafe"": 0.0, ""danger"": 1.0}",danger,danger,danger,True,False,labeling_yolo_single_frame,single_frame_gt_from_sampled_frame_label,/home/capstone2/zroact-stage2/benchmark2/data/viz_shufflenet_test/test_frame_30fps/climb-over-fence_plant_rgb/images/intrusion_climb-over-fence_rgb_0008_cctv2/intrusion_climb-over-fence_rgb_0008_cctv2_t000366.jpg,,
intrusion_climb-over-fence_rgb_0008_cctv2_f000376,intrusion_climb-over-fence_rgb_0008_cctv2_f000376_000386_000396,climb-over-fence_plant_rgb,intrusion_climb-over-fence_rgb_0008_cctv2,intrusion_candidate,[376],[12.533],"{""start_frame"": 376, ""end_frame"": 376}","[""stand, bend/bow (at the waist)""]","[""danger""]",danger,1,"{""normal"": 0, ""unsafe"": 0, ""danger"": 1}","{""normal"": 0.0, ""unsafe"": 0.0, ""danger"": 1.0}",danger,danger,danger,True,False,labeling_yolo_single_frame,single_frame_gt_from_sampled_frame_label,/home/capstone2/zroact-stage2/benchmark2/data/viz_shufflenet_test/test_frame_30fps/climb-over-fence_plant_rgb/images/intrusion_climb-over-fence_rgb_0008_cctv2/intrusion_climb-over-fence_rgb_0008_cctv2_t000376.jpg,,
intrusion_climb-over-fence_rgb_0008_cctv2_f000386,intrusion_climb-over-fence_rgb_0008_cctv2_f000376_000386_000396,climb-over-fence_plant_rgb,intrusion_climb-over-fence_rgb_0008_cctv2,intrusion_candidate,[386],[12.867],"{""start_frame"": 386, ""end_frame"": 386}","[""stand, carry/hold (an object)""]","[""danger""]",danger,1,"{""normal"": 0, ""unsafe"": 0, ""danger"": 1}","{""normal"": 0.0, ""unsafe"": 0.0, ""danger"": 1.0}",danger,danger,danger,True,False,labeling_yolo_single_frame,single_frame_gt_from_sampled_frame_label,/home/capstone2/zroact-stage2/benchmark2/data/viz_shufflenet_test/test_frame_30fps/climb-over-fence_plant_rgb/images/intrusion_climb-over-fence_rgb_0008_cctv2/intrusion_climb-over-fence_rgb_0008_cctv2_t000386.jpg,,
intrusion_climb-over-fence_rgb_0008_cctv2_f000396,intrusion_climb-over-fence_rgb_0008_cctv2_f000376_000386_000396,climb-over-fence_plant_rgb,intrusion_climb-over-fence_rgb_0008_cctv2,intrusion_candidate,[396],[13.2],"{""start_frame"": 396, ""end_frame"": 396}","[""stand, carry/hold (an object)""]","[""danger""]",danger,1,"{""normal"": 0, ""unsafe"": 0, ""danger"": 1}","{""normal"": 0.0, ""unsafe"": 0.0, ""danger"": 1.0}",danger,danger,danger,True,False,labeling_yolo_single_frame,single_frame_gt_from_sampled_frame_label,/home/capstone2/zroact-stage2/benchmark2/data/viz_shufflenet_test/test_frame_30fps/climb-over-fence_plant_rgb/images/intrusion_climb-over-fence_rgb_0008_cctv2/intrusion_climb-over-fence_rgb_0008_cctv2_t000396.jpg,,
intrusion_climb-over-fence_rgb_0017_cctv1_f000016,intrusion_climb-over-fence_rgb_0017_cctv1_f000016_000026_000036,climb-over-fence_plant_rgb,intrusion_climb-over-fence_rgb_0017_cctv1,intrusion_candidate,[16],[0.533],"{""start_frame"": 16, ""end_frame"": 16}","[""carry/hold (an object), walk""]","[""danger""]",danger,1,"{""normal"": 0, ""unsafe"": 0, ""danger"": 1}","{""normal"": 0.0, ""unsafe"": 0.0, ""danger"": 1.0}",danger,danger,danger,True,False,labeling_yolo_single_frame,single_frame_gt_from_sampled_frame_label,/home/capstone2/zroact-stage2/benchmark2/data/viz_shufflenet_test/test_frame_30fps/climb-over-fence_plant_rgb/images/intrusion_climb-over-fence_rgb_0017_cctv1/intrusion_climb-over-fence_rgb_0017_cctv1_t000016.jpg,,
intrusion_climb-over-fence_rgb_0017_cctv1_f000026,intrusion_climb-over-fence_rgb_0017_cctv1_f000016_000026_000036,climb-over-fence_plant_rgb,intrusion_climb-over-fence_rgb_0017_cctv1,intrusion_candidate,[26],[0.867],"{""start_frame"": 26, ""end_frame"": 26}","[""walk, carry/hold (an object)""]","[""danger""]",danger,1,"{""normal"": 0, ""unsafe"": 0, ""danger"": 1}","{""normal"": 0.0, ""unsafe"": 0.0, ""danger"": 1.0}",danger,danger,danger,True,False,labeling_yolo_single_frame,single_frame_gt_from_sampled_frame_label,/home/capstone2/zroact-stage2/benchmark2/data/viz_shufflenet_test/test_frame_30fps/climb-over-fence_plant_rgb/images/intrusion_climb-over-fence_rgb_0017_cctv1/intrusion_climb-over-fence_rgb_0017_cctv1_t000026.jpg,,
intrusion_climb-over-fence_rgb_0017_cctv1_f000036,intrusion_climb-over-fence_rgb_0017_cctv1_f000016_000026_000036,climb-over-fence_plant_rgb,intrusion_climb-over-fence_rgb_0017_cctv1,intrusion_candidate,[36],[1.2],"{""start_frame"": 36, ""end_frame"": 36}","[""walk""]","[""danger""]",danger,1,"{""normal"": 0, ""unsafe"": 0, ""danger"": 1}","{""normal"": 0.0, ""unsafe"": 0.0, ""danger"": 1.0}",danger,danger,danger,True,False,labeling_yolo_single_frame,single_frame_gt_from_sampled_frame_label,/home/capstone2/zroact-stage2/benchmark2/data/viz_shufflenet_test/test_frame_30fps/climb-over-fence_plant_rgb/images/intrusion_climb-over-fence_rgb_0017_cctv1/intrusion_climb-over-fence_rgb_0017_cctv1_t000036.jpg,,
intrusion_climb-over-fence_rgb_0017_cctv1_f000046,intrusion_climb-over-fence_rgb_0017_cctv1_f000046_000056_000066,climb-over-fence_plant_rgb,intrusion_climb-over-fence_rgb_0017_cctv1,intrusion_candidate,[46],[1.533],"{""start_frame"": 46, ""end_frame"": 46}","[""none""]","[""danger""]",danger,1,"{""normal"": 0, ""unsafe"": 0, ""danger"": 1}","{""normal"": 0.0, ""unsafe"": 0.0, ""danger"": 1.0}",danger,danger,danger,True,False,labeling_yolo_single_frame,single_frame_gt_from_sampled_frame_label,/home/capstone2/zroact-stage2/benchmark2/data/viz_shufflenet_test/test_frame_30fps/climb-over-fence_plant_rgb/images/intrusion_climb-over-fence_rgb_0017_cctv1/intrusion_climb-over-fence_rgb_0017_cctv1_t000046.jpg,,
intrusion_climb-over-fence_rgb_0017_cctv1_f000056,intrusion_climb-over-fence_rgb_0017_cctv1_f000046_000056_000066,climb-over-fence_plant_rgb,intrusion_climb-over-fence_rgb_0017_cctv1,intrusion_candidate,[56],[1.867],"{""start_frame"": 56, ""end_frame"": 56}","[""stand""]","[""danger""]",danger,1,"{""normal"": 0, ""unsafe"": 0, ""danger"": 1}","{""normal"": 0.0, ""unsafe"": 0.0, ""danger"": 1.0}",danger,danger,danger,True,False,labeling_yolo_single_frame,single_frame_gt_from_sampled_frame_label,/home/capstone2/zroact-stage2/benchmark2/data/viz_shufflenet_test/test_frame_30fps/climb-over-fence_plant_rgb/images/intrusion_climb-over-fence_rgb_0017_cctv1/intrusion_climb-over-fence_rgb_0017_cctv1_t000056.jpg,,
intrusion_climb-over-fence_rgb_0017_cctv1_f000066,intrusion_climb-over-fence_rgb_0017_cctv1_f000046_000056_000066,climb-over-fence_plant_rgb,intrusion_climb-over-fence_rgb_0017_cctv1,intrusion_candidate,[66],[2.2],"{""start_frame"": 66, ""end_frame"": 66}","[""stand""]","[""danger""]",danger,1,"{""normal"": 0, ""unsafe"": 0, ""danger"": 1}","{""normal"": 0.0, ""unsafe"": 0.0, ""danger"": 1.0}",danger,danger,danger,True,False,labeling_yolo_single_frame,single_frame_gt_from_sampled_frame_label,/home/capstone2/zroact-stage2/benchmark2/data/viz_shufflenet_test/test_frame_30fps/climb-over-fence_plant_rgb/images/intrusion_climb-over-fence_rgb_0017_cctv1/intrusion_climb-over-fence_rgb_0017_cctv1_t000066.jpg,,
intrusion_climb-over-fence_rgb_0017_cctv1_f000076,intrusion_climb-over-fence_rgb_0017_cctv1_f000076_000086_000096,climb-over-fence_plant_rgb,intrusion_climb-over-fence_rgb_0017_cctv1,intrusion_candidate,[76],[2.533],"{""start_frame"": 76, ""end_frame"": 76}","[""stand""]","[""danger""]",danger,1,"{""normal"": 0, ""unsafe"": 0, ""danger"": 1}","{""normal"": 0.0, ""unsafe"": 0.0, ""danger"": 1.0}",danger,danger,danger,True,False,labeling_yolo_single_frame,single_frame_gt_from_sampled_frame_label,/home/capstone2/zroact-stage2/benchmark2/data/viz_shufflenet_test/test_frame_30fps/climb-over-fence_plant_rgb/images/intrusion_climb-over-fence_rgb_0017_cctv1/intrusion_climb-over-fence_rgb_0017_cctv1_t000076.jpg,,
intrusion_climb-over-fence_rgb_0017_cctv1_f000086,intrusion_climb-over-fence_rgb_0017_cctv1_f000076_000086_000096,climb-over-fence_plant_rgb,intrusion_climb-over-fence_rgb_0017_cctv1,intrusion_candidate,[86],[2.867],"{""start_frame"": 86, ""end_frame"": 86}","[""stand""]","[""danger""]",danger,1,"{""normal"": 0, ""unsafe"": 0, ""danger"": 1}","{""normal"": 0.0, ""unsafe"": 0.0, ""danger"": 1.0}",danger,danger,danger,True,False,labeling_yolo_single_frame,single_frame_gt_from_sampled_frame_label,/home/capstone2/zroact-stage2/benchmark2/data/viz_shufflenet_test/test_frame_30fps/climb-over-fence_plant_rgb/images/intrusion_climb-over-fence_rgb_0017_cctv1/intrusion_climb-over-fence_rgb_0017_cctv1_t000086.jpg,,
intrusion_climb-over-fence_rgb_0017_cctv1_f000096,intrusion_climb-over-fence_rgb_0017_cctv1_f000076_000086_000096,climb-over-fence_plant_rgb,intrusion_climb-over-fence_rgb_0017_cctv1,intrusion_candidate,[96],[3.2],"{""start_frame"": 96, ""end_frame"": 96}","[""stand""]","[""danger""]",danger,1,"{""normal"": 0, ""unsafe"": 0, ""danger"": 1}","{""normal"": 0.0, ""unsafe"": 0.0, ""danger"": 1.0}",danger,danger,danger,True,False,labeling_yolo_single_frame,single_frame_gt_from_sampled_frame_label,/home/capstone2/zroact-stage2/benchmark2/data/viz_shufflenet_test/test_frame_30fps/climb-over-fence_plant_rgb/images/intrusion_climb-over-fence_rgb_0017_cctv1/intrusion_climb-over-fence_rgb_0017_cctv1_t000096.jpg,,
intrusion_climb-over-fence_rgb_0017_cctv1_f000106,intrusion_climb-over-fence_rgb_0017_cctv1_f000106_000116_000126,climb-over-fence_plant_rgb,intrusion_climb-over-fence_rgb_0017_cctv1,intrusion_candidate,[106],[3.533],"{""start_frame"": 106, ""end_frame"": 106}","[""stand""]","[""danger""]",danger,1,"{""normal"": 0, ""unsafe"": 0, ""danger"": 1}","{""normal"": 0.0, ""unsafe"": 0.0, ""danger"": 1.0}",danger,danger,danger,True,False,labeling_yolo_single_frame,single_frame_gt_from_sampled_frame_label,/home/capstone2/zroact-stage2/benchmark2/data/viz_shufflenet_test/test_frame_30fps/climb-over-fence_plant_rgb/images/intrusion_climb-over-fence_rgb_0017_cctv1/intrusion_climb-over-fence_rgb_0017_cctv1_t000106.jpg,,
intrusion_climb-over-fence_rgb_0017_cctv1_f000116,intrusion_climb-over-fence_rgb_0017_cctv1_f000106_000116_000126,climb-over-fence_plant_rgb,intrusion_climb-over-fence_rgb_0017_cctv1,intrusion_candidate,[116],[3.867],"{""start_frame"": 116, ""end_frame"": 116}","[""stand""]","[""danger""]",danger,1,"{""normal"": 0, ""unsafe"": 0, ""danger"": 1}","{""normal"": 0.0, ""unsafe"": 0.0, ""danger"": 1.0}",danger,danger,danger,True,False,labeling_yolo_single_frame,single_frame_gt_from_sampled_frame_label,/home/capstone2/zroact-stage2/benchmark2/data/viz_shufflenet_test/test_frame_30fps/climb-over-fence_plant_rgb/images/intrusion_climb-over-fence_rgb_0017_cctv1/intrusion_climb-over-fence_rgb_0017_cctv1_t000116.jpg,,
intrusion_climb-over-fence_rgb_0017_cctv1_f000126,intrusion_climb-over-fence_rgb_0017_cctv1_f000106_000116_000126,climb-over-fence_plant_rgb,intrusion_climb-over-fence_rgb_0017_cctv1,intrusion_candidate,[126],[4.2],"{""start_frame"": 126, ""end_frame"": 126}","[""stand""]","[""danger""]",danger,1,"{""normal"": 0, ""unsafe"": 0, ""danger"": 1}","{""normal"": 0.0, ""unsafe"": 0.0, ""danger"": 1.0}",danger,danger,danger,True,False,labeling_yolo_single_frame,single_frame_gt_from_sampled_frame_label,/home/capstone2/zroact-stage2/benchmark2/data/viz_shufflenet_test/test_frame_30fps/climb-over-fence_plant_rgb/images/intrusion_climb-over-fence_rgb_0017_cctv1/intrusion_climb-over-fence_rgb_0017_cctv1_t000126.jpg,,
intrusion_climb-over-fence_rgb_0017_cctv1_f000136,intrusion_climb-over-fence_rgb_0017_cctv1_f000136_000146_000156,climb-over-fence_plant_rgb,intrusion_climb-over-fence_rgb_0017_cctv1,intrusion_candidate,[136],[4.533],"{""start_frame"": 136, ""end_frame"": 136}","[""stand""]","[""danger""]",danger,1,"{""normal"": 0, ""unsafe"": 0, ""danger"": 1}","{""normal"": 0.0, ""unsafe"": 0.0, ""danger"": 1.0}",danger,danger,danger,True,False,labeling_yolo_single_frame,single_frame_gt_from_sampled_frame_label,/home/capstone2/zroact-stage2/benchmark2/data/viz_shufflenet_test/test_frame_30fps/climb-over-fence_plant_rgb/images/intrusion_climb-over-fence_rgb_0017_cctv1/intrusion_climb-over-fence_rgb_0017_cctv1_t000136.jpg,,
intrusion_climb-over-fence_rgb_0017_cctv1_f000146,intrusion_climb-over-fence_rgb_0017_cctv1_f000136_000146_000156,climb-over-fence_plant_rgb,intrusion_climb-over-fence_rgb_0017_cctv1,intrusion_candidate,[146],[4.867],"{""start_frame"": 146, ""end_frame"": 146}","[""none""]","[""danger""]",danger,1,"{""normal"": 0, ""unsafe"": 0, ""danger"": 1}","{""normal"": 0.0, ""unsafe"": 0.0, ""danger"": 1.0}",danger,danger,danger,True,False,labeling_yolo_single_frame,single_frame_gt_from_sampled_frame_label,/home/capstone2/zroact-stage2/benchmark2/data/viz_shufflenet_test/test_frame_30fps/climb-over-fence_plant_rgb/images/intrusion_climb-over-fence_rgb_0017_cctv1/intrusion_climb-over-fence_rgb_0017_cctv1_t000146.jpg,,
intrusion_climb-over-fence_rgb_0017_cctv1_f000156,intrusion_climb-over-fence_rgb_0017_cctv1_f000136_000146_000156,climb-over-fence_plant_rgb,intrusion_climb-over-fence_rgb_0017_cctv1,intrusion_candidate,[156],[5.2],"{""start_frame"": 156, ""end_frame"": 156}","[""stand""]","[""danger""]",danger,1,"{""normal"": 0, ""unsafe"": 0, ""danger"": 1}","{""normal"": 0.0, ""unsafe"": 0.0, ""danger"": 1.0}",danger,danger,danger,True,False,labeling_yolo_single_frame,single_frame_gt_from_sampled_frame_label,/home/capstone2/zroact-stage2/benchmark2/data/viz_shufflenet_test/test_frame_30fps/climb-over-fence_plant_rgb/images/intrusion_climb-over-fence_rgb_0017_cctv1/intrusion_climb-over-fence_rgb_0017_cctv1_t000156.jpg,,
intrusion_climb-over-fence_rgb_0017_cctv1_f000166,intrusion_climb-over-fence_rgb_0017_cctv1_f000166_000176_000186,climb-over-fence_plant_rgb,intrusion_climb-over-fence_rgb_0017_cctv1,intrusion_candidate,[166],[5.533],"{""start_frame"": 166, ""end_frame"": 166}","[""stand""]","[""danger""]",danger,1,"{""normal"": 0, ""unsafe"": 0, ""danger"": 1}","{""normal"": 0.0, ""unsafe"": 0.0, ""danger"": 1.0}",danger,danger,danger,True,False,labeling_yolo_single_frame,single_frame_gt_from_sampled_frame_label,/home/capstone2/zroact-stage2/benchmark2/data/viz_shufflenet_test/test_frame_30fps/climb-over-fence_plant_rgb/images/intrusion_climb-over-fence_rgb_0017_cctv1/intrusion_climb-over-fence_rgb_0017_cctv1_t000166.jpg,,
intrusion_climb-over-fence_rgb_0017_cctv1_f000176,intrusion_climb-over-fence_rgb_0017_cctv1_f000166_000176_000186,climb-over-fence_plant_rgb,intrusion_climb-over-fence_rgb_0017_cctv1,intrusion_candidate,[176],[5.867],"{""start_frame"": 176, ""end_frame"": 176}","[""none""]","[""danger""]",danger,1,"{""normal"": 0, ""unsafe"": 0, ""danger"": 1}","{""normal"": 0.0, ""unsafe"": 0.0, ""danger"": 1.0}",danger,danger,danger,True,False,labeling_yolo_single_frame,single_frame_gt_from_sampled_frame_label,/home/capstone2/zroact-stage2/benchmark2/data/viz_shufflenet_test/test_frame_30fps/climb-over-fence_plant_rgb/images/intrusion_climb-over-fence_rgb_0017_cctv1/intrusion_climb-over-fence_rgb_0017_cctv1_t000176.jpg,,
intrusion_climb-over-fence_rgb_0017_cctv1_f000186,intrusion_climb-over-fence_rgb_0017_cctv1_f000166_000176_000186,climb-over-fence_plant_rgb,intrusion_climb-over-fence_rgb_0017_cctv1,intrusion_candidate,[186],[6.2],"{""start_frame"": 186, ""end_frame"": 186}","[""stand""]","[""danger""]",danger,1,"{""normal"": 0, ""unsafe"": 0, ""danger"": 1}","{""normal"": 0.0, ""unsafe"": 0.0, ""danger"": 1.0}",danger,danger,danger,True,False,labeling_yolo_single_frame,single_frame_gt_from_sampled_frame_label,/home/capstone2/zroact-stage2/benchmark2/data/viz_shufflenet_test/test_frame_30fps/climb-over-fence_plant_rgb/images/intrusion_climb-over-fence_rgb_0017_cctv1/intrusion_climb-over-fence_rgb_0017_cctv1_t000186.jpg,,
intrusion_climb-over-fence_rgb_0017_cctv1_f000196,intrusion_climb-over-fence_rgb_0017_cctv1_f000196_000206_000216,climb-over-fence_plant_rgb,intrusion_climb-over-fence_rgb_0017_cctv1,intrusion_candidate,[196],[6.533],"{""start_frame"": 196, ""end_frame"": 196}","[""stand""]","[""danger""]",danger,1,"{""normal"": 0, ""unsafe"": 0, ""danger"": 1}","{""normal"": 0.0, ""unsafe"": 0.0, ""danger"": 1.0}",danger,danger,danger,True,False,labeling_yolo_single_frame,single_frame_gt_from_sampled_frame_label,/home/capstone2/zroact-stage2/benchmark2/data/viz_shufflenet_test/test_frame_30fps/climb-over-fence_plant_rgb/images/intrusion_climb-over-fence_rgb_0017_cctv1/intrusion_climb-over-fence_rgb_0017_cctv1_t000196.jpg,,
intrusion_climb-over-fence_rgb_0017_cctv1_f000206,intrusion_climb-over-fence_rgb_0017_cctv1_f000196_000206_000216,climb-over-fence_plant_rgb,intrusion_climb-over-fence_rgb_0017_cctv1,intrusion_candidate,[206],[6.867],"{""start_frame"": 206, ""end_frame"": 206}","[""stand""]","[""danger""]",danger,1,"{""normal"": 0, ""unsafe"": 0, ""danger"": 1}","{""normal"": 0.0, ""unsafe"": 0.0, ""danger"": 1.0}",danger,danger,danger,True,False,labeling_yolo_single_frame,single_frame_gt_from_sampled_frame_label,/home/capstone2/zroact-stage2/benchmark2/data/viz_shufflenet_test/test_frame_30fps/climb-over-fence_plant_rgb/images/intrusion_climb-over-fence_rgb_0017_cctv1/intrusion_climb-over-fence_rgb_0017_cctv1_t000206.jpg,,
intrusion_climb-over-fence_rgb_0017_cctv1_f000216,intrusion_climb-over-fence_rgb_0017_cctv1_f000196_000206_000216,climb-over-fence_plant_rgb,intrusion_climb-over-fence_rgb_0017_cctv1,intrusion_candidate,[216],[7.2],"{""start_frame"": 216, ""end_frame"": 216}","[""stand""]","[""danger""]",danger,1,"{""normal"": 0, ""unsafe"": 0, ""danger"": 1}","{""normal"": 0.0, ""unsafe"": 0.0, ""danger"": 1.0}",danger,danger,danger,True,False,labeling_yolo_single_frame,single_frame_gt_from_sampled_frame_label,/home/capstone2/zroact-stage2/benchmark2/data/viz_shufflenet_test/test_frame_30fps/climb-over-fence_plant_rgb/images/intrusion_climb-over-fence_rgb_0017_cctv1/intrusion_climb-over-fence_rgb_0017_cctv1_t000216.jpg,,
intrusion_climb-over-fence_rgb_0019_cctv1_f000016,intrusion_climb-over-fence_rgb_0019_cctv1_f000016_000026_000036,climb-over-fence_plant_rgb,intrusion_climb-over-fence_rgb_0019_cctv1,intrusion_candidate,[16],[0.533],"{""start_frame"": 16, ""end_frame"": 16}","[""stand, carry/hold (an object)""]","[""danger""]",danger,1,"{""normal"": 0, ""unsafe"": 0, ""danger"": 1}","{""normal"": 0.0, ""unsafe"": 0.0, ""danger"": 1.0}",danger,danger,danger,True,False,labeling_yolo_single_frame,single_frame_gt_from_sampled_frame_label,/home/capstone2/zroact-stage2/benchmark2/data/viz_shufflenet_test/test_frame_30fps/climb-over-fence_plant_rgb/images/intrusion_climb-over-fence_rgb_0019_cctv1/intrusion_climb-over-fence_rgb_0019_cctv1_t000016.jpg,,
intrusion_climb-over-fence_rgb_0019_cctv1_f000026,intrusion_climb-over-fence_rgb_0019_cctv1_f000016_000026_000036,climb-over-fence_plant_rgb,intrusion_climb-over-fence_rgb_0019_cctv1,intrusion_candidate,[26],[0.867],"{""start_frame"": 26, ""end_frame"": 26}","[""stand, carry/hold (an object)""]","[""danger""]",danger,1,"{""normal"": 0, ""unsafe"": 0, ""danger"": 1}","{""normal"": 0.0, ""unsafe"": 0.0, ""danger"": 1.0}",danger,danger,danger,True,False,labeling_yolo_single_frame,single_frame_gt_from_sampled_frame_label,/home/capstone2/zroact-stage2/benchmark2/data/viz_shufflenet_test/test_frame_30fps/climb-over-fence_plant_rgb/images/intrusion_climb-over-fence_rgb_0019_cctv1/intrusion_climb-over-fence_rgb_0019_cctv1_t000026.jpg,,
intrusion_climb-over-fence_rgb_0019_cctv1_f000036,intrusion_climb-over-fence_rgb_0019_cctv1_f000016_000026_000036,climb-over-fence_plant_rgb,intrusion_climb-over-fence_rgb_0019_cctv1,intrusion_candidate,[36],[1.2],"{""start_frame"": 36, ""end_frame"": 36}","[""stand, carry/hold (an object)""]","[""danger""]",danger,1,"{""normal"": 0, ""unsafe"": 0, ""danger"": 1}","{""normal"": 0.0, ""unsafe"": 0.0, ""danger"": 1.0}",danger,danger,danger,True,False,labeling_yolo_single_frame,single_frame_gt_from_sampled_frame_label,/home/capstone2/zroact-stage2/benchmark2/data/viz_shufflenet_test/test_frame_30fps/climb-over-fence_plant_rgb/images/intrusion_climb-over-fence_rgb_0019_cctv1/intrusion_climb-over-fence_rgb_0019_cctv1_t000036.jpg,,
intrusion_climb-over-fence_rgb_0019_cctv1_f000046,intrusion_climb-over-fence_rgb_0019_cctv1_f000046_000056_000066,climb-over-fence_plant_rgb,intrusion_climb-over-fence_rgb_0019_cctv1,intrusion_candidate,[46],[1.533],"{""start_frame"": 46, ""end_frame"": 46}","[""stand, carry/hold (an object)""]","[""danger""]",danger,1,"{""normal"": 0, ""unsafe"": 0, ""danger"": 1}","{""normal"": 0.0, ""unsafe"": 0.0, ""danger"": 1.0}",danger,danger,danger,True,False,labeling_yolo_single_frame,single_frame_gt_from_sampled_frame_label,/home/capstone2/zroact-stage2/benchmark2/data/viz_shufflenet_test/test_frame_30fps/climb-over-fence_plant_rgb/images/intrusion_climb-over-fence_rgb_0019_cctv1/intrusion_climb-over-fence_rgb_0019_cctv1_t000046.jpg,,
intrusion_climb-over-fence_rgb_0019_cctv1_f000056,intrusion_climb-over-fence_rgb_0019_cctv1_f000046_000056_000066,climb-over-fence_plant_rgb,intrusion_climb-over-fence_rgb_0019_cctv1,intrusion_candidate,[56],[1.867],"{""start_frame"": 56, ""end_frame"": 56}","[""stand, carry/hold (an object)""]","[""danger""]",danger,1,"{""normal"": 0, ""unsafe"": 0, ""danger"": 1}","{""normal"": 0.0, ""unsafe"": 0.0, ""danger"": 1.0}",danger,danger,danger,True,False,labeling_yolo_single_frame,single_frame_gt_from_sampled_frame_label,/home/capstone2/zroact-stage2/benchmark2/data/viz_shufflenet_test/test_frame_30fps/climb-over-fence_plant_rgb/images/intrusion_climb-over-fence_rgb_0019_cctv1/intrusion_climb-over-fence_rgb_0019_cctv1_t000056.jpg,,
intrusion_climb-over-fence_rgb_0019_cctv1_f000066,intrusion_climb-over-fence_rgb_0019_cctv1_f000046_000056_000066,climb-over-fence_plant_rgb,intrusion_climb-over-fence_rgb_0019_cctv1,intrusion_candidate,[66],[2.2],"{""start_frame"": 66, ""end_frame"": 66}","[""stand""]","[""danger""]",danger,1,"{""normal"": 0, ""unsafe"": 0, ""danger"": 1}","{""normal"": 0.0, ""unsafe"": 0.0, ""danger"": 1.0}",danger,danger,danger,True,False,labeling_yolo_single_frame,single_frame_gt_from_sampled_frame_label,/home/capstone2/zroact-stage2/benchmark2/data/viz_shufflenet_test/test_frame_30fps/climb-over-fence_plant_rgb/images/intrusion_climb-over-fence_rgb_0019_cctv1/intrusion_climb-over-fence_rgb_0019_cctv1_t000066.jpg,,
intrusion_climb-over-fence_rgb_0019_cctv1_f000076,intrusion_climb-over-fence_rgb_0019_cctv1_f000076_000086_000096,climb-over-fence_plant_rgb,intrusion_climb-over-fence_rgb_0019_cctv1,intrusion_candidate,[76],[2.533],"{""start_frame"": 76, ""end_frame"": 76}","[""stand""]","[""danger""]",danger,1,"{""normal"": 0, ""unsafe"": 0, ""danger"": 1}","{""normal"": 0.0, ""unsafe"": 0.0, ""danger"": 1.0}",danger,danger,danger,True,False,labeling_yolo_single_frame,single_frame_gt_from_sampled_frame_label,/home/capstone2/zroact-stage2/benchmark2/data/viz_shufflenet_test/test_frame_30fps/climb-over-fence_plant_rgb/images/intrusion_climb-over-fence_rgb_0019_cctv1/intrusion_climb-over-fence_rgb_0019_cctv1_t000076.jpg,,
intrusion_climb-over-fence_rgb_0019_cctv1_f000086,intrusion_climb-over-fence_rgb_0019_cctv1_f000076_000086_000096,climb-over-fence_plant_rgb,intrusion_climb-over-fence_rgb_0019_cctv1,intrusion_candidate,[86],[2.867],"{""start_frame"": 86, ""end_frame"": 86}","[""stand""]","[""danger""]",danger,1,"{""normal"": 0, ""unsafe"": 0, ""danger"": 1}","{""normal"": 0.0, ""unsafe"": 0.0, ""danger"": 1.0}",danger,danger,danger,True,False,labeling_yolo_single_frame,single_frame_gt_from_sampled_frame_label,/home/capstone2/zroact-stage2/benchmark2/data/viz_shufflenet_test/test_frame_30fps/climb-over-fence_plant_rgb/images/intrusion_climb-over-fence_rgb_0019_cctv1/intrusion_climb-over-fence_rgb_0019_cctv1_t000086.jpg,,
intrusion_climb-over-fence_rgb_0019_cctv1_f000096,intrusion_climb-over-fence_rgb_0019_cctv1_f000076_000086_000096,climb-over-fence_plant_rgb,intrusion_climb-over-fence_rgb_0019_cctv1,intrusion_candidate,[96],[3.2],"{""start_frame"": 96, ""end_frame"": 96}","[""stand""]","[""danger""]",danger,1,"{""normal"": 0, ""unsafe"": 0, ""danger"": 1}","{""normal"": 0.0, ""unsafe"": 0.0, ""danger"": 1.0}",danger,danger,danger,True,False,labeling_yolo_single_frame,single_frame_gt_from_sampled_frame_label,/home/capstone2/zroact-stage2/benchmark2/data/viz_shufflenet_test/test_frame_30fps/climb-over-fence_plant_rgb/images/intrusion_climb-over-fence_rgb_0019_cctv1/intrusion_climb-over-fence_rgb_0019_cctv1_t000096.jpg,,
intrusion_climb-over-fence_rgb_0019_cctv1_f000106,intrusion_climb-over-fence_rgb_0019_cctv1_f000106_000116_000126,climb-over-fence_plant_rgb,intrusion_climb-over-fence_rgb_0019_cctv1,intrusion_candidate,[106],[3.533],"{""start_frame"": 106, ""end_frame"": 106}","[""stand, carry/hold (an object)""]","[""danger""]",danger,1,"{""normal"": 0, ""unsafe"": 0, ""danger"": 1}","{""normal"": 0.0, ""unsafe"": 0.0, ""danger"": 1.0}",danger,danger,danger,True,False,labeling_yolo_single_frame,single_frame_gt_from_sampled_frame_label,/home/capstone2/zroact-stage2/benchmark2/data/viz_shufflenet_test/test_frame_30fps/climb-over-fence_plant_rgb/images/intrusion_climb-over-fence_rgb_0019_cctv1/intrusion_climb-over-fence_rgb_0019_cctv1_t000106.jpg,,
intrusion_climb-over-fence_rgb_0019_cctv1_f000116,intrusion_climb-over-fence_rgb_0019_cctv1_f000106_000116_000126,climb-over-fence_plant_rgb,intrusion_climb-over-fence_rgb_0019_cctv1,intrusion_candidate,[116],[3.867],"{""start_frame"": 116, ""end_frame"": 116}","[""stand""]","[""danger""]",danger,1,"{""normal"": 0, ""unsafe"": 0, ""danger"": 1}","{""normal"": 0.0, ""unsafe"": 0.0, ""danger"": 1.0}",danger,danger,danger,True,False,labeling_yolo_single_frame,single_frame_gt_from_sampled_frame_label,/home/capstone2/zroact-stage2/benchmark2/data/viz_shufflenet_test/test_frame_30fps/climb-over-fence_plant_rgb/images/intrusion_climb-over-fence_rgb_0019_cctv1/intrusion_climb-over-fence_rgb_0019_cctv1_t000116.jpg,,
intrusion_climb-over-fence_rgb_0019_cctv1_f000126,intrusion_climb-over-fence_rgb_0019_cctv1_f000106_000116_000126,climb-over-fence_plant_rgb,intrusion_climb-over-fence_rgb_0019_cctv1,intrusion_candidate,[126],[4.2],"{""start_frame"": 126, ""end_frame"": 126}","[""stand""]","[""danger""]",danger,1,"{""normal"": 0, ""unsafe"": 0, ""danger"": 1}","{""normal"": 0.0, ""unsafe"": 0.0, ""danger"": 1.0}",danger,danger,danger,True,False,labeling_yolo_single_frame,single_frame_gt_from_sampled_frame_label,/home/capstone2/zroact-stage2/benchmark2/data/viz_shufflenet_test/test_frame_30fps/climb-over-fence_plant_rgb/images/intrusion_climb-over-fence_rgb_0019_cctv1/intrusion_climb-over-fence_rgb_0019_cctv1_t000126.jpg,,
intrusion_climb-over-fence_rgb_0019_cctv1_f000136,intrusion_climb-over-fence_rgb_0019_cctv1_f000136_000146_000156,climb-over-fence_plant_rgb,intrusion_climb-over-fence_rgb_0019_cctv1,intrusion_candidate,[136],[4.533],"{""start_frame"": 136, ""end_frame"": 136}","[""stand""]","[""danger""]",danger,1,"{""normal"": 0, ""unsafe"": 0, ""danger"": 1}","{""normal"": 0.0, ""unsafe"": 0.0, ""danger"": 1.0}",danger,danger,danger,True,False,labeling_yolo_single_frame,single_frame_gt_from_sampled_frame_label,/home/capstone2/zroact-stage2/benchmark2/data/viz_shufflenet_test/test_frame_30fps/climb-over-fence_plant_rgb/images/intrusion_climb-over-fence_rgb_0019_cctv1/intrusion_climb-over-fence_rgb_0019_cctv1_t000136.jpg,,
intrusion_climb-over-fence_rgb_0019_cctv1_f000146,intrusion_climb-over-fence_rgb_0019_cctv1_f000136_000146_000156,climb-over-fence_plant_rgb,intrusion_climb-over-fence_rgb_0019_cctv1,intrusion_candidate,[146],[4.867],"{""start_frame"": 146, ""end_frame"": 146}","[""stand""]","[""danger""]",danger,1,"{""normal"": 0, ""unsafe"": 0, ""danger"": 1}","{""normal"": 0.0, ""unsafe"": 0.0, ""danger"": 1.0}",danger,danger,danger,True,False,labeling_yolo_single_frame,single_frame_gt_from_sampled_frame_label,/home/capstone2/zroact-stage2/benchmark2/data/viz_shufflenet_test/test_frame_30fps/climb-over-fence_plant_rgb/images/intrusion_climb-over-fence_rgb_0019_cctv1/intrusion_climb-over-fence_rgb_0019_cctv1_t000146.jpg,,
intrusion_climb-over-fence_rgb_0019_cctv1_f000156,intrusion_climb-over-fence_rgb_0019_cctv1_f000136_000146_000156,climb-over-fence_plant_rgb,intrusion_climb-over-fence_rgb_0019_cctv1,intrusion_candidate,[156],[5.2],"{""start_frame"": 156, ""end_frame"": 156}","[""stand""]","[""danger""]",danger,1,"{""normal"": 0, ""unsafe"": 0, ""danger"": 1}","{""normal"": 0.0, ""unsafe"": 0.0, ""danger"": 1.0}",danger,danger,danger,True,False,labeling_yolo_single_frame,single_frame_gt_from_sampled_frame_label,/home/capstone2/zroact-stage2/benchmark2/data/viz_shufflenet_test/test_frame_30fps/climb-over-fence_plant_rgb/images/intrusion_climb-over-fence_rgb_0019_cctv1/intrusion_climb-over-fence_rgb_0019_cctv1_t000156.jpg,,
intrusion_climb-over-fence_rgb_0019_cctv1_f000166,intrusion_climb-over-fence_rgb_0019_cctv1_f000166_000176_000186,climb-over-fence_plant_rgb,intrusion_climb-over-fence_rgb_0019_cctv1,intrusion_candidate,[166],[5.533],"{""start_frame"": 166, ""end_frame"": 166}","[""stand, carry/hold (an object)""]","[""danger""]",danger,1,"{""normal"": 0, ""unsafe"": 0, ""danger"": 1}","{""normal"": 0.0, ""unsafe"": 0.0, ""danger"": 1.0}",danger,danger,danger,True,False,labeling_yolo_single_frame,single_frame_gt_from_sampled_frame_label,/home/capstone2/zroact-stage2/benchmark2/data/viz_shufflenet_test/test_frame_30fps/climb-over-fence_plant_rgb/images/intrusion_climb-over-fence_rgb_0019_cctv1/intrusion_climb-over-fence_rgb_0019_cctv1_t000166.jpg,,
intrusion_climb-over-fence_rgb_0019_cctv1_f000176,intrusion_climb-over-fence_rgb_0019_cctv1_f000166_000176_000186,climb-over-fence_plant_rgb,intrusion_climb-over-fence_rgb_0019_cctv1,intrusion_candidate,[176],[5.867],"{""start_frame"": 176, ""end_frame"": 176}","[""stand, carry/hold (an object)""]","[""danger""]",danger,1,"{""normal"": 0, ""unsafe"": 0, ""danger"": 1}","{""normal"": 0.0, ""unsafe"": 0.0, ""danger"": 1.0}",danger,danger,danger,True,False,labeling_yolo_single_frame,single_frame_gt_from_sampled_frame_label,/home/capstone2/zroact-stage2/benchmark2/data/viz_shufflenet_test/test_frame_30fps/climb-over-fence_plant_rgb/images/intrusion_climb-over-fence_rgb_0019_cctv1/intrusion_climb-over-fence_rgb_0019_cctv1_t000176.jpg,,
intrusion_climb-over-fence_rgb_0019_cctv1_f000186,intrusion_climb-over-fence_rgb_0019_cctv1_f000166_000176_000186,climb-over-fence_plant_rgb,intrusion_climb-over-fence_rgb_0019_cctv1,intrusion_candidate,[186],[6.2],"{""start_frame"": 186, ""end_frame"": 186}","[""stand, carry/hold (an object)""]","[""danger""]",danger,1,"{""normal"": 0, ""unsafe"": 0, ""danger"": 1}","{""normal"": 0.0, ""unsafe"": 0.0, ""danger"": 1.0}",danger,danger,danger,True,False,labeling_yolo_single_frame,single_frame_gt_from_sampled_frame_label,/home/capstone2/zroact-stage2/benchmark2/data/viz_shufflenet_test/test_frame_30fps/climb-over-fence_plant_rgb/images/intrusion_climb-over-fence_rgb_0019_cctv1/intrusion_climb-over-fence_rgb_0019_cctv1_t000186.jpg,,
intrusion_climb-over-fence_rgb_0019_cctv1_f000196,intrusion_climb-over-fence_rgb_0019_cctv1_f000196_000206_000216,climb-over-fence_plant_rgb,intrusion_climb-over-fence_rgb_0019_cctv1,intrusion_candidate,[196],[6.533],"{""start_frame"": 196, ""end_frame"": 196}","[""stand""]","[""danger""]",danger,1,"{""normal"": 0, ""unsafe"": 0, ""danger"": 1}","{""normal"": 0.0, ""unsafe"": 0.0, ""danger"": 1.0}",danger,danger,danger,True,False,labeling_yolo_single_frame,single_frame_gt_from_sampled_frame_label,/home/capstone2/zroact-stage2/benchmark2/data/viz_shufflenet_test/test_frame_30fps/climb-over-fence_plant_rgb/images/intrusion_climb-over-fence_rgb_0019_cctv1/intrusion_climb-over-fence_rgb_0019_cctv1_t000196.jpg,,
intrusion_climb-over-fence_rgb_0019_cctv1_f000206,intrusion_climb-over-fence_rgb_0019_cctv1_f000196_000206_000216,climb-over-fence_plant_rgb,intrusion_climb-over-fence_rgb_0019_cctv1,intrusion_candidate,[206],[6.867],"{""start_frame"": 206, ""end_frame"": 206}","[""stand""]","[""danger""]",danger,1,"{""normal"": 0, ""unsafe"": 0, ""danger"": 1}","{""normal"": 0.0, ""unsafe"": 0.0, ""danger"": 1.0}",danger,danger,danger,True,False,labeling_yolo_single_frame,single_frame_gt_from_sampled_frame_label,/home/capstone2/zroact-stage2/benchmark2/data/viz_shufflenet_test/test_frame_30fps/climb-over-fence_plant_rgb/images/intrusion_climb-over-fence_rgb_0019_cctv1/intrusion_climb-over-fence_rgb_0019_cctv1_t000206.jpg,,
intrusion_climb-over-fence_rgb_0019_cctv1_f000216,intrusion_climb-over-fence_rgb_0019_cctv1_f000196_000206_000216,climb-over-fence_plant_rgb,intrusion_climb-over-fence_rgb_0019_cctv1,intrusion_candidate,[216],[7.2],"{""start_frame"": 216, ""end_frame"": 216}","[""stand""]","[""danger""]",danger,1,"{""normal"": 0, ""unsafe"": 0, ""danger"": 1}","{""normal"": 0.0, ""unsafe"": 0.0, ""danger"": 1.0}",danger,danger,danger,True,False,labeling_yolo_single_frame,single_frame_gt_from_sampled_frame_label,/home/capstone2/zroact-stage2/benchmark2/data/viz_shufflenet_test/test_frame_30fps/climb-over-fence_plant_rgb/images/intrusion_climb-over-fence_rgb_0019_cctv1/intrusion_climb-over-fence_rgb_0019_cctv1_t000216.jpg,,
intrusion_climb-over-fence_rgb_0024_cctv3_f000016,intrusion_climb-over-fence_rgb_0024_cctv3_f000016_000026_000036,climb-over-fence_plant_rgb,intrusion_climb-over-fence_rgb_0024_cctv3,intrusion_candidate,[16],[0.533],"{""start_frame"": 16, ""end_frame"": 16}","[""carry/hold (an object), walk""]","[""danger""]",danger,1,"{""normal"": 0, ""unsafe"": 0, ""danger"": 1}","{""normal"": 0.0, ""unsafe"": 0.0, ""danger"": 1.0}",danger,danger,danger,True,False,labeling_yolo_single_frame,single_frame_gt_from_sampled_frame_label,/home/capstone2/zroact-stage2/benchmark2/data/viz_shufflenet_test/test_frame_30fps/climb-over-fence_plant_rgb/images/intrusion_climb-over-fence_rgb_0024_cctv3/intrusion_climb-over-fence_rgb_0024_cctv3_t000016.jpg,,
intrusion_climb-over-fence_rgb_0024_cctv3_f000026,intrusion_climb-over-fence_rgb_0024_cctv3_f000016_000026_000036,climb-over-fence_plant_rgb,intrusion_climb-over-fence_rgb_0024_cctv3,intrusion_candidate,[26],[0.867],"{""start_frame"": 26, ""end_frame"": 26}","[""walk, carry/hold (an object)""]","[""danger""]",danger,1,"{""normal"": 0, ""unsafe"": 0, ""danger"": 1}","{""normal"": 0.0, ""unsafe"": 0.0, ""danger"": 1.0}",danger,danger,danger,True,False,labeling_yolo_single_frame,single_frame_gt_from_sampled_frame_label,/home/capstone2/zroact-stage2/benchmark2/data/viz_shufflenet_test/test_frame_30fps/climb-over-fence_plant_rgb/images/intrusion_climb-over-fence_rgb_0024_cctv3/intrusion_climb-over-fence_rgb_0024_cctv3_t000026.jpg,,
intrusion_climb-over-fence_rgb_0024_cctv3_f000036,intrusion_climb-over-fence_rgb_0024_cctv3_f000016_000026_000036,climb-over-fence_plant_rgb,intrusion_climb-over-fence_rgb_0024_cctv3,intrusion_candidate,[36],[1.2],"{""start_frame"": 36, ""end_frame"": 36}","[""walk, carry/hold (an object)""]","[""danger""]",danger,1,"{""normal"": 0, ""unsafe"": 0, ""danger"": 1}","{""normal"": 0.0, ""unsafe"": 0.0, ""danger"": 1.0}",danger,danger,danger,True,False,labeling_yolo_single_frame,single_frame_gt_from_sampled_frame_label,/home/capstone2/zroact-stage2/benchmark2/data/viz_shufflenet_test/test_frame_30fps/climb-over-fence_plant_rgb/images/intrusion_climb-over-fence_rgb_0024_cctv3/intrusion_climb-over-fence_rgb_0024_cctv3_t000036.jpg,,
intrusion_climb-over-fence_rgb_0024_cctv3_f000046,intrusion_climb-over-fence_rgb_0024_cctv3_f000046_000056_000066,climb-over-fence_plant_rgb,intrusion_climb-over-fence_rgb_0024_cctv3,intrusion_candidate,[46],[1.533],"{""start_frame"": 46, ""end_frame"": 46}","[""walk, carry/hold (an object)""]","[""danger""]",danger,1,"{""normal"": 0, ""unsafe"": 0, ""danger"": 1}","{""normal"": 0.0, ""unsafe"": 0.0, ""danger"": 1.0}",danger,danger,danger,True,False,labeling_yolo_single_frame,single_frame_gt_from_sampled_frame_label,/home/capstone2/zroact-stage2/benchmark2/data/viz_shufflenet_test/test_frame_30fps/climb-over-fence_plant_rgb/images/intrusion_climb-over-fence_rgb_0024_cctv3/intrusion_climb-over-fence_rgb_0024_cctv3_t000046.jpg,,
intrusion_climb-over-fence_rgb_0024_cctv3_f000056,intrusion_climb-over-fence_rgb_0024_cctv3_f000046_000056_000066,climb-over-fence_plant_rgb,intrusion_climb-over-fence_rgb_0024_cctv3,intrusion_candidate,[56],[1.867],"{""start_frame"": 56, ""end_frame"": 56}","[""walk, carry/hold (an object)""]","[""danger""]",danger,1,"{""normal"": 0, ""unsafe"": 0, ""danger"": 1}","{""normal"": 0.0, ""unsafe"": 0.0, ""danger"": 1.0}",danger,danger,danger,True,False,labeling_yolo_single_frame,single_frame_gt_from_sampled_frame_label,/home/capstone2/zroact-stage2/benchmark2/data/viz_shufflenet_test/test_frame_30fps/climb-over-fence_plant_rgb/images/intrusion_climb-over-fence_rgb_0024_cctv3/intrusion_climb-over-fence_rgb_0024_cctv3_t000056.jpg,,
intrusion_climb-over-fence_rgb_0024_cctv3_f000066,intrusion_climb-over-fence_rgb_0024_cctv3_f000046_000056_000066,climb-over-fence_plant_rgb,intrusion_climb-over-fence_rgb_0024_cctv3,intrusion_candidate,[66],[2.2],"{""start_frame"": 66, ""end_frame"": 66}","[""walk, carry/hold (an object)""]","[""danger""]",danger,1,"{""normal"": 0, ""unsafe"": 0, ""danger"": 1}","{""normal"": 0.0, ""unsafe"": 0.0, ""danger"": 1.0}",danger,danger,danger,True,False,labeling_yolo_single_frame,single_frame_gt_from_sampled_frame_label,/home/capstone2/zroact-stage2/benchmark2/data/viz_shufflenet_test/test_frame_30fps/climb-over-fence_plant_rgb/images/intrusion_climb-over-fence_rgb_0024_cctv3/intrusion_climb-over-fence_rgb_0024_cctv3_t000066.jpg,,
intrusion_climb-over-fence_rgb_0024_cctv3_f000076,intrusion_climb-over-fence_rgb_0024_cctv3_f000076_000086_000096,climb-over-fence_plant_rgb,intrusion_climb-over-fence_rgb_0024_cctv3,intrusion_candidate,[76],[2.533],"{""start_frame"": 76, ""end_frame"": 76}","[""stand, walk""]","[""danger""]",danger,1,"{""normal"": 0, ""unsafe"": 0, ""danger"": 1}","{""normal"": 0.0, ""unsafe"": 0.0, ""danger"": 1.0}",danger,danger,danger,True,False,labeling_yolo_single_frame,single_frame_gt_from_sampled_frame_label,/home/capstone2/zroact-stage2/benchmark2/data/viz_shufflenet_test/test_frame_30fps/climb-over-fence_plant_rgb/images/intrusion_climb-over-fence_rgb_0024_cctv3/intrusion_climb-over-fence_rgb_0024_cctv3_t000076.jpg,,
intrusion_climb-over-fence_rgb_0024_cctv3_f000086,intrusion_climb-over-fence_rgb_0024_cctv3_f000076_000086_000096,climb-over-fence_plant_rgb,intrusion_climb-over-fence_rgb_0024_cctv3,intrusion_candidate,[86],[2.867],"{""start_frame"": 86, ""end_frame"": 86}","[""carry/hold (an object), stand""]","[""danger""]",danger,1,"{""normal"": 0, ""unsafe"": 0, ""danger"": 1}","{""normal"": 0.0, ""unsafe"": 0.0, ""danger"": 1.0}",danger,danger,danger,True,False,labeling_yolo_single_frame,single_frame_gt_from_sampled_frame_label,/home/capstone2/zroact-stage2/benchmark2/data/viz_shufflenet_test/test_frame_30fps/climb-over-fence_plant_rgb/images/intrusion_climb-over-fence_rgb_0024_cctv3/intrusion_climb-over-fence_rgb_0024_cctv3_t000086.jpg,,
intrusion_climb-over-fence_rgb_0024_cctv3_f000096,intrusion_climb-over-fence_rgb_0024_cctv3_f000076_000086_000096,climb-over-fence_plant_rgb,intrusion_climb-over-fence_rgb_0024_cctv3,intrusion_candidate,[96],[3.2],"{""start_frame"": 96, ""end_frame"": 96}","[""bend/bow (at the waist), carry/hold (an object)""]","[""danger""]",danger,1,"{""normal"": 0, ""unsafe"": 0, ""danger"": 1}","{""normal"": 0.0, ""unsafe"": 0.0, ""danger"": 1.0}",danger,danger,danger,True,False,labeling_yolo_single_frame,single_frame_gt_from_sampled_frame_label,/home/capstone2/zroact-stage2/benchmark2/data/viz_shufflenet_test/test_frame_30fps/climb-over-fence_plant_rgb/images/intrusion_climb-over-fence_rgb_0024_cctv3/intrusion_climb-over-fence_rgb_0024_cctv3_t000096.jpg,,
intrusion_climb-over-fence_rgb_0024_cctv3_f000106,intrusion_climb-over-fence_rgb_0024_cctv3_f000106_000116_000126,climb-over-fence_plant_rgb,intrusion_climb-over-fence_rgb_0024_cctv3,intrusion_candidate,[106],[3.533],"{""start_frame"": 106, ""end_frame"": 106}","[""bend/bow (at the waist), carry/hold (an object)""]","[""danger""]",danger,1,"{""normal"": 0, ""unsafe"": 0, ""danger"": 1}","{""normal"": 0.0, ""unsafe"": 0.0, ""danger"": 1.0}",danger,danger,danger,True,False,labeling_yolo_single_frame,single_frame_gt_from_sampled_frame_label,/home/capstone2/zroact-stage2/benchmark2/data/viz_shufflenet_test/test_frame_30fps/climb-over-fence_plant_rgb/images/intrusion_climb-over-fence_rgb_0024_cctv3/intrusion_climb-over-fence_rgb_0024_cctv3_t000106.jpg,,
intrusion_climb-over-fence_rgb_0024_cctv3_f000116,intrusion_climb-over-fence_rgb_0024_cctv3_f000106_000116_000126,climb-over-fence_plant_rgb,intrusion_climb-over-fence_rgb_0024_cctv3,intrusion_candidate,[116],[3.867],"{""start_frame"": 116, ""end_frame"": 116}","[""bend/bow (at the waist), carry/hold (an object)""]","[""danger""]",danger,1,"{""normal"": 0, ""unsafe"": 0, ""danger"": 1}","{""normal"": 0.0, ""unsafe"": 0.0, ""danger"": 1.0}",danger,danger,danger,True,False,labeling_yolo_single_frame,single_frame_gt_from_sampled_frame_label,/home/capstone2/zroact-stage2/benchmark2/data/viz_shufflenet_test/test_frame_30fps/climb-over-fence_plant_rgb/images/intrusion_climb-over-fence_rgb_0024_cctv3/intrusion_climb-over-fence_rgb_0024_cctv3_t000116.jpg,,
intrusion_climb-over-fence_rgb_0024_cctv3_f000126,intrusion_climb-over-fence_rgb_0024_cctv3_f000106_000116_000126,climb-over-fence_plant_rgb,intrusion_climb-over-fence_rgb_0024_cctv3,intrusion_candidate,[126],[4.2],"{""start_frame"": 126, ""end_frame"": 126}","[""bend/bow (at the waist), carry/hold (an object)""]","[""danger""]",danger,1,"{""normal"": 0, ""unsafe"": 0, ""danger"": 1}","{""normal"": 0.0, ""unsafe"": 0.0, ""danger"": 1.0}",danger,danger,danger,True,False,labeling_yolo_single_frame,single_frame_gt_from_sampled_frame_label,/home/capstone2/zroact-stage2/benchmark2/data/viz_shufflenet_test/test_frame_30fps/climb-over-fence_plant_rgb/images/intrusion_climb-over-fence_rgb_0024_cctv3/intrusion_climb-over-fence_rgb_0024_cctv3_t000126.jpg,,
intrusion_climb-over-fence_rgb_0024_cctv3_f000136,intrusion_climb-over-fence_rgb_0024_cctv3_f000136_000146_000156,climb-over-fence_plant_rgb,intrusion_climb-over-fence_rgb_0024_cctv3,intrusion_candidate,[136],[4.533],"{""start_frame"": 136, ""end_frame"": 136}","[""bend/bow (at the waist), carry/hold (an object)""]","[""danger""]",danger,1,"{""normal"": 0, ""unsafe"": 0, ""danger"": 1}","{""normal"": 0.0, ""unsafe"": 0.0, ""danger"": 1.0}",danger,danger,danger,True,False,labeling_yolo_single_frame,single_frame_gt_from_sampled_frame_label,/home/capstone2/zroact-stage2/benchmark2/data/viz_shufflenet_test/test_frame_30fps/climb-over-fence_plant_rgb/images/intrusion_climb-over-fence_rgb_0024_cctv3/intrusion_climb-over-fence_rgb_0024_cctv3_t000136.jpg,,
intrusion_climb-over-fence_rgb_0024_cctv3_f000146,intrusion_climb-over-fence_rgb_0024_cctv3_f000136_000146_000156,climb-over-fence_plant_rgb,intrusion_climb-over-fence_rgb_0024_cctv3,intrusion_candidate,[146],[4.867],"{""start_frame"": 146, ""end_frame"": 146}","[""bend/bow (at the waist)""]","[""danger""]",danger,1,"{""normal"": 0, ""unsafe"": 0, ""danger"": 1}","{""normal"": 0.0, ""unsafe"": 0.0, ""danger"": 1.0}",danger,danger,danger,True,False,labeling_yolo_single_frame,single_frame_gt_from_sampled_frame_label,/home/capstone2/zroact-stage2/benchmark2/data/viz_shufflenet_test/test_frame_30fps/climb-over-fence_plant_rgb/images/intrusion_climb-over-fence_rgb_0024_cctv3/intrusion_climb-over-fence_rgb_0024_cctv3_t000146.jpg,,
intrusion_climb-over-fence_rgb_0024_cctv3_f000156,intrusion_climb-over-fence_rgb_0024_cctv3_f000136_000146_000156,climb-over-fence_plant_rgb,intrusion_climb-over-fence_rgb_0024_cctv3,intrusion_candidate,[156],[5.2],"{""start_frame"": 156, ""end_frame"": 156}","[""bend/bow (at the waist), carry/hold (an object)""]","[""danger""]",danger,1,"{""normal"": 0, ""unsafe"": 0, ""danger"": 1}","{""normal"": 0.0, ""unsafe"": 0.0, ""danger"": 1.0}",danger,danger,danger,True,False,labeling_yolo_single_frame,single_frame_gt_from_sampled_frame_label,/home/capstone2/zroact-stage2/benchmark2/data/viz_shufflenet_test/test_frame_30fps/climb-over-fence_plant_rgb/images/intrusion_climb-over-fence_rgb_0024_cctv3/intrusion_climb-over-fence_rgb_0024_cctv3_t000156.jpg,,
intrusion_climb-over-fence_rgb_0024_cctv3_f000166,intrusion_climb-over-fence_rgb_0024_cctv3_f000166_000176_000186,climb-over-fence_plant_rgb,intrusion_climb-over-fence_rgb_0024_cctv3,intrusion_candidate,[166],[5.533],"{""start_frame"": 166, ""end_frame"": 166}","[""bend/bow (at the waist), carry/hold (an object)""]","[""danger""]",danger,1,"{""normal"": 0, ""unsafe"": 0, ""danger"": 1}","{""normal"": 0.0, ""unsafe"": 0.0, ""danger"": 1.0}",danger,danger,danger,True,False,labeling_yolo_single_frame,single_frame_gt_from_sampled_frame_label,/home/capstone2/zroact-stage2/benchmark2/data/viz_shufflenet_test/test_frame_30fps/climb-over-fence_plant_rgb/images/intrusion_climb-over-fence_rgb_0024_cctv3/intrusion_climb-over-fence_rgb_0024_cctv3_t000166.jpg,,
intrusion_climb-over-fence_rgb_0024_cctv3_f000176,intrusion_climb-over-fence_rgb_0024_cctv3_f000166_000176_000186,climb-over-fence_plant_rgb,intrusion_climb-over-fence_rgb_0024_cctv3,intrusion_candidate,[176],[5.867],"{""start_frame"": 176, ""end_frame"": 176}","[""bend/bow (at the waist)""]","[""danger""]",danger,1,"{""normal"": 0, ""unsafe"": 0, ""danger"": 1}","{""normal"": 0.0, ""unsafe"": 0.0, ""danger"": 1.0}",danger,danger,danger,True,False,labeling_yolo_single_frame,single_frame_gt_from_sampled_frame_label,/home/capstone2/zroact-stage2/benchmark2/data/viz_shufflenet_test/test_frame_30fps/climb-over-fence_plant_rgb/images/intrusion_climb-over-fence_rgb_0024_cctv3/intrusion_climb-over-fence_rgb_0024_cctv3_t000176.jpg,,
intrusion_climb-over-fence_rgb_0024_cctv3_f000186,intrusion_climb-over-fence_rgb_0024_cctv3_f000166_000176_000186,climb-over-fence_plant_rgb,intrusion_climb-over-fence_rgb_0024_cctv3,intrusion_candidate,[186],[6.2],"{""start_frame"": 186, ""end_frame"": 186}","[""bend/bow (at the waist)""]","[""danger""]",danger,1,"{""normal"": 0, ""unsafe"": 0, ""danger"": 1}","{""normal"": 0.0, ""unsafe"": 0.0, ""danger"": 1.0}",danger,danger,danger,True,False,labeling_yolo_single_frame,single_frame_gt_from_sampled_frame_label,/home/capstone2/zroact-stage2/benchmark2/data/viz_shufflenet_test/test_frame_30fps/climb-over-fence_plant_rgb/images/intrusion_climb-over-fence_rgb_0024_cctv3/intrusion_climb-over-fence_rgb_0024_cctv3_t000186.jpg,,
intrusion_climb-over-fence_rgb_0024_cctv3_f000196,intrusion_climb-over-fence_rgb_0024_cctv3_f000196_000206_000216,climb-over-fence_plant_rgb,intrusion_climb-over-fence_rgb_0024_cctv3,intrusion_candidate,[196],[6.533],"{""start_frame"": 196, ""end_frame"": 196}","[""bend/bow (at the waist)""]","[""danger""]",danger,1,"{""normal"": 0, ""unsafe"": 0, ""danger"": 1}","{""normal"": 0.0, ""unsafe"": 0.0, ""danger"": 1.0}",danger,danger,danger,True,False,labeling_yolo_single_frame,single_frame_gt_from_sampled_frame_label,/home/capstone2/zroact-stage2/benchmark2/data/viz_shufflenet_test/test_frame_30fps/climb-over-fence_plant_rgb/images/intrusion_climb-over-fence_rgb_0024_cctv3/intrusion_climb-over-fence_rgb_0024_cctv3_t000196.jpg,,
intrusion_climb-over-fence_rgb_0024_cctv3_f000206,intrusion_climb-over-fence_rgb_0024_cctv3_f000196_000206_000216,climb-over-fence_plant_rgb,intrusion_climb-over-fence_rgb_0024_cctv3,intrusion_candidate,[206],[6.867],"{""start_frame"": 206, ""end_frame"": 206}","[""bend/bow (at the waist)""]","[""danger""]",danger,1,"{""normal"": 0, ""unsafe"": 0, ""danger"": 1}","{""normal"": 0.0, ""unsafe"": 0.0, ""danger"": 1.0}",danger,danger,danger,True,False,labeling_yolo_single_frame,single_frame_gt_from_sampled_frame_label,/home/capstone2/zroact-stage2/benchmark2/data/viz_shufflenet_test/test_frame_30fps/climb-over-fence_plant_rgb/images/intrusion_climb-over-fence_rgb_0024_cctv3/intrusion_climb-over-fence_rgb_0024_cctv3_t000206.jpg,,
intrusion_climb-over-fence_rgb_0024_cctv3_f000216,intrusion_climb-over-fence_rgb_0024_cctv3_f000196_000206_000216,climb-over-fence_plant_rgb,intrusion_climb-over-fence_rgb_0024_cctv3,intrusion_candidate,[216],[7.2],"{""start_frame"": 216, ""end_frame"": 216}","[""bend/bow (at the waist), carry/hold (an object)""]","[""danger""]",danger,1,"{""normal"": 0, ""unsafe"": 0, ""danger"": 1}","{""normal"": 0.0, ""unsafe"": 0.0, ""danger"": 1.0}",danger,danger,danger,True,False,labeling_yolo_single_frame,single_frame_gt_from_sampled_frame_label,/home/capstone2/zroact-stage2/benchmark2/data/viz_shufflenet_test/test_frame_30fps/climb-over-fence_plant_rgb/images/intrusion_climb-over-fence_rgb_0024_cctv3/intrusion_climb-over-fence_rgb_0024_cctv3_t000216.jpg,,
intrusion_climb-over-fence_rgb_0024_cctv3_f000226,intrusion_climb-over-fence_rgb_0024_cctv3_f000226_000236_000246,climb-over-fence_plant_rgb,intrusion_climb-over-fence_rgb_0024_cctv3,intrusion_candidate,[226],[7.533],"{""start_frame"": 226, ""end_frame"": 226}","[""bend/bow (at the waist), carry/hold (an object)""]","[""danger""]",danger,1,"{""normal"": 0, ""unsafe"": 0, ""danger"": 1}","{""normal"": 0.0, ""unsafe"": 0.0, ""danger"": 1.0}",danger,danger,danger,True,False,labeling_yolo_single_frame,single_frame_gt_from_sampled_frame_label,/home/capstone2/zroact-stage2/benchmark2/data/viz_shufflenet_test/test_frame_30fps/climb-over-fence_plant_rgb/images/intrusion_climb-over-fence_rgb_0024_cctv3/intrusion_climb-over-fence_rgb_0024_cctv3_t000226.jpg,,
intrusion_climb-over-fence_rgb_0024_cctv3_f000236,intrusion_climb-over-fence_rgb_0024_cctv3_f000226_000236_000246,climb-over-fence_plant_rgb,intrusion_climb-over-fence_rgb_0024_cctv3,intrusion_candidate,[236],[7.867],"{""start_frame"": 236, ""end_frame"": 236}","[""bend/bow (at the waist), carry/hold (an object)""]","[""danger""]",danger,1,"{""normal"": 0, ""unsafe"": 0, ""danger"": 1}","{""normal"": 0.0, ""unsafe"": 0.0, ""danger"": 1.0}",danger,danger,danger,True,False,labeling_yolo_single_frame,single_frame_gt_from_sampled_frame_label,/home/capstone2/zroact-stage2/benchmark2/data/viz_shufflenet_test/test_frame_30fps/climb-over-fence_plant_rgb/images/intrusion_climb-over-fence_rgb_0024_cctv3/intrusion_climb-over-fence_rgb_0024_cctv3_t000236.jpg,,
intrusion_climb-over-fence_rgb_0024_cctv3_f000246,intrusion_climb-over-fence_rgb_0024_cctv3_f000226_000236_000246,climb-over-fence_plant_rgb,intrusion_climb-over-fence_rgb_0024_cctv3,intrusion_candidate,[246],[8.2],"{""start_frame"": 246, ""end_frame"": 246}","[""bend/bow (at the waist), carry/hold (an object)""]","[""danger""]",danger,1,"{""normal"": 0, ""unsafe"": 0, ""danger"": 1}","{""normal"": 0.0, ""unsafe"": 0.0, ""danger"": 1.0}",danger,danger,danger,True,False,labeling_yolo_single_frame,single_frame_gt_from_sampled_frame_label,/home/capstone2/zroact-stage2/benchmark2/data/viz_shufflenet_test/test_frame_30fps/climb-over-fence_plant_rgb/images/intrusion_climb-over-fence_rgb_0024_cctv3/intrusion_climb-over-fence_rgb_0024_cctv3_t000246.jpg,,
intrusion_climb-over-fence_rgb_0025_cctv2_f000016,intrusion_climb-over-fence_rgb_0025_cctv2_f000016_000026_000036,climb-over-fence_plant_rgb,intrusion_climb-over-fence_rgb_0025_cctv2,intrusion_candidate,[16],[0.533],"{""start_frame"": 16, ""end_frame"": 16}","[""walk, carry/hold (an object)""]","[""danger""]",danger,1,"{""normal"": 0, ""unsafe"": 0, ""danger"": 1}","{""normal"": 0.0, ""unsafe"": 0.0, ""danger"": 1.0}",danger,danger,danger,True,False,labeling_yolo_single_frame,single_frame_gt_from_sampled_frame_label,/home/capstone2/zroact-stage2/benchmark2/data/viz_shufflenet_test/test_frame_30fps/climb-over-fence_plant_rgb/images/intrusion_climb-over-fence_rgb_0025_cctv2/intrusion_climb-over-fence_rgb_0025_cctv2_t000016.jpg,,
intrusion_climb-over-fence_rgb_0025_cctv2_f000026,intrusion_climb-over-fence_rgb_0025_cctv2_f000016_000026_000036,climb-over-fence_plant_rgb,intrusion_climb-over-fence_rgb_0025_cctv2,intrusion_candidate,[26],[0.867],"{""start_frame"": 26, ""end_frame"": 26}","[""bend/bow (at the waist), carry/hold (an object)""]","[""danger""]",danger,1,"{""normal"": 0, ""unsafe"": 0, ""danger"": 1}","{""normal"": 0.0, ""unsafe"": 0.0, ""danger"": 1.0}",danger,danger,danger,True,False,labeling_yolo_single_frame,single_frame_gt_from_sampled_frame_label,/home/capstone2/zroact-stage2/benchmark2/data/viz_shufflenet_test/test_frame_30fps/climb-over-fence_plant_rgb/images/intrusion_climb-over-fence_rgb_0025_cctv2/intrusion_climb-over-fence_rgb_0025_cctv2_t000026.jpg,,
intrusion_climb-over-fence_rgb_0025_cctv2_f000036,intrusion_climb-over-fence_rgb_0025_cctv2_f000016_000026_000036,climb-over-fence_plant_rgb,intrusion_climb-over-fence_rgb_0025_cctv2,intrusion_candidate,[36],[1.2],"{""start_frame"": 36, ""end_frame"": 36}","[""bend/bow (at the waist), carry/hold (an object)""]","[""danger""]",danger,1,"{""normal"": 0, ""unsafe"": 0, ""danger"": 1}","{""normal"": 0.0, ""unsafe"": 0.0, ""danger"": 1.0}",danger,danger,danger,True,False,labeling_yolo_single_frame,single_frame_gt_from_sampled_frame_label,/home/capstone2/zroact-stage2/benchmark2/data/viz_shufflenet_test/test_frame_30fps/climb-over-fence_plant_rgb/images/intrusion_climb-over-fence_rgb_0025_cctv2/intrusion_climb-over-fence_rgb_0025_cctv2_t000036.jpg,,
intrusion_climb-over-fence_rgb_0025_cctv2_f000046,intrusion_climb-over-fence_rgb_0025_cctv2_f000046_000056_000066,climb-over-fence_plant_rgb,intrusion_climb-over-fence_rgb_0025_cctv2,intrusion_candidate,[46],[1.533],"{""start_frame"": 46, ""end_frame"": 46}","[""bend/bow (at the waist), carry/hold (an object)""]","[""danger""]",danger,1,"{""normal"": 0, ""unsafe"": 0, ""danger"": 1}","{""normal"": 0.0, ""unsafe"": 0.0, ""danger"": 1.0}",danger,danger,danger,True,False,labeling_yolo_single_frame,single_frame_gt_from_sampled_frame_label,/home/capstone2/zroact-stage2/benchmark2/data/viz_shufflenet_test/test_frame_30fps/climb-over-fence_plant_rgb/images/intrusion_climb-over-fence_rgb_0025_cctv2/intrusion_climb-over-fence_rgb_0025_cctv2_t000046.jpg,,
intrusion_climb-over-fence_rgb_0025_cctv2_f000056,intrusion_climb-over-fence_rgb_0025_cctv2_f000046_000056_000066,climb-over-fence_plant_rgb,intrusion_climb-over-fence_rgb_0025_cctv2,intrusion_candidate,[56],[1.867],"{""start_frame"": 56, ""end_frame"": 56}","[""bend/bow (at the waist), carry/hold (an object)""]","[""danger""]",danger,1,"{""normal"": 0, ""unsafe"": 0, ""danger"": 1}","{""normal"": 0.0, ""unsafe"": 0.0, ""danger"": 1.0}",danger,danger,danger,True,False,labeling_yolo_single_frame,single_frame_gt_from_sampled_frame_label,/home/capstone2/zroact-stage2/benchmark2/data/viz_shufflenet_test/test_frame_30fps/climb-over-fence_plant_rgb/images/intrusion_climb-over-fence_rgb_0025_cctv2/intrusion_climb-over-fence_rgb_0025_cctv2_t000056.jpg,,
intrusion_climb-over-fence_rgb_0025_cctv2_f000066,intrusion_climb-over-fence_rgb_0025_cctv2_f000046_000056_000066,climb-over-fence_plant_rgb,intrusion_climb-over-fence_rgb_0025_cctv2,intrusion_candidate,[66],[2.2],"{""start_frame"": 66, ""end_frame"": 66}","[""bend/bow (at the waist), carry/hold (an object)""]","[""danger""]",danger,1,"{""normal"": 0, ""unsafe"": 0, ""danger"": 1}","{""normal"": 0.0, ""unsafe"": 0.0, ""danger"": 1.0}",danger,danger,danger,True,False,labeling_yolo_single_frame,single_frame_gt_from_sampled_frame_label,/home/capstone2/zroact-stage2/benchmark2/data/viz_shufflenet_test/test_frame_30fps/climb-over-fence_plant_rgb/images/intrusion_climb-over-fence_rgb_0025_cctv2/intrusion_climb-over-fence_rgb_0025_cctv2_t000066.jpg,,
intrusion_climb-over-fence_rgb_0025_cctv2_f000076,intrusion_climb-over-fence_rgb_0025_cctv2_f000076_000086_000096,climb-over-fence_plant_rgb,intrusion_climb-over-fence_rgb_0025_cctv2,intrusion_candidate,[76],[2.533],"{""start_frame"": 76, ""end_frame"": 76}","[""bend/bow (at the waist), carry/hold (an object)""]","[""danger""]",danger,1,"{""normal"": 0, ""unsafe"": 0, ""danger"": 1}","{""normal"": 0.0, ""unsafe"": 0.0, ""danger"": 1.0}",danger,danger,danger,True,False,labeling_yolo_single_frame,single_frame_gt_from_sampled_frame_label,/home/capstone2/zroact-stage2/benchmark2/data/viz_shufflenet_test/test_frame_30fps/climb-over-fence_plant_rgb/images/intrusion_climb-over-fence_rgb_0025_cctv2/intrusion_climb-over-fence_rgb_0025_cctv2_t000076.jpg,,
intrusion_climb-over-fence_rgb_0025_cctv2_f000086,intrusion_climb-over-fence_rgb_0025_cctv2_f000076_000086_000096,climb-over-fence_plant_rgb,intrusion_climb-over-fence_rgb_0025_cctv2,intrusion_candidate,[86],[2.867],"{""start_frame"": 86, ""end_frame"": 86}","[""bend/bow (at the waist), carry/hold (an object)""]","[""danger""]",danger,1,"{""normal"": 0, ""unsafe"": 0, ""danger"": 1}","{""normal"": 0.0, ""unsafe"": 0.0, ""danger"": 1.0}",danger,danger,danger,True,False,labeling_yolo_single_frame,single_frame_gt_from_sampled_frame_label,/home/capstone2/zroact-stage2/benchmark2/data/viz_shufflenet_test/test_frame_30fps/climb-over-fence_plant_rgb/images/intrusion_climb-over-fence_rgb_0025_cctv2/intrusion_climb-over-fence_rgb_0025_cctv2_t000086.jpg,,
intrusion_climb-over-fence_rgb_0025_cctv2_f000096,intrusion_climb-over-fence_rgb_0025_cctv2_f000076_000086_000096,climb-over-fence_plant_rgb,intrusion_climb-over-fence_rgb_0025_cctv2,intrusion_candidate,[96],[3.2],"{""start_frame"": 96, ""end_frame"": 96}","[""bend/bow (at the waist), carry/hold (an object)""]","[""danger""]",danger,1,"{""normal"": 0, ""unsafe"": 0, ""danger"": 1}","{""normal"": 0.0, ""unsafe"": 0.0, ""danger"": 1.0}",danger,danger,danger,True,False,labeling_yolo_single_frame,single_frame_gt_from_sampled_frame_label,/home/capstone2/zroact-stage2/benchmark2/data/viz_shufflenet_test/test_frame_30fps/climb-over-fence_plant_rgb/images/intrusion_climb-over-fence_rgb_0025_cctv2/intrusion_climb-over-fence_rgb_0025_cctv2_t000096.jpg,,
intrusion_climb-over-fence_rgb_0025_cctv2_f000106,intrusion_climb-over-fence_rgb_0025_cctv2_f000106_000116_000126,climb-over-fence_plant_rgb,intrusion_climb-over-fence_rgb_0025_cctv2,intrusion_candidate,[106],[3.533],"{""start_frame"": 106, ""end_frame"": 106}","[""bend/bow (at the waist), carry/hold (an object)""]","[""danger""]",danger,1,"{""normal"": 0, ""unsafe"": 0, ""danger"": 1}","{""normal"": 0.0, ""unsafe"": 0.0, ""danger"": 1.0}",danger,danger,danger,True,False,labeling_yolo_single_frame,single_frame_gt_from_sampled_frame_label,/home/capstone2/zroact-stage2/benchmark2/data/viz_shufflenet_test/test_frame_30fps/climb-over-fence_plant_rgb/images/intrusion_climb-over-fence_rgb_0025_cctv2/intrusion_climb-over-fence_rgb_0025_cctv2_t000106.jpg,,
intrusion_climb-over-fence_rgb_0025_cctv2_f000116,intrusion_climb-over-fence_rgb_0025_cctv2_f000106_000116_000126,climb-over-fence_plant_rgb,intrusion_climb-over-fence_rgb_0025_cctv2,intrusion_candidate,[116],[3.867],"{""start_frame"": 116, ""end_frame"": 116}","[""bend/bow (at the waist), carry/hold (an object)""]","[""danger""]",danger,1,"{""normal"": 0, ""unsafe"": 0, ""danger"": 1}","{""normal"": 0.0, ""unsafe"": 0.0, ""danger"": 1.0}",danger,danger,danger,True,False,labeling_yolo_single_frame,single_frame_gt_from_sampled_frame_label,/home/capstone2/zroact-stage2/benchmark2/data/viz_shufflenet_test/test_frame_30fps/climb-over-fence_plant_rgb/images/intrusion_climb-over-fence_rgb_0025_cctv2/intrusion_climb-over-fence_rgb_0025_cctv2_t000116.jpg,,
intrusion_climb-over-fence_rgb_0025_cctv2_f000126,intrusion_climb-over-fence_rgb_0025_cctv2_f000106_000116_000126,climb-over-fence_plant_rgb,intrusion_climb-over-fence_rgb_0025_cctv2,intrusion_candidate,[126],[4.2],"{""start_frame"": 126, ""end_frame"": 126}","[""bend/bow (at the waist), carry/hold (an object)""]","[""danger""]",danger,1,"{""normal"": 0, ""unsafe"": 0, ""danger"": 1}","{""normal"": 0.0, ""unsafe"": 0.0, ""danger"": 1.0}",danger,danger,danger,True,False,labeling_yolo_single_frame,single_frame_gt_from_sampled_frame_label,/home/capstone2/zroact-stage2/benchmark2/data/viz_shufflenet_test/test_frame_30fps/climb-over-fence_plant_rgb/images/intrusion_climb-over-fence_rgb_0025_cctv2/intrusion_climb-over-fence_rgb_0025_cctv2_t000126.jpg,,
intrusion_climb-over-fence_rgb_0025_cctv2_f000136,intrusion_climb-over-fence_rgb_0025_cctv2_f000136_000146_000156,climb-over-fence_plant_rgb,intrusion_climb-over-fence_rgb_0025_cctv2,intrusion_candidate,[136],[4.533],"{""start_frame"": 136, ""end_frame"": 136}","[""bend/bow (at the waist), carry/hold (an object)""]","[""danger""]",danger,1,"{""normal"": 0, ""unsafe"": 0, ""danger"": 1}","{""normal"": 0.0, ""unsafe"": 0.0, ""danger"": 1.0}",danger,danger,danger,True,False,labeling_yolo_single_frame,single_frame_gt_from_sampled_frame_label,/home/capstone2/zroact-stage2/benchmark2/data/viz_shufflenet_test/test_frame_30fps/climb-over-fence_plant_rgb/images/intrusion_climb-over-fence_rgb_0025_cctv2/intrusion_climb-over-fence_rgb_0025_cctv2_t000136.jpg,,
intrusion_climb-over-fence_rgb_0025_cctv2_f000146,intrusion_climb-over-fence_rgb_0025_cctv2_f000136_000146_000156,climb-over-fence_plant_rgb,intrusion_climb-over-fence_rgb_0025_cctv2,intrusion_candidate,[146],[4.867],"{""start_frame"": 146, ""end_frame"": 146}","[""bend/bow (at the waist), carry/hold (an object)""]","[""danger""]",danger,1,"{""normal"": 0, ""unsafe"": 0, ""danger"": 1}","{""normal"": 0.0, ""unsafe"": 0.0, ""danger"": 1.0}",danger,danger,danger,True,False,labeling_yolo_single_frame,single_frame_gt_from_sampled_frame_label,/home/capstone2/zroact-stage2/benchmark2/data/viz_shufflenet_test/test_frame_30fps/climb-over-fence_plant_rgb/images/intrusion_climb-over-fence_rgb_0025_cctv2/intrusion_climb-over-fence_rgb_0025_cctv2_t000146.jpg,,
intrusion_climb-over-fence_rgb_0025_cctv2_f000156,intrusion_climb-over-fence_rgb_0025_cctv2_f000136_000146_000156,climb-over-fence_plant_rgb,intrusion_climb-over-fence_rgb_0025_cctv2,intrusion_candidate,[156],[5.2],"{""start_frame"": 156, ""end_frame"": 156}","[""bend/bow (at the waist), carry/hold (an object)""]","[""danger""]",danger,1,"{""normal"": 0, ""unsafe"": 0, ""danger"": 1}","{""normal"": 0.0, ""unsafe"": 0.0, ""danger"": 1.0}",danger,danger,danger,True,False,labeling_yolo_single_frame,single_frame_gt_from_sampled_frame_label,/home/capstone2/zroact-stage2/benchmark2/data/viz_shufflenet_test/test_frame_30fps/climb-over-fence_plant_rgb/images/intrusion_climb-over-fence_rgb_0025_cctv2/intrusion_climb-over-fence_rgb_0025_cctv2_t000156.jpg,,
intrusion_climb-over-fence_rgb_0025_cctv2_f000166,intrusion_climb-over-fence_rgb_0025_cctv2_f000166_000176_000186,climb-over-fence_plant_rgb,intrusion_climb-over-fence_rgb_0025_cctv2,intrusion_candidate,[166],[5.533],"{""start_frame"": 166, ""end_frame"": 166}","[""bend/bow (at the waist), carry/hold (an object)""]","[""danger""]",danger,1,"{""normal"": 0, ""unsafe"": 0, ""danger"": 1}","{""normal"": 0.0, ""unsafe"": 0.0, ""danger"": 1.0}",danger,danger,danger,True,False,labeling_yolo_single_frame,single_frame_gt_from_sampled_frame_label,/home/capstone2/zroact-stage2/benchmark2/data/viz_shufflenet_test/test_frame_30fps/climb-over-fence_plant_rgb/images/intrusion_climb-over-fence_rgb_0025_cctv2/intrusion_climb-over-fence_rgb_0025_cctv2_t000166.jpg,,
intrusion_climb-over-fence_rgb_0025_cctv2_f000176,intrusion_climb-over-fence_rgb_0025_cctv2_f000166_000176_000186,climb-over-fence_plant_rgb,intrusion_climb-over-fence_rgb_0025_cctv2,intrusion_candidate,[176],[5.867],"{""start_frame"": 176, ""end_frame"": 176}","[""bend/bow (at the waist), carry/hold (an object)""]","[""danger""]",danger,1,"{""normal"": 0, ""unsafe"": 0, ""danger"": 1}","{""normal"": 0.0, ""unsafe"": 0.0, ""danger"": 1.0}",danger,danger,danger,True,False,labeling_yolo_single_frame,single_frame_gt_from_sampled_frame_label,/home/capstone2/zroact-stage2/benchmark2/data/viz_shufflenet_test/test_frame_30fps/climb-over-fence_plant_rgb/images/intrusion_climb-over-fence_rgb_0025_cctv2/intrusion_climb-over-fence_rgb_0025_cctv2_t000176.jpg,,
intrusion_climb-over-fence_rgb_0025_cctv2_f000186,intrusion_climb-over-fence_rgb_0025_cctv2_f000166_000176_000186,climb-over-fence_plant_rgb,intrusion_climb-over-fence_rgb_0025_cctv2,intrusion_candidate,[186],[6.2],"{""start_frame"": 186, ""end_frame"": 186}","[""bend/bow (at the waist), carry/hold (an object)""]","[""danger""]",danger,1,"{""normal"": 0, ""unsafe"": 0, ""danger"": 1}","{""normal"": 0.0, ""unsafe"": 0.0, ""danger"": 1.0}",danger,danger,danger,True,False,labeling_yolo_single_frame,single_frame_gt_from_sampled_frame_label,/home/capstone2/zroact-stage2/benchmark2/data/viz_shufflenet_test/test_frame_30fps/climb-over-fence_plant_rgb/images/intrusion_climb-over-fence_rgb_0025_cctv2/intrusion_climb-over-fence_rgb_0025_cctv2_t000186.jpg,,
intrusion_climb-over-fence_rgb_0025_cctv2_f000196,intrusion_climb-over-fence_rgb_0025_cctv2_f000196_000206_000216,climb-over-fence_plant_rgb,intrusion_climb-over-fence_rgb_0025_cctv2,intrusion_candidate,[196],[6.533],"{""start_frame"": 196, ""end_frame"": 196}","[""bend/bow (at the waist), carry/hold (an object)""]","[""danger""]",danger,1,"{""normal"": 0, ""unsafe"": 0, ""danger"": 1}","{""normal"": 0.0, ""unsafe"": 0.0, ""danger"": 1.0}",danger,danger,danger,True,False,labeling_yolo_single_frame,single_frame_gt_from_sampled_frame_label,/home/capstone2/zroact-stage2/benchmark2/data/viz_shufflenet_test/test_frame_30fps/climb-over-fence_plant_rgb/images/intrusion_climb-over-fence_rgb_0025_cctv2/intrusion_climb-over-fence_rgb_0025_cctv2_t000196.jpg,,
intrusion_climb-over-fence_rgb_0025_cctv2_f000206,intrusion_climb-over-fence_rgb_0025_cctv2_f000196_000206_000216,climb-over-fence_plant_rgb,intrusion_climb-over-fence_rgb_0025_cctv2,intrusion_candidate,[206],[6.867],"{""start_frame"": 206, ""end_frame"": 206}","[""bend/bow (at the waist), carry/hold (an object)""]","[""danger""]",danger,1,"{""normal"": 0, ""unsafe"": 0, ""danger"": 1}","{""normal"": 0.0, ""unsafe"": 0.0, ""danger"": 1.0}",danger,danger,danger,True,False,labeling_yolo_single_frame,single_frame_gt_from_sampled_frame_label,/home/capstone2/zroact-stage2/benchmark2/data/viz_shufflenet_test/test_frame_30fps/climb-over-fence_plant_rgb/images/intrusion_climb-over-fence_rgb_0025_cctv2/intrusion_climb-over-fence_rgb_0025_cctv2_t000206.jpg,,
intrusion_climb-over-fence_rgb_0025_cctv2_f000216,intrusion_climb-over-fence_rgb_0025_cctv2_f000196_000206_000216,climb-over-fence_plant_rgb,intrusion_climb-over-fence_rgb_0025_cctv2,intrusion_candidate,[216],[7.2],"{""start_frame"": 216, ""end_frame"": 216}","[""bend/bow (at the waist), carry/hold (an object)""]","[""danger""]",danger,1,"{""normal"": 0, ""unsafe"": 0, ""danger"": 1}","{""normal"": 0.0, ""unsafe"": 0.0, ""danger"": 1.0}",danger,danger,danger,True,False,labeling_yolo_single_frame,single_frame_gt_from_sampled_frame_label,/home/capstone2/zroact-stage2/benchmark2/data/viz_shufflenet_test/test_frame_30fps/climb-over-fence_plant_rgb/images/intrusion_climb-over-fence_rgb_0025_cctv2/intrusion_climb-over-fence_rgb_0025_cctv2_t000216.jpg,,
intrusion_climb-over-fence_rgb_0034_cctv3_f000016,intrusion_climb-over-fence_rgb_0034_cctv3_f000016_000026_000036,climb-over-fence_plant_rgb,intrusion_climb-over-fence_rgb_0034_cctv3,intrusion_candidate,[16],[0.533],"{""start_frame"": 16, ""end_frame"": 16}","[""walk, carry/hold (an object)""]","[""danger""]",danger,1,"{""normal"": 0, ""unsafe"": 0, ""danger"": 1}","{""normal"": 0.0, ""unsafe"": 0.0, ""danger"": 1.0}",danger,danger,danger,True,False,labeling_yolo_single_frame,single_frame_gt_from_sampled_frame_label,/home/capstone2/zroact-stage2/benchmark2/data/viz_shufflenet_test/test_frame_30fps/climb-over-fence_plant_rgb/images/intrusion_climb-over-fence_rgb_0034_cctv3/intrusion_climb-over-fence_rgb_0034_cctv3_t000016.jpg,,
intrusion_climb-over-fence_rgb_0034_cctv3_f000026,intrusion_climb-over-fence_rgb_0034_cctv3_f000016_000026_000036,climb-over-fence_plant_rgb,intrusion_climb-over-fence_rgb_0034_cctv3,intrusion_candidate,[26],[0.867],"{""start_frame"": 26, ""end_frame"": 26}","[""walk, carry/hold (an object)""]","[""danger""]",danger,1,"{""normal"": 0, ""unsafe"": 0, ""danger"": 1}","{""normal"": 0.0, ""unsafe"": 0.0, ""danger"": 1.0}",danger,danger,danger,True,False,labeling_yolo_single_frame,single_frame_gt_from_sampled_frame_label,/home/capstone2/zroact-stage2/benchmark2/data/viz_shufflenet_test/test_frame_30fps/climb-over-fence_plant_rgb/images/intrusion_climb-over-fence_rgb_0034_cctv3/intrusion_climb-over-fence_rgb_0034_cctv3_t000026.jpg,,
intrusion_climb-over-fence_rgb_0034_cctv3_f000036,intrusion_climb-over-fence_rgb_0034_cctv3_f000016_000026_000036,climb-over-fence_plant_rgb,intrusion_climb-over-fence_rgb_0034_cctv3,intrusion_candidate,[36],[1.2],"{""start_frame"": 36, ""end_frame"": 36}","[""walk, carry/hold (an object)""]","[""danger""]",danger,1,"{""normal"": 0, ""unsafe"": 0, ""danger"": 1}","{""normal"": 0.0, ""unsafe"": 0.0, ""danger"": 1.0}",danger,danger,danger,True,False,labeling_yolo_single_frame,single_frame_gt_from_sampled_frame_label,/home/capstone2/zroact-stage2/benchmark2/data/viz_shufflenet_test/test_frame_30fps/climb-over-fence_plant_rgb/images/intrusion_climb-over-fence_rgb_0034_cctv3/intrusion_climb-over-fence_rgb_0034_cctv3_t000036.jpg,,
intrusion_climb-over-fence_rgb_0034_cctv3_f000046,intrusion_climb-over-fence_rgb_0034_cctv3_f000046_000056_000066,climb-over-fence_plant_rgb,intrusion_climb-over-fence_rgb_0034_cctv3,intrusion_candidate,[46],[1.533],"{""start_frame"": 46, ""end_frame"": 46}","[""carry/hold (an object), walk""]","[""danger""]",danger,1,"{""normal"": 0, ""unsafe"": 0, ""danger"": 1}","{""normal"": 0.0, ""unsafe"": 0.0, ""danger"": 1.0}",danger,danger,danger,True,False,labeling_yolo_single_frame,single_frame_gt_from_sampled_frame_label,/home/capstone2/zroact-stage2/benchmark2/data/viz_shufflenet_test/test_frame_30fps/climb-over-fence_plant_rgb/images/intrusion_climb-over-fence_rgb_0034_cctv3/intrusion_climb-over-fence_rgb_0034_cctv3_t000046.jpg,,
intrusion_climb-over-fence_rgb_0034_cctv3_f000056,intrusion_climb-over-fence_rgb_0034_cctv3_f000046_000056_000066,climb-over-fence_plant_rgb,intrusion_climb-over-fence_rgb_0034_cctv3,intrusion_candidate,[56],[1.867],"{""start_frame"": 56, ""end_frame"": 56}","[""carry/hold (an object), walk""]","[""danger""]",danger,1,"{""normal"": 0, ""unsafe"": 0, ""danger"": 1}","{""normal"": 0.0, ""unsafe"": 0.0, ""danger"": 1.0}",danger,danger,danger,True,False,labeling_yolo_single_frame,single_frame_gt_from_sampled_frame_label,/home/capstone2/zroact-stage2/benchmark2/data/viz_shufflenet_test/test_frame_30fps/climb-over-fence_plant_rgb/images/intrusion_climb-over-fence_rgb_0034_cctv3/intrusion_climb-over-fence_rgb_0034_cctv3_t000056.jpg,,
intrusion_climb-over-fence_rgb_0034_cctv3_f000066,intrusion_climb-over-fence_rgb_0034_cctv3_f000046_000056_000066,climb-over-fence_plant_rgb,intrusion_climb-over-fence_rgb_0034_cctv3,intrusion_candidate,[66],[2.2],"{""start_frame"": 66, ""end_frame"": 66}","[""carry/hold (an object), stand""]","[""danger""]",danger,1,"{""normal"": 0, ""unsafe"": 0, ""danger"": 1}","{""normal"": 0.0, ""unsafe"": 0.0, ""danger"": 1.0}",danger,danger,danger,True,False,labeling_yolo_single_frame,single_frame_gt_from_sampled_frame_label,/home/capstone2/zroact-stage2/benchmark2/data/viz_shufflenet_test/test_frame_30fps/climb-over-fence_plant_rgb/images/intrusion_climb-over-fence_rgb_0034_cctv3/intrusion_climb-over-fence_rgb_0034_cctv3_t000066.jpg,,
intrusion_climb-over-fence_rgb_0034_cctv3_f000076,intrusion_climb-over-fence_rgb_0034_cctv3_f000076_000086_000096,climb-over-fence_plant_rgb,intrusion_climb-over-fence_rgb_0034_cctv3,intrusion_candidate,[76],[2.533],"{""start_frame"": 76, ""end_frame"": 76}","[""bend/bow (at the waist), carry/hold (an object)""]","[""danger""]",danger,1,"{""normal"": 0, ""unsafe"": 0, ""danger"": 1}","{""normal"": 0.0, ""unsafe"": 0.0, ""danger"": 1.0}",danger,danger,danger,True,False,labeling_yolo_single_frame,single_frame_gt_from_sampled_frame_label,/home/capstone2/zroact-stage2/benchmark2/data/viz_shufflenet_test/test_frame_30fps/climb-over-fence_plant_rgb/images/intrusion_climb-over-fence_rgb_0034_cctv3/intrusion_climb-over-fence_rgb_0034_cctv3_t000076.jpg,,
intrusion_climb-over-fence_rgb_0034_cctv3_f000086,intrusion_climb-over-fence_rgb_0034_cctv3_f000076_000086_000096,climb-over-fence_plant_rgb,intrusion_climb-over-fence_rgb_0034_cctv3,intrusion_candidate,[86],[2.867],"{""start_frame"": 86, ""end_frame"": 86}","[""bend/bow (at the waist), carry/hold (an object)""]","[""danger""]",danger,1,"{""normal"": 0, ""unsafe"": 0, ""danger"": 1}","{""normal"": 0.0, ""unsafe"": 0.0, ""danger"": 1.0}",danger,danger,danger,True,False,labeling_yolo_single_frame,single_frame_gt_from_sampled_frame_label,/home/capstone2/zroact-stage2/benchmark2/data/viz_shufflenet_test/test_frame_30fps/climb-over-fence_plant_rgb/images/intrusion_climb-over-fence_rgb_0034_cctv3/intrusion_climb-over-fence_rgb_0034_cctv3_t000086.jpg,,
intrusion_climb-over-fence_rgb_0034_cctv3_f000096,intrusion_climb-over-fence_rgb_0034_cctv3_f000076_000086_000096,climb-over-fence_plant_rgb,intrusion_climb-over-fence_rgb_0034_cctv3,intrusion_candidate,[96],[3.2],"{""start_frame"": 96, ""end_frame"": 96}","[""bend/bow (at the waist), carry/hold (an object)""]","[""danger""]",danger,1,"{""normal"": 0, ""unsafe"": 0, ""danger"": 1}","{""normal"": 0.0, ""unsafe"": 0.0, ""danger"": 1.0}",danger,danger,danger,True,False,labeling_yolo_single_frame,single_frame_gt_from_sampled_frame_label,/home/capstone2/zroact-stage2/benchmark2/data/viz_shufflenet_test/test_frame_30fps/climb-over-fence_plant_rgb/images/intrusion_climb-over-fence_rgb_0034_cctv3/intrusion_climb-over-fence_rgb_0034_cctv3_t000096.jpg,,
intrusion_climb-over-fence_rgb_0034_cctv3_f000106,intrusion_climb-over-fence_rgb_0034_cctv3_f000106_000116_000126,climb-over-fence_plant_rgb,intrusion_climb-over-fence_rgb_0034_cctv3,intrusion_candidate,[106],[3.533],"{""start_frame"": 106, ""end_frame"": 106}","[""bend/bow (at the waist), carry/hold (an object)""]","[""danger""]",danger,1,"{""normal"": 0, ""unsafe"": 0, ""danger"": 1}","{""normal"": 0.0, ""unsafe"": 0.0, ""danger"": 1.0}",danger,danger,danger,True,False,labeling_yolo_single_frame,single_frame_gt_from_sampled_frame_label,/home/capstone2/zroact-stage2/benchmark2/data/viz_shufflenet_test/test_frame_30fps/climb-over-fence_plant_rgb/images/intrusion_climb-over-fence_rgb_0034_cctv3/intrusion_climb-over-fence_rgb_0034_cctv3_t000106.jpg,,
intrusion_climb-over-fence_rgb_0034_cctv3_f000116,intrusion_climb-over-fence_rgb_0034_cctv3_f000106_000116_000126,climb-over-fence_plant_rgb,intrusion_climb-over-fence_rgb_0034_cctv3,intrusion_candidate,[116],[3.867],"{""start_frame"": 116, ""end_frame"": 116}","[""bend/bow (at the waist), carry/hold (an object)""]","[""danger""]",danger,1,"{""normal"": 0, ""unsafe"": 0, ""danger"": 1}","{""normal"": 0.0, ""unsafe"": 0.0, ""danger"": 1.0}",danger,danger,danger,True,False,labeling_yolo_single_frame,single_frame_gt_from_sampled_frame_label,/home/capstone2/zroact-stage2/benchmark2/data/viz_shufflenet_test/test_frame_30fps/climb-over-fence_plant_rgb/images/intrusion_climb-over-fence_rgb_0034_cctv3/intrusion_climb-over-fence_rgb_0034_cctv3_t000116.jpg,,
intrusion_climb-over-fence_rgb_0034_cctv3_f000126,intrusion_climb-over-fence_rgb_0034_cctv3_f000106_000116_000126,climb-over-fence_plant_rgb,intrusion_climb-over-fence_rgb_0034_cctv3,intrusion_candidate,[126],[4.2],"{""start_frame"": 126, ""end_frame"": 126}","[""bend/bow (at the waist), carry/hold (an object)""]","[""danger""]",danger,1,"{""normal"": 0, ""unsafe"": 0, ""danger"": 1}","{""normal"": 0.0, ""unsafe"": 0.0, ""danger"": 1.0}",danger,danger,danger,True,False,labeling_yolo_single_frame,single_frame_gt_from_sampled_frame_label,/home/capstone2/zroact-stage2/benchmark2/data/viz_shufflenet_test/test_frame_30fps/climb-over-fence_plant_rgb/images/intrusion_climb-over-fence_rgb_0034_cctv3/intrusion_climb-over-fence_rgb_0034_cctv3_t000126.jpg,,
intrusion_climb-over-fence_rgb_0034_cctv3_f000136,intrusion_climb-over-fence_rgb_0034_cctv3_f000136_000146_000156,climb-over-fence_plant_rgb,intrusion_climb-over-fence_rgb_0034_cctv3,intrusion_candidate,[136],[4.533],"{""start_frame"": 136, ""end_frame"": 136}","[""bend/bow (at the waist), carry/hold (an object)""]","[""danger""]",danger,1,"{""normal"": 0, ""unsafe"": 0, ""danger"": 1}","{""normal"": 0.0, ""unsafe"": 0.0, ""danger"": 1.0}",danger,danger,danger,True,False,labeling_yolo_single_frame,single_frame_gt_from_sampled_frame_label,/home/capstone2/zroact-stage2/benchmark2/data/viz_shufflenet_test/test_frame_30fps/climb-over-fence_plant_rgb/images/intrusion_climb-over-fence_rgb_0034_cctv3/intrusion_climb-over-fence_rgb_0034_cctv3_t000136.jpg,,
intrusion_climb-over-fence_rgb_0034_cctv3_f000146,intrusion_climb-over-fence_rgb_0034_cctv3_f000136_000146_000156,climb-over-fence_plant_rgb,intrusion_climb-over-fence_rgb_0034_cctv3,intrusion_candidate,[146],[4.867],"{""start_frame"": 146, ""end_frame"": 146}","[""bend/bow (at the waist), carry/hold (an object)""]","[""danger""]",danger,1,"{""normal"": 0, ""unsafe"": 0, ""danger"": 1}","{""normal"": 0.0, ""unsafe"": 0.0, ""danger"": 1.0}",danger,danger,danger,True,False,labeling_yolo_single_frame,single_frame_gt_from_sampled_frame_label,/home/capstone2/zroact-stage2/benchmark2/data/viz_shufflenet_test/test_frame_30fps/climb-over-fence_plant_rgb/images/intrusion_climb-over-fence_rgb_0034_cctv3/intrusion_climb-over-fence_rgb_0034_cctv3_t000146.jpg,,
intrusion_climb-over-fence_rgb_0034_cctv3_f000156,intrusion_climb-over-fence_rgb_0034_cctv3_f000136_000146_000156,climb-over-fence_plant_rgb,intrusion_climb-over-fence_rgb_0034_cctv3,intrusion_candidate,[156],[5.2],"{""start_frame"": 156, ""end_frame"": 156}","[""bend/bow (at the waist), carry/hold (an object)""]","[""danger""]",danger,1,"{""normal"": 0, ""unsafe"": 0, ""danger"": 1}","{""normal"": 0.0, ""unsafe"": 0.0, ""danger"": 1.0}",danger,danger,danger,True,False,labeling_yolo_single_frame,single_frame_gt_from_sampled_frame_label,/home/capstone2/zroact-stage2/benchmark2/data/viz_shufflenet_test/test_frame_30fps/climb-over-fence_plant_rgb/images/intrusion_climb-over-fence_rgb_0034_cctv3/intrusion_climb-over-fence_rgb_0034_cctv3_t000156.jpg,,
intrusion_climb-over-fence_rgb_0034_cctv3_f000166,intrusion_climb-over-fence_rgb_0034_cctv3_f000166_000176_000186,climb-over-fence_plant_rgb,intrusion_climb-over-fence_rgb_0034_cctv3,intrusion_candidate,[166],[5.533],"{""start_frame"": 166, ""end_frame"": 166}","[""bend/bow (at the waist), carry/hold (an object)""]","[""danger""]",danger,1,"{""normal"": 0, ""unsafe"": 0, ""danger"": 1}","{""normal"": 0.0, ""unsafe"": 0.0, ""danger"": 1.0}",danger,danger,danger,True,False,labeling_yolo_single_frame,single_frame_gt_from_sampled_frame_label,/home/capstone2/zroact-stage2/benchmark2/data/viz_shufflenet_test/test_frame_30fps/climb-over-fence_plant_rgb/images/intrusion_climb-over-fence_rgb_0034_cctv3/intrusion_climb-over-fence_rgb_0034_cctv3_t000166.jpg,,
intrusion_climb-over-fence_rgb_0034_cctv3_f000176,intrusion_climb-over-fence_rgb_0034_cctv3_f000166_000176_000186,climb-over-fence_plant_rgb,intrusion_climb-over-fence_rgb_0034_cctv3,intrusion_candidate,[176],[5.867],"{""start_frame"": 176, ""end_frame"": 176}","[""bend/bow (at the waist), carry/hold (an object)""]","[""danger""]",danger,1,"{""normal"": 0, ""unsafe"": 0, ""danger"": 1}","{""normal"": 0.0, ""unsafe"": 0.0, ""danger"": 1.0}",danger,danger,danger,True,False,labeling_yolo_single_frame,single_frame_gt_from_sampled_frame_label,/home/capstone2/zroact-stage2/benchmark2/data/viz_shufflenet_test/test_frame_30fps/climb-over-fence_plant_rgb/images/intrusion_climb-over-fence_rgb_0034_cctv3/intrusion_climb-over-fence_rgb_0034_cctv3_t000176.jpg,,
intrusion_climb-over-fence_rgb_0034_cctv3_f000186,intrusion_climb-over-fence_rgb_0034_cctv3_f000166_000176_000186,climb-over-fence_plant_rgb,intrusion_climb-over-fence_rgb_0034_cctv3,intrusion_candidate,[186],[6.2],"{""start_frame"": 186, ""end_frame"": 186}","[""bend/bow (at the waist), carry/hold (an object)""]","[""danger""]",danger,1,"{""normal"": 0, ""unsafe"": 0, ""danger"": 1}","{""normal"": 0.0, ""unsafe"": 0.0, ""danger"": 1.0}",danger,danger,danger,True,False,labeling_yolo_single_frame,single_frame_gt_from_sampled_frame_label,/home/capstone2/zroact-stage2/benchmark2/data/viz_shufflenet_test/test_frame_30fps/climb-over-fence_plant_rgb/images/intrusion_climb-over-fence_rgb_0034_cctv3/intrusion_climb-over-fence_rgb_0034_cctv3_t000186.jpg,,
intrusion_climb-over-fence_rgb_0034_cctv3_f000196,intrusion_climb-over-fence_rgb_0034_cctv3_f000196_000206_000216,climb-over-fence_plant_rgb,intrusion_climb-over-fence_rgb_0034_cctv3,intrusion_candidate,[196],[6.533],"{""start_frame"": 196, ""end_frame"": 196}","[""bend/bow (at the waist), carry/hold (an object)""]","[""danger""]",danger,1,"{""normal"": 0, ""unsafe"": 0, ""danger"": 1}","{""normal"": 0.0, ""unsafe"": 0.0, ""danger"": 1.0}",danger,danger,danger,True,False,labeling_yolo_single_frame,single_frame_gt_from_sampled_frame_label,/home/capstone2/zroact-stage2/benchmark2/data/viz_shufflenet_test/test_frame_30fps/climb-over-fence_plant_rgb/images/intrusion_climb-over-fence_rgb_0034_cctv3/intrusion_climb-over-fence_rgb_0034_cctv3_t000196.jpg,,
intrusion_climb-over-fence_rgb_0034_cctv3_f000206,intrusion_climb-over-fence_rgb_0034_cctv3_f000196_000206_000216,climb-over-fence_plant_rgb,intrusion_climb-over-fence_rgb_0034_cctv3,intrusion_candidate,[206],[6.867],"{""start_frame"": 206, ""end_frame"": 206}","[""bend/bow (at the waist), carry/hold (an object)""]","[""danger""]",danger,1,"{""normal"": 0, ""unsafe"": 0, ""danger"": 1}","{""normal"": 0.0, ""unsafe"": 0.0, ""danger"": 1.0}",danger,danger,danger,True,False,labeling_yolo_single_frame,single_frame_gt_from_sampled_frame_label,/home/capstone2/zroact-stage2/benchmark2/data/viz_shufflenet_test/test_frame_30fps/climb-over-fence_plant_rgb/images/intrusion_climb-over-fence_rgb_0034_cctv3/intrusion_climb-over-fence_rgb_0034_cctv3_t000206.jpg,,
intrusion_climb-over-fence_rgb_0034_cctv3_f000216,intrusion_climb-over-fence_rgb_0034_cctv3_f000196_000206_000216,climb-over-fence_plant_rgb,intrusion_climb-over-fence_rgb_0034_cctv3,intrusion_candidate,[216],[7.2],"{""start_frame"": 216, ""end_frame"": 216}","[""bend/bow (at the waist), carry/hold (an object)""]","[""danger""]",danger,1,"{""normal"": 0, ""unsafe"": 0, ""danger"": 1}","{""normal"": 0.0, ""unsafe"": 0.0, ""danger"": 1.0}",danger,danger,danger,True,False,labeling_yolo_single_frame,single_frame_gt_from_sampled_frame_label,/home/capstone2/zroact-stage2/benchmark2/data/viz_shufflenet_test/test_frame_30fps/climb-over-fence_plant_rgb/images/intrusion_climb-over-fence_rgb_0034_cctv3/intrusion_climb-over-fence_rgb_0034_cctv3_t000216.jpg,,
intrusion_climb-over-fence_rgb_0038_cctv3_f000016,intrusion_climb-over-fence_rgb_0038_cctv3_f000016_000026_000036,climb-over-fence_plant_rgb,intrusion_climb-over-fence_rgb_0038_cctv3,intrusion_candidate,[16],[0.533],"{""start_frame"": 16, ""end_frame"": 16}","[""walk, carry/hold (an object)""]","[""danger""]",danger,1,"{""normal"": 0, ""unsafe"": 0, ""danger"": 1}","{""normal"": 0.0, ""unsafe"": 0.0, ""danger"": 1.0}",danger,danger,danger,True,False,labeling_yolo_single_frame,single_frame_gt_from_sampled_frame_label,/home/capstone2/zroact-stage2/benchmark2/data/viz_shufflenet_test/test_frame_30fps/climb-over-fence_plant_rgb/images/intrusion_climb-over-fence_rgb_0038_cctv3/intrusion_climb-over-fence_rgb_0038_cctv3_t000016.jpg,,
intrusion_climb-over-fence_rgb_0038_cctv3_f000026,intrusion_climb-over-fence_rgb_0038_cctv3_f000016_000026_000036,climb-over-fence_plant_rgb,intrusion_climb-over-fence_rgb_0038_cctv3,intrusion_candidate,[26],[0.867],"{""start_frame"": 26, ""end_frame"": 26}","[""stand, carry/hold (an object)""]","[""danger""]",danger,1,"{""normal"": 0, ""unsafe"": 0, ""danger"": 1}","{""normal"": 0.0, ""unsafe"": 0.0, ""danger"": 1.0}",danger,danger,danger,True,False,labeling_yolo_single_frame,single_frame_gt_from_sampled_frame_label,/home/capstone2/zroact-stage2/benchmark2/data/viz_shufflenet_test/test_frame_30fps/climb-over-fence_plant_rgb/images/intrusion_climb-over-fence_rgb_0038_cctv3/intrusion_climb-over-fence_rgb_0038_cctv3_t000026.jpg,,
intrusion_climb-over-fence_rgb_0038_cctv3_f000036,intrusion_climb-over-fence_rgb_0038_cctv3_f000016_000026_000036,climb-over-fence_plant_rgb,intrusion_climb-over-fence_rgb_0038_cctv3,intrusion_candidate,[36],[1.2],"{""start_frame"": 36, ""end_frame"": 36}","[""walk, carry/hold (an object)""]","[""danger""]",danger,1,"{""normal"": 0, ""unsafe"": 0, ""danger"": 1}","{""normal"": 0.0, ""unsafe"": 0.0, ""danger"": 1.0}",danger,danger,danger,True,False,labeling_yolo_single_frame,single_frame_gt_from_sampled_frame_label,/home/capstone2/zroact-stage2/benchmark2/data/viz_shufflenet_test/test_frame_30fps/climb-over-fence_plant_rgb/images/intrusion_climb-over-fence_rgb_0038_cctv3/intrusion_climb-over-fence_rgb_0038_cctv3_t000036.jpg,,
intrusion_climb-over-fence_rgb_0038_cctv3_f000046,intrusion_climb-over-fence_rgb_0038_cctv3_f000046_000056_000066,climb-over-fence_plant_rgb,intrusion_climb-over-fence_rgb_0038_cctv3,intrusion_candidate,[46],[1.533],"{""start_frame"": 46, ""end_frame"": 46}","[""carry/hold (an object), run/jog""]","[""danger""]",danger,1,"{""normal"": 0, ""unsafe"": 0, ""danger"": 1}","{""normal"": 0.0, ""unsafe"": 0.0, ""danger"": 1.0}",danger,danger,danger,True,False,labeling_yolo_single_frame,single_frame_gt_from_sampled_frame_label,/home/capstone2/zroact-stage2/benchmark2/data/viz_shufflenet_test/test_frame_30fps/climb-over-fence_plant_rgb/images/intrusion_climb-over-fence_rgb_0038_cctv3/intrusion_climb-over-fence_rgb_0038_cctv3_t000046.jpg,,
intrusion_climb-over-fence_rgb_0038_cctv3_f000056,intrusion_climb-over-fence_rgb_0038_cctv3_f000046_000056_000066,climb-over-fence_plant_rgb,intrusion_climb-over-fence_rgb_0038_cctv3,intrusion_candidate,[56],[1.867],"{""start_frame"": 56, ""end_frame"": 56}","[""walk, carry/hold (an object)""]","[""danger""]",danger,1,"{""normal"": 0, ""unsafe"": 0, ""danger"": 1}","{""normal"": 0.0, ""unsafe"": 0.0, ""danger"": 1.0}",danger,danger,danger,True,False,labeling_yolo_single_frame,single_frame_gt_from_sampled_frame_label,/home/capstone2/zroact-stage2/benchmark2/data/viz_shufflenet_test/test_frame_30fps/climb-over-fence_plant_rgb/images/intrusion_climb-over-fence_rgb_0038_cctv3/intrusion_climb-over-fence_rgb_0038_cctv3_t000056.jpg,,
intrusion_climb-over-fence_rgb_0038_cctv3_f000066,intrusion_climb-over-fence_rgb_0038_cctv3_f000046_000056_000066,climb-over-fence_plant_rgb,intrusion_climb-over-fence_rgb_0038_cctv3,intrusion_candidate,[66],[2.2],"{""start_frame"": 66, ""end_frame"": 66}","[""walk, carry/hold (an object)""]","[""danger""]",danger,1,"{""normal"": 0, ""unsafe"": 0, ""danger"": 1}","{""normal"": 0.0, ""unsafe"": 0.0, ""danger"": 1.0}",danger,danger,danger,True,False,labeling_yolo_single_frame,single_frame_gt_from_sampled_frame_label,/home/capstone2/zroact-stage2/benchmark2/data/viz_shufflenet_test/test_frame_30fps/climb-over-fence_plant_rgb/images/intrusion_climb-over-fence_rgb_0038_cctv3/intrusion_climb-over-fence_rgb_0038_cctv3_t000066.jpg,,
intrusion_climb-over-fence_rgb_0038_cctv3_f000076,intrusion_climb-over-fence_rgb_0038_cctv3_f000076_000086_000096,climb-over-fence_plant_rgb,intrusion_climb-over-fence_rgb_0038_cctv3,intrusion_candidate,[76],[2.533],"{""start_frame"": 76, ""end_frame"": 76}","[""walk, carry/hold (an object)""]","[""danger""]",danger,1,"{""normal"": 0, ""unsafe"": 0, ""danger"": 1}","{""normal"": 0.0, ""unsafe"": 0.0, ""danger"": 1.0}",danger,danger,danger,True,False,labeling_yolo_single_frame,single_frame_gt_from_sampled_frame_label,/home/capstone2/zroact-stage2/benchmark2/data/viz_shufflenet_test/test_frame_30fps/climb-over-fence_plant_rgb/images/intrusion_climb-over-fence_rgb_0038_cctv3/intrusion_climb-over-fence_rgb_0038_cctv3_t000076.jpg,,
intrusion_climb-over-fence_rgb_0038_cctv3_f000086,intrusion_climb-over-fence_rgb_0038_cctv3_f000076_000086_000096,climb-over-fence_plant_rgb,intrusion_climb-over-fence_rgb_0038_cctv3,intrusion_candidate,[86],[2.867],"{""start_frame"": 86, ""end_frame"": 86}","[""walk, stand""]","[""danger""]",danger,1,"{""normal"": 0, ""unsafe"": 0, ""danger"": 1}","{""normal"": 0.0, ""unsafe"": 0.0, ""danger"": 1.0}",danger,danger,danger,True,False,labeling_yolo_single_frame,single_frame_gt_from_sampled_frame_label,/home/capstone2/zroact-stage2/benchmark2/data/viz_shufflenet_test/test_frame_30fps/climb-over-fence_plant_rgb/images/intrusion_climb-over-fence_rgb_0038_cctv3/intrusion_climb-over-fence_rgb_0038_cctv3_t000086.jpg,,
intrusion_climb-over-fence_rgb_0038_cctv3_f000096,intrusion_climb-over-fence_rgb_0038_cctv3_f000076_000086_000096,climb-over-fence_plant_rgb,intrusion_climb-over-fence_rgb_0038_cctv3,intrusion_candidate,[96],[3.2],"{""start_frame"": 96, ""end_frame"": 96}","[""walk, carry/hold (an object)""]","[""danger""]",danger,1,"{""normal"": 0, ""unsafe"": 0, ""danger"": 1}","{""normal"": 0.0, ""unsafe"": 0.0, ""danger"": 1.0}",danger,danger,danger,True,False,labeling_yolo_single_frame,single_frame_gt_from_sampled_frame_label,/home/capstone2/zroact-stage2/benchmark2/data/viz_shufflenet_test/test_frame_30fps/climb-over-fence_plant_rgb/images/intrusion_climb-over-fence_rgb_0038_cctv3/intrusion_climb-over-fence_rgb_0038_cctv3_t000096.jpg,,
intrusion_climb-over-fence_rgb_0038_cctv3_f000106,intrusion_climb-over-fence_rgb_0038_cctv3_f000106_000116_000126,climb-over-fence_plant_rgb,intrusion_climb-over-fence_rgb_0038_cctv3,intrusion_candidate,[106],[3.533],"{""start_frame"": 106, ""end_frame"": 106}","[""stand, carry/hold (an object)""]","[""danger""]",danger,1,"{""normal"": 0, ""unsafe"": 0, ""danger"": 1}","{""normal"": 0.0, ""unsafe"": 0.0, ""danger"": 1.0}",danger,danger,danger,True,False,labeling_yolo_single_frame,single_frame_gt_from_sampled_frame_label,/home/capstone2/zroact-stage2/benchmark2/data/viz_shufflenet_test/test_frame_30fps/climb-over-fence_plant_rgb/images/intrusion_climb-over-fence_rgb_0038_cctv3/intrusion_climb-over-fence_rgb_0038_cctv3_t000106.jpg,,
intrusion_climb-over-fence_rgb_0038_cctv3_f000116,intrusion_climb-over-fence_rgb_0038_cctv3_f000106_000116_000126,climb-over-fence_plant_rgb,intrusion_climb-over-fence_rgb_0038_cctv3,intrusion_candidate,[116],[3.867],"{""start_frame"": 116, ""end_frame"": 116}","[""stand, walk""]","[""danger""]",danger,1,"{""normal"": 0, ""unsafe"": 0, ""danger"": 1}","{""normal"": 0.0, ""unsafe"": 0.0, ""danger"": 1.0}",danger,danger,danger,True,False,labeling_yolo_single_frame,single_frame_gt_from_sampled_frame_label,/home/capstone2/zroact-stage2/benchmark2/data/viz_shufflenet_test/test_frame_30fps/climb-over-fence_plant_rgb/images/intrusion_climb-over-fence_rgb_0038_cctv3/intrusion_climb-over-fence_rgb_0038_cctv3_t000116.jpg,,
intrusion_climb-over-fence_rgb_0038_cctv3_f000126,intrusion_climb-over-fence_rgb_0038_cctv3_f000106_000116_000126,climb-over-fence_plant_rgb,intrusion_climb-over-fence_rgb_0038_cctv3,intrusion_candidate,[126],[4.2],"{""start_frame"": 126, ""end_frame"": 126}","[""walk, carry/hold (an object)""]","[""danger""]",danger,1,"{""normal"": 0, ""unsafe"": 0, ""danger"": 1}","{""normal"": 0.0, ""unsafe"": 0.0, ""danger"": 1.0}",danger,danger,danger,True,False,labeling_yolo_single_frame,single_frame_gt_from_sampled_frame_label,/home/capstone2/zroact-stage2/benchmark2/data/viz_shufflenet_test/test_frame_30fps/climb-over-fence_plant_rgb/images/intrusion_climb-over-fence_rgb_0038_cctv3/intrusion_climb-over-fence_rgb_0038_cctv3_t000126.jpg,,
intrusion_climb-over-fence_rgb_0038_cctv3_f000136,intrusion_climb-over-fence_rgb_0038_cctv3_f000136_000146_000156,climb-over-fence_plant_rgb,intrusion_climb-over-fence_rgb_0038_cctv3,intrusion_candidate,[136],[4.533],"{""start_frame"": 136, ""end_frame"": 136}","[""carry/hold (an object), walk""]","[""danger""]",danger,1,"{""normal"": 0, ""unsafe"": 0, ""danger"": 1}","{""normal"": 0.0, ""unsafe"": 0.0, ""danger"": 1.0}",danger,danger,danger,True,False,labeling_yolo_single_frame,single_frame_gt_from_sampled_frame_label,/home/capstone2/zroact-stage2/benchmark2/data/viz_shufflenet_test/test_frame_30fps/climb-over-fence_plant_rgb/images/intrusion_climb-over-fence_rgb_0038_cctv3/intrusion_climb-over-fence_rgb_0038_cctv3_t000136.jpg,,
intrusion_climb-over-fence_rgb_0038_cctv3_f000146,intrusion_climb-over-fence_rgb_0038_cctv3_f000136_000146_000156,climb-over-fence_plant_rgb,intrusion_climb-over-fence_rgb_0038_cctv3,intrusion_candidate,[146],[4.867],"{""start_frame"": 146, ""end_frame"": 146}","[""carry/hold (an object), stand""]","[""danger""]",danger,1,"{""normal"": 0, ""unsafe"": 0, ""danger"": 1}","{""normal"": 0.0, ""unsafe"": 0.0, ""danger"": 1.0}",danger,danger,danger,True,False,labeling_yolo_single_frame,single_frame_gt_from_sampled_frame_label,/home/capstone2/zroact-stage2/benchmark2/data/viz_shufflenet_test/test_frame_30fps/climb-over-fence_plant_rgb/images/intrusion_climb-over-fence_rgb_0038_cctv3/intrusion_climb-over-fence_rgb_0038_cctv3_t000146.jpg,,
intrusion_climb-over-fence_rgb_0038_cctv3_f000156,intrusion_climb-over-fence_rgb_0038_cctv3_f000136_000146_000156,climb-over-fence_plant_rgb,intrusion_climb-over-fence_rgb_0038_cctv3,intrusion_candidate,[156],[5.2],"{""start_frame"": 156, ""end_frame"": 156}","[""stand, carry/hold (an object)""]","[""danger""]",danger,1,"{""normal"": 0, ""unsafe"": 0, ""danger"": 1}","{""normal"": 0.0, ""unsafe"": 0.0, ""danger"": 1.0}",danger,danger,danger,True,False,labeling_yolo_single_frame,single_frame_gt_from_sampled_frame_label,/home/capstone2/zroact-stage2/benchmark2/data/viz_shufflenet_test/test_frame_30fps/climb-over-fence_plant_rgb/images/intrusion_climb-over-fence_rgb_0038_cctv3/intrusion_climb-over-fence_rgb_0038_cctv3_t000156.jpg,,
intrusion_climb-over-fence_rgb_0038_cctv3_f000166,intrusion_climb-over-fence_rgb_0038_cctv3_f000166_000176_000186,climb-over-fence_plant_rgb,intrusion_climb-over-fence_rgb_0038_cctv3,intrusion_candidate,[166],[5.533],"{""start_frame"": 166, ""end_frame"": 166}","[""stand, carry/hold (an object)""]","[""danger""]",danger,1,"{""normal"": 0, ""unsafe"": 0, ""danger"": 1}","{""normal"": 0.0, ""unsafe"": 0.0, ""danger"": 1.0}",danger,danger,danger,True,False,labeling_yolo_single_frame,single_frame_gt_from_sampled_frame_label,/home/capstone2/zroact-stage2/benchmark2/data/viz_shufflenet_test/test_frame_30fps/climb-over-fence_plant_rgb/images/intrusion_climb-over-fence_rgb_0038_cctv3/intrusion_climb-over-fence_rgb_0038_cctv3_t000166.jpg,,
intrusion_climb-over-fence_rgb_0038_cctv3_f000176,intrusion_climb-over-fence_rgb_0038_cctv3_f000166_000176_000186,climb-over-fence_plant_rgb,intrusion_climb-over-fence_rgb_0038_cctv3,intrusion_candidate,[176],[5.867],"{""start_frame"": 176, ""end_frame"": 176}","[""bend/bow (at the waist), carry/hold (an object)""]","[""danger""]",danger,1,"{""normal"": 0, ""unsafe"": 0, ""danger"": 1}","{""normal"": 0.0, ""unsafe"": 0.0, ""danger"": 1.0}",danger,danger,danger,True,False,labeling_yolo_single_frame,single_frame_gt_from_sampled_frame_label,/home/capstone2/zroact-stage2/benchmark2/data/viz_shufflenet_test/test_frame_30fps/climb-over-fence_plant_rgb/images/intrusion_climb-over-fence_rgb_0038_cctv3/intrusion_climb-over-fence_rgb_0038_cctv3_t000176.jpg,,
intrusion_climb-over-fence_rgb_0038_cctv3_f000186,intrusion_climb-over-fence_rgb_0038_cctv3_f000166_000176_000186,climb-over-fence_plant_rgb,intrusion_climb-over-fence_rgb_0038_cctv3,intrusion_candidate,[186],[6.2],"{""start_frame"": 186, ""end_frame"": 186}","[""bend/bow (at the waist)""]","[""danger""]",danger,1,"{""normal"": 0, ""unsafe"": 0, ""danger"": 1}","{""normal"": 0.0, ""unsafe"": 0.0, ""danger"": 1.0}",danger,danger,danger,True,False,labeling_yolo_single_frame,single_frame_gt_from_sampled_frame_label,/home/capstone2/zroact-stage2/benchmark2/data/viz_shufflenet_test/test_frame_30fps/climb-over-fence_plant_rgb/images/intrusion_climb-over-fence_rgb_0038_cctv3/intrusion_climb-over-fence_rgb_0038_cctv3_t000186.jpg,,
intrusion_climb-over-fence_rgb_0038_cctv3_f000196,intrusion_climb-over-fence_rgb_0038_cctv3_f000196_000206_000216,climb-over-fence_plant_rgb,intrusion_climb-over-fence_rgb_0038_cctv3,intrusion_candidate,[196],[6.533],"{""start_frame"": 196, ""end_frame"": 196}","[""bend/bow (at the waist), carry/hold (an object)""]","[""danger""]",danger,1,"{""normal"": 0, ""unsafe"": 0, ""danger"": 1}","{""normal"": 0.0, ""unsafe"": 0.0, ""danger"": 1.0}",danger,danger,danger,True,False,labeling_yolo_single_frame,single_frame_gt_from_sampled_frame_label,/home/capstone2/zroact-stage2/benchmark2/data/viz_shufflenet_test/test_frame_30fps/climb-over-fence_plant_rgb/images/intrusion_climb-over-fence_rgb_0038_cctv3/intrusion_climb-over-fence_rgb_0038_cctv3_t000196.jpg,,
intrusion_climb-over-fence_rgb_0038_cctv3_f000206,intrusion_climb-over-fence_rgb_0038_cctv3_f000196_000206_000216,climb-over-fence_plant_rgb,intrusion_climb-over-fence_rgb_0038_cctv3,intrusion_candidate,[206],[6.867],"{""start_frame"": 206, ""end_frame"": 206}","[""bend/bow (at the waist), carry/hold (an object)""]","[""danger""]",danger,1,"{""normal"": 0, ""unsafe"": 0, ""danger"": 1}","{""normal"": 0.0, ""unsafe"": 0.0, ""danger"": 1.0}",danger,danger,danger,True,False,labeling_yolo_single_frame,single_frame_gt_from_sampled_frame_label,/home/capstone2/zroact-stage2/benchmark2/data/viz_shufflenet_test/test_frame_30fps/climb-over-fence_plant_rgb/images/intrusion_climb-over-fence_rgb_0038_cctv3/intrusion_climb-over-fence_rgb_0038_cctv3_t000206.jpg,,
intrusion_climb-over-fence_rgb_0038_cctv3_f000216,intrusion_climb-over-fence_rgb_0038_cctv3_f000196_000206_000216,climb-over-fence_plant_rgb,intrusion_climb-over-fence_rgb_0038_cctv3,intrusion_candidate,[216],[7.2],"{""start_frame"": 216, ""end_frame"": 216}","[""bend/bow (at the waist), carry/hold (an object)""]","[""danger""]",danger,1,"{""normal"": 0, ""unsafe"": 0, ""danger"": 1}","{""normal"": 0.0, ""unsafe"": 0.0, ""danger"": 1.0}",danger,danger,danger,True,False,labeling_yolo_single_frame,single_frame_gt_from_sampled_frame_label,/home/capstone2/zroact-stage2/benchmark2/data/viz_shufflenet_test/test_frame_30fps/climb-over-fence_plant_rgb/images/intrusion_climb-over-fence_rgb_0038_cctv3/intrusion_climb-over-fence_rgb_0038_cctv3_t000216.jpg,,
intrusion_climb-over-fence_rgb_0038_cctv3_f000226,intrusion_climb-over-fence_rgb_0038_cctv3_f000226_000236_000246,climb-over-fence_plant_rgb,intrusion_climb-over-fence_rgb_0038_cctv3,intrusion_candidate,[226],[7.533],"{""start_frame"": 226, ""end_frame"": 226}","[""bend/bow (at the waist), carry/hold (an object)""]","[""danger""]",danger,1,"{""normal"": 0, ""unsafe"": 0, ""danger"": 1}","{""normal"": 0.0, ""unsafe"": 0.0, ""danger"": 1.0}",danger,danger,danger,True,False,labeling_yolo_single_frame,single_frame_gt_from_sampled_frame_label,/home/capstone2/zroact-stage2/benchmark2/data/viz_shufflenet_test/test_frame_30fps/climb-over-fence_plant_rgb/images/intrusion_climb-over-fence_rgb_0038_cctv3/intrusion_climb-over-fence_rgb_0038_cctv3_t000226.jpg,,
intrusion_climb-over-fence_rgb_0038_cctv3_f000236,intrusion_climb-over-fence_rgb_0038_cctv3_f000226_000236_000246,climb-over-fence_plant_rgb,intrusion_climb-over-fence_rgb_0038_cctv3,intrusion_candidate,[236],[7.867],"{""start_frame"": 236, ""end_frame"": 236}","[""bend/bow (at the waist), carry/hold (an object)""]","[""danger""]",danger,1,"{""normal"": 0, ""unsafe"": 0, ""danger"": 1}","{""normal"": 0.0, ""unsafe"": 0.0, ""danger"": 1.0}",danger,danger,danger,True,False,labeling_yolo_single_frame,single_frame_gt_from_sampled_frame_label,/home/capstone2/zroact-stage2/benchmark2/data/viz_shufflenet_test/test_frame_30fps/climb-over-fence_plant_rgb/images/intrusion_climb-over-fence_rgb_0038_cctv3/intrusion_climb-over-fence_rgb_0038_cctv3_t000236.jpg,,
intrusion_climb-over-fence_rgb_0038_cctv3_f000246,intrusion_climb-over-fence_rgb_0038_cctv3_f000226_000236_000246,climb-over-fence_plant_rgb,intrusion_climb-over-fence_rgb_0038_cctv3,intrusion_candidate,[246],[8.2],"{""start_frame"": 246, ""end_frame"": 246}","[""bend/bow (at the waist), carry/hold (an object)""]","[""danger""]",danger,1,"{""normal"": 0, ""unsafe"": 0, ""danger"": 1}","{""normal"": 0.0, ""unsafe"": 0.0, ""danger"": 1.0}",danger,danger,danger,True,False,labeling_yolo_single_frame,single_frame_gt_from_sampled_frame_label,/home/capstone2/zroact-stage2/benchmark2/data/viz_shufflenet_test/test_frame_30fps/climb-over-fence_plant_rgb/images/intrusion_climb-over-fence_rgb_0038_cctv3/intrusion_climb-over-fence_rgb_0038_cctv3_t000246.jpg,,
intrusion_climb-over-fence_rgb_0052_cctv1_f000016,intrusion_climb-over-fence_rgb_0052_cctv1_f000016_000026_000036,climb-over-fence_plant_rgb,intrusion_climb-over-fence_rgb_0052_cctv1,intrusion_candidate,[16],[0.533],"{""start_frame"": 16, ""end_frame"": 16}","[""carry/hold (an object), walk""]","[""danger""]",danger,1,"{""normal"": 0, ""unsafe"": 0, ""danger"": 1}","{""normal"": 0.0, ""unsafe"": 0.0, ""danger"": 1.0}",danger,danger,danger,True,False,labeling_yolo_single_frame,single_frame_gt_from_sampled_frame_label,/home/capstone2/zroact-stage2/benchmark2/data/viz_shufflenet_test/test_frame_30fps/climb-over-fence_plant_rgb/images/intrusion_climb-over-fence_rgb_0052_cctv1/intrusion_climb-over-fence_rgb_0052_cctv1_t000016.jpg,,
intrusion_climb-over-fence_rgb_0052_cctv1_f000026,intrusion_climb-over-fence_rgb_0052_cctv1_f000016_000026_000036,climb-over-fence_plant_rgb,intrusion_climb-over-fence_rgb_0052_cctv1,intrusion_candidate,[26],[0.867],"{""start_frame"": 26, ""end_frame"": 26}","[""bend/bow (at the waist), carry/hold (an object)""]","[""danger""]",danger,1,"{""normal"": 0, ""unsafe"": 0, ""danger"": 1}","{""normal"": 0.0, ""unsafe"": 0.0, ""danger"": 1.0}",danger,danger,danger,True,False,labeling_yolo_single_frame,single_frame_gt_from_sampled_frame_label,/home/capstone2/zroact-stage2/benchmark2/data/viz_shufflenet_test/test_frame_30fps/climb-over-fence_plant_rgb/images/intrusion_climb-over-fence_rgb_0052_cctv1/intrusion_climb-over-fence_rgb_0052_cctv1_t000026.jpg,,
intrusion_climb-over-fence_rgb_0052_cctv1_f000036,intrusion_climb-over-fence_rgb_0052_cctv1_f000016_000026_000036,climb-over-fence_plant_rgb,intrusion_climb-over-fence_rgb_0052_cctv1,intrusion_candidate,[36],[1.2],"{""start_frame"": 36, ""end_frame"": 36}","[""bend/bow (at the waist), carry/hold (an object)""]","[""danger""]",danger,1,"{""normal"": 0, ""unsafe"": 0, ""danger"": 1}","{""normal"": 0.0, ""unsafe"": 0.0, ""danger"": 1.0}",danger,danger,danger,True,False,labeling_yolo_single_frame,single_frame_gt_from_sampled_frame_label,/home/capstone2/zroact-stage2/benchmark2/data/viz_shufflenet_test/test_frame_30fps/climb-over-fence_plant_rgb/images/intrusion_climb-over-fence_rgb_0052_cctv1/intrusion_climb-over-fence_rgb_0052_cctv1_t000036.jpg,,
intrusion_climb-over-fence_rgb_0052_cctv1_f000046,intrusion_climb-over-fence_rgb_0052_cctv1_f000046_000056_000066,climb-over-fence_plant_rgb,intrusion_climb-over-fence_rgb_0052_cctv1,intrusion_candidate,[46],[1.533],"{""start_frame"": 46, ""end_frame"": 46}","[""bend/bow (at the waist), carry/hold (an object)""]","[""danger""]",danger,1,"{""normal"": 0, ""unsafe"": 0, ""danger"": 1}","{""normal"": 0.0, ""unsafe"": 0.0, ""danger"": 1.0}",danger,danger,danger,True,False,labeling_yolo_single_frame,single_frame_gt_from_sampled_frame_label,/home/capstone2/zroact-stage2/benchmark2/data/viz_shufflenet_test/test_frame_30fps/climb-over-fence_plant_rgb/images/intrusion_climb-over-fence_rgb_0052_cctv1/intrusion_climb-over-fence_rgb_0052_cctv1_t000046.jpg,,
intrusion_climb-over-fence_rgb_0052_cctv1_f000056,intrusion_climb-over-fence_rgb_0052_cctv1_f000046_000056_000066,climb-over-fence_plant_rgb,intrusion_climb-over-fence_rgb_0052_cctv1,intrusion_candidate,[56],[1.867],"{""start_frame"": 56, ""end_frame"": 56}","[""bend/bow (at the waist)""]","[""danger""]",danger,1,"{""normal"": 0, ""unsafe"": 0, ""danger"": 1}","{""normal"": 0.0, ""unsafe"": 0.0, ""danger"": 1.0}",danger,danger,danger,True,False,labeling_yolo_single_frame,single_frame_gt_from_sampled_frame_label,/home/capstone2/zroact-stage2/benchmark2/data/viz_shufflenet_test/test_frame_30fps/climb-over-fence_plant_rgb/images/intrusion_climb-over-fence_rgb_0052_cctv1/intrusion_climb-over-fence_rgb_0052_cctv1_t000056.jpg,,
intrusion_climb-over-fence_rgb_0052_cctv1_f000066,intrusion_climb-over-fence_rgb_0052_cctv1_f000046_000056_000066,climb-over-fence_plant_rgb,intrusion_climb-over-fence_rgb_0052_cctv1,intrusion_candidate,[66],[2.2],"{""start_frame"": 66, ""end_frame"": 66}","[""bend/bow (at the waist)""]","[""danger""]",danger,1,"{""normal"": 0, ""unsafe"": 0, ""danger"": 1}","{""normal"": 0.0, ""unsafe"": 0.0, ""danger"": 1.0}",danger,danger,danger,True,False,labeling_yolo_single_frame,single_frame_gt_from_sampled_frame_label,/home/capstone2/zroact-stage2/benchmark2/data/viz_shufflenet_test/test_frame_30fps/climb-over-fence_plant_rgb/images/intrusion_climb-over-fence_rgb_0052_cctv1/intrusion_climb-over-fence_rgb_0052_cctv1_t000066.jpg,,
intrusion_climb-over-fence_rgb_0052_cctv1_f000076,intrusion_climb-over-fence_rgb_0052_cctv1_f000076_000086_000096,climb-over-fence_plant_rgb,intrusion_climb-over-fence_rgb_0052_cctv1,intrusion_candidate,[76],[2.533],"{""start_frame"": 76, ""end_frame"": 76}","[""bend/bow (at the waist), carry/hold (an object)""]","[""danger""]",danger,1,"{""normal"": 0, ""unsafe"": 0, ""danger"": 1}","{""normal"": 0.0, ""unsafe"": 0.0, ""danger"": 1.0}",danger,danger,danger,True,False,labeling_yolo_single_frame,single_frame_gt_from_sampled_frame_label,/home/capstone2/zroact-stage2/benchmark2/data/viz_shufflenet_test/test_frame_30fps/climb-over-fence_plant_rgb/images/intrusion_climb-over-fence_rgb_0052_cctv1/intrusion_climb-over-fence_rgb_0052_cctv1_t000076.jpg,,
intrusion_climb-over-fence_rgb_0052_cctv1_f000086,intrusion_climb-over-fence_rgb_0052_cctv1_f000076_000086_000096,climb-over-fence_plant_rgb,intrusion_climb-over-fence_rgb_0052_cctv1,intrusion_candidate,[86],[2.867],"{""start_frame"": 86, ""end_frame"": 86}","[""bend/bow (at the waist), stand""]","[""danger""]",danger,1,"{""normal"": 0, ""unsafe"": 0, ""danger"": 1}","{""normal"": 0.0, ""unsafe"": 0.0, ""danger"": 1.0}",danger,danger,danger,True,False,labeling_yolo_single_frame,single_frame_gt_from_sampled_frame_label,/home/capstone2/zroact-stage2/benchmark2/data/viz_shufflenet_test/test_frame_30fps/climb-over-fence_plant_rgb/images/intrusion_climb-over-fence_rgb_0052_cctv1/intrusion_climb-over-fence_rgb_0052_cctv1_t000086.jpg,,
intrusion_climb-over-fence_rgb_0052_cctv1_f000096,intrusion_climb-over-fence_rgb_0052_cctv1_f000076_000086_000096,climb-over-fence_plant_rgb,intrusion_climb-over-fence_rgb_0052_cctv1,intrusion_candidate,[96],[3.2],"{""start_frame"": 96, ""end_frame"": 96}","[""bend/bow (at the waist), carry/hold (an object)""]","[""danger""]",danger,1,"{""normal"": 0, ""unsafe"": 0, ""danger"": 1}","{""normal"": 0.0, ""unsafe"": 0.0, ""danger"": 1.0}",danger,danger,danger,True,False,labeling_yolo_single_frame,single_frame_gt_from_sampled_frame_label,/home/capstone2/zroact-stage2/benchmark2/data/viz_shufflenet_test/test_frame_30fps/climb-over-fence_plant_rgb/images/intrusion_climb-over-fence_rgb_0052_cctv1/intrusion_climb-over-fence_rgb_0052_cctv1_t000096.jpg,,
intrusion_climb-over-fence_rgb_0052_cctv1_f000106,intrusion_climb-over-fence_rgb_0052_cctv1_f000106_000116_000126,climb-over-fence_plant_rgb,intrusion_climb-over-fence_rgb_0052_cctv1,intrusion_candidate,[106],[3.533],"{""start_frame"": 106, ""end_frame"": 106}","[""stand, carry/hold (an object)""]","[""danger""]",danger,1,"{""normal"": 0, ""unsafe"": 0, ""danger"": 1}","{""normal"": 0.0, ""unsafe"": 0.0, ""danger"": 1.0}",danger,danger,danger,True,False,labeling_yolo_single_frame,single_frame_gt_from_sampled_frame_label,/home/capstone2/zroact-stage2/benchmark2/data/viz_shufflenet_test/test_frame_30fps/climb-over-fence_plant_rgb/images/intrusion_climb-over-fence_rgb_0052_cctv1/intrusion_climb-over-fence_rgb_0052_cctv1_t000106.jpg,,
intrusion_climb-over-fence_rgb_0052_cctv1_f000116,intrusion_climb-over-fence_rgb_0052_cctv1_f000106_000116_000126,climb-over-fence_plant_rgb,intrusion_climb-over-fence_rgb_0052_cctv1,intrusion_candidate,[116],[3.867],"{""start_frame"": 116, ""end_frame"": 116}","[""stand, carry/hold (an object)""]","[""danger""]",danger,1,"{""normal"": 0, ""unsafe"": 0, ""danger"": 1}","{""normal"": 0.0, ""unsafe"": 0.0, ""danger"": 1.0}",danger,danger,danger,True,False,labeling_yolo_single_frame,single_frame_gt_from_sampled_frame_label,/home/capstone2/zroact-stage2/benchmark2/data/viz_shufflenet_test/test_frame_30fps/climb-over-fence_plant_rgb/images/intrusion_climb-over-fence_rgb_0052_cctv1/intrusion_climb-over-fence_rgb_0052_cctv1_t000116.jpg,,
intrusion_climb-over-fence_rgb_0052_cctv1_f000126,intrusion_climb-over-fence_rgb_0052_cctv1_f000106_000116_000126,climb-over-fence_plant_rgb,intrusion_climb-over-fence_rgb_0052_cctv1,intrusion_candidate,[126],[4.2],"{""start_frame"": 126, ""end_frame"": 126}","[""stand, bend/bow (at the waist)""]","[""danger""]",danger,1,"{""normal"": 0, ""unsafe"": 0, ""danger"": 1}","{""normal"": 0.0, ""unsafe"": 0.0, ""danger"": 1.0}",danger,danger,danger,True,False,labeling_yolo_single_frame,single_frame_gt_from_sampled_frame_label,/home/capstone2/zroact-stage2/benchmark2/data/viz_shufflenet_test/test_frame_30fps/climb-over-fence_plant_rgb/images/intrusion_climb-over-fence_rgb_0052_cctv1/intrusion_climb-over-fence_rgb_0052_cctv1_t000126.jpg,,
intrusion_climb-over-fence_rgb_0052_cctv1_f000136,intrusion_climb-over-fence_rgb_0052_cctv1_f000136_000146_000156,climb-over-fence_plant_rgb,intrusion_climb-over-fence_rgb_0052_cctv1,intrusion_candidate,[136],[4.533],"{""start_frame"": 136, ""end_frame"": 136}","[""stand, carry/hold (an object)""]","[""danger""]",danger,1,"{""normal"": 0, ""unsafe"": 0, ""danger"": 1}","{""normal"": 0.0, ""unsafe"": 0.0, ""danger"": 1.0}",danger,danger,danger,True,False,labeling_yolo_single_frame,single_frame_gt_from_sampled_frame_label,/home/capstone2/zroact-stage2/benchmark2/data/viz_shufflenet_test/test_frame_30fps/climb-over-fence_plant_rgb/images/intrusion_climb-over-fence_rgb_0052_cctv1/intrusion_climb-over-fence_rgb_0052_cctv1_t000136.jpg,,
intrusion_climb-over-fence_rgb_0052_cctv1_f000146,intrusion_climb-over-fence_rgb_0052_cctv1_f000136_000146_000156,climb-over-fence_plant_rgb,intrusion_climb-over-fence_rgb_0052_cctv1,intrusion_candidate,[146],[4.867],"{""start_frame"": 146, ""end_frame"": 146}","[""bend/bow (at the waist), carry/hold (an object)""]","[""danger""]",danger,1,"{""normal"": 0, ""unsafe"": 0, ""danger"": 1}","{""normal"": 0.0, ""unsafe"": 0.0, ""danger"": 1.0}",danger,danger,danger,True,False,labeling_yolo_single_frame,single_frame_gt_from_sampled_frame_label,/home/capstone2/zroact-stage2/benchmark2/data/viz_shufflenet_test/test_frame_30fps/climb-over-fence_plant_rgb/images/intrusion_climb-over-fence_rgb_0052_cctv1/intrusion_climb-over-fence_rgb_0052_cctv1_t000146.jpg,,
intrusion_climb-over-fence_rgb_0052_cctv1_f000156,intrusion_climb-over-fence_rgb_0052_cctv1_f000136_000146_000156,climb-over-fence_plant_rgb,intrusion_climb-over-fence_rgb_0052_cctv1,intrusion_candidate,[156],[5.2],"{""start_frame"": 156, ""end_frame"": 156}","[""bend/bow (at the waist), carry/hold (an object)""]","[""danger""]",danger,1,"{""normal"": 0, ""unsafe"": 0, ""danger"": 1}","{""normal"": 0.0, ""unsafe"": 0.0, ""danger"": 1.0}",danger,danger,danger,True,False,labeling_yolo_single_frame,single_frame_gt_from_sampled_frame_label,/home/capstone2/zroact-stage2/benchmark2/data/viz_shufflenet_test/test_frame_30fps/climb-over-fence_plant_rgb/images/intrusion_climb-over-fence_rgb_0052_cctv1/intrusion_climb-over-fence_rgb_0052_cctv1_t000156.jpg,,
intrusion_climb-over-fence_rgb_0052_cctv1_f000166,intrusion_climb-over-fence_rgb_0052_cctv1_f000166_000176_000186,climb-over-fence_plant_rgb,intrusion_climb-over-fence_rgb_0052_cctv1,intrusion_candidate,[166],[5.533],"{""start_frame"": 166, ""end_frame"": 166}","[""bend/bow (at the waist)""]","[""danger""]",danger,1,"{""normal"": 0, ""unsafe"": 0, ""danger"": 1}","{""normal"": 0.0, ""unsafe"": 0.0, ""danger"": 1.0}",danger,danger,danger,True,False,labeling_yolo_single_frame,single_frame_gt_from_sampled_frame_label,/home/capstone2/zroact-stage2/benchmark2/data/viz_shufflenet_test/test_frame_30fps/climb-over-fence_plant_rgb/images/intrusion_climb-over-fence_rgb_0052_cctv1/intrusion_climb-over-fence_rgb_0052_cctv1_t000166.jpg,,
intrusion_climb-over-fence_rgb_0052_cctv1_f000176,intrusion_climb-over-fence_rgb_0052_cctv1_f000166_000176_000186,climb-over-fence_plant_rgb,intrusion_climb-over-fence_rgb_0052_cctv1,intrusion_candidate,[176],[5.867],"{""start_frame"": 176, ""end_frame"": 176}","[""bend/bow (at the waist), stand""]","[""danger""]",danger,1,"{""normal"": 0, ""unsafe"": 0, ""danger"": 1}","{""normal"": 0.0, ""unsafe"": 0.0, ""danger"": 1.0}",danger,danger,danger,True,False,labeling_yolo_single_frame,single_frame_gt_from_sampled_frame_label,/home/capstone2/zroact-stage2/benchmark2/data/viz_shufflenet_test/test_frame_30fps/climb-over-fence_plant_rgb/images/intrusion_climb-over-fence_rgb_0052_cctv1/intrusion_climb-over-fence_rgb_0052_cctv1_t000176.jpg,,
intrusion_climb-over-fence_rgb_0052_cctv1_f000186,intrusion_climb-over-fence_rgb_0052_cctv1_f000166_000176_000186,climb-over-fence_plant_rgb,intrusion_climb-over-fence_rgb_0052_cctv1,intrusion_candidate,[186],[6.2],"{""start_frame"": 186, ""end_frame"": 186}","[""stand, carry/hold (an object)""]","[""danger""]",danger,1,"{""normal"": 0, ""unsafe"": 0, ""danger"": 1}","{""normal"": 0.0, ""unsafe"": 0.0, ""danger"": 1.0}",danger,danger,danger,True,False,labeling_yolo_single_frame,single_frame_gt_from_sampled_frame_label,/home/capstone2/zroact-stage2/benchmark2/data/viz_shufflenet_test/test_frame_30fps/climb-over-fence_plant_rgb/images/intrusion_climb-over-fence_rgb_0052_cctv1/intrusion_climb-over-fence_rgb_0052_cctv1_t000186.jpg,,
intrusion_climb-over-fence_rgb_0052_cctv1_f000196,intrusion_climb-over-fence_rgb_0052_cctv1_f000196_000206_000216,climb-over-fence_plant_rgb,intrusion_climb-over-fence_rgb_0052_cctv1,intrusion_candidate,[196],[6.533],"{""start_frame"": 196, ""end_frame"": 196}","[""stand, carry/hold (an object)""]","[""danger""]",danger,1,"{""normal"": 0, ""unsafe"": 0, ""danger"": 1}","{""normal"": 0.0, ""unsafe"": 0.0, ""danger"": 1.0}",danger,danger,danger,True,False,labeling_yolo_single_frame,single_frame_gt_from_sampled_frame_label,/home/capstone2/zroact-stage2/benchmark2/data/viz_shufflenet_test/test_frame_30fps/climb-over-fence_plant_rgb/images/intrusion_climb-over-fence_rgb_0052_cctv1/intrusion_climb-over-fence_rgb_0052_cctv1_t000196.jpg,,
intrusion_climb-over-fence_rgb_0052_cctv1_f000206,intrusion_climb-over-fence_rgb_0052_cctv1_f000196_000206_000216,climb-over-fence_plant_rgb,intrusion_climb-over-fence_rgb_0052_cctv1,intrusion_candidate,[206],[6.867],"{""start_frame"": 206, ""end_frame"": 206}","[""stand, carry/hold (an object)""]","[""danger""]",danger,1,"{""normal"": 0, ""unsafe"": 0, ""danger"": 1}","{""normal"": 0.0, ""unsafe"": 0.0, ""danger"": 1.0}",danger,danger,danger,True,False,labeling_yolo_single_frame,single_frame_gt_from_sampled_frame_label,/home/capstone2/zroact-stage2/benchmark2/data/viz_shufflenet_test/test_frame_30fps/climb-over-fence_plant_rgb/images/intrusion_climb-over-fence_rgb_0052_cctv1/intrusion_climb-over-fence_rgb_0052_cctv1_t000206.jpg,,
intrusion_climb-over-fence_rgb_0052_cctv1_f000216,intrusion_climb-over-fence_rgb_0052_cctv1_f000196_000206_000216,climb-over-fence_plant_rgb,intrusion_climb-over-fence_rgb_0052_cctv1,intrusion_candidate,[216],[7.2],"{""start_frame"": 216, ""end_frame"": 216}","[""none""]","[""danger""]",danger,1,"{""normal"": 0, ""unsafe"": 0, ""danger"": 1}","{""normal"": 0.0, ""unsafe"": 0.0, ""danger"": 1.0}",danger,danger,danger,True,False,labeling_yolo_single_frame,single_frame_gt_from_sampled_frame_label,/home/capstone2/zroact-stage2/benchmark2/data/viz_shufflenet_test/test_frame_30fps/climb-over-fence_plant_rgb/images/intrusion_climb-over-fence_rgb_0052_cctv1/intrusion_climb-over-fence_rgb_0052_cctv1_t000216.jpg,,
intrusion_climb-over-fence_rgb_0052_cctv1_f000226,intrusion_climb-over-fence_rgb_0052_cctv1_f000226_000236_000246,climb-over-fence_plant_rgb,intrusion_climb-over-fence_rgb_0052_cctv1,intrusion_candidate,[226],[7.533],"{""start_frame"": 226, ""end_frame"": 226}","[""stand, carry/hold (an object)""]","[""danger""]",danger,1,"{""normal"": 0, ""unsafe"": 0, ""danger"": 1}","{""normal"": 0.0, ""unsafe"": 0.0, ""danger"": 1.0}",danger,danger,danger,True,False,labeling_yolo_single_frame,single_frame_gt_from_sampled_frame_label,/home/capstone2/zroact-stage2/benchmark2/data/viz_shufflenet_test/test_frame_30fps/climb-over-fence_plant_rgb/images/intrusion_climb-over-fence_rgb_0052_cctv1/intrusion_climb-over-fence_rgb_0052_cctv1_t000226.jpg,,
intrusion_climb-over-fence_rgb_0052_cctv1_f000236,intrusion_climb-over-fence_rgb_0052_cctv1_f000226_000236_000246,climb-over-fence_plant_rgb,intrusion_climb-over-fence_rgb_0052_cctv1,intrusion_candidate,[236],[7.867],"{""start_frame"": 236, ""end_frame"": 236}","[""stand, carry/hold (an object)""]","[""danger""]",danger,1,"{""normal"": 0, ""unsafe"": 0, ""danger"": 1}","{""normal"": 0.0, ""unsafe"": 0.0, ""danger"": 1.0}",danger,danger,danger,True,False,labeling_yolo_single_frame,single_frame_gt_from_sampled_frame_label,/home/capstone2/zroact-stage2/benchmark2/data/viz_shufflenet_test/test_frame_30fps/climb-over-fence_plant_rgb/images/intrusion_climb-over-fence_rgb_0052_cctv1/intrusion_climb-over-fence_rgb_0052_cctv1_t000236.jpg,,
intrusion_climb-over-fence_rgb_0052_cctv1_f000246,intrusion_climb-over-fence_rgb_0052_cctv1_f000226_000236_000246,climb-over-fence_plant_rgb,intrusion_climb-over-fence_rgb_0052_cctv1,intrusion_candidate,[246],[8.2],"{""start_frame"": 246, ""end_frame"": 246}","[""stand, carry/hold (an object)""]","[""danger""]",danger,1,"{""normal"": 0, ""unsafe"": 0, ""danger"": 1}","{""normal"": 0.0, ""unsafe"": 0.0, ""danger"": 1.0}",danger,danger,danger,True,False,labeling_yolo_single_frame,single_frame_gt_from_sampled_frame_label,/home/capstone2/zroact-stage2/benchmark2/data/viz_shufflenet_test/test_frame_30fps/climb-over-fence_plant_rgb/images/intrusion_climb-over-fence_rgb_0052_cctv1/intrusion_climb-over-fence_rgb_0052_cctv1_t000246.jpg,,
intrusion_climb-over-fence_rgb_0054_cctv1_f000016,intrusion_climb-over-fence_rgb_0054_cctv1_f000016_000026_000036,climb-over-fence_plant_rgb,intrusion_climb-over-fence_rgb_0054_cctv1,intrusion_candidate,[16],[0.533],"{""start_frame"": 16, ""end_frame"": 16}","[""bend/bow (at the waist), carry/hold (an object)""]","[""danger""]",danger,1,"{""normal"": 0, ""unsafe"": 0, ""danger"": 1}","{""normal"": 0.0, ""unsafe"": 0.0, ""danger"": 1.0}",danger,danger,danger,True,False,labeling_yolo_single_frame,single_frame_gt_from_sampled_frame_label,/home/capstone2/zroact-stage2/benchmark2/data/viz_shufflenet_test/test_frame_30fps/climb-over-fence_plant_rgb/images/intrusion_climb-over-fence_rgb_0054_cctv1/intrusion_climb-over-fence_rgb_0054_cctv1_t000016.jpg,,
intrusion_climb-over-fence_rgb_0054_cctv1_f000026,intrusion_climb-over-fence_rgb_0054_cctv1_f000016_000026_000036,climb-over-fence_plant_rgb,intrusion_climb-over-fence_rgb_0054_cctv1,intrusion_candidate,[26],[0.867],"{""start_frame"": 26, ""end_frame"": 26}","[""bend/bow (at the waist), carry/hold (an object)""]","[""danger""]",danger,1,"{""normal"": 0, ""unsafe"": 0, ""danger"": 1}","{""normal"": 0.0, ""unsafe"": 0.0, ""danger"": 1.0}",danger,danger,danger,True,False,labeling_yolo_single_frame,single_frame_gt_from_sampled_frame_label,/home/capstone2/zroact-stage2/benchmark2/data/viz_shufflenet_test/test_frame_30fps/climb-over-fence_plant_rgb/images/intrusion_climb-over-fence_rgb_0054_cctv1/intrusion_climb-over-fence_rgb_0054_cctv1_t000026.jpg,,
intrusion_climb-over-fence_rgb_0054_cctv1_f000036,intrusion_climb-over-fence_rgb_0054_cctv1_f000016_000026_000036,climb-over-fence_plant_rgb,intrusion_climb-over-fence_rgb_0054_cctv1,intrusion_candidate,[36],[1.2],"{""start_frame"": 36, ""end_frame"": 36}","[""bend/bow (at the waist), carry/hold (an object)""]","[""danger""]",danger,1,"{""normal"": 0, ""unsafe"": 0, ""danger"": 1}","{""normal"": 0.0, ""unsafe"": 0.0, ""danger"": 1.0}",danger,danger,danger,True,False,labeling_yolo_single_frame,single_frame_gt_from_sampled_frame_label,/home/capstone2/zroact-stage2/benchmark2/data/viz_shufflenet_test/test_frame_30fps/climb-over-fence_plant_rgb/images/intrusion_climb-over-fence_rgb_0054_cctv1/intrusion_climb-over-fence_rgb_0054_cctv1_t000036.jpg,,
intrusion_climb-over-fence_rgb_0054_cctv1_f000046,intrusion_climb-over-fence_rgb_0054_cctv1_f000046_000056_000066,climb-over-fence_plant_rgb,intrusion_climb-over-fence_rgb_0054_cctv1,intrusion_candidate,[46],[1.533],"{""start_frame"": 46, ""end_frame"": 46}","[""bend/bow (at the waist), carry/hold (an object)""]","[""danger""]",danger,1,"{""normal"": 0, ""unsafe"": 0, ""danger"": 1}","{""normal"": 0.0, ""unsafe"": 0.0, ""danger"": 1.0}",danger,danger,danger,True,False,labeling_yolo_single_frame,single_frame_gt_from_sampled_frame_label,/home/capstone2/zroact-stage2/benchmark2/data/viz_shufflenet_test/test_frame_30fps/climb-over-fence_plant_rgb/images/intrusion_climb-over-fence_rgb_0054_cctv1/intrusion_climb-over-fence_rgb_0054_cctv1_t000046.jpg,,
intrusion_climb-over-fence_rgb_0054_cctv1_f000056,intrusion_climb-over-fence_rgb_0054_cctv1_f000046_000056_000066,climb-over-fence_plant_rgb,intrusion_climb-over-fence_rgb_0054_cctv1,intrusion_candidate,[56],[1.867],"{""start_frame"": 56, ""end_frame"": 56}","[""bend/bow (at the waist), stand""]","[""danger""]",danger,1,"{""normal"": 0, ""unsafe"": 0, ""danger"": 1}","{""normal"": 0.0, ""unsafe"": 0.0, ""danger"": 1.0}",danger,danger,danger,True,False,labeling_yolo_single_frame,single_frame_gt_from_sampled_frame_label,/home/capstone2/zroact-stage2/benchmark2/data/viz_shufflenet_test/test_frame_30fps/climb-over-fence_plant_rgb/images/intrusion_climb-over-fence_rgb_0054_cctv1/intrusion_climb-over-fence_rgb_0054_cctv1_t000056.jpg,,
intrusion_climb-over-fence_rgb_0054_cctv1_f000066,intrusion_climb-over-fence_rgb_0054_cctv1_f000046_000056_000066,climb-over-fence_plant_rgb,intrusion_climb-over-fence_rgb_0054_cctv1,intrusion_candidate,[66],[2.2],"{""start_frame"": 66, ""end_frame"": 66}","[""bend/bow (at the waist), stand""]","[""danger""]",danger,1,"{""normal"": 0, ""unsafe"": 0, ""danger"": 1}","{""normal"": 0.0, ""unsafe"": 0.0, ""danger"": 1.0}",danger,danger,danger,True,False,labeling_yolo_single_frame,single_frame_gt_from_sampled_frame_label,/home/capstone2/zroact-stage2/benchmark2/data/viz_shufflenet_test/test_frame_30fps/climb-over-fence_plant_rgb/images/intrusion_climb-over-fence_rgb_0054_cctv1/intrusion_climb-over-fence_rgb_0054_cctv1_t000066.jpg,,
intrusion_climb-over-fence_rgb_0054_cctv1_f000076,intrusion_climb-over-fence_rgb_0054_cctv1_f000076_000086_000096,climb-over-fence_plant_rgb,intrusion_climb-over-fence_rgb_0054_cctv1,intrusion_candidate,[76],[2.533],"{""start_frame"": 76, ""end_frame"": 76}","[""stand, carry/hold (an object)""]","[""danger""]",danger,1,"{""normal"": 0, ""unsafe"": 0, ""danger"": 1}","{""normal"": 0.0, ""unsafe"": 0.0, ""danger"": 1.0}",danger,danger,danger,True,False,labeling_yolo_single_frame,single_frame_gt_from_sampled_frame_label,/home/capstone2/zroact-stage2/benchmark2/data/viz_shufflenet_test/test_frame_30fps/climb-over-fence_plant_rgb/images/intrusion_climb-over-fence_rgb_0054_cctv1/intrusion_climb-over-fence_rgb_0054_cctv1_t000076.jpg,,
intrusion_climb-over-fence_rgb_0054_cctv1_f000086,intrusion_climb-over-fence_rgb_0054_cctv1_f000076_000086_000096,climb-over-fence_plant_rgb,intrusion_climb-over-fence_rgb_0054_cctv1,intrusion_candidate,[86],[2.867],"{""start_frame"": 86, ""end_frame"": 86}","[""stand, carry/hold (an object)""]","[""danger""]",danger,1,"{""normal"": 0, ""unsafe"": 0, ""danger"": 1}","{""normal"": 0.0, ""unsafe"": 0.0, ""danger"": 1.0}",danger,danger,danger,True,False,labeling_yolo_single_frame,single_frame_gt_from_sampled_frame_label,/home/capstone2/zroact-stage2/benchmark2/data/viz_shufflenet_test/test_frame_30fps/climb-over-fence_plant_rgb/images/intrusion_climb-over-fence_rgb_0054_cctv1/intrusion_climb-over-fence_rgb_0054_cctv1_t000086.jpg,,
intrusion_climb-over-fence_rgb_0054_cctv1_f000096,intrusion_climb-over-fence_rgb_0054_cctv1_f000076_000086_000096,climb-over-fence_plant_rgb,intrusion_climb-over-fence_rgb_0054_cctv1,intrusion_candidate,[96],[3.2],"{""start_frame"": 96, ""end_frame"": 96}","[""stand, carry/hold (an object)""]","[""danger""]",danger,1,"{""normal"": 0, ""unsafe"": 0, ""danger"": 1}","{""normal"": 0.0, ""unsafe"": 0.0, ""danger"": 1.0}",danger,danger,danger,True,False,labeling_yolo_single_frame,single_frame_gt_from_sampled_frame_label,/home/capstone2/zroact-stage2/benchmark2/data/viz_shufflenet_test/test_frame_30fps/climb-over-fence_plant_rgb/images/intrusion_climb-over-fence_rgb_0054_cctv1/intrusion_climb-over-fence_rgb_0054_cctv1_t000096.jpg,,
intrusion_climb-over-fence_rgb_0054_cctv1_f000106,intrusion_climb-over-fence_rgb_0054_cctv1_f000106_000116_000126,climb-over-fence_plant_rgb,intrusion_climb-over-fence_rgb_0054_cctv1,intrusion_candidate,[106],[3.533],"{""start_frame"": 106, ""end_frame"": 106}","[""stand, carry/hold (an object)""]","[""danger""]",danger,1,"{""normal"": 0, ""unsafe"": 0, ""danger"": 1}","{""normal"": 0.0, ""unsafe"": 0.0, ""danger"": 1.0}",danger,danger,danger,True,False,labeling_yolo_single_frame,single_frame_gt_from_sampled_frame_label,/home/capstone2/zroact-stage2/benchmark2/data/viz_shufflenet_test/test_frame_30fps/climb-over-fence_plant_rgb/images/intrusion_climb-over-fence_rgb_0054_cctv1/intrusion_climb-over-fence_rgb_0054_cctv1_t000106.jpg,,
intrusion_climb-over-fence_rgb_0054_cctv1_f000116,intrusion_climb-over-fence_rgb_0054_cctv1_f000106_000116_000126,climb-over-fence_plant_rgb,intrusion_climb-over-fence_rgb_0054_cctv1,intrusion_candidate,[116],[3.867],"{""start_frame"": 116, ""end_frame"": 116}","[""carry/hold (an object), stand""]","[""danger""]",danger,1,"{""normal"": 0, ""unsafe"": 0, ""danger"": 1}","{""normal"": 0.0, ""unsafe"": 0.0, ""danger"": 1.0}",danger,danger,danger,True,False,labeling_yolo_single_frame,single_frame_gt_from_sampled_frame_label,/home/capstone2/zroact-stage2/benchmark2/data/viz_shufflenet_test/test_frame_30fps/climb-over-fence_plant_rgb/images/intrusion_climb-over-fence_rgb_0054_cctv1/intrusion_climb-over-fence_rgb_0054_cctv1_t000116.jpg,,
intrusion_climb-over-fence_rgb_0054_cctv1_f000126,intrusion_climb-over-fence_rgb_0054_cctv1_f000106_000116_000126,climb-over-fence_plant_rgb,intrusion_climb-over-fence_rgb_0054_cctv1,intrusion_candidate,[126],[4.2],"{""start_frame"": 126, ""end_frame"": 126}","[""carry/hold (an object), bend/bow (at the waist)""]","[""danger""]",danger,1,"{""normal"": 0, ""unsafe"": 0, ""danger"": 1}","{""normal"": 0.0, ""unsafe"": 0.0, ""danger"": 1.0}",danger,danger,danger,True,False,labeling_yolo_single_frame,single_frame_gt_from_sampled_frame_label,/home/capstone2/zroact-stage2/benchmark2/data/viz_shufflenet_test/test_frame_30fps/climb-over-fence_plant_rgb/images/intrusion_climb-over-fence_rgb_0054_cctv1/intrusion_climb-over-fence_rgb_0054_cctv1_t000126.jpg,,
intrusion_climb-over-fence_rgb_0054_cctv1_f000136,intrusion_climb-over-fence_rgb_0054_cctv1_f000136_000146_000156,climb-over-fence_plant_rgb,intrusion_climb-over-fence_rgb_0054_cctv1,intrusion_candidate,[136],[4.533],"{""start_frame"": 136, ""end_frame"": 136}","[""stand, carry/hold (an object)""]","[""danger""]",danger,1,"{""normal"": 0, ""unsafe"": 0, ""danger"": 1}","{""normal"": 0.0, ""unsafe"": 0.0, ""danger"": 1.0}",danger,danger,danger,True,False,labeling_yolo_single_frame,single_frame_gt_from_sampled_frame_label,/home/capstone2/zroact-stage2/benchmark2/data/viz_shufflenet_test/test_frame_30fps/climb-over-fence_plant_rgb/images/intrusion_climb-over-fence_rgb_0054_cctv1/intrusion_climb-over-fence_rgb_0054_cctv1_t000136.jpg,,
intrusion_climb-over-fence_rgb_0054_cctv1_f000146,intrusion_climb-over-fence_rgb_0054_cctv1_f000136_000146_000156,climb-over-fence_plant_rgb,intrusion_climb-over-fence_rgb_0054_cctv1,intrusion_candidate,[146],[4.867],"{""start_frame"": 146, ""end_frame"": 146}","[""stand, carry/hold (an object)""]","[""danger""]",danger,1,"{""normal"": 0, ""unsafe"": 0, ""danger"": 1}","{""normal"": 0.0, ""unsafe"": 0.0, ""danger"": 1.0}",danger,danger,danger,True,False,labeling_yolo_single_frame,single_frame_gt_from_sampled_frame_label,/home/capstone2/zroact-stage2/benchmark2/data/viz_shufflenet_test/test_frame_30fps/climb-over-fence_plant_rgb/images/intrusion_climb-over-fence_rgb_0054_cctv1/intrusion_climb-over-fence_rgb_0054_cctv1_t000146.jpg,,
intrusion_climb-over-fence_rgb_0054_cctv1_f000156,intrusion_climb-over-fence_rgb_0054_cctv1_f000136_000146_000156,climb-over-fence_plant_rgb,intrusion_climb-over-fence_rgb_0054_cctv1,intrusion_candidate,[156],[5.2],"{""start_frame"": 156, ""end_frame"": 156}","[""stand, carry/hold (an object)""]","[""danger""]",danger,1,"{""normal"": 0, ""unsafe"": 0, ""danger"": 1}","{""normal"": 0.0, ""unsafe"": 0.0, ""danger"": 1.0}",danger,danger,danger,True,False,labeling_yolo_single_frame,single_frame_gt_from_sampled_frame_label,/home/capstone2/zroact-stage2/benchmark2/data/viz_shufflenet_test/test_frame_30fps/climb-over-fence_plant_rgb/images/intrusion_climb-over-fence_rgb_0054_cctv1/intrusion_climb-over-fence_rgb_0054_cctv1_t000156.jpg,,
intrusion_climb-over-fence_rgb_0004_cctv1_f000016,intrusion_climb-over-fence_rgb_0004_cctv1_f000016_000026_000036,climb-over-fence_smart_rgb,intrusion_climb-over-fence_rgb_0004_cctv1,intrusion_candidate,[16],[0.533],"{""start_frame"": 16, ""end_frame"": 16}","[""walk, carry/hold (an object)""]","[""normal""]",normal,1,"{""normal"": 1, ""unsafe"": 0, ""danger"": 0}","{""normal"": 1.0, ""unsafe"": 0.0, ""danger"": 0.0}",normal,normal,normal,True,False,labeling_yolo_single_frame,single_frame_gt_from_sampled_frame_label,/home/capstone2/zroact-stage2/benchmark2/data/viz_shufflenet_test/test_frame_30fps/climb-over-fence_smart_rgb/images/intrusion_climb-over-fence_rgb_0004_cctv1/intrusion_climb-over-fence_rgb_0004_cctv1_t000016.jpg,,
intrusion_climb-over-fence_rgb_0004_cctv1_f000026,intrusion_climb-over-fence_rgb_0004_cctv1_f000016_000026_000036,climb-over-fence_smart_rgb,intrusion_climb-over-fence_rgb_0004_cctv1,intrusion_candidate,[26],[0.867],"{""start_frame"": 26, ""end_frame"": 26}","[""walk, carry/hold (an object)""]","[""normal""]",normal,1,"{""normal"": 1, ""unsafe"": 0, ""danger"": 0}","{""normal"": 1.0, ""unsafe"": 0.0, ""danger"": 0.0}",normal,normal,normal,True,False,labeling_yolo_single_frame,single_frame_gt_from_sampled_frame_label,/home/capstone2/zroact-stage2/benchmark2/data/viz_shufflenet_test/test_frame_30fps/climb-over-fence_smart_rgb/images/intrusion_climb-over-fence_rgb_0004_cctv1/intrusion_climb-over-fence_rgb_0004_cctv1_t000026.jpg,,
intrusion_climb-over-fence_rgb_0004_cctv1_f000036,intrusion_climb-over-fence_rgb_0004_cctv1_f000016_000026_000036,climb-over-fence_smart_rgb,intrusion_climb-over-fence_rgb_0004_cctv1,intrusion_candidate,[36],[1.2],"{""start_frame"": 36, ""end_frame"": 36}","[""walk, carry/hold (an object)""]","[""unsafe""]",unsafe,1,"{""normal"": 0, ""unsafe"": 1, ""danger"": 0}","{""normal"": 0.0, ""unsafe"": 1.0, ""danger"": 0.0}",unsafe,unsafe,unsafe,True,False,labeling_yolo_single_frame,single_frame_gt_from_sampled_frame_label,/home/capstone2/zroact-stage2/benchmark2/data/viz_shufflenet_test/test_frame_30fps/climb-over-fence_smart_rgb/images/intrusion_climb-over-fence_rgb_0004_cctv1/intrusion_climb-over-fence_rgb_0004_cctv1_t000036.jpg,,
intrusion_climb-over-fence_rgb_0004_cctv1_f000046,intrusion_climb-over-fence_rgb_0004_cctv1_f000046_000056_000066,climb-over-fence_smart_rgb,intrusion_climb-over-fence_rgb_0004_cctv1,intrusion_candidate,[46],[1.533],"{""start_frame"": 46, ""end_frame"": 46}","[""run/jog, carry/hold (an object)""]","[""danger""]",danger,1,"{""normal"": 0, ""unsafe"": 0, ""danger"": 1}","{""normal"": 0.0, ""unsafe"": 0.0, ""danger"": 1.0}",danger,danger,danger,True,False,labeling_yolo_single_frame,single_frame_gt_from_sampled_frame_label,/home/capstone2/zroact-stage2/benchmark2/data/viz_shufflenet_test/test_frame_30fps/climb-over-fence_smart_rgb/images/intrusion_climb-over-fence_rgb_0004_cctv1/intrusion_climb-over-fence_rgb_0004_cctv1_t000046.jpg,,
intrusion_climb-over-fence_rgb_0004_cctv1_f000056,intrusion_climb-over-fence_rgb_0004_cctv1_f000046_000056_000066,climb-over-fence_smart_rgb,intrusion_climb-over-fence_rgb_0004_cctv1,intrusion_candidate,[56],[1.867],"{""start_frame"": 56, ""end_frame"": 56}","[""carry/hold (an object), walk""]","[""danger""]",danger,1,"{""normal"": 0, ""unsafe"": 0, ""danger"": 1}","{""normal"": 0.0, ""unsafe"": 0.0, ""danger"": 1.0}",danger,danger,danger,True,False,labeling_yolo_single_frame,single_frame_gt_from_sampled_frame_label,/home/capstone2/zroact-stage2/benchmark2/data/viz_shufflenet_test/test_frame_30fps/climb-over-fence_smart_rgb/images/intrusion_climb-over-fence_rgb_0004_cctv1/intrusion_climb-over-fence_rgb_0004_cctv1_t000056.jpg,,
intrusion_climb-over-fence_rgb_0004_cctv1_f000066,intrusion_climb-over-fence_rgb_0004_cctv1_f000046_000056_000066,climb-over-fence_smart_rgb,intrusion_climb-over-fence_rgb_0004_cctv1,intrusion_candidate,[66],[2.2],"{""start_frame"": 66, ""end_frame"": 66}","[""walk, carry/hold (an object)""]","[""danger""]",danger,1,"{""normal"": 0, ""unsafe"": 0, ""danger"": 1}","{""normal"": 0.0, ""unsafe"": 0.0, ""danger"": 1.0}",danger,danger,danger,True,False,labeling_yolo_single_frame,single_frame_gt_from_sampled_frame_label,/home/capstone2/zroact-stage2/benchmark2/data/viz_shufflenet_test/test_frame_30fps/climb-over-fence_smart_rgb/images/intrusion_climb-over-fence_rgb_0004_cctv1/intrusion_climb-over-fence_rgb_0004_cctv1_t000066.jpg,,
intrusion_climb-over-fence_rgb_0004_cctv1_f000076,intrusion_climb-over-fence_rgb_0004_cctv1_f000076_000086_000096,climb-over-fence_smart_rgb,intrusion_climb-over-fence_rgb_0004_cctv1,intrusion_candidate,[76],[2.533],"{""start_frame"": 76, ""end_frame"": 76}","[""walk, carry/hold (an object)""]","[""danger""]",danger,1,"{""normal"": 0, ""unsafe"": 0, ""danger"": 1}","{""normal"": 0.0, ""unsafe"": 0.0, ""danger"": 1.0}",danger,danger,danger,True,False,labeling_yolo_single_frame,single_frame_gt_from_sampled_frame_label,/home/capstone2/zroact-stage2/benchmark2/data/viz_shufflenet_test/test_frame_30fps/climb-over-fence_smart_rgb/images/intrusion_climb-over-fence_rgb_0004_cctv1/intrusion_climb-over-fence_rgb_0004_cctv1_t000076.jpg,,
intrusion_climb-over-fence_rgb_0004_cctv1_f000086,intrusion_climb-over-fence_rgb_0004_cctv1_f000076_000086_000096,climb-over-fence_smart_rgb,intrusion_climb-over-fence_rgb_0004_cctv1,intrusion_candidate,[86],[2.867],"{""start_frame"": 86, ""end_frame"": 86}","[""stand, carry/hold (an object)""]","[""danger""]",danger,1,"{""normal"": 0, ""unsafe"": 0, ""danger"": 1}","{""normal"": 0.0, ""unsafe"": 0.0, ""danger"": 1.0}",danger,danger,danger,True,False,labeling_yolo_single_frame,single_frame_gt_from_sampled_frame_label,/home/capstone2/zroact-stage2/benchmark2/data/viz_shufflenet_test/test_frame_30fps/climb-over-fence_smart_rgb/images/intrusion_climb-over-fence_rgb_0004_cctv1/intrusion_climb-over-fence_rgb_0004_cctv1_t000086.jpg,,
intrusion_climb-over-fence_rgb_0004_cctv1_f000096,intrusion_climb-over-fence_rgb_0004_cctv1_f000076_000086_000096,climb-over-fence_smart_rgb,intrusion_climb-over-fence_rgb_0004_cctv1,intrusion_candidate,[96],[3.2],"{""start_frame"": 96, ""end_frame"": 96}","[""stand, answer phone""]","[""danger""]",danger,1,"{""normal"": 0, ""unsafe"": 0, ""danger"": 1}","{""normal"": 0.0, ""unsafe"": 0.0, ""danger"": 1.0}",danger,danger,danger,True,False,labeling_yolo_single_frame,single_frame_gt_from_sampled_frame_label,/home/capstone2/zroact-stage2/benchmark2/data/viz_shufflenet_test/test_frame_30fps/climb-over-fence_smart_rgb/images/intrusion_climb-over-fence_rgb_0004_cctv1/intrusion_climb-over-fence_rgb_0004_cctv1_t000096.jpg,,
intrusion_climb-over-fence_rgb_0004_cctv1_f000106,intrusion_climb-over-fence_rgb_0004_cctv1_f000106_000116_000126,climb-over-fence_smart_rgb,intrusion_climb-over-fence_rgb_0004_cctv1,intrusion_candidate,[106],[3.533],"{""start_frame"": 106, ""end_frame"": 106}","[""stand""]","[""danger""]",danger,1,"{""normal"": 0, ""unsafe"": 0, ""danger"": 1}","{""normal"": 0.0, ""unsafe"": 0.0, ""danger"": 1.0}",danger,danger,danger,True,False,labeling_yolo_single_frame,single_frame_gt_from_sampled_frame_label,/home/capstone2/zroact-stage2/benchmark2/data/viz_shufflenet_test/test_frame_30fps/climb-over-fence_smart_rgb/images/intrusion_climb-over-fence_rgb_0004_cctv1/intrusion_climb-over-fence_rgb_0004_cctv1_t000106.jpg,,
intrusion_climb-over-fence_rgb_0004_cctv1_f000116,intrusion_climb-over-fence_rgb_0004_cctv1_f000106_000116_000126,climb-over-fence_smart_rgb,intrusion_climb-over-fence_rgb_0004_cctv1,intrusion_candidate,[116],[3.867],"{""start_frame"": 116, ""end_frame"": 116}","[""stand, answer phone""]","[""danger""]",danger,1,"{""normal"": 0, ""unsafe"": 0, ""danger"": 1}","{""normal"": 0.0, ""unsafe"": 0.0, ""danger"": 1.0}",danger,danger,danger,True,False,labeling_yolo_single_frame,single_frame_gt_from_sampled_frame_label,/home/capstone2/zroact-stage2/benchmark2/data/viz_shufflenet_test/test_frame_30fps/climb-over-fence_smart_rgb/images/intrusion_climb-over-fence_rgb_0004_cctv1/intrusion_climb-over-fence_rgb_0004_cctv1_t000116.jpg,,
intrusion_climb-over-fence_rgb_0004_cctv1_f000126,intrusion_climb-over-fence_rgb_0004_cctv1_f000106_000116_000126,climb-over-fence_smart_rgb,intrusion_climb-over-fence_rgb_0004_cctv1,intrusion_candidate,[126],[4.2],"{""start_frame"": 126, ""end_frame"": 126}","[""stand, answer phone""]","[""danger""]",danger,1,"{""normal"": 0, ""unsafe"": 0, ""danger"": 1}","{""normal"": 0.0, ""unsafe"": 0.0, ""danger"": 1.0}",danger,danger,danger,True,False,labeling_yolo_single_frame,single_frame_gt_from_sampled_frame_label,/home/capstone2/zroact-stage2/benchmark2/data/viz_shufflenet_test/test_frame_30fps/climb-over-fence_smart_rgb/images/intrusion_climb-over-fence_rgb_0004_cctv1/intrusion_climb-over-fence_rgb_0004_cctv1_t000126.jpg,,
intrusion_climb-over-fence_rgb_0004_cctv1_f000136,intrusion_climb-over-fence_rgb_0004_cctv1_f000136_000146_000156,climb-over-fence_smart_rgb,intrusion_climb-over-fence_rgb_0004_cctv1,intrusion_candidate,[136],[4.533],"{""start_frame"": 136, ""end_frame"": 136}","[""stand, answer phone""]","[""danger""]",danger,1,"{""normal"": 0, ""unsafe"": 0, ""danger"": 1}","{""normal"": 0.0, ""unsafe"": 0.0, ""danger"": 1.0}",danger,danger,danger,True,False,labeling_yolo_single_frame,single_frame_gt_from_sampled_frame_label,/home/capstone2/zroact-stage2/benchmark2/data/viz_shufflenet_test/test_frame_30fps/climb-over-fence_smart_rgb/images/intrusion_climb-over-fence_rgb_0004_cctv1/intrusion_climb-over-fence_rgb_0004_cctv1_t000136.jpg,,
intrusion_climb-over-fence_rgb_0004_cctv1_f000146,intrusion_climb-over-fence_rgb_0004_cctv1_f000136_000146_000156,climb-over-fence_smart_rgb,intrusion_climb-over-fence_rgb_0004_cctv1,intrusion_candidate,[146],[4.867],"{""start_frame"": 146, ""end_frame"": 146}","[""stand, answer phone""]","[""danger""]",danger,1,"{""normal"": 0, ""unsafe"": 0, ""danger"": 1}","{""normal"": 0.0, ""unsafe"": 0.0, ""danger"": 1.0}",danger,danger,danger,True,False,labeling_yolo_single_frame,single_frame_gt_from_sampled_frame_label,/home/capstone2/zroact-stage2/benchmark2/data/viz_shufflenet_test/test_frame_30fps/climb-over-fence_smart_rgb/images/intrusion_climb-over-fence_rgb_0004_cctv1/intrusion_climb-over-fence_rgb_0004_cctv1_t000146.jpg,,
intrusion_climb-over-fence_rgb_0004_cctv1_f000156,intrusion_climb-over-fence_rgb_0004_cctv1_f000136_000146_000156,climb-over-fence_smart_rgb,intrusion_climb-over-fence_rgb_0004_cctv1,intrusion_candidate,[156],[5.2],"{""start_frame"": 156, ""end_frame"": 156}","[""stand, answer phone""]","[""danger""]",danger,1,"{""normal"": 0, ""unsafe"": 0, ""danger"": 1}","{""normal"": 0.0, ""unsafe"": 0.0, ""danger"": 1.0}",danger,danger,danger,True,False,labeling_yolo_single_frame,single_frame_gt_from_sampled_frame_label,/home/capstone2/zroact-stage2/benchmark2/data/viz_shufflenet_test/test_frame_30fps/climb-over-fence_smart_rgb/images/intrusion_climb-over-fence_rgb_0004_cctv1/intrusion_climb-over-fence_rgb_0004_cctv1_t000156.jpg,,
intrusion_climb-over-fence_rgb_0004_cctv1_f000166,intrusion_climb-over-fence_rgb_0004_cctv1_f000166_000176_000186,climb-over-fence_smart_rgb,intrusion_climb-over-fence_rgb_0004_cctv1,intrusion_candidate,[166],[5.533],"{""start_frame"": 166, ""end_frame"": 166}","[""stand, carry/hold (an object)""]","[""danger""]",danger,1,"{""normal"": 0, ""unsafe"": 0, ""danger"": 1}","{""normal"": 0.0, ""unsafe"": 0.0, ""danger"": 1.0}",danger,danger,danger,True,False,labeling_yolo_single_frame,single_frame_gt_from_sampled_frame_label,/home/capstone2/zroact-stage2/benchmark2/data/viz_shufflenet_test/test_frame_30fps/climb-over-fence_smart_rgb/images/intrusion_climb-over-fence_rgb_0004_cctv1/intrusion_climb-over-fence_rgb_0004_cctv1_t000166.jpg,,
intrusion_climb-over-fence_rgb_0004_cctv1_f000176,intrusion_climb-over-fence_rgb_0004_cctv1_f000166_000176_000186,climb-over-fence_smart_rgb,intrusion_climb-over-fence_rgb_0004_cctv1,intrusion_candidate,[176],[5.867],"{""start_frame"": 176, ""end_frame"": 176}","[""walk, carry/hold (an object)""]","[""danger""]",danger,1,"{""normal"": 0, ""unsafe"": 0, ""danger"": 1}","{""normal"": 0.0, ""unsafe"": 0.0, ""danger"": 1.0}",danger,danger,danger,True,False,labeling_yolo_single_frame,single_frame_gt_from_sampled_frame_label,/home/capstone2/zroact-stage2/benchmark2/data/viz_shufflenet_test/test_frame_30fps/climb-over-fence_smart_rgb/images/intrusion_climb-over-fence_rgb_0004_cctv1/intrusion_climb-over-fence_rgb_0004_cctv1_t000176.jpg,,
intrusion_climb-over-fence_rgb_0004_cctv1_f000186,intrusion_climb-over-fence_rgb_0004_cctv1_f000166_000176_000186,climb-over-fence_smart_rgb,intrusion_climb-over-fence_rgb_0004_cctv1,intrusion_candidate,[186],[6.2],"{""start_frame"": 186, ""end_frame"": 186}","[""stand, carry/hold (an object)""]","[""danger""]",danger,1,"{""normal"": 0, ""unsafe"": 0, ""danger"": 1}","{""normal"": 0.0, ""unsafe"": 0.0, ""danger"": 1.0}",danger,danger,danger,True,False,labeling_yolo_single_frame,single_frame_gt_from_sampled_frame_label,/home/capstone2/zroact-stage2/benchmark2/data/viz_shufflenet_test/test_frame_30fps/climb-over-fence_smart_rgb/images/intrusion_climb-over-fence_rgb_0004_cctv1/intrusion_climb-over-fence_rgb_0004_cctv1_t000186.jpg,,
intrusion_climb-over-fence_rgb_0004_cctv1_f000196,intrusion_climb-over-fence_rgb_0004_cctv1_f000196_000206_000216,climb-over-fence_smart_rgb,intrusion_climb-over-fence_rgb_0004_cctv1,intrusion_candidate,[196],[6.533],"{""start_frame"": 196, ""end_frame"": 196}","[""stand, carry/hold (an object)""]","[""danger""]",danger,1,"{""normal"": 0, ""unsafe"": 0, ""danger"": 1}","{""normal"": 0.0, ""unsafe"": 0.0, ""danger"": 1.0}",danger,danger,danger,True,False,labeling_yolo_single_frame,single_frame_gt_from_sampled_frame_label,/home/capstone2/zroact-stage2/benchmark2/data/viz_shufflenet_test/test_frame_30fps/climb-over-fence_smart_rgb/images/intrusion_climb-over-fence_rgb_0004_cctv1/intrusion_climb-over-fence_rgb_0004_cctv1_t000196.jpg,,
intrusion_climb-over-fence_rgb_0004_cctv1_f000206,intrusion_climb-over-fence_rgb_0004_cctv1_f000196_000206_000216,climb-over-fence_smart_rgb,intrusion_climb-over-fence_rgb_0004_cctv1,intrusion_candidate,[206],[6.867],"{""start_frame"": 206, ""end_frame"": 206}","[""stand, walk""]","[""danger""]",danger,1,"{""normal"": 0, ""unsafe"": 0, ""danger"": 1}","{""normal"": 0.0, ""unsafe"": 0.0, ""danger"": 1.0}",danger,danger,danger,True,False,labeling_yolo_single_frame,single_frame_gt_from_sampled_frame_label,/home/capstone2/zroact-stage2/benchmark2/data/viz_shufflenet_test/test_frame_30fps/climb-over-fence_smart_rgb/images/intrusion_climb-over-fence_rgb_0004_cctv1/intrusion_climb-over-fence_rgb_0004_cctv1_t000206.jpg,,
intrusion_climb-over-fence_rgb_0004_cctv1_f000216,intrusion_climb-over-fence_rgb_0004_cctv1_f000196_000206_000216,climb-over-fence_smart_rgb,intrusion_climb-over-fence_rgb_0004_cctv1,intrusion_candidate,[216],[7.2],"{""start_frame"": 216, ""end_frame"": 216}","[""bend/bow (at the waist), carry/hold (an object)""]","[""danger""]",danger,1,"{""normal"": 0, ""unsafe"": 0, ""danger"": 1}","{""normal"": 0.0, ""unsafe"": 0.0, ""danger"": 1.0}",danger,danger,danger,True,False,labeling_yolo_single_frame,single_frame_gt_from_sampled_frame_label,/home/capstone2/zroact-stage2/benchmark2/data/viz_shufflenet_test/test_frame_30fps/climb-over-fence_smart_rgb/images/intrusion_climb-over-fence_rgb_0004_cctv1/intrusion_climb-over-fence_rgb_0004_cctv1_t000216.jpg,,
intrusion_climb-over-fence_rgb_0004_cctv1_f000226,intrusion_climb-over-fence_rgb_0004_cctv1_f000226_000236_000246,climb-over-fence_smart_rgb,intrusion_climb-over-fence_rgb_0004_cctv1,intrusion_candidate,[226],[7.533],"{""start_frame"": 226, ""end_frame"": 226}","[""bend/bow (at the waist), carry/hold (an object)""]","[""danger""]",danger,1,"{""normal"": 0, ""unsafe"": 0, ""danger"": 1}","{""normal"": 0.0, ""unsafe"": 0.0, ""danger"": 1.0}",danger,danger,danger,True,False,labeling_yolo_single_frame,single_frame_gt_from_sampled_frame_label,/home/capstone2/zroact-stage2/benchmark2/data/viz_shufflenet_test/test_frame_30fps/climb-over-fence_smart_rgb/images/intrusion_climb-over-fence_rgb_0004_cctv1/intrusion_climb-over-fence_rgb_0004_cctv1_t000226.jpg,,
intrusion_climb-over-fence_rgb_0004_cctv1_f000236,intrusion_climb-over-fence_rgb_0004_cctv1_f000226_000236_000246,climb-over-fence_smart_rgb,intrusion_climb-over-fence_rgb_0004_cctv1,intrusion_candidate,[236],[7.867],"{""start_frame"": 236, ""end_frame"": 236}","[""bend/bow (at the waist), carry/hold (an object)""]","[""danger""]",danger,1,"{""normal"": 0, ""unsafe"": 0, ""danger"": 1}","{""normal"": 0.0, ""unsafe"": 0.0, ""danger"": 1.0}",danger,danger,danger,True,False,labeling_yolo_single_frame,single_frame_gt_from_sampled_frame_label,/home/capstone2/zroact-stage2/benchmark2/data/viz_shufflenet_test/test_frame_30fps/climb-over-fence_smart_rgb/images/intrusion_climb-over-fence_rgb_0004_cctv1/intrusion_climb-over-fence_rgb_0004_cctv1_t000236.jpg,,
intrusion_climb-over-fence_rgb_0004_cctv1_f000246,intrusion_climb-over-fence_rgb_0004_cctv1_f000226_000236_000246,climb-over-fence_smart_rgb,intrusion_climb-over-fence_rgb_0004_cctv1,intrusion_candidate,[246],[8.2],"{""start_frame"": 246, ""end_frame"": 246}","[""stand, carry/hold (an object)""]","[""danger""]",danger,1,"{""normal"": 0, ""unsafe"": 0, ""danger"": 1}","{""normal"": 0.0, ""unsafe"": 0.0, ""danger"": 1.0}",danger,danger,danger,True,False,labeling_yolo_single_frame,single_frame_gt_from_sampled_frame_label,/home/capstone2/zroact-stage2/benchmark2/data/viz_shufflenet_test/test_frame_30fps/climb-over-fence_smart_rgb/images/intrusion_climb-over-fence_rgb_0004_cctv1/intrusion_climb-over-fence_rgb_0004_cctv1_t000246.jpg,,
intrusion_climb-over-fence_rgb_0004_cctv1_f000256,intrusion_climb-over-fence_rgb_0004_cctv1_f000256_000266_000276,climb-over-fence_smart_rgb,intrusion_climb-over-fence_rgb_0004_cctv1,intrusion_candidate,[256],[8.533],"{""start_frame"": 256, ""end_frame"": 256}","[""stand, answer phone""]","[""danger""]",danger,1,"{""normal"": 0, ""unsafe"": 0, ""danger"": 1}","{""normal"": 0.0, ""unsafe"": 0.0, ""danger"": 1.0}",danger,danger,danger,True,False,labeling_yolo_single_frame,single_frame_gt_from_sampled_frame_label,/home/capstone2/zroact-stage2/benchmark2/data/viz_shufflenet_test/test_frame_30fps/climb-over-fence_smart_rgb/images/intrusion_climb-over-fence_rgb_0004_cctv1/intrusion_climb-over-fence_rgb_0004_cctv1_t000256.jpg,,
intrusion_climb-over-fence_rgb_0004_cctv1_f000266,intrusion_climb-over-fence_rgb_0004_cctv1_f000256_000266_000276,climb-over-fence_smart_rgb,intrusion_climb-over-fence_rgb_0004_cctv1,intrusion_candidate,[266],[8.867],"{""start_frame"": 266, ""end_frame"": 266}","[""stand, answer phone""]","[""danger""]",danger,1,"{""normal"": 0, ""unsafe"": 0, ""danger"": 1}","{""normal"": 0.0, ""unsafe"": 0.0, ""danger"": 1.0}",danger,danger,danger,True,False,labeling_yolo_single_frame,single_frame_gt_from_sampled_frame_label,/home/capstone2/zroact-stage2/benchmark2/data/viz_shufflenet_test/test_frame_30fps/climb-over-fence_smart_rgb/images/intrusion_climb-over-fence_rgb_0004_cctv1/intrusion_climb-over-fence_rgb_0004_cctv1_t000266.jpg,,
intrusion_climb-over-fence_rgb_0004_cctv1_f000276,intrusion_climb-over-fence_rgb_0004_cctv1_f000256_000266_000276,climb-over-fence_smart_rgb,intrusion_climb-over-fence_rgb_0004_cctv1,intrusion_candidate,[276],[9.2],"{""start_frame"": 276, ""end_frame"": 276}","[""stand, answer phone""]","[""danger""]",danger,1,"{""normal"": 0, ""unsafe"": 0, ""danger"": 1}","{""normal"": 0.0, ""unsafe"": 0.0, ""danger"": 1.0}",danger,danger,danger,True,False,labeling_yolo_single_frame,single_frame_gt_from_sampled_frame_label,/home/capstone2/zroact-stage2/benchmark2/data/viz_shufflenet_test/test_frame_30fps/climb-over-fence_smart_rgb/images/intrusion_climb-over-fence_rgb_0004_cctv1/intrusion_climb-over-fence_rgb_0004_cctv1_t000276.jpg,,
intrusion_climb-over-fence_rgb_0004_cctv1_f000286,intrusion_climb-over-fence_rgb_0004_cctv1_f000286_000296_000306,climb-over-fence_smart_rgb,intrusion_climb-over-fence_rgb_0004_cctv1,intrusion_candidate,[286],[9.533],"{""start_frame"": 286, ""end_frame"": 286}","[""stand, carry/hold (an object)""]","[""danger""]",danger,1,"{""normal"": 0, ""unsafe"": 0, ""danger"": 1}","{""normal"": 0.0, ""unsafe"": 0.0, ""danger"": 1.0}",danger,danger,danger,True,False,labeling_yolo_single_frame,single_frame_gt_from_sampled_frame_label,/home/capstone2/zroact-stage2/benchmark2/data/viz_shufflenet_test/test_frame_30fps/climb-over-fence_smart_rgb/images/intrusion_climb-over-fence_rgb_0004_cctv1/intrusion_climb-over-fence_rgb_0004_cctv1_t000286.jpg,,
intrusion_climb-over-fence_rgb_0004_cctv1_f000296,intrusion_climb-over-fence_rgb_0004_cctv1_f000286_000296_000306,climb-over-fence_smart_rgb,intrusion_climb-over-fence_rgb_0004_cctv1,intrusion_candidate,[296],[9.867],"{""start_frame"": 296, ""end_frame"": 296}","[""bend/bow (at the waist), carry/hold (an object)""]","[""danger""]",danger,1,"{""normal"": 0, ""unsafe"": 0, ""danger"": 1}","{""normal"": 0.0, ""unsafe"": 0.0, ""danger"": 1.0}",danger,danger,danger,True,False,labeling_yolo_single_frame,single_frame_gt_from_sampled_frame_label,/home/capstone2/zroact-stage2/benchmark2/data/viz_shufflenet_test/test_frame_30fps/climb-over-fence_smart_rgb/images/intrusion_climb-over-fence_rgb_0004_cctv1/intrusion_climb-over-fence_rgb_0004_cctv1_t000296.jpg,,
intrusion_climb-over-fence_rgb_0004_cctv1_f000306,intrusion_climb-over-fence_rgb_0004_cctv1_f000286_000296_000306,climb-over-fence_smart_rgb,intrusion_climb-over-fence_rgb_0004_cctv1,intrusion_candidate,[306],[10.2],"{""start_frame"": 306, ""end_frame"": 306}","[""stand, carry/hold (an object)""]","[""danger""]",danger,1,"{""normal"": 0, ""unsafe"": 0, ""danger"": 1}","{""normal"": 0.0, ""unsafe"": 0.0, ""danger"": 1.0}",danger,danger,danger,True,False,labeling_yolo_single_frame,single_frame_gt_from_sampled_frame_label,/home/capstone2/zroact-stage2/benchmark2/data/viz_shufflenet_test/test_frame_30fps/climb-over-fence_smart_rgb/images/intrusion_climb-over-fence_rgb_0004_cctv1/intrusion_climb-over-fence_rgb_0004_cctv1_t000306.jpg,,
intrusion_climb-over-fence_rgb_0004_cctv1_f000316,intrusion_climb-over-fence_rgb_0004_cctv1_f000316_000326_000336,climb-over-fence_smart_rgb,intrusion_climb-over-fence_rgb_0004_cctv1,intrusion_candidate,[316],[10.533],"{""start_frame"": 316, ""end_frame"": 316}","[""stand, carry/hold (an object)""]","[""danger""]",danger,1,"{""normal"": 0, ""unsafe"": 0, ""danger"": 1}","{""normal"": 0.0, ""unsafe"": 0.0, ""danger"": 1.0}",danger,danger,danger,True,False,labeling_yolo_single_frame,single_frame_gt_from_sampled_frame_label,/home/capstone2/zroact-stage2/benchmark2/data/viz_shufflenet_test/test_frame_30fps/climb-over-fence_smart_rgb/images/intrusion_climb-over-fence_rgb_0004_cctv1/intrusion_climb-over-fence_rgb_0004_cctv1_t000316.jpg,,
intrusion_climb-over-fence_rgb_0004_cctv1_f000326,intrusion_climb-over-fence_rgb_0004_cctv1_f000316_000326_000336,climb-over-fence_smart_rgb,intrusion_climb-over-fence_rgb_0004_cctv1,intrusion_candidate,[326],[10.867],"{""start_frame"": 326, ""end_frame"": 326}","[""bend/bow (at the waist), carry/hold (an object)""]","[""danger""]",danger,1,"{""normal"": 0, ""unsafe"": 0, ""danger"": 1}","{""normal"": 0.0, ""unsafe"": 0.0, ""danger"": 1.0}",danger,danger,danger,True,False,labeling_yolo_single_frame,single_frame_gt_from_sampled_frame_label,/home/capstone2/zroact-stage2/benchmark2/data/viz_shufflenet_test/test_frame_30fps/climb-over-fence_smart_rgb/images/intrusion_climb-over-fence_rgb_0004_cctv1/intrusion_climb-over-fence_rgb_0004_cctv1_t000326.jpg,,
intrusion_climb-over-fence_rgb_0004_cctv1_f000336,intrusion_climb-over-fence_rgb_0004_cctv1_f000316_000326_000336,climb-over-fence_smart_rgb,intrusion_climb-over-fence_rgb_0004_cctv1,intrusion_candidate,[336],[11.2],"{""start_frame"": 336, ""end_frame"": 336}","[""stand, answer phone""]","[""danger""]",danger,1,"{""normal"": 0, ""unsafe"": 0, ""danger"": 1}","{""normal"": 0.0, ""unsafe"": 0.0, ""danger"": 1.0}",danger,danger,danger,True,False,labeling_yolo_single_frame,single_frame_gt_from_sampled_frame_label,/home/capstone2/zroact-stage2/benchmark2/data/viz_shufflenet_test/test_frame_30fps/climb-over-fence_smart_rgb/images/intrusion_climb-over-fence_rgb_0004_cctv1/intrusion_climb-over-fence_rgb_0004_cctv1_t000336.jpg,,
intrusion_climb-over-fence_rgb_0004_cctv1_f000346,intrusion_climb-over-fence_rgb_0004_cctv1_f000346_000356_000366,climb-over-fence_smart_rgb,intrusion_climb-over-fence_rgb_0004_cctv1,intrusion_candidate,[346],[11.533],"{""start_frame"": 346, ""end_frame"": 346}","[""stand, answer phone""]","[""danger""]",danger,1,"{""normal"": 0, ""unsafe"": 0, ""danger"": 1}","{""normal"": 0.0, ""unsafe"": 0.0, ""danger"": 1.0}",danger,danger,danger,True,False,labeling_yolo_single_frame,single_frame_gt_from_sampled_frame_label,/home/capstone2/zroact-stage2/benchmark2/data/viz_shufflenet_test/test_frame_30fps/climb-over-fence_smart_rgb/images/intrusion_climb-over-fence_rgb_0004_cctv1/intrusion_climb-over-fence_rgb_0004_cctv1_t000346.jpg,,
intrusion_climb-over-fence_rgb_0004_cctv1_f000356,intrusion_climb-over-fence_rgb_0004_cctv1_f000346_000356_000366,climb-over-fence_smart_rgb,intrusion_climb-over-fence_rgb_0004_cctv1,intrusion_candidate,[356],[11.867],"{""start_frame"": 356, ""end_frame"": 356}","[""bend/bow (at the waist), stand""]","[""danger""]",danger,1,"{""normal"": 0, ""unsafe"": 0, ""danger"": 1}","{""normal"": 0.0, ""unsafe"": 0.0, ""danger"": 1.0}",danger,danger,danger,True,False,labeling_yolo_single_frame,single_frame_gt_from_sampled_frame_label,/home/capstone2/zroact-stage2/benchmark2/data/viz_shufflenet_test/test_frame_30fps/climb-over-fence_smart_rgb/images/intrusion_climb-over-fence_rgb_0004_cctv1/intrusion_climb-over-fence_rgb_0004_cctv1_t000356.jpg,,
intrusion_climb-over-fence_rgb_0004_cctv1_f000366,intrusion_climb-over-fence_rgb_0004_cctv1_f000346_000356_000366,climb-over-fence_smart_rgb,intrusion_climb-over-fence_rgb_0004_cctv1,intrusion_candidate,[366],[12.2],"{""start_frame"": 366, ""end_frame"": 366}","[""bend/bow (at the waist), carry/hold (an object)""]","[""danger""]",danger,1,"{""normal"": 0, ""unsafe"": 0, ""danger"": 1}","{""normal"": 0.0, ""unsafe"": 0.0, ""danger"": 1.0}",danger,danger,danger,True,False,labeling_yolo_single_frame,single_frame_gt_from_sampled_frame_label,/home/capstone2/zroact-stage2/benchmark2/data/viz_shufflenet_test/test_frame_30fps/climb-over-fence_smart_rgb/images/intrusion_climb-over-fence_rgb_0004_cctv1/intrusion_climb-over-fence_rgb_0004_cctv1_t000366.jpg,,
intrusion_climb-over-fence_rgb_0004_cctv1_f000376,intrusion_climb-over-fence_rgb_0004_cctv1_f000376_000386_000396,climb-over-fence_smart_rgb,intrusion_climb-over-fence_rgb_0004_cctv1,intrusion_candidate,[376],[12.533],"{""start_frame"": 376, ""end_frame"": 376}","[""bend/bow (at the waist), stand""]","[""danger""]",danger,1,"{""normal"": 0, ""unsafe"": 0, ""danger"": 1}","{""normal"": 0.0, ""unsafe"": 0.0, ""danger"": 1.0}",danger,danger,danger,True,False,labeling_yolo_single_frame,single_frame_gt_from_sampled_frame_label,/home/capstone2/zroact-stage2/benchmark2/data/viz_shufflenet_test/test_frame_30fps/climb-over-fence_smart_rgb/images/intrusion_climb-over-fence_rgb_0004_cctv1/intrusion_climb-over-fence_rgb_0004_cctv1_t000376.jpg,,
intrusion_climb-over-fence_rgb_0004_cctv1_f000386,intrusion_climb-over-fence_rgb_0004_cctv1_f000376_000386_000396,climb-over-fence_smart_rgb,intrusion_climb-over-fence_rgb_0004_cctv1,intrusion_candidate,[386],[12.867],"{""start_frame"": 386, ""end_frame"": 386}","[""bend/bow (at the waist), stand""]","[""danger""]",danger,1,"{""normal"": 0, ""unsafe"": 0, ""danger"": 1}","{""normal"": 0.0, ""unsafe"": 0.0, ""danger"": 1.0}",danger,danger,danger,True,False,labeling_yolo_single_frame,single_frame_gt_from_sampled_frame_label,/home/capstone2/zroact-stage2/benchmark2/data/viz_shufflenet_test/test_frame_30fps/climb-over-fence_smart_rgb/images/intrusion_climb-over-fence_rgb_0004_cctv1/intrusion_climb-over-fence_rgb_0004_cctv1_t000386.jpg,,
intrusion_climb-over-fence_rgb_0004_cctv1_f000396,intrusion_climb-over-fence_rgb_0004_cctv1_f000376_000386_000396,climb-over-fence_smart_rgb,intrusion_climb-over-fence_rgb_0004_cctv1,intrusion_candidate,[396],[13.2],"{""start_frame"": 396, ""end_frame"": 396}","[""sit, stand""]","[""danger""]",danger,1,"{""normal"": 0, ""unsafe"": 0, ""danger"": 1}","{""normal"": 0.0, ""unsafe"": 0.0, ""danger"": 1.0}",danger,danger,danger,True,False,labeling_yolo_single_frame,single_frame_gt_from_sampled_frame_label,/home/capstone2/zroact-stage2/benchmark2/data/viz_shufflenet_test/test_frame_30fps/climb-over-fence_smart_rgb/images/intrusion_climb-over-fence_rgb_0004_cctv1/intrusion_climb-over-fence_rgb_0004_cctv1_t000396.jpg,,
intrusion_climb-over-fence_rgb_0004_cctv1_f000406,intrusion_climb-over-fence_rgb_0004_cctv1_f000406_000416_000426,climb-over-fence_smart_rgb,intrusion_climb-over-fence_rgb_0004_cctv1,intrusion_candidate,[406],[13.533],"{""start_frame"": 406, ""end_frame"": 406}","[""stand, sit""]","[""danger""]",danger,1,"{""normal"": 0, ""unsafe"": 0, ""danger"": 1}","{""normal"": 0.0, ""unsafe"": 0.0, ""danger"": 1.0}",danger,danger,danger,True,False,labeling_yolo_single_frame,single_frame_gt_from_sampled_frame_label,/home/capstone2/zroact-stage2/benchmark2/data/viz_shufflenet_test/test_frame_30fps/climb-over-fence_smart_rgb/images/intrusion_climb-over-fence_rgb_0004_cctv1/intrusion_climb-over-fence_rgb_0004_cctv1_t000406.jpg,,
intrusion_climb-over-fence_rgb_0004_cctv1_f000416,intrusion_climb-over-fence_rgb_0004_cctv1_f000406_000416_000426,climb-over-fence_smart_rgb,intrusion_climb-over-fence_rgb_0004_cctv1,intrusion_candidate,[416],[13.867],"{""start_frame"": 416, ""end_frame"": 416}","[""stand""]","[""danger""]",danger,1,"{""normal"": 0, ""unsafe"": 0, ""danger"": 1}","{""normal"": 0.0, ""unsafe"": 0.0, ""danger"": 1.0}",danger,danger,danger,True,False,labeling_yolo_single_frame,single_frame_gt_from_sampled_frame_label,/home/capstone2/zroact-stage2/benchmark2/data/viz_shufflenet_test/test_frame_30fps/climb-over-fence_smart_rgb/images/intrusion_climb-over-fence_rgb_0004_cctv1/intrusion_climb-over-fence_rgb_0004_cctv1_t000416.jpg,,
intrusion_climb-over-fence_rgb_0004_cctv1_f000426,intrusion_climb-over-fence_rgb_0004_cctv1_f000406_000416_000426,climb-over-fence_smart_rgb,intrusion_climb-over-fence_rgb_0004_cctv1,intrusion_candidate,[426],[14.2],"{""start_frame"": 426, ""end_frame"": 426}","[""stand""]","[""danger""]",danger,1,"{""normal"": 0, ""unsafe"": 0, ""danger"": 1}","{""normal"": 0.0, ""unsafe"": 0.0, ""danger"": 1.0}",danger,danger,danger,True,False,labeling_yolo_single_frame,single_frame_gt_from_sampled_frame_label,/home/capstone2/zroact-stage2/benchmark2/data/viz_shufflenet_test/test_frame_30fps/climb-over-fence_smart_rgb/images/intrusion_climb-over-fence_rgb_0004_cctv1/intrusion_climb-over-fence_rgb_0004_cctv1_t000426.jpg,,
intrusion_climb-over-fence_rgb_0004_cctv1_f000436,intrusion_climb-over-fence_rgb_0004_cctv1_f000436_000446_000456,climb-over-fence_smart_rgb,intrusion_climb-over-fence_rgb_0004_cctv1,intrusion_candidate,[436],[14.533],"{""start_frame"": 436, ""end_frame"": 436}","[""bend/bow (at the waist), stand""]","[""danger""]",danger,1,"{""normal"": 0, ""unsafe"": 0, ""danger"": 1}","{""normal"": 0.0, ""unsafe"": 0.0, ""danger"": 1.0}",danger,danger,danger,True,False,labeling_yolo_single_frame,single_frame_gt_from_sampled_frame_label,/home/capstone2/zroact-stage2/benchmark2/data/viz_shufflenet_test/test_frame_30fps/climb-over-fence_smart_rgb/images/intrusion_climb-over-fence_rgb_0004_cctv1/intrusion_climb-over-fence_rgb_0004_cctv1_t000436.jpg,,
intrusion_climb-over-fence_rgb_0004_cctv1_f000446,intrusion_climb-over-fence_rgb_0004_cctv1_f000436_000446_000456,climb-over-fence_smart_rgb,intrusion_climb-over-fence_rgb_0004_cctv1,intrusion_candidate,[446],[14.867],"{""start_frame"": 446, ""end_frame"": 446}","[""bend/bow (at the waist), carry/hold (an object)""]","[""danger""]",danger,1,"{""normal"": 0, ""unsafe"": 0, ""danger"": 1}","{""normal"": 0.0, ""unsafe"": 0.0, ""danger"": 1.0}",danger,danger,danger,True,False,labeling_yolo_single_frame,single_frame_gt_from_sampled_frame_label,/home/capstone2/zroact-stage2/benchmark2/data/viz_shufflenet_test/test_frame_30fps/climb-over-fence_smart_rgb/images/intrusion_climb-over-fence_rgb_0004_cctv1/intrusion_climb-over-fence_rgb_0004_cctv1_t000446.jpg,,
intrusion_climb-over-fence_rgb_0004_cctv1_f000456,intrusion_climb-over-fence_rgb_0004_cctv1_f000436_000446_000456,climb-over-fence_smart_rgb,intrusion_climb-over-fence_rgb_0004_cctv1,intrusion_candidate,[456],[15.2],"{""start_frame"": 456, ""end_frame"": 456}","[""bend/bow (at the waist), carry/hold (an object)""]","[""danger""]",danger,1,"{""normal"": 0, ""unsafe"": 0, ""danger"": 1}","{""normal"": 0.0, ""unsafe"": 0.0, ""danger"": 1.0}",danger,danger,danger,True,False,labeling_yolo_single_frame,single_frame_gt_from_sampled_frame_label,/home/capstone2/zroact-stage2/benchmark2/data/viz_shufflenet_test/test_frame_30fps/climb-over-fence_smart_rgb/images/intrusion_climb-over-fence_rgb_0004_cctv1/intrusion_climb-over-fence_rgb_0004_cctv1_t000456.jpg,,
intrusion_climb-over-fence_rgb_0005_cctv2_f000016,intrusion_climb-over-fence_rgb_0005_cctv2_f000016_000026_000036,climb-over-fence_smart_rgb,intrusion_climb-over-fence_rgb_0005_cctv2,intrusion_candidate,[16],[0.533],"{""start_frame"": 16, ""end_frame"": 16}","[""walk, carry/hold (an object)""]","[""normal""]",normal,1,"{""normal"": 1, ""unsafe"": 0, ""danger"": 0}","{""normal"": 1.0, ""unsafe"": 0.0, ""danger"": 0.0}",normal,normal,normal,True,False,labeling_yolo_single_frame,single_frame_gt_from_sampled_frame_label,/home/capstone2/zroact-stage2/benchmark2/data/viz_shufflenet_test/test_frame_30fps/climb-over-fence_smart_rgb/images/intrusion_climb-over-fence_rgb_0005_cctv2/intrusion_climb-over-fence_rgb_0005_cctv2_t000016.jpg,,
intrusion_climb-over-fence_rgb_0005_cctv2_f000026,intrusion_climb-over-fence_rgb_0005_cctv2_f000016_000026_000036,climb-over-fence_smart_rgb,intrusion_climb-over-fence_rgb_0005_cctv2,intrusion_candidate,[26],[0.867],"{""start_frame"": 26, ""end_frame"": 26}","[""walk, carry/hold (an object)""]","[""normal""]",normal,1,"{""normal"": 1, ""unsafe"": 0, ""danger"": 0}","{""normal"": 1.0, ""unsafe"": 0.0, ""danger"": 0.0}",normal,normal,normal,True,False,labeling_yolo_single_frame,single_frame_gt_from_sampled_frame_label,/home/capstone2/zroact-stage2/benchmark2/data/viz_shufflenet_test/test_frame_30fps/climb-over-fence_smart_rgb/images/intrusion_climb-over-fence_rgb_0005_cctv2/intrusion_climb-over-fence_rgb_0005_cctv2_t000026.jpg,,
intrusion_climb-over-fence_rgb_0005_cctv2_f000036,intrusion_climb-over-fence_rgb_0005_cctv2_f000016_000026_000036,climb-over-fence_smart_rgb,intrusion_climb-over-fence_rgb_0005_cctv2,intrusion_candidate,[36],[1.2],"{""start_frame"": 36, ""end_frame"": 36}","[""walk, carry/hold (an object)""]","[""normal""]",normal,1,"{""normal"": 1, ""unsafe"": 0, ""danger"": 0}","{""normal"": 1.0, ""unsafe"": 0.0, ""danger"": 0.0}",normal,normal,normal,True,False,labeling_yolo_single_frame,single_frame_gt_from_sampled_frame_label,/home/capstone2/zroact-stage2/benchmark2/data/viz_shufflenet_test/test_frame_30fps/climb-over-fence_smart_rgb/images/intrusion_climb-over-fence_rgb_0005_cctv2/intrusion_climb-over-fence_rgb_0005_cctv2_t000036.jpg,,
intrusion_climb-over-fence_rgb_0005_cctv2_f000046,intrusion_climb-over-fence_rgb_0005_cctv2_f000046_000056_000066,climb-over-fence_smart_rgb,intrusion_climb-over-fence_rgb_0005_cctv2,intrusion_candidate,[46],[1.533],"{""start_frame"": 46, ""end_frame"": 46}","[""walk, carry/hold (an object)""]","[""normal""]",normal,1,"{""normal"": 1, ""unsafe"": 0, ""danger"": 0}","{""normal"": 1.0, ""unsafe"": 0.0, ""danger"": 0.0}",normal,normal,normal,True,False,labeling_yolo_single_frame,single_frame_gt_from_sampled_frame_label,/home/capstone2/zroact-stage2/benchmark2/data/viz_shufflenet_test/test_frame_30fps/climb-over-fence_smart_rgb/images/intrusion_climb-over-fence_rgb_0005_cctv2/intrusion_climb-over-fence_rgb_0005_cctv2_t000046.jpg,,
intrusion_climb-over-fence_rgb_0005_cctv2_f000056,intrusion_climb-over-fence_rgb_0005_cctv2_f000046_000056_000066,climb-over-fence_smart_rgb,intrusion_climb-over-fence_rgb_0005_cctv2,intrusion_candidate,[56],[1.867],"{""start_frame"": 56, ""end_frame"": 56}","[""walk, carry/hold (an object)""]","[""normal""]",normal,1,"{""normal"": 1, ""unsafe"": 0, ""danger"": 0}","{""normal"": 1.0, ""unsafe"": 0.0, ""danger"": 0.0}",normal,normal,normal,True,False,labeling_yolo_single_frame,single_frame_gt_from_sampled_frame_label,/home/capstone2/zroact-stage2/benchmark2/data/viz_shufflenet_test/test_frame_30fps/climb-over-fence_smart_rgb/images/intrusion_climb-over-fence_rgb_0005_cctv2/intrusion_climb-over-fence_rgb_0005_cctv2_t000056.jpg,,
intrusion_climb-over-fence_rgb_0005_cctv2_f000066,intrusion_climb-over-fence_rgb_0005_cctv2_f000046_000056_000066,climb-over-fence_smart_rgb,intrusion_climb-over-fence_rgb_0005_cctv2,intrusion_candidate,[66],[2.2],"{""start_frame"": 66, ""end_frame"": 66}","[""walk, carry/hold (an object)""]","[""unsafe""]",unsafe,1,"{""normal"": 0, ""unsafe"": 1, ""danger"": 0}","{""normal"": 0.0, ""unsafe"": 1.0, ""danger"": 0.0}",unsafe,unsafe,unsafe,True,False,labeling_yolo_single_frame,single_frame_gt_from_sampled_frame_label,/home/capstone2/zroact-stage2/benchmark2/data/viz_shufflenet_test/test_frame_30fps/climb-over-fence_smart_rgb/images/intrusion_climb-over-fence_rgb_0005_cctv2/intrusion_climb-over-fence_rgb_0005_cctv2_t000066.jpg,,
intrusion_climb-over-fence_rgb_0005_cctv2_f000076,intrusion_climb-over-fence_rgb_0005_cctv2_f000076_000086_000096,climb-over-fence_smart_rgb,intrusion_climb-over-fence_rgb_0005_cctv2,intrusion_candidate,[76],[2.533],"{""start_frame"": 76, ""end_frame"": 76}","[""walk, carry/hold (an object)""]","[""unsafe""]",unsafe,1,"{""normal"": 0, ""unsafe"": 1, ""danger"": 0}","{""normal"": 0.0, ""unsafe"": 1.0, ""danger"": 0.0}",unsafe,unsafe,unsafe,True,False,labeling_yolo_single_frame,single_frame_gt_from_sampled_frame_label,/home/capstone2/zroact-stage2/benchmark2/data/viz_shufflenet_test/test_frame_30fps/climb-over-fence_smart_rgb/images/intrusion_climb-over-fence_rgb_0005_cctv2/intrusion_climb-over-fence_rgb_0005_cctv2_t000076.jpg,,
intrusion_climb-over-fence_rgb_0005_cctv2_f000086,intrusion_climb-over-fence_rgb_0005_cctv2_f000076_000086_000096,climb-over-fence_smart_rgb,intrusion_climb-over-fence_rgb_0005_cctv2,intrusion_candidate,[86],[2.867],"{""start_frame"": 86, ""end_frame"": 86}","[""carry/hold (an object), stand""]","[""danger""]",danger,1,"{""normal"": 0, ""unsafe"": 0, ""danger"": 1}","{""normal"": 0.0, ""unsafe"": 0.0, ""danger"": 1.0}",danger,danger,danger,True,False,labeling_yolo_single_frame,single_frame_gt_from_sampled_frame_label,/home/capstone2/zroact-stage2/benchmark2/data/viz_shufflenet_test/test_frame_30fps/climb-over-fence_smart_rgb/images/intrusion_climb-over-fence_rgb_0005_cctv2/intrusion_climb-over-fence_rgb_0005_cctv2_t000086.jpg,,
intrusion_climb-over-fence_rgb_0005_cctv2_f000096,intrusion_climb-over-fence_rgb_0005_cctv2_f000076_000086_000096,climb-over-fence_smart_rgb,intrusion_climb-over-fence_rgb_0005_cctv2,intrusion_candidate,[96],[3.2],"{""start_frame"": 96, ""end_frame"": 96}","[""carry/hold (an object), walk""]","[""danger""]",danger,1,"{""normal"": 0, ""unsafe"": 0, ""danger"": 1}","{""normal"": 0.0, ""unsafe"": 0.0, ""danger"": 1.0}",danger,danger,danger,True,False,labeling_yolo_single_frame,single_frame_gt_from_sampled_frame_label,/home/capstone2/zroact-stage2/benchmark2/data/viz_shufflenet_test/test_frame_30fps/climb-over-fence_smart_rgb/images/intrusion_climb-over-fence_rgb_0005_cctv2/intrusion_climb-over-fence_rgb_0005_cctv2_t000096.jpg,,
intrusion_climb-over-fence_rgb_0005_cctv2_f000106,intrusion_climb-over-fence_rgb_0005_cctv2_f000106_000116_000126,climb-over-fence_smart_rgb,intrusion_climb-over-fence_rgb_0005_cctv2,intrusion_candidate,[106],[3.533],"{""start_frame"": 106, ""end_frame"": 106}","[""carry/hold (an object), stand""]","[""danger""]",danger,1,"{""normal"": 0, ""unsafe"": 0, ""danger"": 1}","{""normal"": 0.0, ""unsafe"": 0.0, ""danger"": 1.0}",danger,danger,danger,True,False,labeling_yolo_single_frame,single_frame_gt_from_sampled_frame_label,/home/capstone2/zroact-stage2/benchmark2/data/viz_shufflenet_test/test_frame_30fps/climb-over-fence_smart_rgb/images/intrusion_climb-over-fence_rgb_0005_cctv2/intrusion_climb-over-fence_rgb_0005_cctv2_t000106.jpg,,
intrusion_climb-over-fence_rgb_0005_cctv2_f000116,intrusion_climb-over-fence_rgb_0005_cctv2_f000106_000116_000126,climb-over-fence_smart_rgb,intrusion_climb-over-fence_rgb_0005_cctv2,intrusion_candidate,[116],[3.867],"{""start_frame"": 116, ""end_frame"": 116}","[""carry/hold (an object), stand""]","[""danger""]",danger,1,"{""normal"": 0, ""unsafe"": 0, ""danger"": 1}","{""normal"": 0.0, ""unsafe"": 0.0, ""danger"": 1.0}",danger,danger,danger,True,False,labeling_yolo_single_frame,single_frame_gt_from_sampled_frame_label,/home/capstone2/zroact-stage2/benchmark2/data/viz_shufflenet_test/test_frame_30fps/climb-over-fence_smart_rgb/images/intrusion_climb-over-fence_rgb_0005_cctv2/intrusion_climb-over-fence_rgb_0005_cctv2_t000116.jpg,,
intrusion_climb-over-fence_rgb_0005_cctv2_f000126,intrusion_climb-over-fence_rgb_0005_cctv2_f000106_000116_000126,climb-over-fence_smart_rgb,intrusion_climb-over-fence_rgb_0005_cctv2,intrusion_candidate,[126],[4.2],"{""start_frame"": 126, ""end_frame"": 126}","[""carry/hold (an object), walk""]","[""danger""]",danger,1,"{""normal"": 0, ""unsafe"": 0, ""danger"": 1}","{""normal"": 0.0, ""unsafe"": 0.0, ""danger"": 1.0}",danger,danger,danger,True,False,labeling_yolo_single_frame,single_frame_gt_from_sampled_frame_label,/home/capstone2/zroact-stage2/benchmark2/data/viz_shufflenet_test/test_frame_30fps/climb-over-fence_smart_rgb/images/intrusion_climb-over-fence_rgb_0005_cctv2/intrusion_climb-over-fence_rgb_0005_cctv2_t000126.jpg,,
intrusion_climb-over-fence_rgb_0005_cctv2_f000136,intrusion_climb-over-fence_rgb_0005_cctv2_f000136_000146_000156,climb-over-fence_smart_rgb,intrusion_climb-over-fence_rgb_0005_cctv2,intrusion_candidate,[136],[4.533],"{""start_frame"": 136, ""end_frame"": 136}","[""run/jog, walk""]","[""danger""]",danger,1,"{""normal"": 0, ""unsafe"": 0, ""danger"": 1}","{""normal"": 0.0, ""unsafe"": 0.0, ""danger"": 1.0}",danger,danger,danger,True,False,labeling_yolo_single_frame,single_frame_gt_from_sampled_frame_label,/home/capstone2/zroact-stage2/benchmark2/data/viz_shufflenet_test/test_frame_30fps/climb-over-fence_smart_rgb/images/intrusion_climb-over-fence_rgb_0005_cctv2/intrusion_climb-over-fence_rgb_0005_cctv2_t000136.jpg,,
intrusion_climb-over-fence_rgb_0005_cctv2_f000146,intrusion_climb-over-fence_rgb_0005_cctv2_f000136_000146_000156,climb-over-fence_smart_rgb,intrusion_climb-over-fence_rgb_0005_cctv2,intrusion_candidate,[146],[4.867],"{""start_frame"": 146, ""end_frame"": 146}","[""stand, walk""]","[""danger""]",danger,1,"{""normal"": 0, ""unsafe"": 0, ""danger"": 1}","{""normal"": 0.0, ""unsafe"": 0.0, ""danger"": 1.0}",danger,danger,danger,True,False,labeling_yolo_single_frame,single_frame_gt_from_sampled_frame_label,/home/capstone2/zroact-stage2/benchmark2/data/viz_shufflenet_test/test_frame_30fps/climb-over-fence_smart_rgb/images/intrusion_climb-over-fence_rgb_0005_cctv2/intrusion_climb-over-fence_rgb_0005_cctv2_t000146.jpg,,
intrusion_climb-over-fence_rgb_0005_cctv2_f000156,intrusion_climb-over-fence_rgb_0005_cctv2_f000136_000146_000156,climb-over-fence_smart_rgb,intrusion_climb-over-fence_rgb_0005_cctv2,intrusion_candidate,[156],[5.2],"{""start_frame"": 156, ""end_frame"": 156}","[""stand, carry/hold (an object)""]","[""danger""]",danger,1,"{""normal"": 0, ""unsafe"": 0, ""danger"": 1}","{""normal"": 0.0, ""unsafe"": 0.0, ""danger"": 1.0}",danger,danger,danger,True,False,labeling_yolo_single_frame,single_frame_gt_from_sampled_frame_label,/home/capstone2/zroact-stage2/benchmark2/data/viz_shufflenet_test/test_frame_30fps/climb-over-fence_smart_rgb/images/intrusion_climb-over-fence_rgb_0005_cctv2/intrusion_climb-over-fence_rgb_0005_cctv2_t000156.jpg,,
intrusion_climb-over-fence_rgb_0005_cctv2_f000166,intrusion_climb-over-fence_rgb_0005_cctv2_f000166_000176_000186,climb-over-fence_smart_rgb,intrusion_climb-over-fence_rgb_0005_cctv2,intrusion_candidate,[166],[5.533],"{""start_frame"": 166, ""end_frame"": 166}","[""stand, carry/hold (an object)""]","[""danger""]",danger,1,"{""normal"": 0, ""unsafe"": 0, ""danger"": 1}","{""normal"": 0.0, ""unsafe"": 0.0, ""danger"": 1.0}",danger,danger,danger,True,False,labeling_yolo_single_frame,single_frame_gt_from_sampled_frame_label,/home/capstone2/zroact-stage2/benchmark2/data/viz_shufflenet_test/test_frame_30fps/climb-over-fence_smart_rgb/images/intrusion_climb-over-fence_rgb_0005_cctv2/intrusion_climb-over-fence_rgb_0005_cctv2_t000166.jpg,,
intrusion_climb-over-fence_rgb_0005_cctv2_f000176,intrusion_climb-over-fence_rgb_0005_cctv2_f000166_000176_000186,climb-over-fence_smart_rgb,intrusion_climb-over-fence_rgb_0005_cctv2,intrusion_candidate,[176],[5.867],"{""start_frame"": 176, ""end_frame"": 176}","[""stand, carry/hold (an object)""]","[""danger""]",danger,1,"{""normal"": 0, ""unsafe"": 0, ""danger"": 1}","{""normal"": 0.0, ""unsafe"": 0.0, ""danger"": 1.0}",danger,danger,danger,True,False,labeling_yolo_single_frame,single_frame_gt_from_sampled_frame_label,/home/capstone2/zroact-stage2/benchmark2/data/viz_shufflenet_test/test_frame_30fps/climb-over-fence_smart_rgb/images/intrusion_climb-over-fence_rgb_0005_cctv2/intrusion_climb-over-fence_rgb_0005_cctv2_t000176.jpg,,
intrusion_climb-over-fence_rgb_0005_cctv2_f000186,intrusion_climb-over-fence_rgb_0005_cctv2_f000166_000176_000186,climb-over-fence_smart_rgb,intrusion_climb-over-fence_rgb_0005_cctv2,intrusion_candidate,[186],[6.2],"{""start_frame"": 186, ""end_frame"": 186}","[""stand, carry/hold (an object)""]","[""danger""]",danger,1,"{""normal"": 0, ""unsafe"": 0, ""danger"": 1}","{""normal"": 0.0, ""unsafe"": 0.0, ""danger"": 1.0}",danger,danger,danger,True,False,labeling_yolo_single_frame,single_frame_gt_from_sampled_frame_label,/home/capstone2/zroact-stage2/benchmark2/data/viz_shufflenet_test/test_frame_30fps/climb-over-fence_smart_rgb/images/intrusion_climb-over-fence_rgb_0005_cctv2/intrusion_climb-over-fence_rgb_0005_cctv2_t000186.jpg,,
intrusion_climb-over-fence_rgb_0005_cctv2_f000196,intrusion_climb-over-fence_rgb_0005_cctv2_f000196_000206_000216,climb-over-fence_smart_rgb,intrusion_climb-over-fence_rgb_0005_cctv2,intrusion_candidate,[196],[6.533],"{""start_frame"": 196, ""end_frame"": 196}","[""stand, carry/hold (an object)""]","[""danger""]",danger,1,"{""normal"": 0, ""unsafe"": 0, ""danger"": 1}","{""normal"": 0.0, ""unsafe"": 0.0, ""danger"": 1.0}",danger,danger,danger,True,False,labeling_yolo_single_frame,single_frame_gt_from_sampled_frame_label,/home/capstone2/zroact-stage2/benchmark2/data/viz_shufflenet_test/test_frame_30fps/climb-over-fence_smart_rgb/images/intrusion_climb-over-fence_rgb_0005_cctv2/intrusion_climb-over-fence_rgb_0005_cctv2_t000196.jpg,,
intrusion_climb-over-fence_rgb_0005_cctv2_f000206,intrusion_climb-over-fence_rgb_0005_cctv2_f000196_000206_000216,climb-over-fence_smart_rgb,intrusion_climb-over-fence_rgb_0005_cctv2,intrusion_candidate,[206],[6.867],"{""start_frame"": 206, ""end_frame"": 206}","[""stand, carry/hold (an object)""]","[""danger""]",danger,1,"{""normal"": 0, ""unsafe"": 0, ""danger"": 1}","{""normal"": 0.0, ""unsafe"": 0.0, ""danger"": 1.0}",danger,danger,danger,True,False,labeling_yolo_single_frame,single_frame_gt_from_sampled_frame_label,/home/capstone2/zroact-stage2/benchmark2/data/viz_shufflenet_test/test_frame_30fps/climb-over-fence_smart_rgb/images/intrusion_climb-over-fence_rgb_0005_cctv2/intrusion_climb-over-fence_rgb_0005_cctv2_t000206.jpg,,
intrusion_climb-over-fence_rgb_0005_cctv2_f000216,intrusion_climb-over-fence_rgb_0005_cctv2_f000196_000206_000216,climb-over-fence_smart_rgb,intrusion_climb-over-fence_rgb_0005_cctv2,intrusion_candidate,[216],[7.2],"{""start_frame"": 216, ""end_frame"": 216}","[""carry/hold (an object), stand""]","[""danger""]",danger,1,"{""normal"": 0, ""unsafe"": 0, ""danger"": 1}","{""normal"": 0.0, ""unsafe"": 0.0, ""danger"": 1.0}",danger,danger,danger,True,False,labeling_yolo_single_frame,single_frame_gt_from_sampled_frame_label,/home/capstone2/zroact-stage2/benchmark2/data/viz_shufflenet_test/test_frame_30fps/climb-over-fence_smart_rgb/images/intrusion_climb-over-fence_rgb_0005_cctv2/intrusion_climb-over-fence_rgb_0005_cctv2_t000216.jpg,,
intrusion_climb-over-fence_rgb_0005_cctv2_f000226,intrusion_climb-over-fence_rgb_0005_cctv2_f000226_000236_000246,climb-over-fence_smart_rgb,intrusion_climb-over-fence_rgb_0005_cctv2,intrusion_candidate,[226],[7.533],"{""start_frame"": 226, ""end_frame"": 226}","[""stand, carry/hold (an object)""]","[""danger""]",danger,1,"{""normal"": 0, ""unsafe"": 0, ""danger"": 1}","{""normal"": 0.0, ""unsafe"": 0.0, ""danger"": 1.0}",danger,danger,danger,True,False,labeling_yolo_single_frame,single_frame_gt_from_sampled_frame_label,/home/capstone2/zroact-stage2/benchmark2/data/viz_shufflenet_test/test_frame_30fps/climb-over-fence_smart_rgb/images/intrusion_climb-over-fence_rgb_0005_cctv2/intrusion_climb-over-fence_rgb_0005_cctv2_t000226.jpg,,
intrusion_climb-over-fence_rgb_0005_cctv2_f000236,intrusion_climb-over-fence_rgb_0005_cctv2_f000226_000236_000246,climb-over-fence_smart_rgb,intrusion_climb-over-fence_rgb_0005_cctv2,intrusion_candidate,[236],[7.867],"{""start_frame"": 236, ""end_frame"": 236}","[""stand, carry/hold (an object)""]","[""danger""]",danger,1,"{""normal"": 0, ""unsafe"": 0, ""danger"": 1}","{""normal"": 0.0, ""unsafe"": 0.0, ""danger"": 1.0}",danger,danger,danger,True,False,labeling_yolo_single_frame,single_frame_gt_from_sampled_frame_label,/home/capstone2/zroact-stage2/benchmark2/data/viz_shufflenet_test/test_frame_30fps/climb-over-fence_smart_rgb/images/intrusion_climb-over-fence_rgb_0005_cctv2/intrusion_climb-over-fence_rgb_0005_cctv2_t000236.jpg,,
intrusion_climb-over-fence_rgb_0005_cctv2_f000246,intrusion_climb-over-fence_rgb_0005_cctv2_f000226_000236_000246,climb-over-fence_smart_rgb,intrusion_climb-over-fence_rgb_0005_cctv2,intrusion_candidate,[246],[8.2],"{""start_frame"": 246, ""end_frame"": 246}","[""stand, carry/hold (an object)""]","[""danger""]",danger,1,"{""normal"": 0, ""unsafe"": 0, ""danger"": 1}","{""normal"": 0.0, ""unsafe"": 0.0, ""danger"": 1.0}",danger,danger,danger,True,False,labeling_yolo_single_frame,single_frame_gt_from_sampled_frame_label,/home/capstone2/zroact-stage2/benchmark2/data/viz_shufflenet_test/test_frame_30fps/climb-over-fence_smart_rgb/images/intrusion_climb-over-fence_rgb_0005_cctv2/intrusion_climb-over-fence_rgb_0005_cctv2_t000246.jpg,,
intrusion_climb-over-fence_rgb_0005_cctv2_f000256,intrusion_climb-over-fence_rgb_0005_cctv2_f000256_000266_000276,climb-over-fence_smart_rgb,intrusion_climb-over-fence_rgb_0005_cctv2,intrusion_candidate,[256],[8.533],"{""start_frame"": 256, ""end_frame"": 256}","[""walk, stand""]","[""danger""]",danger,1,"{""normal"": 0, ""unsafe"": 0, ""danger"": 1}","{""normal"": 0.0, ""unsafe"": 0.0, ""danger"": 1.0}",danger,danger,danger,True,False,labeling_yolo_single_frame,single_frame_gt_from_sampled_frame_label,/home/capstone2/zroact-stage2/benchmark2/data/viz_shufflenet_test/test_frame_30fps/climb-over-fence_smart_rgb/images/intrusion_climb-over-fence_rgb_0005_cctv2/intrusion_climb-over-fence_rgb_0005_cctv2_t000256.jpg,,
intrusion_climb-over-fence_rgb_0005_cctv2_f000266,intrusion_climb-over-fence_rgb_0005_cctv2_f000256_000266_000276,climb-over-fence_smart_rgb,intrusion_climb-over-fence_rgb_0005_cctv2,intrusion_candidate,[266],[8.867],"{""start_frame"": 266, ""end_frame"": 266}","[""stand, carry/hold (an object)""]","[""danger""]",danger,1,"{""normal"": 0, ""unsafe"": 0, ""danger"": 1}","{""normal"": 0.0, ""unsafe"": 0.0, ""danger"": 1.0}",danger,danger,danger,True,False,labeling_yolo_single_frame,single_frame_gt_from_sampled_frame_label,/home/capstone2/zroact-stage2/benchmark2/data/viz_shufflenet_test/test_frame_30fps/climb-over-fence_smart_rgb/images/intrusion_climb-over-fence_rgb_0005_cctv2/intrusion_climb-over-fence_rgb_0005_cctv2_t000266.jpg,,
intrusion_climb-over-fence_rgb_0005_cctv2_f000276,intrusion_climb-over-fence_rgb_0005_cctv2_f000256_000266_000276,climb-over-fence_smart_rgb,intrusion_climb-over-fence_rgb_0005_cctv2,intrusion_candidate,[276],[9.2],"{""start_frame"": 276, ""end_frame"": 276}","[""stand, carry/hold (an object)""]","[""danger""]",danger,1,"{""normal"": 0, ""unsafe"": 0, ""danger"": 1}","{""normal"": 0.0, ""unsafe"": 0.0, ""danger"": 1.0}",danger,danger,danger,True,False,labeling_yolo_single_frame,single_frame_gt_from_sampled_frame_label,/home/capstone2/zroact-stage2/benchmark2/data/viz_shufflenet_test/test_frame_30fps/climb-over-fence_smart_rgb/images/intrusion_climb-over-fence_rgb_0005_cctv2/intrusion_climb-over-fence_rgb_0005_cctv2_t000276.jpg,,
intrusion_climb-over-fence_rgb_0005_cctv2_f000286,intrusion_climb-over-fence_rgb_0005_cctv2_f000286_000296_000306,climb-over-fence_smart_rgb,intrusion_climb-over-fence_rgb_0005_cctv2,intrusion_candidate,[286],[9.533],"{""start_frame"": 286, ""end_frame"": 286}","[""bend/bow (at the waist), carry/hold (an object)""]","[""danger""]",danger,1,"{""normal"": 0, ""unsafe"": 0, ""danger"": 1}","{""normal"": 0.0, ""unsafe"": 0.0, ""danger"": 1.0}",danger,danger,danger,True,False,labeling_yolo_single_frame,single_frame_gt_from_sampled_frame_label,/home/capstone2/zroact-stage2/benchmark2/data/viz_shufflenet_test/test_frame_30fps/climb-over-fence_smart_rgb/images/intrusion_climb-over-fence_rgb_0005_cctv2/intrusion_climb-over-fence_rgb_0005_cctv2_t000286.jpg,,
intrusion_climb-over-fence_rgb_0005_cctv2_f000296,intrusion_climb-over-fence_rgb_0005_cctv2_f000286_000296_000306,climb-over-fence_smart_rgb,intrusion_climb-over-fence_rgb_0005_cctv2,intrusion_candidate,[296],[9.867],"{""start_frame"": 296, ""end_frame"": 296}","[""bend/bow (at the waist), stand""]","[""danger""]",danger,1,"{""normal"": 0, ""unsafe"": 0, ""danger"": 1}","{""normal"": 0.0, ""unsafe"": 0.0, ""danger"": 1.0}",danger,danger,danger,True,False,labeling_yolo_single_frame,single_frame_gt_from_sampled_frame_label,/home/capstone2/zroact-stage2/benchmark2/data/viz_shufflenet_test/test_frame_30fps/climb-over-fence_smart_rgb/images/intrusion_climb-over-fence_rgb_0005_cctv2/intrusion_climb-over-fence_rgb_0005_cctv2_t000296.jpg,,
intrusion_climb-over-fence_rgb_0005_cctv2_f000306,intrusion_climb-over-fence_rgb_0005_cctv2_f000286_000296_000306,climb-over-fence_smart_rgb,intrusion_climb-over-fence_rgb_0005_cctv2,intrusion_candidate,[306],[10.2],"{""start_frame"": 306, ""end_frame"": 306}","[""stand, bend/bow (at the waist)""]","[""danger""]",danger,1,"{""normal"": 0, ""unsafe"": 0, ""danger"": 1}","{""normal"": 0.0, ""unsafe"": 0.0, ""danger"": 1.0}",danger,danger,danger,True,False,labeling_yolo_single_frame,single_frame_gt_from_sampled_frame_label,/home/capstone2/zroact-stage2/benchmark2/data/viz_shufflenet_test/test_frame_30fps/climb-over-fence_smart_rgb/images/intrusion_climb-over-fence_rgb_0005_cctv2/intrusion_climb-over-fence_rgb_0005_cctv2_t000306.jpg,,
intrusion_climb-over-fence_rgb_0005_cctv2_f000316,intrusion_climb-over-fence_rgb_0005_cctv2_f000316_000326_000336,climb-over-fence_smart_rgb,intrusion_climb-over-fence_rgb_0005_cctv2,intrusion_candidate,[316],[10.533],"{""start_frame"": 316, ""end_frame"": 316}","[""bend/bow (at the waist), carry/hold (an object)""]","[""danger""]",danger,1,"{""normal"": 0, ""unsafe"": 0, ""danger"": 1}","{""normal"": 0.0, ""unsafe"": 0.0, ""danger"": 1.0}",danger,danger,danger,True,False,labeling_yolo_single_frame,single_frame_gt_from_sampled_frame_label,/home/capstone2/zroact-stage2/benchmark2/data/viz_shufflenet_test/test_frame_30fps/climb-over-fence_smart_rgb/images/intrusion_climb-over-fence_rgb_0005_cctv2/intrusion_climb-over-fence_rgb_0005_cctv2_t000316.jpg,,
intrusion_climb-over-fence_rgb_0005_cctv2_f000326,intrusion_climb-over-fence_rgb_0005_cctv2_f000316_000326_000336,climb-over-fence_smart_rgb,intrusion_climb-over-fence_rgb_0005_cctv2,intrusion_candidate,[326],[10.867],"{""start_frame"": 326, ""end_frame"": 326}","[""bend/bow (at the waist), stand""]","[""danger""]",danger,1,"{""normal"": 0, ""unsafe"": 0, ""danger"": 1}","{""normal"": 0.0, ""unsafe"": 0.0, ""danger"": 1.0}",danger,danger,danger,True,False,labeling_yolo_single_frame,single_frame_gt_from_sampled_frame_label,/home/capstone2/zroact-stage2/benchmark2/data/viz_shufflenet_test/test_frame_30fps/climb-over-fence_smart_rgb/images/intrusion_climb-over-fence_rgb_0005_cctv2/intrusion_climb-over-fence_rgb_0005_cctv2_t000326.jpg,,
intrusion_climb-over-fence_rgb_0005_cctv2_f000336,intrusion_climb-over-fence_rgb_0005_cctv2_f000316_000326_000336,climb-over-fence_smart_rgb,intrusion_climb-over-fence_rgb_0005_cctv2,intrusion_candidate,[336],[11.2],"{""start_frame"": 336, ""end_frame"": 336}","[""stand, bend/bow (at the waist)""]","[""danger""]",danger,1,"{""normal"": 0, ""unsafe"": 0, ""danger"": 1}","{""normal"": 0.0, ""unsafe"": 0.0, ""danger"": 1.0}",danger,danger,danger,True,False,labeling_yolo_single_frame,single_frame_gt_from_sampled_frame_label,/home/capstone2/zroact-stage2/benchmark2/data/viz_shufflenet_test/test_frame_30fps/climb-over-fence_smart_rgb/images/intrusion_climb-over-fence_rgb_0005_cctv2/intrusion_climb-over-fence_rgb_0005_cctv2_t000336.jpg,,
intrusion_climb-over-fence_rgb_0005_cctv2_f000346,intrusion_climb-over-fence_rgb_0005_cctv2_f000346_000356_000366,climb-over-fence_smart_rgb,intrusion_climb-over-fence_rgb_0005_cctv2,intrusion_candidate,[346],[11.533],"{""start_frame"": 346, ""end_frame"": 346}","[""stand, bend/bow (at the waist)""]","[""danger""]",danger,1,"{""normal"": 0, ""unsafe"": 0, ""danger"": 1}","{""normal"": 0.0, ""unsafe"": 0.0, ""danger"": 1.0}",danger,danger,danger,True,False,labeling_yolo_single_frame,single_frame_gt_from_sampled_frame_label,/home/capstone2/zroact-stage2/benchmark2/data/viz_shufflenet_test/test_frame_30fps/climb-over-fence_smart_rgb/images/intrusion_climb-over-fence_rgb_0005_cctv2/intrusion_climb-over-fence_rgb_0005_cctv2_t000346.jpg,,
intrusion_climb-over-fence_rgb_0005_cctv2_f000356,intrusion_climb-over-fence_rgb_0005_cctv2_f000346_000356_000366,climb-over-fence_smart_rgb,intrusion_climb-over-fence_rgb_0005_cctv2,intrusion_candidate,[356],[11.867],"{""start_frame"": 356, ""end_frame"": 356}","[""stand, walk""]","[""danger""]",danger,1,"{""normal"": 0, ""unsafe"": 0, ""danger"": 1}","{""normal"": 0.0, ""unsafe"": 0.0, ""danger"": 1.0}",danger,danger,danger,True,False,labeling_yolo_single_frame,single_frame_gt_from_sampled_frame_label,/home/capstone2/zroact-stage2/benchmark2/data/viz_shufflenet_test/test_frame_30fps/climb-over-fence_smart_rgb/images/intrusion_climb-over-fence_rgb_0005_cctv2/intrusion_climb-over-fence_rgb_0005_cctv2_t000356.jpg,,
intrusion_climb-over-fence_rgb_0005_cctv2_f000366,intrusion_climb-over-fence_rgb_0005_cctv2_f000346_000356_000366,climb-over-fence_smart_rgb,intrusion_climb-over-fence_rgb_0005_cctv2,intrusion_candidate,[366],[12.2],"{""start_frame"": 366, ""end_frame"": 366}","[""stand, walk""]","[""danger""]",danger,1,"{""normal"": 0, ""unsafe"": 0, ""danger"": 1}","{""normal"": 0.0, ""unsafe"": 0.0, ""danger"": 1.0}",danger,danger,danger,True,False,labeling_yolo_single_frame,single_frame_gt_from_sampled_frame_label,/home/capstone2/zroact-stage2/benchmark2/data/viz_shufflenet_test/test_frame_30fps/climb-over-fence_smart_rgb/images/intrusion_climb-over-fence_rgb_0005_cctv2/intrusion_climb-over-fence_rgb_0005_cctv2_t000366.jpg,,
intrusion_climb-over-fence_rgb_0005_cctv2_f000376,intrusion_climb-over-fence_rgb_0005_cctv2_f000376_000386_000396,climb-over-fence_smart_rgb,intrusion_climb-over-fence_rgb_0005_cctv2,intrusion_candidate,[376],[12.533],"{""start_frame"": 376, ""end_frame"": 376}","[""stand, walk""]","[""danger""]",danger,1,"{""normal"": 0, ""unsafe"": 0, ""danger"": 1}","{""normal"": 0.0, ""unsafe"": 0.0, ""danger"": 1.0}",danger,danger,danger,True,False,labeling_yolo_single_frame,single_frame_gt_from_sampled_frame_label,/home/capstone2/zroact-stage2/benchmark2/data/viz_shufflenet_test/test_frame_30fps/climb-over-fence_smart_rgb/images/intrusion_climb-over-fence_rgb_0005_cctv2/intrusion_climb-over-fence_rgb_0005_cctv2_t000376.jpg,,
intrusion_climb-over-fence_rgb_0005_cctv2_f000386,intrusion_climb-over-fence_rgb_0005_cctv2_f000376_000386_000396,climb-over-fence_smart_rgb,intrusion_climb-over-fence_rgb_0005_cctv2,intrusion_candidate,[386],[12.867],"{""start_frame"": 386, ""end_frame"": 386}","[""stand, walk""]","[""danger""]",danger,1,"{""normal"": 0, ""unsafe"": 0, ""danger"": 1}","{""normal"": 0.0, ""unsafe"": 0.0, ""danger"": 1.0}",danger,danger,danger,True,False,labeling_yolo_single_frame,single_frame_gt_from_sampled_frame_label,/home/capstone2/zroact-stage2/benchmark2/data/viz_shufflenet_test/test_frame_30fps/climb-over-fence_smart_rgb/images/intrusion_climb-over-fence_rgb_0005_cctv2/intrusion_climb-over-fence_rgb_0005_cctv2_t000386.jpg,,
intrusion_climb-over-fence_rgb_0005_cctv2_f000396,intrusion_climb-over-fence_rgb_0005_cctv2_f000376_000386_000396,climb-over-fence_smart_rgb,intrusion_climb-over-fence_rgb_0005_cctv2,intrusion_candidate,[396],[13.2],"{""start_frame"": 396, ""end_frame"": 396}","[""stand, bend/bow (at the waist)""]","[""danger""]",danger,1,"{""normal"": 0, ""unsafe"": 0, ""danger"": 1}","{""normal"": 0.0, ""unsafe"": 0.0, ""danger"": 1.0}",danger,danger,danger,True,False,labeling_yolo_single_frame,single_frame_gt_from_sampled_frame_label,/home/capstone2/zroact-stage2/benchmark2/data/viz_shufflenet_test/test_frame_30fps/climb-over-fence_smart_rgb/images/intrusion_climb-over-fence_rgb_0005_cctv2/intrusion_climb-over-fence_rgb_0005_cctv2_t000396.jpg,,
intrusion_climb-over-fence_rgb_0005_cctv2_f000406,intrusion_climb-over-fence_rgb_0005_cctv2_f000406_000416_000426,climb-over-fence_smart_rgb,intrusion_climb-over-fence_rgb_0005_cctv2,intrusion_candidate,[406],[13.533],"{""start_frame"": 406, ""end_frame"": 406}","[""bend/bow (at the waist), stand""]","[""danger""]",danger,1,"{""normal"": 0, ""unsafe"": 0, ""danger"": 1}","{""normal"": 0.0, ""unsafe"": 0.0, ""danger"": 1.0}",danger,danger,danger,True,False,labeling_yolo_single_frame,single_frame_gt_from_sampled_frame_label,/home/capstone2/zroact-stage2/benchmark2/data/viz_shufflenet_test/test_frame_30fps/climb-over-fence_smart_rgb/images/intrusion_climb-over-fence_rgb_0005_cctv2/intrusion_climb-over-fence_rgb_0005_cctv2_t000406.jpg,,
intrusion_climb-over-fence_rgb_0005_cctv2_f000416,intrusion_climb-over-fence_rgb_0005_cctv2_f000406_000416_000426,climb-over-fence_smart_rgb,intrusion_climb-over-fence_rgb_0005_cctv2,intrusion_candidate,[416],[13.867],"{""start_frame"": 416, ""end_frame"": 416}","[""bend/bow (at the waist), stand""]","[""danger""]",danger,1,"{""normal"": 0, ""unsafe"": 0, ""danger"": 1}","{""normal"": 0.0, ""unsafe"": 0.0, ""danger"": 1.0}",danger,danger,danger,True,False,labeling_yolo_single_frame,single_frame_gt_from_sampled_frame_label,/home/capstone2/zroact-stage2/benchmark2/data/viz_shufflenet_test/test_frame_30fps/climb-over-fence_smart_rgb/images/intrusion_climb-over-fence_rgb_0005_cctv2/intrusion_climb-over-fence_rgb_0005_cctv2_t000416.jpg,,
intrusion_climb-over-fence_rgb_0005_cctv2_f000426,intrusion_climb-over-fence_rgb_0005_cctv2_f000406_000416_000426,climb-over-fence_smart_rgb,intrusion_climb-over-fence_rgb_0005_cctv2,intrusion_candidate,[426],[14.2],"{""start_frame"": 426, ""end_frame"": 426}","[""bend/bow (at the waist), carry/hold (an object)""]","[""danger""]",danger,1,"{""normal"": 0, ""unsafe"": 0, ""danger"": 1}","{""normal"": 0.0, ""unsafe"": 0.0, ""danger"": 1.0}",danger,danger,danger,True,False,labeling_yolo_single_frame,single_frame_gt_from_sampled_frame_label,/home/capstone2/zroact-stage2/benchmark2/data/viz_shufflenet_test/test_frame_30fps/climb-over-fence_smart_rgb/images/intrusion_climb-over-fence_rgb_0005_cctv2/intrusion_climb-over-fence_rgb_0005_cctv2_t000426.jpg,,
intrusion_climb-over-fence_rgb_0005_cctv2_f000436,intrusion_climb-over-fence_rgb_0005_cctv2_f000436_000446_000456,climb-over-fence_smart_rgb,intrusion_climb-over-fence_rgb_0005_cctv2,intrusion_candidate,[436],[14.533],"{""start_frame"": 436, ""end_frame"": 436}","[""bend/bow (at the waist), stand""]","[""danger""]",danger,1,"{""normal"": 0, ""unsafe"": 0, ""danger"": 1}","{""normal"": 0.0, ""unsafe"": 0.0, ""danger"": 1.0}",danger,danger,danger,True,False,labeling_yolo_single_frame,single_frame_gt_from_sampled_frame_label,/home/capstone2/zroact-stage2/benchmark2/data/viz_shufflenet_test/test_frame_30fps/climb-over-fence_smart_rgb/images/intrusion_climb-over-fence_rgb_0005_cctv2/intrusion_climb-over-fence_rgb_0005_cctv2_t000436.jpg,,
intrusion_climb-over-fence_rgb_0005_cctv2_f000446,intrusion_climb-over-fence_rgb_0005_cctv2_f000436_000446_000456,climb-over-fence_smart_rgb,intrusion_climb-over-fence_rgb_0005_cctv2,intrusion_candidate,[446],[14.867],"{""start_frame"": 446, ""end_frame"": 446}","[""bend/bow (at the waist), stand""]","[""danger""]",danger,1,"{""normal"": 0, ""unsafe"": 0, ""danger"": 1}","{""normal"": 0.0, ""unsafe"": 0.0, ""danger"": 1.0}",danger,danger,danger,True,False,labeling_yolo_single_frame,single_frame_gt_from_sampled_frame_label,/home/capstone2/zroact-stage2/benchmark2/data/viz_shufflenet_test/test_frame_30fps/climb-over-fence_smart_rgb/images/intrusion_climb-over-fence_rgb_0005_cctv2/intrusion_climb-over-fence_rgb_0005_cctv2_t000446.jpg,,
intrusion_climb-over-fence_rgb_0005_cctv2_f000456,intrusion_climb-over-fence_rgb_0005_cctv2_f000436_000446_000456,climb-over-fence_smart_rgb,intrusion_climb-over-fence_rgb_0005_cctv2,intrusion_candidate,[456],[15.2],"{""start_frame"": 456, ""end_frame"": 456}","[""stand""]","[""danger""]",danger,1,"{""normal"": 0, ""unsafe"": 0, ""danger"": 1}","{""normal"": 0.0, ""unsafe"": 0.0, ""danger"": 1.0}",danger,danger,danger,True,False,labeling_yolo_single_frame,single_frame_gt_from_sampled_frame_label,/home/capstone2/zroact-stage2/benchmark2/data/viz_shufflenet_test/test_frame_30fps/climb-over-fence_smart_rgb/images/intrusion_climb-over-fence_rgb_0005_cctv2/intrusion_climb-over-fence_rgb_0005_cctv2_t000456.jpg,,
intrusion_climb-over-fence_rgb_0005_cctv2_f000466,intrusion_climb-over-fence_rgb_0005_cctv2_f000466_000476_000486,climb-over-fence_smart_rgb,intrusion_climb-over-fence_rgb_0005_cctv2,intrusion_candidate,[466],[15.533],"{""start_frame"": 466, ""end_frame"": 466}","[""stand, bend/bow (at the waist)""]","[""danger""]",danger,1,"{""normal"": 0, ""unsafe"": 0, ""danger"": 1}","{""normal"": 0.0, ""unsafe"": 0.0, ""danger"": 1.0}",danger,danger,danger,True,False,labeling_yolo_single_frame,single_frame_gt_from_sampled_frame_label,/home/capstone2/zroact-stage2/benchmark2/data/viz_shufflenet_test/test_frame_30fps/climb-over-fence_smart_rgb/images/intrusion_climb-over-fence_rgb_0005_cctv2/intrusion_climb-over-fence_rgb_0005_cctv2_t000466.jpg,,
intrusion_climb-over-fence_rgb_0005_cctv2_f000476,intrusion_climb-over-fence_rgb_0005_cctv2_f000466_000476_000486,climb-over-fence_smart_rgb,intrusion_climb-over-fence_rgb_0005_cctv2,intrusion_candidate,[476],[15.867],"{""start_frame"": 476, ""end_frame"": 476}","[""stand""]","[""danger""]",danger,1,"{""normal"": 0, ""unsafe"": 0, ""danger"": 1}","{""normal"": 0.0, ""unsafe"": 0.0, ""danger"": 1.0}",danger,danger,danger,True,False,labeling_yolo_single_frame,single_frame_gt_from_sampled_frame_label,/home/capstone2/zroact-stage2/benchmark2/data/viz_shufflenet_test/test_frame_30fps/climb-over-fence_smart_rgb/images/intrusion_climb-over-fence_rgb_0005_cctv2/intrusion_climb-over-fence_rgb_0005_cctv2_t000476.jpg,,
intrusion_climb-over-fence_rgb_0005_cctv2_f000486,intrusion_climb-over-fence_rgb_0005_cctv2_f000466_000476_000486,climb-over-fence_smart_rgb,intrusion_climb-over-fence_rgb_0005_cctv2,intrusion_candidate,[486],[16.2],"{""start_frame"": 486, ""end_frame"": 486}","[""stand""]","[""danger""]",danger,1,"{""normal"": 0, ""unsafe"": 0, ""danger"": 1}","{""normal"": 0.0, ""unsafe"": 0.0, ""danger"": 1.0}",danger,danger,danger,True,False,labeling_yolo_single_frame,single_frame_gt_from_sampled_frame_label,/home/capstone2/zroact-stage2/benchmark2/data/viz_shufflenet_test/test_frame_30fps/climb-over-fence_smart_rgb/images/intrusion_climb-over-fence_rgb_0005_cctv2/intrusion_climb-over-fence_rgb_0005_cctv2_t000486.jpg,,
intrusion_climb-over-fence_rgb_0053_cctv1_f000016,intrusion_climb-over-fence_rgb_0053_cctv1_f000016_000026_000036,climb-over-fence_smart_rgb,intrusion_climb-over-fence_rgb_0053_cctv1,intrusion_candidate,[16],[0.533],"{""start_frame"": 16, ""end_frame"": 16}","[""walk, carry/hold (an object)""]","[""normal""]",normal,1,"{""normal"": 1, ""unsafe"": 0, ""danger"": 0}","{""normal"": 1.0, ""unsafe"": 0.0, ""danger"": 0.0}",normal,normal,normal,True,False,labeling_yolo_single_frame,single_frame_gt_from_sampled_frame_label,/home/capstone2/zroact-stage2/benchmark2/data/viz_shufflenet_test/test_frame_30fps/climb-over-fence_smart_rgb/images/intrusion_climb-over-fence_rgb_0053_cctv1/intrusion_climb-over-fence_rgb_0053_cctv1_t000016.jpg,,
intrusion_climb-over-fence_rgb_0053_cctv1_f000026,intrusion_climb-over-fence_rgb_0053_cctv1_f000016_000026_000036,climb-over-fence_smart_rgb,intrusion_climb-over-fence_rgb_0053_cctv1,intrusion_candidate,[26],[0.867],"{""start_frame"": 26, ""end_frame"": 26}","[""walk, run/jog""]","[""normal""]",normal,1,"{""normal"": 1, ""unsafe"": 0, ""danger"": 0}","{""normal"": 1.0, ""unsafe"": 0.0, ""danger"": 0.0}",normal,normal,normal,True,False,labeling_yolo_single_frame,single_frame_gt_from_sampled_frame_label,/home/capstone2/zroact-stage2/benchmark2/data/viz_shufflenet_test/test_frame_30fps/climb-over-fence_smart_rgb/images/intrusion_climb-over-fence_rgb_0053_cctv1/intrusion_climb-over-fence_rgb_0053_cctv1_t000026.jpg,,
intrusion_climb-over-fence_rgb_0053_cctv1_f000036,intrusion_climb-over-fence_rgb_0053_cctv1_f000016_000026_000036,climb-over-fence_smart_rgb,intrusion_climb-over-fence_rgb_0053_cctv1,intrusion_candidate,[36],[1.2],"{""start_frame"": 36, ""end_frame"": 36}","[""walk, carry/hold (an object)""]","[""unsafe""]",unsafe,1,"{""normal"": 0, ""unsafe"": 1, ""danger"": 0}","{""normal"": 0.0, ""unsafe"": 1.0, ""danger"": 0.0}",unsafe,unsafe,unsafe,True,False,labeling_yolo_single_frame,single_frame_gt_from_sampled_frame_label,/home/capstone2/zroact-stage2/benchmark2/data/viz_shufflenet_test/test_frame_30fps/climb-over-fence_smart_rgb/images/intrusion_climb-over-fence_rgb_0053_cctv1/intrusion_climb-over-fence_rgb_0053_cctv1_t000036.jpg,,
intrusion_climb-over-fence_rgb_0053_cctv1_f000046,intrusion_climb-over-fence_rgb_0053_cctv1_f000046_000056_000066,climb-over-fence_smart_rgb,intrusion_climb-over-fence_rgb_0053_cctv1,intrusion_candidate,[46],[1.533],"{""start_frame"": 46, ""end_frame"": 46}","[""walk, carry/hold (an object)""]","[""unsafe""]",unsafe,1,"{""normal"": 0, ""unsafe"": 1, ""danger"": 0}","{""normal"": 0.0, ""unsafe"": 1.0, ""danger"": 0.0}",unsafe,unsafe,unsafe,True,False,labeling_yolo_single_frame,single_frame_gt_from_sampled_frame_label,/home/capstone2/zroact-stage2/benchmark2/data/viz_shufflenet_test/test_frame_30fps/climb-over-fence_smart_rgb/images/intrusion_climb-over-fence_rgb_0053_cctv1/intrusion_climb-over-fence_rgb_0053_cctv1_t000046.jpg,,
intrusion_climb-over-fence_rgb_0053_cctv1_f000056,intrusion_climb-over-fence_rgb_0053_cctv1_f000046_000056_000066,climb-over-fence_smart_rgb,intrusion_climb-over-fence_rgb_0053_cctv1,intrusion_candidate,[56],[1.867],"{""start_frame"": 56, ""end_frame"": 56}","[""walk, carry/hold (an object)""]","[""unsafe""]",unsafe,1,"{""normal"": 0, ""unsafe"": 1, ""danger"": 0}","{""normal"": 0.0, ""unsafe"": 1.0, ""danger"": 0.0}",unsafe,unsafe,unsafe,True,False,labeling_yolo_single_frame,single_frame_gt_from_sampled_frame_label,/home/capstone2/zroact-stage2/benchmark2/data/viz_shufflenet_test/test_frame_30fps/climb-over-fence_smart_rgb/images/intrusion_climb-over-fence_rgb_0053_cctv1/intrusion_climb-over-fence_rgb_0053_cctv1_t000056.jpg,,
intrusion_climb-over-fence_rgb_0053_cctv1_f000066,intrusion_climb-over-fence_rgb_0053_cctv1_f000046_000056_000066,climb-over-fence_smart_rgb,intrusion_climb-over-fence_rgb_0053_cctv1,intrusion_candidate,[66],[2.2],"{""start_frame"": 66, ""end_frame"": 66}","[""walk, carry/hold (an object)""]","[""unsafe""]",unsafe,1,"{""normal"": 0, ""unsafe"": 1, ""danger"": 0}","{""normal"": 0.0, ""unsafe"": 1.0, ""danger"": 0.0}",unsafe,unsafe,unsafe,True,False,labeling_yolo_single_frame,single_frame_gt_from_sampled_frame_label,/home/capstone2/zroact-stage2/benchmark2/data/viz_shufflenet_test/test_frame_30fps/climb-over-fence_smart_rgb/images/intrusion_climb-over-fence_rgb_0053_cctv1/intrusion_climb-over-fence_rgb_0053_cctv1_t000066.jpg,,
intrusion_climb-over-fence_rgb_0053_cctv1_f000076,intrusion_climb-over-fence_rgb_0053_cctv1_f000076_000086_000096,climb-over-fence_smart_rgb,intrusion_climb-over-fence_rgb_0053_cctv1,intrusion_candidate,[76],[2.533],"{""start_frame"": 76, ""end_frame"": 76}","[""stand, walk""]","[""unsafe""]",unsafe,1,"{""normal"": 0, ""unsafe"": 1, ""danger"": 0}","{""normal"": 0.0, ""unsafe"": 1.0, ""danger"": 0.0}",unsafe,unsafe,unsafe,True,False,labeling_yolo_single_frame,single_frame_gt_from_sampled_frame_label,/home/capstone2/zroact-stage2/benchmark2/data/viz_shufflenet_test/test_frame_30fps/climb-over-fence_smart_rgb/images/intrusion_climb-over-fence_rgb_0053_cctv1/intrusion_climb-over-fence_rgb_0053_cctv1_t000076.jpg,,
intrusion_climb-over-fence_rgb_0053_cctv1_f000086,intrusion_climb-over-fence_rgb_0053_cctv1_f000076_000086_000096,climb-over-fence_smart_rgb,intrusion_climb-over-fence_rgb_0053_cctv1,intrusion_candidate,[86],[2.867],"{""start_frame"": 86, ""end_frame"": 86}","[""stand, walk""]","[""unsafe""]",unsafe,1,"{""normal"": 0, ""unsafe"": 1, ""danger"": 0}","{""normal"": 0.0, ""unsafe"": 1.0, ""danger"": 0.0}",unsafe,unsafe,unsafe,True,False,labeling_yolo_single_frame,single_frame_gt_from_sampled_frame_label,/home/capstone2/zroact-stage2/benchmark2/data/viz_shufflenet_test/test_frame_30fps/climb-over-fence_smart_rgb/images/intrusion_climb-over-fence_rgb_0053_cctv1/intrusion_climb-over-fence_rgb_0053_cctv1_t000086.jpg,,
intrusion_climb-over-fence_rgb_0053_cctv1_f000096,intrusion_climb-over-fence_rgb_0053_cctv1_f000076_000086_000096,climb-over-fence_smart_rgb,intrusion_climb-over-fence_rgb_0053_cctv1,intrusion_candidate,[96],[3.2],"{""start_frame"": 96, ""end_frame"": 96}","[""walk, carry/hold (an object)""]","[""danger""]",danger,1,"{""normal"": 0, ""unsafe"": 0, ""danger"": 1}","{""normal"": 0.0, ""unsafe"": 0.0, ""danger"": 1.0}",danger,danger,danger,True,False,labeling_yolo_single_frame,single_frame_gt_from_sampled_frame_label,/home/capstone2/zroact-stage2/benchmark2/data/viz_shufflenet_test/test_frame_30fps/climb-over-fence_smart_rgb/images/intrusion_climb-over-fence_rgb_0053_cctv1/intrusion_climb-over-fence_rgb_0053_cctv1_t000096.jpg,,
intrusion_climb-over-fence_rgb_0053_cctv1_f000106,intrusion_climb-over-fence_rgb_0053_cctv1_f000106_000116_000126,climb-over-fence_smart_rgb,intrusion_climb-over-fence_rgb_0053_cctv1,intrusion_candidate,[106],[3.533],"{""start_frame"": 106, ""end_frame"": 106}","[""walk, carry/hold (an object)""]","[""danger""]",danger,1,"{""normal"": 0, ""unsafe"": 0, ""danger"": 1}","{""normal"": 0.0, ""unsafe"": 0.0, ""danger"": 1.0}",danger,danger,danger,True,False,labeling_yolo_single_frame,single_frame_gt_from_sampled_frame_label,/home/capstone2/zroact-stage2/benchmark2/data/viz_shufflenet_test/test_frame_30fps/climb-over-fence_smart_rgb/images/intrusion_climb-over-fence_rgb_0053_cctv1/intrusion_climb-over-fence_rgb_0053_cctv1_t000106.jpg,,
intrusion_climb-over-fence_rgb_0053_cctv1_f000116,intrusion_climb-over-fence_rgb_0053_cctv1_f000106_000116_000126,climb-over-fence_smart_rgb,intrusion_climb-over-fence_rgb_0053_cctv1,intrusion_candidate,[116],[3.867],"{""start_frame"": 116, ""end_frame"": 116}","[""stand, carry/hold (an object)""]","[""danger""]",danger,1,"{""normal"": 0, ""unsafe"": 0, ""danger"": 1}","{""normal"": 0.0, ""unsafe"": 0.0, ""danger"": 1.0}",danger,danger,danger,True,False,labeling_yolo_single_frame,single_frame_gt_from_sampled_frame_label,/home/capstone2/zroact-stage2/benchmark2/data/viz_shufflenet_test/test_frame_30fps/climb-over-fence_smart_rgb/images/intrusion_climb-over-fence_rgb_0053_cctv1/intrusion_climb-over-fence_rgb_0053_cctv1_t000116.jpg,,
intrusion_climb-over-fence_rgb_0053_cctv1_f000126,intrusion_climb-over-fence_rgb_0053_cctv1_f000106_000116_000126,climb-over-fence_smart_rgb,intrusion_climb-over-fence_rgb_0053_cctv1,intrusion_candidate,[126],[4.2],"{""start_frame"": 126, ""end_frame"": 126}","[""walk, stand""]","[""danger""]",danger,1,"{""normal"": 0, ""unsafe"": 0, ""danger"": 1}","{""normal"": 0.0, ""unsafe"": 0.0, ""danger"": 1.0}",danger,danger,danger,True,False,labeling_yolo_single_frame,single_frame_gt_from_sampled_frame_label,/home/capstone2/zroact-stage2/benchmark2/data/viz_shufflenet_test/test_frame_30fps/climb-over-fence_smart_rgb/images/intrusion_climb-over-fence_rgb_0053_cctv1/intrusion_climb-over-fence_rgb_0053_cctv1_t000126.jpg,,
intrusion_climb-over-fence_rgb_0053_cctv1_f000136,intrusion_climb-over-fence_rgb_0053_cctv1_f000136_000146_000156,climb-over-fence_smart_rgb,intrusion_climb-over-fence_rgb_0053_cctv1,intrusion_candidate,[136],[4.533],"{""start_frame"": 136, ""end_frame"": 136}","[""stand, carry/hold (an object)""]","[""danger""]",danger,1,"{""normal"": 0, ""unsafe"": 0, ""danger"": 1}","{""normal"": 0.0, ""unsafe"": 0.0, ""danger"": 1.0}",danger,danger,danger,True,False,labeling_yolo_single_frame,single_frame_gt_from_sampled_frame_label,/home/capstone2/zroact-stage2/benchmark2/data/viz_shufflenet_test/test_frame_30fps/climb-over-fence_smart_rgb/images/intrusion_climb-over-fence_rgb_0053_cctv1/intrusion_climb-over-fence_rgb_0053_cctv1_t000136.jpg,,
intrusion_climb-over-fence_rgb_0053_cctv1_f000146,intrusion_climb-over-fence_rgb_0053_cctv1_f000136_000146_000156,climb-over-fence_smart_rgb,intrusion_climb-over-fence_rgb_0053_cctv1,intrusion_candidate,[146],[4.867],"{""start_frame"": 146, ""end_frame"": 146}","[""stand, carry/hold (an object)""]","[""danger""]",danger,1,"{""normal"": 0, ""unsafe"": 0, ""danger"": 1}","{""normal"": 0.0, ""unsafe"": 0.0, ""danger"": 1.0}",danger,danger,danger,True,False,labeling_yolo_single_frame,single_frame_gt_from_sampled_frame_label,/home/capstone2/zroact-stage2/benchmark2/data/viz_shufflenet_test/test_frame_30fps/climb-over-fence_smart_rgb/images/intrusion_climb-over-fence_rgb_0053_cctv1/intrusion_climb-over-fence_rgb_0053_cctv1_t000146.jpg,,
intrusion_climb-over-fence_rgb_0053_cctv1_f000156,intrusion_climb-over-fence_rgb_0053_cctv1_f000136_000146_000156,climb-over-fence_smart_rgb,intrusion_climb-over-fence_rgb_0053_cctv1,intrusion_candidate,[156],[5.2],"{""start_frame"": 156, ""end_frame"": 156}","[""bend/bow (at the waist), carry/hold (an object)""]","[""danger""]",danger,1,"{""normal"": 0, ""unsafe"": 0, ""danger"": 1}","{""normal"": 0.0, ""unsafe"": 0.0, ""danger"": 1.0}",danger,danger,danger,True,False,labeling_yolo_single_frame,single_frame_gt_from_sampled_frame_label,/home/capstone2/zroact-stage2/benchmark2/data/viz_shufflenet_test/test_frame_30fps/climb-over-fence_smart_rgb/images/intrusion_climb-over-fence_rgb_0053_cctv1/intrusion_climb-over-fence_rgb_0053_cctv1_t000156.jpg,,
intrusion_climb-over-fence_rgb_0053_cctv1_f000166,intrusion_climb-over-fence_rgb_0053_cctv1_f000166_000176_000186,climb-over-fence_smart_rgb,intrusion_climb-over-fence_rgb_0053_cctv1,intrusion_candidate,[166],[5.533],"{""start_frame"": 166, ""end_frame"": 166}","[""bend/bow (at the waist), carry/hold (an object)""]","[""danger""]",danger,1,"{""normal"": 0, ""unsafe"": 0, ""danger"": 1}","{""normal"": 0.0, ""unsafe"": 0.0, ""danger"": 1.0}",danger,danger,danger,True,False,labeling_yolo_single_frame,single_frame_gt_from_sampled_frame_label,/home/capstone2/zroact-stage2/benchmark2/data/viz_shufflenet_test/test_frame_30fps/climb-over-fence_smart_rgb/images/intrusion_climb-over-fence_rgb_0053_cctv1/intrusion_climb-over-fence_rgb_0053_cctv1_t000166.jpg,,
intrusion_climb-over-fence_rgb_0053_cctv1_f000176,intrusion_climb-over-fence_rgb_0053_cctv1_f000166_000176_000186,climb-over-fence_smart_rgb,intrusion_climb-over-fence_rgb_0053_cctv1,intrusion_candidate,[176],[5.867],"{""start_frame"": 176, ""end_frame"": 176}","[""stand, carry/hold (an object)""]","[""danger""]",danger,1,"{""normal"": 0, ""unsafe"": 0, ""danger"": 1}","{""normal"": 0.0, ""unsafe"": 0.0, ""danger"": 1.0}",danger,danger,danger,True,False,labeling_yolo_single_frame,single_frame_gt_from_sampled_frame_label,/home/capstone2/zroact-stage2/benchmark2/data/viz_shufflenet_test/test_frame_30fps/climb-over-fence_smart_rgb/images/intrusion_climb-over-fence_rgb_0053_cctv1/intrusion_climb-over-fence_rgb_0053_cctv1_t000176.jpg,,
intrusion_climb-over-fence_rgb_0053_cctv1_f000186,intrusion_climb-over-fence_rgb_0053_cctv1_f000166_000176_000186,climb-over-fence_smart_rgb,intrusion_climb-over-fence_rgb_0053_cctv1,intrusion_candidate,[186],[6.2],"{""start_frame"": 186, ""end_frame"": 186}","[""stand, carry/hold (an object)""]","[""danger""]",danger,1,"{""normal"": 0, ""unsafe"": 0, ""danger"": 1}","{""normal"": 0.0, ""unsafe"": 0.0, ""danger"": 1.0}",danger,danger,danger,True,False,labeling_yolo_single_frame,single_frame_gt_from_sampled_frame_label,/home/capstone2/zroact-stage2/benchmark2/data/viz_shufflenet_test/test_frame_30fps/climb-over-fence_smart_rgb/images/intrusion_climb-over-fence_rgb_0053_cctv1/intrusion_climb-over-fence_rgb_0053_cctv1_t000186.jpg,,
intrusion_climb-over-fence_rgb_0053_cctv1_f000196,intrusion_climb-over-fence_rgb_0053_cctv1_f000196_000206_000216,climb-over-fence_smart_rgb,intrusion_climb-over-fence_rgb_0053_cctv1,intrusion_candidate,[196],[6.533],"{""start_frame"": 196, ""end_frame"": 196}","[""stand, carry/hold (an object)""]","[""danger""]",danger,1,"{""normal"": 0, ""unsafe"": 0, ""danger"": 1}","{""normal"": 0.0, ""unsafe"": 0.0, ""danger"": 1.0}",danger,danger,danger,True,False,labeling_yolo_single_frame,single_frame_gt_from_sampled_frame_label,/home/capstone2/zroact-stage2/benchmark2/data/viz_shufflenet_test/test_frame_30fps/climb-over-fence_smart_rgb/images/intrusion_climb-over-fence_rgb_0053_cctv1/intrusion_climb-over-fence_rgb_0053_cctv1_t000196.jpg,,
intrusion_climb-over-fence_rgb_0053_cctv1_f000206,intrusion_climb-over-fence_rgb_0053_cctv1_f000196_000206_000216,climb-over-fence_smart_rgb,intrusion_climb-over-fence_rgb_0053_cctv1,intrusion_candidate,[206],[6.867],"{""start_frame"": 206, ""end_frame"": 206}","[""stand, carry/hold (an object)""]","[""danger""]",danger,1,"{""normal"": 0, ""unsafe"": 0, ""danger"": 1}","{""normal"": 0.0, ""unsafe"": 0.0, ""danger"": 1.0}",danger,danger,danger,True,False,labeling_yolo_single_frame,single_frame_gt_from_sampled_frame_label,/home/capstone2/zroact-stage2/benchmark2/data/viz_shufflenet_test/test_frame_30fps/climb-over-fence_smart_rgb/images/intrusion_climb-over-fence_rgb_0053_cctv1/intrusion_climb-over-fence_rgb_0053_cctv1_t000206.jpg,,
intrusion_climb-over-fence_rgb_0053_cctv1_f000216,intrusion_climb-over-fence_rgb_0053_cctv1_f000196_000206_000216,climb-over-fence_smart_rgb,intrusion_climb-over-fence_rgb_0053_cctv1,intrusion_candidate,[216],[7.2],"{""start_frame"": 216, ""end_frame"": 216}","[""stand, carry/hold (an object)""]","[""danger""]",danger,1,"{""normal"": 0, ""unsafe"": 0, ""danger"": 1}","{""normal"": 0.0, ""unsafe"": 0.0, ""danger"": 1.0}",danger,danger,danger,True,False,labeling_yolo_single_frame,single_frame_gt_from_sampled_frame_label,/home/capstone2/zroact-stage2/benchmark2/data/viz_shufflenet_test/test_frame_30fps/climb-over-fence_smart_rgb/images/intrusion_climb-over-fence_rgb_0053_cctv1/intrusion_climb-over-fence_rgb_0053_cctv1_t000216.jpg,,
intrusion_climb-over-fence_rgb_0053_cctv1_f000226,intrusion_climb-over-fence_rgb_0053_cctv1_f000226_000236_000246,climb-over-fence_smart_rgb,intrusion_climb-over-fence_rgb_0053_cctv1,intrusion_candidate,[226],[7.533],"{""start_frame"": 226, ""end_frame"": 226}","[""stand, carry/hold (an object)""]","[""danger""]",danger,1,"{""normal"": 0, ""unsafe"": 0, ""danger"": 1}","{""normal"": 0.0, ""unsafe"": 0.0, ""danger"": 1.0}",danger,danger,danger,True,False,labeling_yolo_single_frame,single_frame_gt_from_sampled_frame_label,/home/capstone2/zroact-stage2/benchmark2/data/viz_shufflenet_test/test_frame_30fps/climb-over-fence_smart_rgb/images/intrusion_climb-over-fence_rgb_0053_cctv1/intrusion_climb-over-fence_rgb_0053_cctv1_t000226.jpg,,
intrusion_climb-over-fence_rgb_0053_cctv1_f000236,intrusion_climb-over-fence_rgb_0053_cctv1_f000226_000236_000246,climb-over-fence_smart_rgb,intrusion_climb-over-fence_rgb_0053_cctv1,intrusion_candidate,[236],[7.867],"{""start_frame"": 236, ""end_frame"": 236}","[""stand, carry/hold (an object)""]","[""danger""]",danger,1,"{""normal"": 0, ""unsafe"": 0, ""danger"": 1}","{""normal"": 0.0, ""unsafe"": 0.0, ""danger"": 1.0}",danger,danger,danger,True,False,labeling_yolo_single_frame,single_frame_gt_from_sampled_frame_label,/home/capstone2/zroact-stage2/benchmark2/data/viz_shufflenet_test/test_frame_30fps/climb-over-fence_smart_rgb/images/intrusion_climb-over-fence_rgb_0053_cctv1/intrusion_climb-over-fence_rgb_0053_cctv1_t000236.jpg,,
intrusion_climb-over-fence_rgb_0053_cctv1_f000246,intrusion_climb-over-fence_rgb_0053_cctv1_f000226_000236_000246,climb-over-fence_smart_rgb,intrusion_climb-over-fence_rgb_0053_cctv1,intrusion_candidate,[246],[8.2],"{""start_frame"": 246, ""end_frame"": 246}","[""stand, answer phone""]","[""danger""]",danger,1,"{""normal"": 0, ""unsafe"": 0, ""danger"": 1}","{""normal"": 0.0, ""unsafe"": 0.0, ""danger"": 1.0}",danger,danger,danger,True,False,labeling_yolo_single_frame,single_frame_gt_from_sampled_frame_label,/home/capstone2/zroact-stage2/benchmark2/data/viz_shufflenet_test/test_frame_30fps/climb-over-fence_smart_rgb/images/intrusion_climb-over-fence_rgb_0053_cctv1/intrusion_climb-over-fence_rgb_0053_cctv1_t000246.jpg,,
intrusion_climb-over-fence_rgb_0053_cctv1_f000256,intrusion_climb-over-fence_rgb_0053_cctv1_f000256_000266_000276,climb-over-fence_smart_rgb,intrusion_climb-over-fence_rgb_0053_cctv1,intrusion_candidate,[256],[8.533],"{""start_frame"": 256, ""end_frame"": 256}","[""stand, answer phone""]","[""danger""]",danger,1,"{""normal"": 0, ""unsafe"": 0, ""danger"": 1}","{""normal"": 0.0, ""unsafe"": 0.0, ""danger"": 1.0}",danger,danger,danger,True,False,labeling_yolo_single_frame,single_frame_gt_from_sampled_frame_label,/home/capstone2/zroact-stage2/benchmark2/data/viz_shufflenet_test/test_frame_30fps/climb-over-fence_smart_rgb/images/intrusion_climb-over-fence_rgb_0053_cctv1/intrusion_climb-over-fence_rgb_0053_cctv1_t000256.jpg,,
intrusion_climb-over-fence_rgb_0053_cctv1_f000266,intrusion_climb-over-fence_rgb_0053_cctv1_f000256_000266_000276,climb-over-fence_smart_rgb,intrusion_climb-over-fence_rgb_0053_cctv1,intrusion_candidate,[266],[8.867],"{""start_frame"": 266, ""end_frame"": 266}","[""stand, answer phone""]","[""danger""]",danger,1,"{""normal"": 0, ""unsafe"": 0, ""danger"": 1}","{""normal"": 0.0, ""unsafe"": 0.0, ""danger"": 1.0}",danger,danger,danger,True,False,labeling_yolo_single_frame,single_frame_gt_from_sampled_frame_label,/home/capstone2/zroact-stage2/benchmark2/data/viz_shufflenet_test/test_frame_30fps/climb-over-fence_smart_rgb/images/intrusion_climb-over-fence_rgb_0053_cctv1/intrusion_climb-over-fence_rgb_0053_cctv1_t000266.jpg,,
intrusion_climb-over-fence_rgb_0053_cctv1_f000276,intrusion_climb-over-fence_rgb_0053_cctv1_f000256_000266_000276,climb-over-fence_smart_rgb,intrusion_climb-over-fence_rgb_0053_cctv1,intrusion_candidate,[276],[9.2],"{""start_frame"": 276, ""end_frame"": 276}","[""stand, carry/hold (an object)""]","[""danger""]",danger,1,"{""normal"": 0, ""unsafe"": 0, ""danger"": 1}","{""normal"": 0.0, ""unsafe"": 0.0, ""danger"": 1.0}",danger,danger,danger,True,False,labeling_yolo_single_frame,single_frame_gt_from_sampled_frame_label,/home/capstone2/zroact-stage2/benchmark2/data/viz_shufflenet_test/test_frame_30fps/climb-over-fence_smart_rgb/images/intrusion_climb-over-fence_rgb_0053_cctv1/intrusion_climb-over-fence_rgb_0053_cctv1_t000276.jpg,,
intrusion_climb-over-fence_rgb_0053_cctv1_f000286,intrusion_climb-over-fence_rgb_0053_cctv1_f000286_000296_000306,climb-over-fence_smart_rgb,intrusion_climb-over-fence_rgb_0053_cctv1,intrusion_candidate,[286],[9.533],"{""start_frame"": 286, ""end_frame"": 286}","[""stand, carry/hold (an object)""]","[""danger""]",danger,1,"{""normal"": 0, ""unsafe"": 0, ""danger"": 1}","{""normal"": 0.0, ""unsafe"": 0.0, ""danger"": 1.0}",danger,danger,danger,True,False,labeling_yolo_single_frame,single_frame_gt_from_sampled_frame_label,/home/capstone2/zroact-stage2/benchmark2/data/viz_shufflenet_test/test_frame_30fps/climb-over-fence_smart_rgb/images/intrusion_climb-over-fence_rgb_0053_cctv1/intrusion_climb-over-fence_rgb_0053_cctv1_t000286.jpg,,
intrusion_climb-over-fence_rgb_0053_cctv1_f000296,intrusion_climb-over-fence_rgb_0053_cctv1_f000286_000296_000306,climb-over-fence_smart_rgb,intrusion_climb-over-fence_rgb_0053_cctv1,intrusion_candidate,[296],[9.867],"{""start_frame"": 296, ""end_frame"": 296}","[""stand, carry/hold (an object)""]","[""danger""]",danger,1,"{""normal"": 0, ""unsafe"": 0, ""danger"": 1}","{""normal"": 0.0, ""unsafe"": 0.0, ""danger"": 1.0}",danger,danger,danger,True,False,labeling_yolo_single_frame,single_frame_gt_from_sampled_frame_label,/home/capstone2/zroact-stage2/benchmark2/data/viz_shufflenet_test/test_frame_30fps/climb-over-fence_smart_rgb/images/intrusion_climb-over-fence_rgb_0053_cctv1/intrusion_climb-over-fence_rgb_0053_cctv1_t000296.jpg,,
intrusion_climb-over-fence_rgb_0053_cctv1_f000306,intrusion_climb-over-fence_rgb_0053_cctv1_f000286_000296_000306,climb-over-fence_smart_rgb,intrusion_climb-over-fence_rgb_0053_cctv1,intrusion_candidate,[306],[10.2],"{""start_frame"": 306, ""end_frame"": 306}","[""stand, carry/hold (an object)""]","[""danger""]",danger,1,"{""normal"": 0, ""unsafe"": 0, ""danger"": 1}","{""normal"": 0.0, ""unsafe"": 0.0, ""danger"": 1.0}",danger,danger,danger,True,False,labeling_yolo_single_frame,single_frame_gt_from_sampled_frame_label,/home/capstone2/zroact-stage2/benchmark2/data/viz_shufflenet_test/test_frame_30fps/climb-over-fence_smart_rgb/images/intrusion_climb-over-fence_rgb_0053_cctv1/intrusion_climb-over-fence_rgb_0053_cctv1_t000306.jpg,,
intrusion_climb-over-fence_rgb_0053_cctv1_f000316,intrusion_climb-over-fence_rgb_0053_cctv1_f000316_000326_000336,climb-over-fence_smart_rgb,intrusion_climb-over-fence_rgb_0053_cctv1,intrusion_candidate,[316],[10.533],"{""start_frame"": 316, ""end_frame"": 316}","[""stand, carry/hold (an object)""]","[""danger""]",danger,1,"{""normal"": 0, ""unsafe"": 0, ""danger"": 1}","{""normal"": 0.0, ""unsafe"": 0.0, ""danger"": 1.0}",danger,danger,danger,True,False,labeling_yolo_single_frame,single_frame_gt_from_sampled_frame_label,/home/capstone2/zroact-stage2/benchmark2/data/viz_shufflenet_test/test_frame_30fps/climb-over-fence_smart_rgb/images/intrusion_climb-over-fence_rgb_0053_cctv1/intrusion_climb-over-fence_rgb_0053_cctv1_t000316.jpg,,
intrusion_climb-over-fence_rgb_0053_cctv1_f000326,intrusion_climb-over-fence_rgb_0053_cctv1_f000316_000326_000336,climb-over-fence_smart_rgb,intrusion_climb-over-fence_rgb_0053_cctv1,intrusion_candidate,[326],[10.867],"{""start_frame"": 326, ""end_frame"": 326}","[""stand, bend/bow (at the waist)""]","[""danger""]",danger,1,"{""normal"": 0, ""unsafe"": 0, ""danger"": 1}","{""normal"": 0.0, ""unsafe"": 0.0, ""danger"": 1.0}",danger,danger,danger,True,False,labeling_yolo_single_frame,single_frame_gt_from_sampled_frame_label,/home/capstone2/zroact-stage2/benchmark2/data/viz_shufflenet_test/test_frame_30fps/climb-over-fence_smart_rgb/images/intrusion_climb-over-fence_rgb_0053_cctv1/intrusion_climb-over-fence_rgb_0053_cctv1_t000326.jpg,,
intrusion_climb-over-fence_rgb_0053_cctv1_f000336,intrusion_climb-over-fence_rgb_0053_cctv1_f000316_000326_000336,climb-over-fence_smart_rgb,intrusion_climb-over-fence_rgb_0053_cctv1,intrusion_candidate,[336],[11.2],"{""start_frame"": 336, ""end_frame"": 336}","[""stand, carry/hold (an object)""]","[""danger""]",danger,1,"{""normal"": 0, ""unsafe"": 0, ""danger"": 1}","{""normal"": 0.0, ""unsafe"": 0.0, ""danger"": 1.0}",danger,danger,danger,True,False,labeling_yolo_single_frame,single_frame_gt_from_sampled_frame_label,/home/capstone2/zroact-stage2/benchmark2/data/viz_shufflenet_test/test_frame_30fps/climb-over-fence_smart_rgb/images/intrusion_climb-over-fence_rgb_0053_cctv1/intrusion_climb-over-fence_rgb_0053_cctv1_t000336.jpg,,
intrusion_climb-over-fence_rgb_0053_cctv1_f000346,intrusion_climb-over-fence_rgb_0053_cctv1_f000346_000356_000366,climb-over-fence_smart_rgb,intrusion_climb-over-fence_rgb_0053_cctv1,intrusion_candidate,[346],[11.533],"{""start_frame"": 346, ""end_frame"": 346}","[""stand, carry/hold (an object)""]","[""danger""]",danger,1,"{""normal"": 0, ""unsafe"": 0, ""danger"": 1}","{""normal"": 0.0, ""unsafe"": 0.0, ""danger"": 1.0}",danger,danger,danger,True,False,labeling_yolo_single_frame,single_frame_gt_from_sampled_frame_label,/home/capstone2/zroact-stage2/benchmark2/data/viz_shufflenet_test/test_frame_30fps/climb-over-fence_smart_rgb/images/intrusion_climb-over-fence_rgb_0053_cctv1/intrusion_climb-over-fence_rgb_0053_cctv1_t000346.jpg,,
intrusion_climb-over-fence_rgb_0053_cctv1_f000356,intrusion_climb-over-fence_rgb_0053_cctv1_f000346_000356_000366,climb-over-fence_smart_rgb,intrusion_climb-over-fence_rgb_0053_cctv1,intrusion_candidate,[356],[11.867],"{""start_frame"": 356, ""end_frame"": 356}","[""stand, carry/hold (an object)""]","[""danger""]",danger,1,"{""normal"": 0, ""unsafe"": 0, ""danger"": 1}","{""normal"": 0.0, ""unsafe"": 0.0, ""danger"": 1.0}",danger,danger,danger,True,False,labeling_yolo_single_frame,single_frame_gt_from_sampled_frame_label,/home/capstone2/zroact-stage2/benchmark2/data/viz_shufflenet_test/test_frame_30fps/climb-over-fence_smart_rgb/images/intrusion_climb-over-fence_rgb_0053_cctv1/intrusion_climb-over-fence_rgb_0053_cctv1_t000356.jpg,,
intrusion_climb-over-fence_rgb_0053_cctv1_f000366,intrusion_climb-over-fence_rgb_0053_cctv1_f000346_000356_000366,climb-over-fence_smart_rgb,intrusion_climb-over-fence_rgb_0053_cctv1,intrusion_candidate,[366],[12.2],"{""start_frame"": 366, ""end_frame"": 366}","[""stand, bend/bow (at the waist)""]","[""danger""]",danger,1,"{""normal"": 0, ""unsafe"": 0, ""danger"": 1}","{""normal"": 0.0, ""unsafe"": 0.0, ""danger"": 1.0}",danger,danger,danger,True,False,labeling_yolo_single_frame,single_frame_gt_from_sampled_frame_label,/home/capstone2/zroact-stage2/benchmark2/data/viz_shufflenet_test/test_frame_30fps/climb-over-fence_smart_rgb/images/intrusion_climb-over-fence_rgb_0053_cctv1/intrusion_climb-over-fence_rgb_0053_cctv1_t000366.jpg,,
intrusion_climb-over-fence_rgb_0053_cctv1_f000376,intrusion_climb-over-fence_rgb_0053_cctv1_f000376_000386_000396,climb-over-fence_smart_rgb,intrusion_climb-over-fence_rgb_0053_cctv1,intrusion_candidate,[376],[12.533],"{""start_frame"": 376, ""end_frame"": 376}","[""stand, bend/bow (at the waist)""]","[""danger""]",danger,1,"{""normal"": 0, ""unsafe"": 0, ""danger"": 1}","{""normal"": 0.0, ""unsafe"": 0.0, ""danger"": 1.0}",danger,danger,danger,True,False,labeling_yolo_single_frame,single_frame_gt_from_sampled_frame_label,/home/capstone2/zroact-stage2/benchmark2/data/viz_shufflenet_test/test_frame_30fps/climb-over-fence_smart_rgb/images/intrusion_climb-over-fence_rgb_0053_cctv1/intrusion_climb-over-fence_rgb_0053_cctv1_t000376.jpg,,
intrusion_climb-over-fence_rgb_0053_cctv1_f000386,intrusion_climb-over-fence_rgb_0053_cctv1_f000376_000386_000396,climb-over-fence_smart_rgb,intrusion_climb-over-fence_rgb_0053_cctv1,intrusion_candidate,[386],[12.867],"{""start_frame"": 386, ""end_frame"": 386}","[""stand, bend/bow (at the waist)""]","[""danger""]",danger,1,"{""normal"": 0, ""unsafe"": 0, ""danger"": 1}","{""normal"": 0.0, ""unsafe"": 0.0, ""danger"": 1.0}",danger,danger,danger,True,False,labeling_yolo_single_frame,single_frame_gt_from_sampled_frame_label,/home/capstone2/zroact-stage2/benchmark2/data/viz_shufflenet_test/test_frame_30fps/climb-over-fence_smart_rgb/images/intrusion_climb-over-fence_rgb_0053_cctv1/intrusion_climb-over-fence_rgb_0053_cctv1_t000386.jpg,,
intrusion_climb-over-fence_rgb_0053_cctv1_f000396,intrusion_climb-over-fence_rgb_0053_cctv1_f000376_000386_000396,climb-over-fence_smart_rgb,intrusion_climb-over-fence_rgb_0053_cctv1,intrusion_candidate,[396],[13.2],"{""start_frame"": 396, ""end_frame"": 396}","[""bend/bow (at the waist), stand""]","[""danger""]",danger,1,"{""normal"": 0, ""unsafe"": 0, ""danger"": 1}","{""normal"": 0.0, ""unsafe"": 0.0, ""danger"": 1.0}",danger,danger,danger,True,False,labeling_yolo_single_frame,single_frame_gt_from_sampled_frame_label,/home/capstone2/zroact-stage2/benchmark2/data/viz_shufflenet_test/test_frame_30fps/climb-over-fence_smart_rgb/images/intrusion_climb-over-fence_rgb_0053_cctv1/intrusion_climb-over-fence_rgb_0053_cctv1_t000396.jpg,,
intrusion_climb-over-fence_rgb_0053_cctv1_f000406,intrusion_climb-over-fence_rgb_0053_cctv1_f000406_000416_000426,climb-over-fence_smart_rgb,intrusion_climb-over-fence_rgb_0053_cctv1,intrusion_candidate,[406],[13.533],"{""start_frame"": 406, ""end_frame"": 406}","[""bend/bow (at the waist), stand""]","[""danger""]",danger,1,"{""normal"": 0, ""unsafe"": 0, ""danger"": 1}","{""normal"": 0.0, ""unsafe"": 0.0, ""danger"": 1.0}",danger,danger,danger,True,False,labeling_yolo_single_frame,single_frame_gt_from_sampled_frame_label,/home/capstone2/zroact-stage2/benchmark2/data/viz_shufflenet_test/test_frame_30fps/climb-over-fence_smart_rgb/images/intrusion_climb-over-fence_rgb_0053_cctv1/intrusion_climb-over-fence_rgb_0053_cctv1_t000406.jpg,,
intrusion_climb-over-fence_rgb_0053_cctv1_f000416,intrusion_climb-over-fence_rgb_0053_cctv1_f000406_000416_000426,climb-over-fence_smart_rgb,intrusion_climb-over-fence_rgb_0053_cctv1,intrusion_candidate,[416],[13.867],"{""start_frame"": 416, ""end_frame"": 416}","[""bend/bow (at the waist), stand""]","[""danger""]",danger,1,"{""normal"": 0, ""unsafe"": 0, ""danger"": 1}","{""normal"": 0.0, ""unsafe"": 0.0, ""danger"": 1.0}",danger,danger,danger,True,False,labeling_yolo_single_frame,single_frame_gt_from_sampled_frame_label,/home/capstone2/zroact-stage2/benchmark2/data/viz_shufflenet_test/test_frame_30fps/climb-over-fence_smart_rgb/images/intrusion_climb-over-fence_rgb_0053_cctv1/intrusion_climb-over-fence_rgb_0053_cctv1_t000416.jpg,,
intrusion_climb-over-fence_rgb_0053_cctv1_f000426,intrusion_climb-over-fence_rgb_0053_cctv1_f000406_000416_000426,climb-over-fence_smart_rgb,intrusion_climb-over-fence_rgb_0053_cctv1,intrusion_candidate,[426],[14.2],"{""start_frame"": 426, ""end_frame"": 426}","[""bend/bow (at the waist), stand""]","[""danger""]",danger,1,"{""normal"": 0, ""unsafe"": 0, ""danger"": 1}","{""normal"": 0.0, ""unsafe"": 0.0, ""danger"": 1.0}",danger,danger,danger,True,False,labeling_yolo_single_frame,single_frame_gt_from_sampled_frame_label,/home/capstone2/zroact-stage2/benchmark2/data/viz_shufflenet_test/test_frame_30fps/climb-over-fence_smart_rgb/images/intrusion_climb-over-fence_rgb_0053_cctv1/intrusion_climb-over-fence_rgb_0053_cctv1_t000426.jpg,,
intrusion_climb-over-fence_rgb_0078_cctv3_f000016,intrusion_climb-over-fence_rgb_0078_cctv3_f000016_000026_000036,climb-over-fence_smart_rgb,intrusion_climb-over-fence_rgb_0078_cctv3,intrusion_candidate,[16],[0.533],"{""start_frame"": 16, ""end_frame"": 16}","[""walk, carry/hold (an object)""]","[""unsafe""]",unsafe,1,"{""normal"": 0, ""unsafe"": 1, ""danger"": 0}","{""normal"": 0.0, ""unsafe"": 1.0, ""danger"": 0.0}",unsafe,unsafe,unsafe,True,False,labeling_yolo_single_frame,single_frame_gt_from_sampled_frame_label,/home/capstone2/zroact-stage2/benchmark2/data/viz_shufflenet_test/test_frame_30fps/climb-over-fence_smart_rgb/images/intrusion_climb-over-fence_rgb_0078_cctv3/intrusion_climb-over-fence_rgb_0078_cctv3_t000016.jpg,,
intrusion_climb-over-fence_rgb_0078_cctv3_f000026,intrusion_climb-over-fence_rgb_0078_cctv3_f000016_000026_000036,climb-over-fence_smart_rgb,intrusion_climb-over-fence_rgb_0078_cctv3,intrusion_candidate,[26],[0.867],"{""start_frame"": 26, ""end_frame"": 26}","[""walk, carry/hold (an object)""]","[""unsafe""]",unsafe,1,"{""normal"": 0, ""unsafe"": 1, ""danger"": 0}","{""normal"": 0.0, ""unsafe"": 1.0, ""danger"": 0.0}",unsafe,unsafe,unsafe,True,False,labeling_yolo_single_frame,single_frame_gt_from_sampled_frame_label,/home/capstone2/zroact-stage2/benchmark2/data/viz_shufflenet_test/test_frame_30fps/climb-over-fence_smart_rgb/images/intrusion_climb-over-fence_rgb_0078_cctv3/intrusion_climb-over-fence_rgb_0078_cctv3_t000026.jpg,,
intrusion_climb-over-fence_rgb_0078_cctv3_f000036,intrusion_climb-over-fence_rgb_0078_cctv3_f000016_000026_000036,climb-over-fence_smart_rgb,intrusion_climb-over-fence_rgb_0078_cctv3,intrusion_candidate,[36],[1.2],"{""start_frame"": 36, ""end_frame"": 36}","[""walk, carry/hold (an object)""]","[""unsafe""]",unsafe,1,"{""normal"": 0, ""unsafe"": 1, ""danger"": 0}","{""normal"": 0.0, ""unsafe"": 1.0, ""danger"": 0.0}",unsafe,unsafe,unsafe,True,False,labeling_yolo_single_frame,single_frame_gt_from_sampled_frame_label,/home/capstone2/zroact-stage2/benchmark2/data/viz_shufflenet_test/test_frame_30fps/climb-over-fence_smart_rgb/images/intrusion_climb-over-fence_rgb_0078_cctv3/intrusion_climb-over-fence_rgb_0078_cctv3_t000036.jpg,,
intrusion_climb-over-fence_rgb_0078_cctv3_f000046,intrusion_climb-over-fence_rgb_0078_cctv3_f000046_000056_000066,climb-over-fence_smart_rgb,intrusion_climb-over-fence_rgb_0078_cctv3,intrusion_candidate,[46],[1.533],"{""start_frame"": 46, ""end_frame"": 46}","[""walk, carry/hold (an object)""]","[""unsafe""]",unsafe,1,"{""normal"": 0, ""unsafe"": 1, ""danger"": 0}","{""normal"": 0.0, ""unsafe"": 1.0, ""danger"": 0.0}",unsafe,unsafe,unsafe,True,False,labeling_yolo_single_frame,single_frame_gt_from_sampled_frame_label,/home/capstone2/zroact-stage2/benchmark2/data/viz_shufflenet_test/test_frame_30fps/climb-over-fence_smart_rgb/images/intrusion_climb-over-fence_rgb_0078_cctv3/intrusion_climb-over-fence_rgb_0078_cctv3_t000046.jpg,,
intrusion_climb-over-fence_rgb_0078_cctv3_f000056,intrusion_climb-over-fence_rgb_0078_cctv3_f000046_000056_000066,climb-over-fence_smart_rgb,intrusion_climb-over-fence_rgb_0078_cctv3,intrusion_candidate,[56],[1.867],"{""start_frame"": 56, ""end_frame"": 56}","[""walk, carry/hold (an object)""]","[""danger""]",danger,1,"{""normal"": 0, ""unsafe"": 0, ""danger"": 1}","{""normal"": 0.0, ""unsafe"": 0.0, ""danger"": 1.0}",danger,danger,danger,True,False,labeling_yolo_single_frame,single_frame_gt_from_sampled_frame_label,/home/capstone2/zroact-stage2/benchmark2/data/viz_shufflenet_test/test_frame_30fps/climb-over-fence_smart_rgb/images/intrusion_climb-over-fence_rgb_0078_cctv3/intrusion_climb-over-fence_rgb_0078_cctv3_t000056.jpg,,
intrusion_climb-over-fence_rgb_0078_cctv3_f000066,intrusion_climb-over-fence_rgb_0078_cctv3_f000046_000056_000066,climb-over-fence_smart_rgb,intrusion_climb-over-fence_rgb_0078_cctv3,intrusion_candidate,[66],[2.2],"{""start_frame"": 66, ""end_frame"": 66}","[""walk, carry/hold (an object)""]","[""danger""]",danger,1,"{""normal"": 0, ""unsafe"": 0, ""danger"": 1}","{""normal"": 0.0, ""unsafe"": 0.0, ""danger"": 1.0}",danger,danger,danger,True,False,labeling_yolo_single_frame,single_frame_gt_from_sampled_frame_label,/home/capstone2/zroact-stage2/benchmark2/data/viz_shufflenet_test/test_frame_30fps/climb-over-fence_smart_rgb/images/intrusion_climb-over-fence_rgb_0078_cctv3/intrusion_climb-over-fence_rgb_0078_cctv3_t000066.jpg,,
intrusion_climb-over-fence_rgb_0078_cctv3_f000076,intrusion_climb-over-fence_rgb_0078_cctv3_f000076_000086_000096,climb-over-fence_smart_rgb,intrusion_climb-over-fence_rgb_0078_cctv3,intrusion_candidate,[76],[2.533],"{""start_frame"": 76, ""end_frame"": 76}","[""walk, carry/hold (an object)""]","[""danger""]",danger,1,"{""normal"": 0, ""unsafe"": 0, ""danger"": 1}","{""normal"": 0.0, ""unsafe"": 0.0, ""danger"": 1.0}",danger,danger,danger,True,False,labeling_yolo_single_frame,single_frame_gt_from_sampled_frame_label,/home/capstone2/zroact-stage2/benchmark2/data/viz_shufflenet_test/test_frame_30fps/climb-over-fence_smart_rgb/images/intrusion_climb-over-fence_rgb_0078_cctv3/intrusion_climb-over-fence_rgb_0078_cctv3_t000076.jpg,,
intrusion_climb-over-fence_rgb_0078_cctv3_f000086,intrusion_climb-over-fence_rgb_0078_cctv3_f000076_000086_000096,climb-over-fence_smart_rgb,intrusion_climb-over-fence_rgb_0078_cctv3,intrusion_candidate,[86],[2.867],"{""start_frame"": 86, ""end_frame"": 86}","[""carry/hold (an object), walk""]","[""danger""]",danger,1,"{""normal"": 0, ""unsafe"": 0, ""danger"": 1}","{""normal"": 0.0, ""unsafe"": 0.0, ""danger"": 1.0}",danger,danger,danger,True,False,labeling_yolo_single_frame,single_frame_gt_from_sampled_frame_label,/home/capstone2/zroact-stage2/benchmark2/data/viz_shufflenet_test/test_frame_30fps/climb-over-fence_smart_rgb/images/intrusion_climb-over-fence_rgb_0078_cctv3/intrusion_climb-over-fence_rgb_0078_cctv3_t000086.jpg,,
intrusion_climb-over-fence_rgb_0078_cctv3_f000096,intrusion_climb-over-fence_rgb_0078_cctv3_f000076_000086_000096,climb-over-fence_smart_rgb,intrusion_climb-over-fence_rgb_0078_cctv3,intrusion_candidate,[96],[3.2],"{""start_frame"": 96, ""end_frame"": 96}","[""walk, carry/hold (an object)""]","[""danger""]",danger,1,"{""normal"": 0, ""unsafe"": 0, ""danger"": 1}","{""normal"": 0.0, ""unsafe"": 0.0, ""danger"": 1.0}",danger,danger,danger,True,False,labeling_yolo_single_frame,single_frame_gt_from_sampled_frame_label,/home/capstone2/zroact-stage2/benchmark2/data/viz_shufflenet_test/test_frame_30fps/climb-over-fence_smart_rgb/images/intrusion_climb-over-fence_rgb_0078_cctv3/intrusion_climb-over-fence_rgb_0078_cctv3_t000096.jpg,,
intrusion_climb-over-fence_rgb_0078_cctv3_f000106,intrusion_climb-over-fence_rgb_0078_cctv3_f000106_000116_000126,climb-over-fence_smart_rgb,intrusion_climb-over-fence_rgb_0078_cctv3,intrusion_candidate,[106],[3.533],"{""start_frame"": 106, ""end_frame"": 106}","[""walk, carry/hold (an object)""]","[""danger""]",danger,1,"{""normal"": 0, ""unsafe"": 0, ""danger"": 1}","{""normal"": 0.0, ""unsafe"": 0.0, ""danger"": 1.0}",danger,danger,danger,True,False,labeling_yolo_single_frame,single_frame_gt_from_sampled_frame_label,/home/capstone2/zroact-stage2/benchmark2/data/viz_shufflenet_test/test_frame_30fps/climb-over-fence_smart_rgb/images/intrusion_climb-over-fence_rgb_0078_cctv3/intrusion_climb-over-fence_rgb_0078_cctv3_t000106.jpg,,
intrusion_climb-over-fence_rgb_0078_cctv3_f000116,intrusion_climb-over-fence_rgb_0078_cctv3_f000106_000116_000126,climb-over-fence_smart_rgb,intrusion_climb-over-fence_rgb_0078_cctv3,intrusion_candidate,[116],[3.867],"{""start_frame"": 116, ""end_frame"": 116}","[""walk, stand""]","[""danger""]",danger,1,"{""normal"": 0, ""unsafe"": 0, ""danger"": 1}","{""normal"": 0.0, ""unsafe"": 0.0, ""danger"": 1.0}",danger,danger,danger,True,False,labeling_yolo_single_frame,single_frame_gt_from_sampled_frame_label,/home/capstone2/zroact-stage2/benchmark2/data/viz_shufflenet_test/test_frame_30fps/climb-over-fence_smart_rgb/images/intrusion_climb-over-fence_rgb_0078_cctv3/intrusion_climb-over-fence_rgb_0078_cctv3_t000116.jpg,,
intrusion_climb-over-fence_rgb_0078_cctv3_f000126,intrusion_climb-over-fence_rgb_0078_cctv3_f000106_000116_000126,climb-over-fence_smart_rgb,intrusion_climb-over-fence_rgb_0078_cctv3,intrusion_candidate,[126],[4.2],"{""start_frame"": 126, ""end_frame"": 126}","[""stand, carry/hold (an object)""]","[""danger""]",danger,1,"{""normal"": 0, ""unsafe"": 0, ""danger"": 1}","{""normal"": 0.0, ""unsafe"": 0.0, ""danger"": 1.0}",danger,danger,danger,True,False,labeling_yolo_single_frame,single_frame_gt_from_sampled_frame_label,/home/capstone2/zroact-stage2/benchmark2/data/viz_shufflenet_test/test_frame_30fps/climb-over-fence_smart_rgb/images/intrusion_climb-over-fence_rgb_0078_cctv3/intrusion_climb-over-fence_rgb_0078_cctv3_t000126.jpg,,
intrusion_climb-over-fence_rgb_0078_cctv3_f000136,intrusion_climb-over-fence_rgb_0078_cctv3_f000136_000146_000156,climb-over-fence_smart_rgb,intrusion_climb-over-fence_rgb_0078_cctv3,intrusion_candidate,[136],[4.533],"{""start_frame"": 136, ""end_frame"": 136}","[""walk, carry/hold (an object)""]","[""danger""]",danger,1,"{""normal"": 0, ""unsafe"": 0, ""danger"": 1}","{""normal"": 0.0, ""unsafe"": 0.0, ""danger"": 1.0}",danger,danger,danger,True,False,labeling_yolo_single_frame,single_frame_gt_from_sampled_frame_label,/home/capstone2/zroact-stage2/benchmark2/data/viz_shufflenet_test/test_frame_30fps/climb-over-fence_smart_rgb/images/intrusion_climb-over-fence_rgb_0078_cctv3/intrusion_climb-over-fence_rgb_0078_cctv3_t000136.jpg,,
intrusion_climb-over-fence_rgb_0078_cctv3_f000146,intrusion_climb-over-fence_rgb_0078_cctv3_f000136_000146_000156,climb-over-fence_smart_rgb,intrusion_climb-over-fence_rgb_0078_cctv3,intrusion_candidate,[146],[4.867],"{""start_frame"": 146, ""end_frame"": 146}","[""walk, carry/hold (an object)""]","[""danger""]",danger,1,"{""normal"": 0, ""unsafe"": 0, ""danger"": 1}","{""normal"": 0.0, ""unsafe"": 0.0, ""danger"": 1.0}",danger,danger,danger,True,False,labeling_yolo_single_frame,single_frame_gt_from_sampled_frame_label,/home/capstone2/zroact-stage2/benchmark2/data/viz_shufflenet_test/test_frame_30fps/climb-over-fence_smart_rgb/images/intrusion_climb-over-fence_rgb_0078_cctv3/intrusion_climb-over-fence_rgb_0078_cctv3_t000146.jpg,,
intrusion_climb-over-fence_rgb_0078_cctv3_f000156,intrusion_climb-over-fence_rgb_0078_cctv3_f000136_000146_000156,climb-over-fence_smart_rgb,intrusion_climb-over-fence_rgb_0078_cctv3,intrusion_candidate,[156],[5.2],"{""start_frame"": 156, ""end_frame"": 156}","[""walk, stand""]","[""danger""]",danger,1,"{""normal"": 0, ""unsafe"": 0, ""danger"": 1}","{""normal"": 0.0, ""unsafe"": 0.0, ""danger"": 1.0}",danger,danger,danger,True,False,labeling_yolo_single_frame,single_frame_gt_from_sampled_frame_label,/home/capstone2/zroact-stage2/benchmark2/data/viz_shufflenet_test/test_frame_30fps/climb-over-fence_smart_rgb/images/intrusion_climb-over-fence_rgb_0078_cctv3/intrusion_climb-over-fence_rgb_0078_cctv3_t000156.jpg,,
intrusion_climb-over-fence_rgb_0078_cctv3_f000166,intrusion_climb-over-fence_rgb_0078_cctv3_f000166_000176_000186,climb-over-fence_smart_rgb,intrusion_climb-over-fence_rgb_0078_cctv3,intrusion_candidate,[166],[5.533],"{""start_frame"": 166, ""end_frame"": 166}","[""stand, carry/hold (an object)""]","[""danger""]",danger,1,"{""normal"": 0, ""unsafe"": 0, ""danger"": 1}","{""normal"": 0.0, ""unsafe"": 0.0, ""danger"": 1.0}",danger,danger,danger,True,False,labeling_yolo_single_frame,single_frame_gt_from_sampled_frame_label,/home/capstone2/zroact-stage2/benchmark2/data/viz_shufflenet_test/test_frame_30fps/climb-over-fence_smart_rgb/images/intrusion_climb-over-fence_rgb_0078_cctv3/intrusion_climb-over-fence_rgb_0078_cctv3_t000166.jpg,,
intrusion_climb-over-fence_rgb_0078_cctv3_f000176,intrusion_climb-over-fence_rgb_0078_cctv3_f000166_000176_000186,climb-over-fence_smart_rgb,intrusion_climb-over-fence_rgb_0078_cctv3,intrusion_candidate,[176],[5.867],"{""start_frame"": 176, ""end_frame"": 176}","[""stand, carry/hold (an object)""]","[""danger""]",danger,1,"{""normal"": 0, ""unsafe"": 0, ""danger"": 1}","{""normal"": 0.0, ""unsafe"": 0.0, ""danger"": 1.0}",danger,danger,danger,True,False,labeling_yolo_single_frame,single_frame_gt_from_sampled_frame_label,/home/capstone2/zroact-stage2/benchmark2/data/viz_shufflenet_test/test_frame_30fps/climb-over-fence_smart_rgb/images/intrusion_climb-over-fence_rgb_0078_cctv3/intrusion_climb-over-fence_rgb_0078_cctv3_t000176.jpg,,
intrusion_climb-over-fence_rgb_0078_cctv3_f000186,intrusion_climb-over-fence_rgb_0078_cctv3_f000166_000176_000186,climb-over-fence_smart_rgb,intrusion_climb-over-fence_rgb_0078_cctv3,intrusion_candidate,[186],[6.2],"{""start_frame"": 186, ""end_frame"": 186}","[""stand, carry/hold (an object)""]","[""danger""]",danger,1,"{""normal"": 0, ""unsafe"": 0, ""danger"": 1}","{""normal"": 0.0, ""unsafe"": 0.0, ""danger"": 1.0}",danger,danger,danger,True,False,labeling_yolo_single_frame,single_frame_gt_from_sampled_frame_label,/home/capstone2/zroact-stage2/benchmark2/data/viz_shufflenet_test/test_frame_30fps/climb-over-fence_smart_rgb/images/intrusion_climb-over-fence_rgb_0078_cctv3/intrusion_climb-over-fence_rgb_0078_cctv3_t000186.jpg,,
intrusion_climb-over-fence_rgb_0078_cctv3_f000196,intrusion_climb-over-fence_rgb_0078_cctv3_f000196_000206_000216,climb-over-fence_smart_rgb,intrusion_climb-over-fence_rgb_0078_cctv3,intrusion_candidate,[196],[6.533],"{""start_frame"": 196, ""end_frame"": 196}","[""stand, answer phone""]","[""danger""]",danger,1,"{""normal"": 0, ""unsafe"": 0, ""danger"": 1}","{""normal"": 0.0, ""unsafe"": 0.0, ""danger"": 1.0}",danger,danger,danger,True,False,labeling_yolo_single_frame,single_frame_gt_from_sampled_frame_label,/home/capstone2/zroact-stage2/benchmark2/data/viz_shufflenet_test/test_frame_30fps/climb-over-fence_smart_rgb/images/intrusion_climb-over-fence_rgb_0078_cctv3/intrusion_climb-over-fence_rgb_0078_cctv3_t000196.jpg,,
intrusion_climb-over-fence_rgb_0078_cctv3_f000206,intrusion_climb-over-fence_rgb_0078_cctv3_f000196_000206_000216,climb-over-fence_smart_rgb,intrusion_climb-over-fence_rgb_0078_cctv3,intrusion_candidate,[206],[6.867],"{""start_frame"": 206, ""end_frame"": 206}","[""walk, carry/hold (an object)""]","[""danger""]",danger,1,"{""normal"": 0, ""unsafe"": 0, ""danger"": 1}","{""normal"": 0.0, ""unsafe"": 0.0, ""danger"": 1.0}",danger,danger,danger,True,False,labeling_yolo_single_frame,single_frame_gt_from_sampled_frame_label,/home/capstone2/zroact-stage2/benchmark2/data/viz_shufflenet_test/test_frame_30fps/climb-over-fence_smart_rgb/images/intrusion_climb-over-fence_rgb_0078_cctv3/intrusion_climb-over-fence_rgb_0078_cctv3_t000206.jpg,,
intrusion_climb-over-fence_rgb_0078_cctv3_f000216,intrusion_climb-over-fence_rgb_0078_cctv3_f000196_000206_000216,climb-over-fence_smart_rgb,intrusion_climb-over-fence_rgb_0078_cctv3,intrusion_candidate,[216],[7.2],"{""start_frame"": 216, ""end_frame"": 216}","[""walk, carry/hold (an object)""]","[""danger""]",danger,1,"{""normal"": 0, ""unsafe"": 0, ""danger"": 1}","{""normal"": 0.0, ""unsafe"": 0.0, ""danger"": 1.0}",danger,danger,danger,True,False,labeling_yolo_single_frame,single_frame_gt_from_sampled_frame_label,/home/capstone2/zroact-stage2/benchmark2/data/viz_shufflenet_test/test_frame_30fps/climb-over-fence_smart_rgb/images/intrusion_climb-over-fence_rgb_0078_cctv3/intrusion_climb-over-fence_rgb_0078_cctv3_t000216.jpg,,
intrusion_climb-over-fence_rgb_0078_cctv3_f000226,intrusion_climb-over-fence_rgb_0078_cctv3_f000226_000236_000246,climb-over-fence_smart_rgb,intrusion_climb-over-fence_rgb_0078_cctv3,intrusion_candidate,[226],[7.533],"{""start_frame"": 226, ""end_frame"": 226}","[""stand, walk""]","[""danger""]",danger,1,"{""normal"": 0, ""unsafe"": 0, ""danger"": 1}","{""normal"": 0.0, ""unsafe"": 0.0, ""danger"": 1.0}",danger,danger,danger,True,False,labeling_yolo_single_frame,single_frame_gt_from_sampled_frame_label,/home/capstone2/zroact-stage2/benchmark2/data/viz_shufflenet_test/test_frame_30fps/climb-over-fence_smart_rgb/images/intrusion_climb-over-fence_rgb_0078_cctv3/intrusion_climb-over-fence_rgb_0078_cctv3_t000226.jpg,,
intrusion_climb-over-fence_rgb_0078_cctv3_f000236,intrusion_climb-over-fence_rgb_0078_cctv3_f000226_000236_000246,climb-over-fence_smart_rgb,intrusion_climb-over-fence_rgb_0078_cctv3,intrusion_candidate,[236],[7.867],"{""start_frame"": 236, ""end_frame"": 236}","[""stand, carry/hold (an object)""]","[""danger""]",danger,1,"{""normal"": 0, ""unsafe"": 0, ""danger"": 1}","{""normal"": 0.0, ""unsafe"": 0.0, ""danger"": 1.0}",danger,danger,danger,True,False,labeling_yolo_single_frame,single_frame_gt_from_sampled_frame_label,/home/capstone2/zroact-stage2/benchmark2/data/viz_shufflenet_test/test_frame_30fps/climb-over-fence_smart_rgb/images/intrusion_climb-over-fence_rgb_0078_cctv3/intrusion_climb-over-fence_rgb_0078_cctv3_t000236.jpg,,
intrusion_climb-over-fence_rgb_0078_cctv3_f000246,intrusion_climb-over-fence_rgb_0078_cctv3_f000226_000236_000246,climb-over-fence_smart_rgb,intrusion_climb-over-fence_rgb_0078_cctv3,intrusion_candidate,[246],[8.2],"{""start_frame"": 246, ""end_frame"": 246}","[""stand, answer phone""]","[""danger""]",danger,1,"{""normal"": 0, ""unsafe"": 0, ""danger"": 1}","{""normal"": 0.0, ""unsafe"": 0.0, ""danger"": 1.0}",danger,danger,danger,True,False,labeling_yolo_single_frame,single_frame_gt_from_sampled_frame_label,/home/capstone2/zroact-stage2/benchmark2/data/viz_shufflenet_test/test_frame_30fps/climb-over-fence_smart_rgb/images/intrusion_climb-over-fence_rgb_0078_cctv3/intrusion_climb-over-fence_rgb_0078_cctv3_t000246.jpg,,
intrusion_climb-over-fence_rgb_0078_cctv3_f000256,intrusion_climb-over-fence_rgb_0078_cctv3_f000256_000266_000276,climb-over-fence_smart_rgb,intrusion_climb-over-fence_rgb_0078_cctv3,intrusion_candidate,[256],[8.533],"{""start_frame"": 256, ""end_frame"": 256}","[""stand, carry/hold (an object)""]","[""danger""]",danger,1,"{""normal"": 0, ""unsafe"": 0, ""danger"": 1}","{""normal"": 0.0, ""unsafe"": 0.0, ""danger"": 1.0}",danger,danger,danger,True,False,labeling_yolo_single_frame,single_frame_gt_from_sampled_frame_label,/home/capstone2/zroact-stage2/benchmark2/data/viz_shufflenet_test/test_frame_30fps/climb-over-fence_smart_rgb/images/intrusion_climb-over-fence_rgb_0078_cctv3/intrusion_climb-over-fence_rgb_0078_cctv3_t000256.jpg,,
intrusion_climb-over-fence_rgb_0078_cctv3_f000266,intrusion_climb-over-fence_rgb_0078_cctv3_f000256_000266_000276,climb-over-fence_smart_rgb,intrusion_climb-over-fence_rgb_0078_cctv3,intrusion_candidate,[266],[8.867],"{""start_frame"": 266, ""end_frame"": 266}","[""stand, carry/hold (an object)""]","[""danger""]",danger,1,"{""normal"": 0, ""unsafe"": 0, ""danger"": 1}","{""normal"": 0.0, ""unsafe"": 0.0, ""danger"": 1.0}",danger,danger,danger,True,False,labeling_yolo_single_frame,single_frame_gt_from_sampled_frame_label,/home/capstone2/zroact-stage2/benchmark2/data/viz_shufflenet_test/test_frame_30fps/climb-over-fence_smart_rgb/images/intrusion_climb-over-fence_rgb_0078_cctv3/intrusion_climb-over-fence_rgb_0078_cctv3_t000266.jpg,,
intrusion_climb-over-fence_rgb_0078_cctv3_f000276,intrusion_climb-over-fence_rgb_0078_cctv3_f000256_000266_000276,climb-over-fence_smart_rgb,intrusion_climb-over-fence_rgb_0078_cctv3,intrusion_candidate,[276],[9.2],"{""start_frame"": 276, ""end_frame"": 276}","[""bend/bow (at the waist), stand""]","[""danger""]",danger,1,"{""normal"": 0, ""unsafe"": 0, ""danger"": 1}","{""normal"": 0.0, ""unsafe"": 0.0, ""danger"": 1.0}",danger,danger,danger,True,False,labeling_yolo_single_frame,single_frame_gt_from_sampled_frame_label,/home/capstone2/zroact-stage2/benchmark2/data/viz_shufflenet_test/test_frame_30fps/climb-over-fence_smart_rgb/images/intrusion_climb-over-fence_rgb_0078_cctv3/intrusion_climb-over-fence_rgb_0078_cctv3_t000276.jpg,,
intrusion_climb-over-fence_rgb_0078_cctv3_f000286,intrusion_climb-over-fence_rgb_0078_cctv3_f000286_000296_000306,climb-over-fence_smart_rgb,intrusion_climb-over-fence_rgb_0078_cctv3,intrusion_candidate,[286],[9.533],"{""start_frame"": 286, ""end_frame"": 286}","[""stand, carry/hold (an object)""]","[""danger""]",danger,1,"{""normal"": 0, ""unsafe"": 0, ""danger"": 1}","{""normal"": 0.0, ""unsafe"": 0.0, ""danger"": 1.0}",danger,danger,danger,True,False,labeling_yolo_single_frame,single_frame_gt_from_sampled_frame_label,/home/capstone2/zroact-stage2/benchmark2/data/viz_shufflenet_test/test_frame_30fps/climb-over-fence_smart_rgb/images/intrusion_climb-over-fence_rgb_0078_cctv3/intrusion_climb-over-fence_rgb_0078_cctv3_t000286.jpg,,
intrusion_climb-over-fence_rgb_0078_cctv3_f000296,intrusion_climb-over-fence_rgb_0078_cctv3_f000286_000296_000306,climb-over-fence_smart_rgb,intrusion_climb-over-fence_rgb_0078_cctv3,intrusion_candidate,[296],[9.867],"{""start_frame"": 296, ""end_frame"": 296}","[""stand, carry/hold (an object)""]","[""danger""]",danger,1,"{""normal"": 0, ""unsafe"": 0, ""danger"": 1}","{""normal"": 0.0, ""unsafe"": 0.0, ""danger"": 1.0}",danger,danger,danger,True,False,labeling_yolo_single_frame,single_frame_gt_from_sampled_frame_label,/home/capstone2/zroact-stage2/benchmark2/data/viz_shufflenet_test/test_frame_30fps/climb-over-fence_smart_rgb/images/intrusion_climb-over-fence_rgb_0078_cctv3/intrusion_climb-over-fence_rgb_0078_cctv3_t000296.jpg,,
intrusion_climb-over-fence_rgb_0078_cctv3_f000306,intrusion_climb-over-fence_rgb_0078_cctv3_f000286_000296_000306,climb-over-fence_smart_rgb,intrusion_climb-over-fence_rgb_0078_cctv3,intrusion_candidate,[306],[10.2],"{""start_frame"": 306, ""end_frame"": 306}","[""stand, carry/hold (an object)""]","[""danger""]",danger,1,"{""normal"": 0, ""unsafe"": 0, ""danger"": 1}","{""normal"": 0.0, ""unsafe"": 0.0, ""danger"": 1.0}",danger,danger,danger,True,False,labeling_yolo_single_frame,single_frame_gt_from_sampled_frame_label,/home/capstone2/zroact-stage2/benchmark2/data/viz_shufflenet_test/test_frame_30fps/climb-over-fence_smart_rgb/images/intrusion_climb-over-fence_rgb_0078_cctv3/intrusion_climb-over-fence_rgb_0078_cctv3_t000306.jpg,,
intrusion_climb-over-fence_rgb_0078_cctv3_f000316,intrusion_climb-over-fence_rgb_0078_cctv3_f000316_000326_000336,climb-over-fence_smart_rgb,intrusion_climb-over-fence_rgb_0078_cctv3,intrusion_candidate,[316],[10.533],"{""start_frame"": 316, ""end_frame"": 316}","[""stand, carry/hold (an object)""]","[""danger""]",danger,1,"{""normal"": 0, ""unsafe"": 0, ""danger"": 1}","{""normal"": 0.0, ""unsafe"": 0.0, ""danger"": 1.0}",danger,danger,danger,True,False,labeling_yolo_single_frame,single_frame_gt_from_sampled_frame_label,/home/capstone2/zroact-stage2/benchmark2/data/viz_shufflenet_test/test_frame_30fps/climb-over-fence_smart_rgb/images/intrusion_climb-over-fence_rgb_0078_cctv3/intrusion_climb-over-fence_rgb_0078_cctv3_t000316.jpg,,
intrusion_climb-over-fence_rgb_0078_cctv3_f000326,intrusion_climb-over-fence_rgb_0078_cctv3_f000316_000326_000336,climb-over-fence_smart_rgb,intrusion_climb-over-fence_rgb_0078_cctv3,intrusion_candidate,[326],[10.867],"{""start_frame"": 326, ""end_frame"": 326}","[""stand, carry/hold (an object)""]","[""danger""]",danger,1,"{""normal"": 0, ""unsafe"": 0, ""danger"": 1}","{""normal"": 0.0, ""unsafe"": 0.0, ""danger"": 1.0}",danger,danger,danger,True,False,labeling_yolo_single_frame,single_frame_gt_from_sampled_frame_label,/home/capstone2/zroact-stage2/benchmark2/data/viz_shufflenet_test/test_frame_30fps/climb-over-fence_smart_rgb/images/intrusion_climb-over-fence_rgb_0078_cctv3/intrusion_climb-over-fence_rgb_0078_cctv3_t000326.jpg,,
intrusion_climb-over-fence_rgb_0078_cctv3_f000336,intrusion_climb-over-fence_rgb_0078_cctv3_f000316_000326_000336,climb-over-fence_smart_rgb,intrusion_climb-over-fence_rgb_0078_cctv3,intrusion_candidate,[336],[11.2],"{""start_frame"": 336, ""end_frame"": 336}","[""stand, carry/hold (an object)""]","[""danger""]",danger,1,"{""normal"": 0, ""unsafe"": 0, ""danger"": 1}","{""normal"": 0.0, ""unsafe"": 0.0, ""danger"": 1.0}",danger,danger,danger,True,False,labeling_yolo_single_frame,single_frame_gt_from_sampled_frame_label,/home/capstone2/zroact-stage2/benchmark2/data/viz_shufflenet_test/test_frame_30fps/climb-over-fence_smart_rgb/images/intrusion_climb-over-fence_rgb_0078_cctv3/intrusion_climb-over-fence_rgb_0078_cctv3_t000336.jpg,,
intrusion_climb-over-fence_rgb_0078_cctv3_f000346,intrusion_climb-over-fence_rgb_0078_cctv3_f000346_000356_000366,climb-over-fence_smart_rgb,intrusion_climb-over-fence_rgb_0078_cctv3,intrusion_candidate,[346],[11.533],"{""start_frame"": 346, ""end_frame"": 346}","[""stand, carry/hold (an object)""]","[""danger""]",danger,1,"{""normal"": 0, ""unsafe"": 0, ""danger"": 1}","{""normal"": 0.0, ""unsafe"": 0.0, ""danger"": 1.0}",danger,danger,danger,True,False,labeling_yolo_single_frame,single_frame_gt_from_sampled_frame_label,/home/capstone2/zroact-stage2/benchmark2/data/viz_shufflenet_test/test_frame_30fps/climb-over-fence_smart_rgb/images/intrusion_climb-over-fence_rgb_0078_cctv3/intrusion_climb-over-fence_rgb_0078_cctv3_t000346.jpg,,
intrusion_climb-over-fence_rgb_0078_cctv3_f000356,intrusion_climb-over-fence_rgb_0078_cctv3_f000346_000356_000366,climb-over-fence_smart_rgb,intrusion_climb-over-fence_rgb_0078_cctv3,intrusion_candidate,[356],[11.867],"{""start_frame"": 356, ""end_frame"": 356}","[""stand, carry/hold (an object)""]","[""danger""]",danger,1,"{""normal"": 0, ""unsafe"": 0, ""danger"": 1}","{""normal"": 0.0, ""unsafe"": 0.0, ""danger"": 1.0}",danger,danger,danger,True,False,labeling_yolo_single_frame,single_frame_gt_from_sampled_frame_label,/home/capstone2/zroact-stage2/benchmark2/data/viz_shufflenet_test/test_frame_30fps/climb-over-fence_smart_rgb/images/intrusion_climb-over-fence_rgb_0078_cctv3/intrusion_climb-over-fence_rgb_0078_cctv3_t000356.jpg,,
intrusion_climb-over-fence_rgb_0078_cctv3_f000366,intrusion_climb-over-fence_rgb_0078_cctv3_f000346_000356_000366,climb-over-fence_smart_rgb,intrusion_climb-over-fence_rgb_0078_cctv3,intrusion_candidate,[366],[12.2],"{""start_frame"": 366, ""end_frame"": 366}","[""stand, walk""]","[""danger""]",danger,1,"{""normal"": 0, ""unsafe"": 0, ""danger"": 1}","{""normal"": 0.0, ""unsafe"": 0.0, ""danger"": 1.0}",danger,danger,danger,True,False,labeling_yolo_single_frame,single_frame_gt_from_sampled_frame_label,/home/capstone2/zroact-stage2/benchmark2/data/viz_shufflenet_test/test_frame_30fps/climb-over-fence_smart_rgb/images/intrusion_climb-over-fence_rgb_0078_cctv3/intrusion_climb-over-fence_rgb_0078_cctv3_t000366.jpg,,
intrusion_climb-over-fence_rgb_0078_cctv3_f000376,intrusion_climb-over-fence_rgb_0078_cctv3_f000376_000386_000396,climb-over-fence_smart_rgb,intrusion_climb-over-fence_rgb_0078_cctv3,intrusion_candidate,[376],[12.533],"{""start_frame"": 376, ""end_frame"": 376}","[""walk, stand""]","[""danger""]",danger,1,"{""normal"": 0, ""unsafe"": 0, ""danger"": 1}","{""normal"": 0.0, ""unsafe"": 0.0, ""danger"": 1.0}",danger,danger,danger,True,False,labeling_yolo_single_frame,single_frame_gt_from_sampled_frame_label,/home/capstone2/zroact-stage2/benchmark2/data/viz_shufflenet_test/test_frame_30fps/climb-over-fence_smart_rgb/images/intrusion_climb-over-fence_rgb_0078_cctv3/intrusion_climb-over-fence_rgb_0078_cctv3_t000376.jpg,,
intrusion_climb-over-fence_rgb_0078_cctv3_f000386,intrusion_climb-over-fence_rgb_0078_cctv3_f000376_000386_000396,climb-over-fence_smart_rgb,intrusion_climb-over-fence_rgb_0078_cctv3,intrusion_candidate,[386],[12.867],"{""start_frame"": 386, ""end_frame"": 386}","[""stand, walk""]","[""danger""]",danger,1,"{""normal"": 0, ""unsafe"": 0, ""danger"": 1}","{""normal"": 0.0, ""unsafe"": 0.0, ""danger"": 1.0}",danger,danger,danger,True,False,labeling_yolo_single_frame,single_frame_gt_from_sampled_frame_label,/home/capstone2/zroact-stage2/benchmark2/data/viz_shufflenet_test/test_frame_30fps/climb-over-fence_smart_rgb/images/intrusion_climb-over-fence_rgb_0078_cctv3/intrusion_climb-over-fence_rgb_0078_cctv3_t000386.jpg,,
intrusion_climb-over-fence_rgb_0078_cctv3_f000396,intrusion_climb-over-fence_rgb_0078_cctv3_f000376_000386_000396,climb-over-fence_smart_rgb,intrusion_climb-over-fence_rgb_0078_cctv3,intrusion_candidate,[396],[13.2],"{""start_frame"": 396, ""end_frame"": 396}","[""stand, walk""]","[""danger""]",danger,1,"{""normal"": 0, ""unsafe"": 0, ""danger"": 1}","{""normal"": 0.0, ""unsafe"": 0.0, ""danger"": 1.0}",danger,danger,danger,True,False,labeling_yolo_single_frame,single_frame_gt_from_sampled_frame_label,/home/capstone2/zroact-stage2/benchmark2/data/viz_shufflenet_test/test_frame_30fps/climb-over-fence_smart_rgb/images/intrusion_climb-over-fence_rgb_0078_cctv3/intrusion_climb-over-fence_rgb_0078_cctv3_t000396.jpg,,
intrusion_climb-over-fence_rgb_0078_cctv3_f000406,intrusion_climb-over-fence_rgb_0078_cctv3_f000406_000416_000426,climb-over-fence_smart_rgb,intrusion_climb-over-fence_rgb_0078_cctv3,intrusion_candidate,[406],[13.533],"{""start_frame"": 406, ""end_frame"": 406}","[""stand""]","[""danger""]",danger,1,"{""normal"": 0, ""unsafe"": 0, ""danger"": 1}","{""normal"": 0.0, ""unsafe"": 0.0, ""danger"": 1.0}",danger,danger,danger,True,False,labeling_yolo_single_frame,single_frame_gt_from_sampled_frame_label,/home/capstone2/zroact-stage2/benchmark2/data/viz_shufflenet_test/test_frame_30fps/climb-over-fence_smart_rgb/images/intrusion_climb-over-fence_rgb_0078_cctv3/intrusion_climb-over-fence_rgb_0078_cctv3_t000406.jpg,,
intrusion_climb-over-fence_rgb_0078_cctv3_f000416,intrusion_climb-over-fence_rgb_0078_cctv3_f000406_000416_000426,climb-over-fence_smart_rgb,intrusion_climb-over-fence_rgb_0078_cctv3,intrusion_candidate,[416],[13.867],"{""start_frame"": 416, ""end_frame"": 416}","[""walk, stand""]","[""danger""]",danger,1,"{""normal"": 0, ""unsafe"": 0, ""danger"": 1}","{""normal"": 0.0, ""unsafe"": 0.0, ""danger"": 1.0}",danger,danger,danger,True,False,labeling_yolo_single_frame,single_frame_gt_from_sampled_frame_label,/home/capstone2/zroact-stage2/benchmark2/data/viz_shufflenet_test/test_frame_30fps/climb-over-fence_smart_rgb/images/intrusion_climb-over-fence_rgb_0078_cctv3/intrusion_climb-over-fence_rgb_0078_cctv3_t000416.jpg,,
intrusion_climb-over-fence_rgb_0078_cctv3_f000426,intrusion_climb-over-fence_rgb_0078_cctv3_f000406_000416_000426,climb-over-fence_smart_rgb,intrusion_climb-over-fence_rgb_0078_cctv3,intrusion_candidate,[426],[14.2],"{""start_frame"": 426, ""end_frame"": 426}","[""stand, walk""]","[""danger""]",danger,1,"{""normal"": 0, ""unsafe"": 0, ""danger"": 1}","{""normal"": 0.0, ""unsafe"": 0.0, ""danger"": 1.0}",danger,danger,danger,True,False,labeling_yolo_single_frame,single_frame_gt_from_sampled_frame_label,/home/capstone2/zroact-stage2/benchmark2/data/viz_shufflenet_test/test_frame_30fps/climb-over-fence_smart_rgb/images/intrusion_climb-over-fence_rgb_0078_cctv3/intrusion_climb-over-fence_rgb_0078_cctv3_t000426.jpg,,
intrusion_climb-over-fence_rgb_0078_cctv3_f000436,intrusion_climb-over-fence_rgb_0078_cctv3_f000436_000446_000456,climb-over-fence_smart_rgb,intrusion_climb-over-fence_rgb_0078_cctv3,intrusion_candidate,[436],[14.533],"{""start_frame"": 436, ""end_frame"": 436}","[""stand, walk""]","[""danger""]",danger,1,"{""normal"": 0, ""unsafe"": 0, ""danger"": 1}","{""normal"": 0.0, ""unsafe"": 0.0, ""danger"": 1.0}",danger,danger,danger,True,False,labeling_yolo_single_frame,single_frame_gt_from_sampled_frame_label,/home/capstone2/zroact-stage2/benchmark2/data/viz_shufflenet_test/test_frame_30fps/climb-over-fence_smart_rgb/images/intrusion_climb-over-fence_rgb_0078_cctv3/intrusion_climb-over-fence_rgb_0078_cctv3_t000436.jpg,,
intrusion_climb-over-fence_rgb_0078_cctv3_f000446,intrusion_climb-over-fence_rgb_0078_cctv3_f000436_000446_000456,climb-over-fence_smart_rgb,intrusion_climb-over-fence_rgb_0078_cctv3,intrusion_candidate,[446],[14.867],"{""start_frame"": 446, ""end_frame"": 446}","[""stand, carry/hold (an object)""]","[""danger""]",danger,1,"{""normal"": 0, ""unsafe"": 0, ""danger"": 1}","{""normal"": 0.0, ""unsafe"": 0.0, ""danger"": 1.0}",danger,danger,danger,True,False,labeling_yolo_single_frame,single_frame_gt_from_sampled_frame_label,/home/capstone2/zroact-stage2/benchmark2/data/viz_shufflenet_test/test_frame_30fps/climb-over-fence_smart_rgb/images/intrusion_climb-over-fence_rgb_0078_cctv3/intrusion_climb-over-fence_rgb_0078_cctv3_t000446.jpg,,
intrusion_climb-over-fence_rgb_0078_cctv3_f000456,intrusion_climb-over-fence_rgb_0078_cctv3_f000436_000446_000456,climb-over-fence_smart_rgb,intrusion_climb-over-fence_rgb_0078_cctv3,intrusion_candidate,[456],[15.2],"{""start_frame"": 456, ""end_frame"": 456}","[""stand, carry/hold (an object)""]","[""danger""]",danger,1,"{""normal"": 0, ""unsafe"": 0, ""danger"": 1}","{""normal"": 0.0, ""unsafe"": 0.0, ""danger"": 1.0}",danger,danger,danger,True,False,labeling_yolo_single_frame,single_frame_gt_from_sampled_frame_label,/home/capstone2/zroact-stage2/benchmark2/data/viz_shufflenet_test/test_frame_30fps/climb-over-fence_smart_rgb/images/intrusion_climb-over-fence_rgb_0078_cctv3/intrusion_climb-over-fence_rgb_0078_cctv3_t000456.jpg,,
intrusion_climb-over-fence_rgb_0079_cctv3_f000016,intrusion_climb-over-fence_rgb_0079_cctv3_f000016_000026_000036,climb-over-fence_smart_rgb,intrusion_climb-over-fence_rgb_0079_cctv3,intrusion_candidate,[16],[0.533],"{""start_frame"": 16, ""end_frame"": 16}","[""walk, stand""]","[""unsafe""]",unsafe,1,"{""normal"": 0, ""unsafe"": 1, ""danger"": 0}","{""normal"": 0.0, ""unsafe"": 1.0, ""danger"": 0.0}",unsafe,unsafe,unsafe,True,False,labeling_yolo_single_frame,single_frame_gt_from_sampled_frame_label,/home/capstone2/zroact-stage2/benchmark2/data/viz_shufflenet_test/test_frame_30fps/climb-over-fence_smart_rgb/images/intrusion_climb-over-fence_rgb_0079_cctv3/intrusion_climb-over-fence_rgb_0079_cctv3_t000016.jpg,,
intrusion_climb-over-fence_rgb_0079_cctv3_f000026,intrusion_climb-over-fence_rgb_0079_cctv3_f000016_000026_000036,climb-over-fence_smart_rgb,intrusion_climb-over-fence_rgb_0079_cctv3,intrusion_candidate,[26],[0.867],"{""start_frame"": 26, ""end_frame"": 26}","[""walk, carry/hold (an object)""]","[""danger""]",danger,1,"{""normal"": 0, ""unsafe"": 0, ""danger"": 1}","{""normal"": 0.0, ""unsafe"": 0.0, ""danger"": 1.0}",danger,danger,danger,True,False,labeling_yolo_single_frame,single_frame_gt_from_sampled_frame_label,/home/capstone2/zroact-stage2/benchmark2/data/viz_shufflenet_test/test_frame_30fps/climb-over-fence_smart_rgb/images/intrusion_climb-over-fence_rgb_0079_cctv3/intrusion_climb-over-fence_rgb_0079_cctv3_t000026.jpg,,
intrusion_climb-over-fence_rgb_0079_cctv3_f000036,intrusion_climb-over-fence_rgb_0079_cctv3_f000016_000026_000036,climb-over-fence_smart_rgb,intrusion_climb-over-fence_rgb_0079_cctv3,intrusion_candidate,[36],[1.2],"{""start_frame"": 36, ""end_frame"": 36}","[""walk, carry/hold (an object)""]","[""danger""]",danger,1,"{""normal"": 0, ""unsafe"": 0, ""danger"": 1}","{""normal"": 0.0, ""unsafe"": 0.0, ""danger"": 1.0}",danger,danger,danger,True,False,labeling_yolo_single_frame,single_frame_gt_from_sampled_frame_label,/home/capstone2/zroact-stage2/benchmark2/data/viz_shufflenet_test/test_frame_30fps/climb-over-fence_smart_rgb/images/intrusion_climb-over-fence_rgb_0079_cctv3/intrusion_climb-over-fence_rgb_0079_cctv3_t000036.jpg,,
intrusion_climb-over-fence_rgb_0079_cctv3_f000046,intrusion_climb-over-fence_rgb_0079_cctv3_f000046_000056_000066,climb-over-fence_smart_rgb,intrusion_climb-over-fence_rgb_0079_cctv3,intrusion_candidate,[46],[1.533],"{""start_frame"": 46, ""end_frame"": 46}","[""walk, carry/hold (an object)""]","[""danger""]",danger,1,"{""normal"": 0, ""unsafe"": 0, ""danger"": 1}","{""normal"": 0.0, ""unsafe"": 0.0, ""danger"": 1.0}",danger,danger,danger,True,False,labeling_yolo_single_frame,single_frame_gt_from_sampled_frame_label,/home/capstone2/zroact-stage2/benchmark2/data/viz_shufflenet_test/test_frame_30fps/climb-over-fence_smart_rgb/images/intrusion_climb-over-fence_rgb_0079_cctv3/intrusion_climb-over-fence_rgb_0079_cctv3_t000046.jpg,,
intrusion_climb-over-fence_rgb_0079_cctv3_f000056,intrusion_climb-over-fence_rgb_0079_cctv3_f000046_000056_000066,climb-over-fence_smart_rgb,intrusion_climb-over-fence_rgb_0079_cctv3,intrusion_candidate,[56],[1.867],"{""start_frame"": 56, ""end_frame"": 56}","[""walk, carry/hold (an object)""]","[""danger""]",danger,1,"{""normal"": 0, ""unsafe"": 0, ""danger"": 1}","{""normal"": 0.0, ""unsafe"": 0.0, ""danger"": 1.0}",danger,danger,danger,True,False,labeling_yolo_single_frame,single_frame_gt_from_sampled_frame_label,/home/capstone2/zroact-stage2/benchmark2/data/viz_shufflenet_test/test_frame_30fps/climb-over-fence_smart_rgb/images/intrusion_climb-over-fence_rgb_0079_cctv3/intrusion_climb-over-fence_rgb_0079_cctv3_t000056.jpg,,
intrusion_climb-over-fence_rgb_0079_cctv3_f000066,intrusion_climb-over-fence_rgb_0079_cctv3_f000046_000056_000066,climb-over-fence_smart_rgb,intrusion_climb-over-fence_rgb_0079_cctv3,intrusion_candidate,[66],[2.2],"{""start_frame"": 66, ""end_frame"": 66}","[""walk, carry/hold (an object)""]","[""danger""]",danger,1,"{""normal"": 0, ""unsafe"": 0, ""danger"": 1}","{""normal"": 0.0, ""unsafe"": 0.0, ""danger"": 1.0}",danger,danger,danger,True,False,labeling_yolo_single_frame,single_frame_gt_from_sampled_frame_label,/home/capstone2/zroact-stage2/benchmark2/data/viz_shufflenet_test/test_frame_30fps/climb-over-fence_smart_rgb/images/intrusion_climb-over-fence_rgb_0079_cctv3/intrusion_climb-over-fence_rgb_0079_cctv3_t000066.jpg,,
intrusion_climb-over-fence_rgb_0079_cctv3_f000076,intrusion_climb-over-fence_rgb_0079_cctv3_f000076_000086_000096,climb-over-fence_smart_rgb,intrusion_climb-over-fence_rgb_0079_cctv3,intrusion_candidate,[76],[2.533],"{""start_frame"": 76, ""end_frame"": 76}","[""walk, carry/hold (an object)""]","[""danger""]",danger,1,"{""normal"": 0, ""unsafe"": 0, ""danger"": 1}","{""normal"": 0.0, ""unsafe"": 0.0, ""danger"": 1.0}",danger,danger,danger,True,False,labeling_yolo_single_frame,single_frame_gt_from_sampled_frame_label,/home/capstone2/zroact-stage2/benchmark2/data/viz_shufflenet_test/test_frame_30fps/climb-over-fence_smart_rgb/images/intrusion_climb-over-fence_rgb_0079_cctv3/intrusion_climb-over-fence_rgb_0079_cctv3_t000076.jpg,,
intrusion_climb-over-fence_rgb_0079_cctv3_f000086,intrusion_climb-over-fence_rgb_0079_cctv3_f000076_000086_000096,climb-over-fence_smart_rgb,intrusion_climb-over-fence_rgb_0079_cctv3,intrusion_candidate,[86],[2.867],"{""start_frame"": 86, ""end_frame"": 86}","[""carry/hold (an object), walk""]","[""danger""]",danger,1,"{""normal"": 0, ""unsafe"": 0, ""danger"": 1}","{""normal"": 0.0, ""unsafe"": 0.0, ""danger"": 1.0}",danger,danger,danger,True,False,labeling_yolo_single_frame,single_frame_gt_from_sampled_frame_label,/home/capstone2/zroact-stage2/benchmark2/data/viz_shufflenet_test/test_frame_30fps/climb-over-fence_smart_rgb/images/intrusion_climb-over-fence_rgb_0079_cctv3/intrusion_climb-over-fence_rgb_0079_cctv3_t000086.jpg,,
intrusion_climb-over-fence_rgb_0079_cctv3_f000096,intrusion_climb-over-fence_rgb_0079_cctv3_f000076_000086_000096,climb-over-fence_smart_rgb,intrusion_climb-over-fence_rgb_0079_cctv3,intrusion_candidate,[96],[3.2],"{""start_frame"": 96, ""end_frame"": 96}","[""carry/hold (an object), stand""]","[""danger""]",danger,1,"{""normal"": 0, ""unsafe"": 0, ""danger"": 1}","{""normal"": 0.0, ""unsafe"": 0.0, ""danger"": 1.0}",danger,danger,danger,True,False,labeling_yolo_single_frame,single_frame_gt_from_sampled_frame_label,/home/capstone2/zroact-stage2/benchmark2/data/viz_shufflenet_test/test_frame_30fps/climb-over-fence_smart_rgb/images/intrusion_climb-over-fence_rgb_0079_cctv3/intrusion_climb-over-fence_rgb_0079_cctv3_t000096.jpg,,
intrusion_climb-over-fence_rgb_0079_cctv3_f000106,intrusion_climb-over-fence_rgb_0079_cctv3_f000106_000116_000126,climb-over-fence_smart_rgb,intrusion_climb-over-fence_rgb_0079_cctv3,intrusion_candidate,[106],[3.533],"{""start_frame"": 106, ""end_frame"": 106}","[""carry/hold (an object), walk""]","[""danger""]",danger,1,"{""normal"": 0, ""unsafe"": 0, ""danger"": 1}","{""normal"": 0.0, ""unsafe"": 0.0, ""danger"": 1.0}",danger,danger,danger,True,False,labeling_yolo_single_frame,single_frame_gt_from_sampled_frame_label,/home/capstone2/zroact-stage2/benchmark2/data/viz_shufflenet_test/test_frame_30fps/climb-over-fence_smart_rgb/images/intrusion_climb-over-fence_rgb_0079_cctv3/intrusion_climb-over-fence_rgb_0079_cctv3_t000106.jpg,,
intrusion_climb-over-fence_rgb_0079_cctv3_f000116,intrusion_climb-over-fence_rgb_0079_cctv3_f000106_000116_000126,climb-over-fence_smart_rgb,intrusion_climb-over-fence_rgb_0079_cctv3,intrusion_candidate,[116],[3.867],"{""start_frame"": 116, ""end_frame"": 116}","[""carry/hold (an object), walk""]","[""danger""]",danger,1,"{""normal"": 0, ""unsafe"": 0, ""danger"": 1}","{""normal"": 0.0, ""unsafe"": 0.0, ""danger"": 1.0}",danger,danger,danger,True,False,labeling_yolo_single_frame,single_frame_gt_from_sampled_frame_label,/home/capstone2/zroact-stage2/benchmark2/data/viz_shufflenet_test/test_frame_30fps/climb-over-fence_smart_rgb/images/intrusion_climb-over-fence_rgb_0079_cctv3/intrusion_climb-over-fence_rgb_0079_cctv3_t000116.jpg,,
intrusion_climb-over-fence_rgb_0079_cctv3_f000126,intrusion_climb-over-fence_rgb_0079_cctv3_f000106_000116_000126,climb-over-fence_smart_rgb,intrusion_climb-over-fence_rgb_0079_cctv3,intrusion_candidate,[126],[4.2],"{""start_frame"": 126, ""end_frame"": 126}","[""stand, carry/hold (an object)""]","[""danger""]",danger,1,"{""normal"": 0, ""unsafe"": 0, ""danger"": 1}","{""normal"": 0.0, ""unsafe"": 0.0, ""danger"": 1.0}",danger,danger,danger,True,False,labeling_yolo_single_frame,single_frame_gt_from_sampled_frame_label,/home/capstone2/zroact-stage2/benchmark2/data/viz_shufflenet_test/test_frame_30fps/climb-over-fence_smart_rgb/images/intrusion_climb-over-fence_rgb_0079_cctv3/intrusion_climb-over-fence_rgb_0079_cctv3_t000126.jpg,,
intrusion_climb-over-fence_rgb_0079_cctv3_f000136,intrusion_climb-over-fence_rgb_0079_cctv3_f000136_000146_000156,climb-over-fence_smart_rgb,intrusion_climb-over-fence_rgb_0079_cctv3,intrusion_candidate,[136],[4.533],"{""start_frame"": 136, ""end_frame"": 136}","[""stand, carry/hold (an object)""]","[""danger""]",danger,1,"{""normal"": 0, ""unsafe"": 0, ""danger"": 1}","{""normal"": 0.0, ""unsafe"": 0.0, ""danger"": 1.0}",danger,danger,danger,True,False,labeling_yolo_single_frame,single_frame_gt_from_sampled_frame_label,/home/capstone2/zroact-stage2/benchmark2/data/viz_shufflenet_test/test_frame_30fps/climb-over-fence_smart_rgb/images/intrusion_climb-over-fence_rgb_0079_cctv3/intrusion_climb-over-fence_rgb_0079_cctv3_t000136.jpg,,
intrusion_climb-over-fence_rgb_0079_cctv3_f000146,intrusion_climb-over-fence_rgb_0079_cctv3_f000136_000146_000156,climb-over-fence_smart_rgb,intrusion_climb-over-fence_rgb_0079_cctv3,intrusion_candidate,[146],[4.867],"{""start_frame"": 146, ""end_frame"": 146}","[""stand, carry/hold (an object)""]","[""danger""]",danger,1,"{""normal"": 0, ""unsafe"": 0, ""danger"": 1}","{""normal"": 0.0, ""unsafe"": 0.0, ""danger"": 1.0}",danger,danger,danger,True,False,labeling_yolo_single_frame,single_frame_gt_from_sampled_frame_label,/home/capstone2/zroact-stage2/benchmark2/data/viz_shufflenet_test/test_frame_30fps/climb-over-fence_smart_rgb/images/intrusion_climb-over-fence_rgb_0079_cctv3/intrusion_climb-over-fence_rgb_0079_cctv3_t000146.jpg,,
intrusion_climb-over-fence_rgb_0079_cctv3_f000156,intrusion_climb-over-fence_rgb_0079_cctv3_f000136_000146_000156,climb-over-fence_smart_rgb,intrusion_climb-over-fence_rgb_0079_cctv3,intrusion_candidate,[156],[5.2],"{""start_frame"": 156, ""end_frame"": 156}","[""stand, carry/hold (an object)""]","[""danger""]",danger,1,"{""normal"": 0, ""unsafe"": 0, ""danger"": 1}","{""normal"": 0.0, ""unsafe"": 0.0, ""danger"": 1.0}",danger,danger,danger,True,False,labeling_yolo_single_frame,single_frame_gt_from_sampled_frame_label,/home/capstone2/zroact-stage2/benchmark2/data/viz_shufflenet_test/test_frame_30fps/climb-over-fence_smart_rgb/images/intrusion_climb-over-fence_rgb_0079_cctv3/intrusion_climb-over-fence_rgb_0079_cctv3_t000156.jpg,,
intrusion_climb-over-fence_rgb_0079_cctv3_f000166,intrusion_climb-over-fence_rgb_0079_cctv3_f000166_000176_000186,climb-over-fence_smart_rgb,intrusion_climb-over-fence_rgb_0079_cctv3,intrusion_candidate,[166],[5.533],"{""start_frame"": 166, ""end_frame"": 166}","[""stand, carry/hold (an object)""]","[""danger""]",danger,1,"{""normal"": 0, ""unsafe"": 0, ""danger"": 1}","{""normal"": 0.0, ""unsafe"": 0.0, ""danger"": 1.0}",danger,danger,danger,True,False,labeling_yolo_single_frame,single_frame_gt_from_sampled_frame_label,/home/capstone2/zroact-stage2/benchmark2/data/viz_shufflenet_test/test_frame_30fps/climb-over-fence_smart_rgb/images/intrusion_climb-over-fence_rgb_0079_cctv3/intrusion_climb-over-fence_rgb_0079_cctv3_t000166.jpg,,
intrusion_climb-over-fence_rgb_0079_cctv3_f000176,intrusion_climb-over-fence_rgb_0079_cctv3_f000166_000176_000186,climb-over-fence_smart_rgb,intrusion_climb-over-fence_rgb_0079_cctv3,intrusion_candidate,[176],[5.867],"{""start_frame"": 176, ""end_frame"": 176}","[""stand, carry/hold (an object)""]","[""danger""]",danger,1,"{""normal"": 0, ""unsafe"": 0, ""danger"": 1}","{""normal"": 0.0, ""unsafe"": 0.0, ""danger"": 1.0}",danger,danger,danger,True,False,labeling_yolo_single_frame,single_frame_gt_from_sampled_frame_label,/home/capstone2/zroact-stage2/benchmark2/data/viz_shufflenet_test/test_frame_30fps/climb-over-fence_smart_rgb/images/intrusion_climb-over-fence_rgb_0079_cctv3/intrusion_climb-over-fence_rgb_0079_cctv3_t000176.jpg,,
intrusion_climb-over-fence_rgb_0079_cctv3_f000186,intrusion_climb-over-fence_rgb_0079_cctv3_f000166_000176_000186,climb-over-fence_smart_rgb,intrusion_climb-over-fence_rgb_0079_cctv3,intrusion_candidate,[186],[6.2],"{""start_frame"": 186, ""end_frame"": 186}","[""stand, carry/hold (an object)""]","[""danger""]",danger,1,"{""normal"": 0, ""unsafe"": 0, ""danger"": 1}","{""normal"": 0.0, ""unsafe"": 0.0, ""danger"": 1.0}",danger,danger,danger,True,False,labeling_yolo_single_frame,single_frame_gt_from_sampled_frame_label,/home/capstone2/zroact-stage2/benchmark2/data/viz_shufflenet_test/test_frame_30fps/climb-over-fence_smart_rgb/images/intrusion_climb-over-fence_rgb_0079_cctv3/intrusion_climb-over-fence_rgb_0079_cctv3_t000186.jpg,,
intrusion_climb-over-fence_rgb_0079_cctv3_f000196,intrusion_climb-over-fence_rgb_0079_cctv3_f000196_000206_000216,climb-over-fence_smart_rgb,intrusion_climb-over-fence_rgb_0079_cctv3,intrusion_candidate,[196],[6.533],"{""start_frame"": 196, ""end_frame"": 196}","[""stand, carry/hold (an object)""]","[""danger""]",danger,1,"{""normal"": 0, ""unsafe"": 0, ""danger"": 1}","{""normal"": 0.0, ""unsafe"": 0.0, ""danger"": 1.0}",danger,danger,danger,True,False,labeling_yolo_single_frame,single_frame_gt_from_sampled_frame_label,/home/capstone2/zroact-stage2/benchmark2/data/viz_shufflenet_test/test_frame_30fps/climb-over-fence_smart_rgb/images/intrusion_climb-over-fence_rgb_0079_cctv3/intrusion_climb-over-fence_rgb_0079_cctv3_t000196.jpg,,
intrusion_climb-over-fence_rgb_0079_cctv3_f000206,intrusion_climb-over-fence_rgb_0079_cctv3_f000196_000206_000216,climb-over-fence_smart_rgb,intrusion_climb-over-fence_rgb_0079_cctv3,intrusion_candidate,[206],[6.867],"{""start_frame"": 206, ""end_frame"": 206}","[""stand, carry/hold (an object)""]","[""danger""]",danger,1,"{""normal"": 0, ""unsafe"": 0, ""danger"": 1}","{""normal"": 0.0, ""unsafe"": 0.0, ""danger"": 1.0}",danger,danger,danger,True,False,labeling_yolo_single_frame,single_frame_gt_from_sampled_frame_label,/home/capstone2/zroact-stage2/benchmark2/data/viz_shufflenet_test/test_frame_30fps/climb-over-fence_smart_rgb/images/intrusion_climb-over-fence_rgb_0079_cctv3/intrusion_climb-over-fence_rgb_0079_cctv3_t000206.jpg,,
intrusion_climb-over-fence_rgb_0079_cctv3_f000216,intrusion_climb-over-fence_rgb_0079_cctv3_f000196_000206_000216,climb-over-fence_smart_rgb,intrusion_climb-over-fence_rgb_0079_cctv3,intrusion_candidate,[216],[7.2],"{""start_frame"": 216, ""end_frame"": 216}","[""stand, carry/hold (an object)""]","[""danger""]",danger,1,"{""normal"": 0, ""unsafe"": 0, ""danger"": 1}","{""normal"": 0.0, ""unsafe"": 0.0, ""danger"": 1.0}",danger,danger,danger,True,False,labeling_yolo_single_frame,single_frame_gt_from_sampled_frame_label,/home/capstone2/zroact-stage2/benchmark2/data/viz_shufflenet_test/test_frame_30fps/climb-over-fence_smart_rgb/images/intrusion_climb-over-fence_rgb_0079_cctv3/intrusion_climb-over-fence_rgb_0079_cctv3_t000216.jpg,,
intrusion_climb-over-fence_rgb_0079_cctv3_f000226,intrusion_climb-over-fence_rgb_0079_cctv3_f000226_000236_000246,climb-over-fence_smart_rgb,intrusion_climb-over-fence_rgb_0079_cctv3,intrusion_candidate,[226],[7.533],"{""start_frame"": 226, ""end_frame"": 226}","[""stand, carry/hold (an object)""]","[""danger""]",danger,1,"{""normal"": 0, ""unsafe"": 0, ""danger"": 1}","{""normal"": 0.0, ""unsafe"": 0.0, ""danger"": 1.0}",danger,danger,danger,True,False,labeling_yolo_single_frame,single_frame_gt_from_sampled_frame_label,/home/capstone2/zroact-stage2/benchmark2/data/viz_shufflenet_test/test_frame_30fps/climb-over-fence_smart_rgb/images/intrusion_climb-over-fence_rgb_0079_cctv3/intrusion_climb-over-fence_rgb_0079_cctv3_t000226.jpg,,
intrusion_climb-over-fence_rgb_0079_cctv3_f000236,intrusion_climb-over-fence_rgb_0079_cctv3_f000226_000236_000246,climb-over-fence_smart_rgb,intrusion_climb-over-fence_rgb_0079_cctv3,intrusion_candidate,[236],[7.867],"{""start_frame"": 236, ""end_frame"": 236}","[""stand, carry/hold (an object)""]","[""danger""]",danger,1,"{""normal"": 0, ""unsafe"": 0, ""danger"": 1}","{""normal"": 0.0, ""unsafe"": 0.0, ""danger"": 1.0}",danger,danger,danger,True,False,labeling_yolo_single_frame,single_frame_gt_from_sampled_frame_label,/home/capstone2/zroact-stage2/benchmark2/data/viz_shufflenet_test/test_frame_30fps/climb-over-fence_smart_rgb/images/intrusion_climb-over-fence_rgb_0079_cctv3/intrusion_climb-over-fence_rgb_0079_cctv3_t000236.jpg,,
intrusion_climb-over-fence_rgb_0079_cctv3_f000246,intrusion_climb-over-fence_rgb_0079_cctv3_f000226_000236_000246,climb-over-fence_smart_rgb,intrusion_climb-over-fence_rgb_0079_cctv3,intrusion_candidate,[246],[8.2],"{""start_frame"": 246, ""end_frame"": 246}","[""walk, carry/hold (an object)""]","[""danger""]",danger,1,"{""normal"": 0, ""unsafe"": 0, ""danger"": 1}","{""normal"": 0.0, ""unsafe"": 0.0, ""danger"": 1.0}",danger,danger,danger,True,False,labeling_yolo_single_frame,single_frame_gt_from_sampled_frame_label,/home/capstone2/zroact-stage2/benchmark2/data/viz_shufflenet_test/test_frame_30fps/climb-over-fence_smart_rgb/images/intrusion_climb-over-fence_rgb_0079_cctv3/intrusion_climb-over-fence_rgb_0079_cctv3_t000246.jpg,,
intrusion_climb-over-fence_rgb_0079_cctv3_f000256,intrusion_climb-over-fence_rgb_0079_cctv3_f000256_000266_000276,climb-over-fence_smart_rgb,intrusion_climb-over-fence_rgb_0079_cctv3,intrusion_candidate,[256],[8.533],"{""start_frame"": 256, ""end_frame"": 256}","[""walk, carry/hold (an object)""]","[""danger""]",danger,1,"{""normal"": 0, ""unsafe"": 0, ""danger"": 1}","{""normal"": 0.0, ""unsafe"": 0.0, ""danger"": 1.0}",danger,danger,danger,True,False,labeling_yolo_single_frame,single_frame_gt_from_sampled_frame_label,/home/capstone2/zroact-stage2/benchmark2/data/viz_shufflenet_test/test_frame_30fps/climb-over-fence_smart_rgb/images/intrusion_climb-over-fence_rgb_0079_cctv3/intrusion_climb-over-fence_rgb_0079_cctv3_t000256.jpg,,
intrusion_climb-over-fence_rgb_0079_cctv3_f000266,intrusion_climb-over-fence_rgb_0079_cctv3_f000256_000266_000276,climb-over-fence_smart_rgb,intrusion_climb-over-fence_rgb_0079_cctv3,intrusion_candidate,[266],[8.867],"{""start_frame"": 266, ""end_frame"": 266}","[""stand, carry/hold (an object)""]","[""danger""]",danger,1,"{""normal"": 0, ""unsafe"": 0, ""danger"": 1}","{""normal"": 0.0, ""unsafe"": 0.0, ""danger"": 1.0}",danger,danger,danger,True,False,labeling_yolo_single_frame,single_frame_gt_from_sampled_frame_label,/home/capstone2/zroact-stage2/benchmark2/data/viz_shufflenet_test/test_frame_30fps/climb-over-fence_smart_rgb/images/intrusion_climb-over-fence_rgb_0079_cctv3/intrusion_climb-over-fence_rgb_0079_cctv3_t000266.jpg,,
intrusion_climb-over-fence_rgb_0079_cctv3_f000276,intrusion_climb-over-fence_rgb_0079_cctv3_f000256_000266_000276,climb-over-fence_smart_rgb,intrusion_climb-over-fence_rgb_0079_cctv3,intrusion_candidate,[276],[9.2],"{""start_frame"": 276, ""end_frame"": 276}","[""stand, carry/hold (an object)""]","[""danger""]",danger,1,"{""normal"": 0, ""unsafe"": 0, ""danger"": 1}","{""normal"": 0.0, ""unsafe"": 0.0, ""danger"": 1.0}",danger,danger,danger,True,False,labeling_yolo_single_frame,single_frame_gt_from_sampled_frame_label,/home/capstone2/zroact-stage2/benchmark2/data/viz_shufflenet_test/test_frame_30fps/climb-over-fence_smart_rgb/images/intrusion_climb-over-fence_rgb_0079_cctv3/intrusion_climb-over-fence_rgb_0079_cctv3_t000276.jpg,,
intrusion_climb-over-fence_rgb_0079_cctv3_f000286,intrusion_climb-over-fence_rgb_0079_cctv3_f000286_000296_000306,climb-over-fence_smart_rgb,intrusion_climb-over-fence_rgb_0079_cctv3,intrusion_candidate,[286],[9.533],"{""start_frame"": 286, ""end_frame"": 286}","[""walk, carry/hold (an object)""]","[""danger""]",danger,1,"{""normal"": 0, ""unsafe"": 0, ""danger"": 1}","{""normal"": 0.0, ""unsafe"": 0.0, ""danger"": 1.0}",danger,danger,danger,True,False,labeling_yolo_single_frame,single_frame_gt_from_sampled_frame_label,/home/capstone2/zroact-stage2/benchmark2/data/viz_shufflenet_test/test_frame_30fps/climb-over-fence_smart_rgb/images/intrusion_climb-over-fence_rgb_0079_cctv3/intrusion_climb-over-fence_rgb_0079_cctv3_t000286.jpg,,
intrusion_climb-over-fence_rgb_0079_cctv3_f000296,intrusion_climb-over-fence_rgb_0079_cctv3_f000286_000296_000306,climb-over-fence_smart_rgb,intrusion_climb-over-fence_rgb_0079_cctv3,intrusion_candidate,[296],[9.867],"{""start_frame"": 296, ""end_frame"": 296}","[""walk, stand""]","[""danger""]",danger,1,"{""normal"": 0, ""unsafe"": 0, ""danger"": 1}","{""normal"": 0.0, ""unsafe"": 0.0, ""danger"": 1.0}",danger,danger,danger,True,False,labeling_yolo_single_frame,single_frame_gt_from_sampled_frame_label,/home/capstone2/zroact-stage2/benchmark2/data/viz_shufflenet_test/test_frame_30fps/climb-over-fence_smart_rgb/images/intrusion_climb-over-fence_rgb_0079_cctv3/intrusion_climb-over-fence_rgb_0079_cctv3_t000296.jpg,,
intrusion_climb-over-fence_rgb_0079_cctv3_f000306,intrusion_climb-over-fence_rgb_0079_cctv3_f000286_000296_000306,climb-over-fence_smart_rgb,intrusion_climb-over-fence_rgb_0079_cctv3,intrusion_candidate,[306],[10.2],"{""start_frame"": 306, ""end_frame"": 306}","[""stand, carry/hold (an object)""]","[""danger""]",danger,1,"{""normal"": 0, ""unsafe"": 0, ""danger"": 1}","{""normal"": 0.0, ""unsafe"": 0.0, ""danger"": 1.0}",danger,danger,danger,True,False,labeling_yolo_single_frame,single_frame_gt_from_sampled_frame_label,/home/capstone2/zroact-stage2/benchmark2/data/viz_shufflenet_test/test_frame_30fps/climb-over-fence_smart_rgb/images/intrusion_climb-over-fence_rgb_0079_cctv3/intrusion_climb-over-fence_rgb_0079_cctv3_t000306.jpg,,
intrusion_climb-over-fence_rgb_0079_cctv3_f000316,intrusion_climb-over-fence_rgb_0079_cctv3_f000316_000326_000336,climb-over-fence_smart_rgb,intrusion_climb-over-fence_rgb_0079_cctv3,intrusion_candidate,[316],[10.533],"{""start_frame"": 316, ""end_frame"": 316}","[""stand, carry/hold (an object)""]","[""danger""]",danger,1,"{""normal"": 0, ""unsafe"": 0, ""danger"": 1}","{""normal"": 0.0, ""unsafe"": 0.0, ""danger"": 1.0}",danger,danger,danger,True,False,labeling_yolo_single_frame,single_frame_gt_from_sampled_frame_label,/home/capstone2/zroact-stage2/benchmark2/data/viz_shufflenet_test/test_frame_30fps/climb-over-fence_smart_rgb/images/intrusion_climb-over-fence_rgb_0079_cctv3/intrusion_climb-over-fence_rgb_0079_cctv3_t000316.jpg,,
intrusion_climb-over-fence_rgb_0079_cctv3_f000326,intrusion_climb-over-fence_rgb_0079_cctv3_f000316_000326_000336,climb-over-fence_smart_rgb,intrusion_climb-over-fence_rgb_0079_cctv3,intrusion_candidate,[326],[10.867],"{""start_frame"": 326, ""end_frame"": 326}","[""stand, carry/hold (an object)""]","[""danger""]",danger,1,"{""normal"": 0, ""unsafe"": 0, ""danger"": 1}","{""normal"": 0.0, ""unsafe"": 0.0, ""danger"": 1.0}",danger,danger,danger,True,False,labeling_yolo_single_frame,single_frame_gt_from_sampled_frame_label,/home/capstone2/zroact-stage2/benchmark2/data/viz_shufflenet_test/test_frame_30fps/climb-over-fence_smart_rgb/images/intrusion_climb-over-fence_rgb_0079_cctv3/intrusion_climb-over-fence_rgb_0079_cctv3_t000326.jpg,,
intrusion_climb-over-fence_rgb_0079_cctv3_f000336,intrusion_climb-over-fence_rgb_0079_cctv3_f000316_000326_000336,climb-over-fence_smart_rgb,intrusion_climb-over-fence_rgb_0079_cctv3,intrusion_candidate,[336],[11.2],"{""start_frame"": 336, ""end_frame"": 336}","[""stand, carry/hold (an object)""]","[""danger""]",danger,1,"{""normal"": 0, ""unsafe"": 0, ""danger"": 1}","{""normal"": 0.0, ""unsafe"": 0.0, ""danger"": 1.0}",danger,danger,danger,True,False,labeling_yolo_single_frame,single_frame_gt_from_sampled_frame_label,/home/capstone2/zroact-stage2/benchmark2/data/viz_shufflenet_test/test_frame_30fps/climb-over-fence_smart_rgb/images/intrusion_climb-over-fence_rgb_0079_cctv3/intrusion_climb-over-fence_rgb_0079_cctv3_t000336.jpg,,
intrusion_climb-over-fence_rgb_0079_cctv3_f000346,intrusion_climb-over-fence_rgb_0079_cctv3_f000346_000356_000366,climb-over-fence_smart_rgb,intrusion_climb-over-fence_rgb_0079_cctv3,intrusion_candidate,[346],[11.533],"{""start_frame"": 346, ""end_frame"": 346}","[""stand, carry/hold (an object)""]","[""danger""]",danger,1,"{""normal"": 0, ""unsafe"": 0, ""danger"": 1}","{""normal"": 0.0, ""unsafe"": 0.0, ""danger"": 1.0}",danger,danger,danger,True,False,labeling_yolo_single_frame,single_frame_gt_from_sampled_frame_label,/home/capstone2/zroact-stage2/benchmark2/data/viz_shufflenet_test/test_frame_30fps/climb-over-fence_smart_rgb/images/intrusion_climb-over-fence_rgb_0079_cctv3/intrusion_climb-over-fence_rgb_0079_cctv3_t000346.jpg,,
intrusion_climb-over-fence_rgb_0079_cctv3_f000356,intrusion_climb-over-fence_rgb_0079_cctv3_f000346_000356_000366,climb-over-fence_smart_rgb,intrusion_climb-over-fence_rgb_0079_cctv3,intrusion_candidate,[356],[11.867],"{""start_frame"": 356, ""end_frame"": 356}","[""stand, carry/hold (an object)""]","[""danger""]",danger,1,"{""normal"": 0, ""unsafe"": 0, ""danger"": 1}","{""normal"": 0.0, ""unsafe"": 0.0, ""danger"": 1.0}",danger,danger,danger,True,False,labeling_yolo_single_frame,single_frame_gt_from_sampled_frame_label,/home/capstone2/zroact-stage2/benchmark2/data/viz_shufflenet_test/test_frame_30fps/climb-over-fence_smart_rgb/images/intrusion_climb-over-fence_rgb_0079_cctv3/intrusion_climb-over-fence_rgb_0079_cctv3_t000356.jpg,,
intrusion_climb-over-fence_rgb_0079_cctv3_f000366,intrusion_climb-over-fence_rgb_0079_cctv3_f000346_000356_000366,climb-over-fence_smart_rgb,intrusion_climb-over-fence_rgb_0079_cctv3,intrusion_candidate,[366],[12.2],"{""start_frame"": 366, ""end_frame"": 366}","[""stand, carry/hold (an object)""]","[""danger""]",danger,1,"{""normal"": 0, ""unsafe"": 0, ""danger"": 1}","{""normal"": 0.0, ""unsafe"": 0.0, ""danger"": 1.0}",danger,danger,danger,True,False,labeling_yolo_single_frame,single_frame_gt_from_sampled_frame_label,/home/capstone2/zroact-stage2/benchmark2/data/viz_shufflenet_test/test_frame_30fps/climb-over-fence_smart_rgb/images/intrusion_climb-over-fence_rgb_0079_cctv3/intrusion_climb-over-fence_rgb_0079_cctv3_t000366.jpg,,
intrusion_climb-over-fence_rgb_0079_cctv3_f000376,intrusion_climb-over-fence_rgb_0079_cctv3_f000376_000386_000396,climb-over-fence_smart_rgb,intrusion_climb-over-fence_rgb_0079_cctv3,intrusion_candidate,[376],[12.533],"{""start_frame"": 376, ""end_frame"": 376}","[""stand, carry/hold (an object)""]","[""danger""]",danger,1,"{""normal"": 0, ""unsafe"": 0, ""danger"": 1}","{""normal"": 0.0, ""unsafe"": 0.0, ""danger"": 1.0}",danger,danger,danger,True,False,labeling_yolo_single_frame,single_frame_gt_from_sampled_frame_label,/home/capstone2/zroact-stage2/benchmark2/data/viz_shufflenet_test/test_frame_30fps/climb-over-fence_smart_rgb/images/intrusion_climb-over-fence_rgb_0079_cctv3/intrusion_climb-over-fence_rgb_0079_cctv3_t000376.jpg,,
intrusion_climb-over-fence_rgb_0079_cctv3_f000386,intrusion_climb-over-fence_rgb_0079_cctv3_f000376_000386_000396,climb-over-fence_smart_rgb,intrusion_climb-over-fence_rgb_0079_cctv3,intrusion_candidate,[386],[12.867],"{""start_frame"": 386, ""end_frame"": 386}","[""stand, carry/hold (an object)""]","[""danger""]",danger,1,"{""normal"": 0, ""unsafe"": 0, ""danger"": 1}","{""normal"": 0.0, ""unsafe"": 0.0, ""danger"": 1.0}",danger,danger,danger,True,False,labeling_yolo_single_frame,single_frame_gt_from_sampled_frame_label,/home/capstone2/zroact-stage2/benchmark2/data/viz_shufflenet_test/test_frame_30fps/climb-over-fence_smart_rgb/images/intrusion_climb-over-fence_rgb_0079_cctv3/intrusion_climb-over-fence_rgb_0079_cctv3_t000386.jpg,,
intrusion_climb-over-fence_rgb_0079_cctv3_f000396,intrusion_climb-over-fence_rgb_0079_cctv3_f000376_000386_000396,climb-over-fence_smart_rgb,intrusion_climb-over-fence_rgb_0079_cctv3,intrusion_candidate,[396],[13.2],"{""start_frame"": 396, ""end_frame"": 396}","[""stand, carry/hold (an object)""]","[""danger""]",danger,1,"{""normal"": 0, ""unsafe"": 0, ""danger"": 1}","{""normal"": 0.0, ""unsafe"": 0.0, ""danger"": 1.0}",danger,danger,danger,True,False,labeling_yolo_single_frame,single_frame_gt_from_sampled_frame_label,/home/capstone2/zroact-stage2/benchmark2/data/viz_shufflenet_test/test_frame_30fps/climb-over-fence_smart_rgb/images/intrusion_climb-over-fence_rgb_0079_cctv3/intrusion_climb-over-fence_rgb_0079_cctv3_t000396.jpg,,
intrusion_climb-over-fence_rgb_0079_cctv3_f000406,intrusion_climb-over-fence_rgb_0079_cctv3_f000406_000416_000426,climb-over-fence_smart_rgb,intrusion_climb-over-fence_rgb_0079_cctv3,intrusion_candidate,[406],[13.533],"{""start_frame"": 406, ""end_frame"": 406}","[""stand, carry/hold (an object)""]","[""danger""]",danger,1,"{""normal"": 0, ""unsafe"": 0, ""danger"": 1}","{""normal"": 0.0, ""unsafe"": 0.0, ""danger"": 1.0}",danger,danger,danger,True,False,labeling_yolo_single_frame,single_frame_gt_from_sampled_frame_label,/home/capstone2/zroact-stage2/benchmark2/data/viz_shufflenet_test/test_frame_30fps/climb-over-fence_smart_rgb/images/intrusion_climb-over-fence_rgb_0079_cctv3/intrusion_climb-over-fence_rgb_0079_cctv3_t000406.jpg,,
intrusion_climb-over-fence_rgb_0079_cctv3_f000416,intrusion_climb-over-fence_rgb_0079_cctv3_f000406_000416_000426,climb-over-fence_smart_rgb,intrusion_climb-over-fence_rgb_0079_cctv3,intrusion_candidate,[416],[13.867],"{""start_frame"": 416, ""end_frame"": 416}","[""stand, carry/hold (an object)""]","[""danger""]",danger,1,"{""normal"": 0, ""unsafe"": 0, ""danger"": 1}","{""normal"": 0.0, ""unsafe"": 0.0, ""danger"": 1.0}",danger,danger,danger,True,False,labeling_yolo_single_frame,single_frame_gt_from_sampled_frame_label,/home/capstone2/zroact-stage2/benchmark2/data/viz_shufflenet_test/test_frame_30fps/climb-over-fence_smart_rgb/images/intrusion_climb-over-fence_rgb_0079_cctv3/intrusion_climb-over-fence_rgb_0079_cctv3_t000416.jpg,,
intrusion_climb-over-fence_rgb_0079_cctv3_f000426,intrusion_climb-over-fence_rgb_0079_cctv3_f000406_000416_000426,climb-over-fence_smart_rgb,intrusion_climb-over-fence_rgb_0079_cctv3,intrusion_candidate,[426],[14.2],"{""start_frame"": 426, ""end_frame"": 426}","[""stand, carry/hold (an object)""]","[""danger""]",danger,1,"{""normal"": 0, ""unsafe"": 0, ""danger"": 1}","{""normal"": 0.0, ""unsafe"": 0.0, ""danger"": 1.0}",danger,danger,danger,True,False,labeling_yolo_single_frame,single_frame_gt_from_sampled_frame_label,/home/capstone2/zroact-stage2/benchmark2/data/viz_shufflenet_test/test_frame_30fps/climb-over-fence_smart_rgb/images/intrusion_climb-over-fence_rgb_0079_cctv3/intrusion_climb-over-fence_rgb_0079_cctv3_t000426.jpg,,
intrusion_climb-over-fence_rgb_0079_cctv3_f000436,intrusion_climb-over-fence_rgb_0079_cctv3_f000436_000446_000456,climb-over-fence_smart_rgb,intrusion_climb-over-fence_rgb_0079_cctv3,intrusion_candidate,[436],[14.533],"{""start_frame"": 436, ""end_frame"": 436}","[""stand, carry/hold (an object)""]","[""danger""]",danger,1,"{""normal"": 0, ""unsafe"": 0, ""danger"": 1}","{""normal"": 0.0, ""unsafe"": 0.0, ""danger"": 1.0}",danger,danger,danger,True,False,labeling_yolo_single_frame,single_frame_gt_from_sampled_frame_label,/home/capstone2/zroact-stage2/benchmark2/data/viz_shufflenet_test/test_frame_30fps/climb-over-fence_smart_rgb/images/intrusion_climb-over-fence_rgb_0079_cctv3/intrusion_climb-over-fence_rgb_0079_cctv3_t000436.jpg,,
intrusion_climb-over-fence_rgb_0079_cctv3_f000446,intrusion_climb-over-fence_rgb_0079_cctv3_f000436_000446_000456,climb-over-fence_smart_rgb,intrusion_climb-over-fence_rgb_0079_cctv3,intrusion_candidate,[446],[14.867],"{""start_frame"": 446, ""end_frame"": 446}","[""stand, carry/hold (an object)""]","[""danger""]",danger,1,"{""normal"": 0, ""unsafe"": 0, ""danger"": 1}","{""normal"": 0.0, ""unsafe"": 0.0, ""danger"": 1.0}",danger,danger,danger,True,False,labeling_yolo_single_frame,single_frame_gt_from_sampled_frame_label,/home/capstone2/zroact-stage2/benchmark2/data/viz_shufflenet_test/test_frame_30fps/climb-over-fence_smart_rgb/images/intrusion_climb-over-fence_rgb_0079_cctv3/intrusion_climb-over-fence_rgb_0079_cctv3_t000446.jpg,,
intrusion_climb-over-fence_rgb_0079_cctv3_f000456,intrusion_climb-over-fence_rgb_0079_cctv3_f000436_000446_000456,climb-over-fence_smart_rgb,intrusion_climb-over-fence_rgb_0079_cctv3,intrusion_candidate,[456],[15.2],"{""start_frame"": 456, ""end_frame"": 456}","[""stand, carry/hold (an object)""]","[""danger""]",danger,1,"{""normal"": 0, ""unsafe"": 0, ""danger"": 1}","{""normal"": 0.0, ""unsafe"": 0.0, ""danger"": 1.0}",danger,danger,danger,True,False,labeling_yolo_single_frame,single_frame_gt_from_sampled_frame_label,/home/capstone2/zroact-stage2/benchmark2/data/viz_shufflenet_test/test_frame_30fps/climb-over-fence_smart_rgb/images/intrusion_climb-over-fence_rgb_0079_cctv3/intrusion_climb-over-fence_rgb_0079_cctv3_t000456.jpg,,
intrusion_climb-over-fence_rgb_0081_cctv4_f000016,intrusion_climb-over-fence_rgb_0081_cctv4_f000016_000026_000036,climb-over-fence_smart_rgb,intrusion_climb-over-fence_rgb_0081_cctv4,intrusion_candidate,[16],[0.533],"{""start_frame"": 16, ""end_frame"": 16}","[""walk, carry/hold (an object)""]","[""unsafe""]",unsafe,1,"{""normal"": 0, ""unsafe"": 1, ""danger"": 0}","{""normal"": 0.0, ""unsafe"": 1.0, ""danger"": 0.0}",unsafe,unsafe,unsafe,True,False,labeling_yolo_single_frame,single_frame_gt_from_sampled_frame_label,/home/capstone2/zroact-stage2/benchmark2/data/viz_shufflenet_test/test_frame_30fps/climb-over-fence_smart_rgb/images/intrusion_climb-over-fence_rgb_0081_cctv4/intrusion_climb-over-fence_rgb_0081_cctv4_t000016.jpg,,
intrusion_climb-over-fence_rgb_0081_cctv4_f000026,intrusion_climb-over-fence_rgb_0081_cctv4_f000016_000026_000036,climb-over-fence_smart_rgb,intrusion_climb-over-fence_rgb_0081_cctv4,intrusion_candidate,[26],[0.867],"{""start_frame"": 26, ""end_frame"": 26}","[""walk, carry/hold (an object)""]","[""unsafe""]",unsafe,1,"{""normal"": 0, ""unsafe"": 1, ""danger"": 0}","{""normal"": 0.0, ""unsafe"": 1.0, ""danger"": 0.0}",unsafe,unsafe,unsafe,True,False,labeling_yolo_single_frame,single_frame_gt_from_sampled_frame_label,/home/capstone2/zroact-stage2/benchmark2/data/viz_shufflenet_test/test_frame_30fps/climb-over-fence_smart_rgb/images/intrusion_climb-over-fence_rgb_0081_cctv4/intrusion_climb-over-fence_rgb_0081_cctv4_t000026.jpg,,
intrusion_climb-over-fence_rgb_0081_cctv4_f000036,intrusion_climb-over-fence_rgb_0081_cctv4_f000016_000026_000036,climb-over-fence_smart_rgb,intrusion_climb-over-fence_rgb_0081_cctv4,intrusion_candidate,[36],[1.2],"{""start_frame"": 36, ""end_frame"": 36}","[""walk, sit""]","[""unsafe""]",unsafe,1,"{""normal"": 0, ""unsafe"": 1, ""danger"": 0}","{""normal"": 0.0, ""unsafe"": 1.0, ""danger"": 0.0}",unsafe,unsafe,unsafe,True,False,labeling_yolo_single_frame,single_frame_gt_from_sampled_frame_label,/home/capstone2/zroact-stage2/benchmark2/data/viz_shufflenet_test/test_frame_30fps/climb-over-fence_smart_rgb/images/intrusion_climb-over-fence_rgb_0081_cctv4/intrusion_climb-over-fence_rgb_0081_cctv4_t000036.jpg,,
intrusion_climb-over-fence_rgb_0081_cctv4_f000046,intrusion_climb-over-fence_rgb_0081_cctv4_f000046_000056_000066,climb-over-fence_smart_rgb,intrusion_climb-over-fence_rgb_0081_cctv4,intrusion_candidate,[46],[1.533],"{""start_frame"": 46, ""end_frame"": 46}","[""walk, sit""]","[""unsafe""]",unsafe,1,"{""normal"": 0, ""unsafe"": 1, ""danger"": 0}","{""normal"": 0.0, ""unsafe"": 1.0, ""danger"": 0.0}",unsafe,unsafe,unsafe,True,False,labeling_yolo_single_frame,single_frame_gt_from_sampled_frame_label,/home/capstone2/zroact-stage2/benchmark2/data/viz_shufflenet_test/test_frame_30fps/climb-over-fence_smart_rgb/images/intrusion_climb-over-fence_rgb_0081_cctv4/intrusion_climb-over-fence_rgb_0081_cctv4_t000046.jpg,,
intrusion_climb-over-fence_rgb_0081_cctv4_f000056,intrusion_climb-over-fence_rgb_0081_cctv4_f000046_000056_000066,climb-over-fence_smart_rgb,intrusion_climb-over-fence_rgb_0081_cctv4,intrusion_candidate,[56],[1.867],"{""start_frame"": 56, ""end_frame"": 56}","[""walk""]","[""unsafe""]",unsafe,1,"{""normal"": 0, ""unsafe"": 1, ""danger"": 0}","{""normal"": 0.0, ""unsafe"": 1.0, ""danger"": 0.0}",unsafe,unsafe,unsafe,True,False,labeling_yolo_single_frame,single_frame_gt_from_sampled_frame_label,/home/capstone2/zroact-stage2/benchmark2/data/viz_shufflenet_test/test_frame_30fps/climb-over-fence_smart_rgb/images/intrusion_climb-over-fence_rgb_0081_cctv4/intrusion_climb-over-fence_rgb_0081_cctv4_t000056.jpg,,
intrusion_climb-over-fence_rgb_0081_cctv4_f000066,intrusion_climb-over-fence_rgb_0081_cctv4_f000046_000056_000066,climb-over-fence_smart_rgb,intrusion_climb-over-fence_rgb_0081_cctv4,intrusion_candidate,[66],[2.2],"{""start_frame"": 66, ""end_frame"": 66}","[""walk, carry/hold (an object)""]","[""unsafe""]",unsafe,1,"{""normal"": 0, ""unsafe"": 1, ""danger"": 0}","{""normal"": 0.0, ""unsafe"": 1.0, ""danger"": 0.0}",unsafe,unsafe,unsafe,True,False,labeling_yolo_single_frame,single_frame_gt_from_sampled_frame_label,/home/capstone2/zroact-stage2/benchmark2/data/viz_shufflenet_test/test_frame_30fps/climb-over-fence_smart_rgb/images/intrusion_climb-over-fence_rgb_0081_cctv4/intrusion_climb-over-fence_rgb_0081_cctv4_t000066.jpg,,
intrusion_climb-over-fence_rgb_0081_cctv4_f000076,intrusion_climb-over-fence_rgb_0081_cctv4_f000076_000086_000096,climb-over-fence_smart_rgb,intrusion_climb-over-fence_rgb_0081_cctv4,intrusion_candidate,[76],[2.533],"{""start_frame"": 76, ""end_frame"": 76}","[""walk""]","[""unsafe""]",unsafe,1,"{""normal"": 0, ""unsafe"": 1, ""danger"": 0}","{""normal"": 0.0, ""unsafe"": 1.0, ""danger"": 0.0}",unsafe,unsafe,unsafe,True,False,labeling_yolo_single_frame,single_frame_gt_from_sampled_frame_label,/home/capstone2/zroact-stage2/benchmark2/data/viz_shufflenet_test/test_frame_30fps/climb-over-fence_smart_rgb/images/intrusion_climb-over-fence_rgb_0081_cctv4/intrusion_climb-over-fence_rgb_0081_cctv4_t000076.jpg,,
intrusion_climb-over-fence_rgb_0081_cctv4_f000086,intrusion_climb-over-fence_rgb_0081_cctv4_f000076_000086_000096,climb-over-fence_smart_rgb,intrusion_climb-over-fence_rgb_0081_cctv4,intrusion_candidate,[86],[2.867],"{""start_frame"": 86, ""end_frame"": 86}","[""walk, carry/hold (an object)""]","[""unsafe""]",unsafe,1,"{""normal"": 0, ""unsafe"": 1, ""danger"": 0}","{""normal"": 0.0, ""unsafe"": 1.0, ""danger"": 0.0}",unsafe,unsafe,unsafe,True,False,labeling_yolo_single_frame,single_frame_gt_from_sampled_frame_label,/home/capstone2/zroact-stage2/benchmark2/data/viz_shufflenet_test/test_frame_30fps/climb-over-fence_smart_rgb/images/intrusion_climb-over-fence_rgb_0081_cctv4/intrusion_climb-over-fence_rgb_0081_cctv4_t000086.jpg,,
intrusion_climb-over-fence_rgb_0081_cctv4_f000096,intrusion_climb-over-fence_rgb_0081_cctv4_f000076_000086_000096,climb-over-fence_smart_rgb,intrusion_climb-over-fence_rgb_0081_cctv4,intrusion_candidate,[96],[3.2],"{""start_frame"": 96, ""end_frame"": 96}","[""walk""]","[""unsafe""]",unsafe,1,"{""normal"": 0, ""unsafe"": 1, ""danger"": 0}","{""normal"": 0.0, ""unsafe"": 1.0, ""danger"": 0.0}",unsafe,unsafe,unsafe,True,False,labeling_yolo_single_frame,single_frame_gt_from_sampled_frame_label,/home/capstone2/zroact-stage2/benchmark2/data/viz_shufflenet_test/test_frame_30fps/climb-over-fence_smart_rgb/images/intrusion_climb-over-fence_rgb_0081_cctv4/intrusion_climb-over-fence_rgb_0081_cctv4_t000096.jpg,,
intrusion_climb-over-fence_rgb_0081_cctv4_f000106,intrusion_climb-over-fence_rgb_0081_cctv4_f000106_000116_000126,climb-over-fence_smart_rgb,intrusion_climb-over-fence_rgb_0081_cctv4,intrusion_candidate,[106],[3.533],"{""start_frame"": 106, ""end_frame"": 106}","[""walk""]","[""unsafe""]",unsafe,1,"{""normal"": 0, ""unsafe"": 1, ""danger"": 0}","{""normal"": 0.0, ""unsafe"": 1.0, ""danger"": 0.0}",unsafe,unsafe,unsafe,True,False,labeling_yolo_single_frame,single_frame_gt_from_sampled_frame_label,/home/capstone2/zroact-stage2/benchmark2/data/viz_shufflenet_test/test_frame_30fps/climb-over-fence_smart_rgb/images/intrusion_climb-over-fence_rgb_0081_cctv4/intrusion_climb-over-fence_rgb_0081_cctv4_t000106.jpg,,
intrusion_climb-over-fence_rgb_0081_cctv4_f000116,intrusion_climb-over-fence_rgb_0081_cctv4_f000106_000116_000126,climb-over-fence_smart_rgb,intrusion_climb-over-fence_rgb_0081_cctv4,intrusion_candidate,[116],[3.867],"{""start_frame"": 116, ""end_frame"": 116}","[""walk, stand""]","[""unsafe""]",unsafe,1,"{""normal"": 0, ""unsafe"": 1, ""danger"": 0}","{""normal"": 0.0, ""unsafe"": 1.0, ""danger"": 0.0}",unsafe,unsafe,unsafe,True,False,labeling_yolo_single_frame,single_frame_gt_from_sampled_frame_label,/home/capstone2/zroact-stage2/benchmark2/data/viz_shufflenet_test/test_frame_30fps/climb-over-fence_smart_rgb/images/intrusion_climb-over-fence_rgb_0081_cctv4/intrusion_climb-over-fence_rgb_0081_cctv4_t000116.jpg,,
intrusion_climb-over-fence_rgb_0081_cctv4_f000126,intrusion_climb-over-fence_rgb_0081_cctv4_f000106_000116_000126,climb-over-fence_smart_rgb,intrusion_climb-over-fence_rgb_0081_cctv4,intrusion_candidate,[126],[4.2],"{""start_frame"": 126, ""end_frame"": 126}","[""walk, carry/hold (an object)""]","[""danger""]",danger,1,"{""normal"": 0, ""unsafe"": 0, ""danger"": 1}","{""normal"": 0.0, ""unsafe"": 0.0, ""danger"": 1.0}",danger,danger,danger,True,False,labeling_yolo_single_frame,single_frame_gt_from_sampled_frame_label,/home/capstone2/zroact-stage2/benchmark2/data/viz_shufflenet_test/test_frame_30fps/climb-over-fence_smart_rgb/images/intrusion_climb-over-fence_rgb_0081_cctv4/intrusion_climb-over-fence_rgb_0081_cctv4_t000126.jpg,,
intrusion_climb-over-fence_rgb_0081_cctv4_f000136,intrusion_climb-over-fence_rgb_0081_cctv4_f000136_000146_000156,climb-over-fence_smart_rgb,intrusion_climb-over-fence_rgb_0081_cctv4,intrusion_candidate,[136],[4.533],"{""start_frame"": 136, ""end_frame"": 136}","[""walk""]","[""danger""]",danger,1,"{""normal"": 0, ""unsafe"": 0, ""danger"": 1}","{""normal"": 0.0, ""unsafe"": 0.0, ""danger"": 1.0}",danger,danger,danger,True,False,labeling_yolo_single_frame,single_frame_gt_from_sampled_frame_label,/home/capstone2/zroact-stage2/benchmark2/data/viz_shufflenet_test/test_frame_30fps/climb-over-fence_smart_rgb/images/intrusion_climb-over-fence_rgb_0081_cctv4/intrusion_climb-over-fence_rgb_0081_cctv4_t000136.jpg,,
intrusion_climb-over-fence_rgb_0081_cctv4_f000146,intrusion_climb-over-fence_rgb_0081_cctv4_f000136_000146_000156,climb-over-fence_smart_rgb,intrusion_climb-over-fence_rgb_0081_cctv4,intrusion_candidate,[146],[4.867],"{""start_frame"": 146, ""end_frame"": 146}","[""walk, stand""]","[""danger""]",danger,1,"{""normal"": 0, ""unsafe"": 0, ""danger"": 1}","{""normal"": 0.0, ""unsafe"": 0.0, ""danger"": 1.0}",danger,danger,danger,True,False,labeling_yolo_single_frame,single_frame_gt_from_sampled_frame_label,/home/capstone2/zroact-stage2/benchmark2/data/viz_shufflenet_test/test_frame_30fps/climb-over-fence_smart_rgb/images/intrusion_climb-over-fence_rgb_0081_cctv4/intrusion_climb-over-fence_rgb_0081_cctv4_t000146.jpg,,
intrusion_climb-over-fence_rgb_0081_cctv4_f000156,intrusion_climb-over-fence_rgb_0081_cctv4_f000136_000146_000156,climb-over-fence_smart_rgb,intrusion_climb-over-fence_rgb_0081_cctv4,intrusion_candidate,[156],[5.2],"{""start_frame"": 156, ""end_frame"": 156}","[""walk""]","[""danger""]",danger,1,"{""normal"": 0, ""unsafe"": 0, ""danger"": 1}","{""normal"": 0.0, ""unsafe"": 0.0, ""danger"": 1.0}",danger,danger,danger,True,False,labeling_yolo_single_frame,single_frame_gt_from_sampled_frame_label,/home/capstone2/zroact-stage2/benchmark2/data/viz_shufflenet_test/test_frame_30fps/climb-over-fence_smart_rgb/images/intrusion_climb-over-fence_rgb_0081_cctv4/intrusion_climb-over-fence_rgb_0081_cctv4_t000156.jpg,,
intrusion_climb-over-fence_rgb_0081_cctv4_f000166,intrusion_climb-over-fence_rgb_0081_cctv4_f000166_000176_000186,climb-over-fence_smart_rgb,intrusion_climb-over-fence_rgb_0081_cctv4,intrusion_candidate,[166],[5.533],"{""start_frame"": 166, ""end_frame"": 166}","[""walk, sit""]","[""danger""]",danger,1,"{""normal"": 0, ""unsafe"": 0, ""danger"": 1}","{""normal"": 0.0, ""unsafe"": 0.0, ""danger"": 1.0}",danger,danger,danger,True,False,labeling_yolo_single_frame,single_frame_gt_from_sampled_frame_label,/home/capstone2/zroact-stage2/benchmark2/data/viz_shufflenet_test/test_frame_30fps/climb-over-fence_smart_rgb/images/intrusion_climb-over-fence_rgb_0081_cctv4/intrusion_climb-over-fence_rgb_0081_cctv4_t000166.jpg,,
intrusion_climb-over-fence_rgb_0081_cctv4_f000176,intrusion_climb-over-fence_rgb_0081_cctv4_f000166_000176_000186,climb-over-fence_smart_rgb,intrusion_climb-over-fence_rgb_0081_cctv4,intrusion_candidate,[176],[5.867],"{""start_frame"": 176, ""end_frame"": 176}","[""walk, stand""]","[""danger""]",danger,1,"{""normal"": 0, ""unsafe"": 0, ""danger"": 1}","{""normal"": 0.0, ""unsafe"": 0.0, ""danger"": 1.0}",danger,danger,danger,True,False,labeling_yolo_single_frame,single_frame_gt_from_sampled_frame_label,/home/capstone2/zroact-stage2/benchmark2/data/viz_shufflenet_test/test_frame_30fps/climb-over-fence_smart_rgb/images/intrusion_climb-over-fence_rgb_0081_cctv4/intrusion_climb-over-fence_rgb_0081_cctv4_t000176.jpg,,
intrusion_climb-over-fence_rgb_0081_cctv4_f000186,intrusion_climb-over-fence_rgb_0081_cctv4_f000166_000176_000186,climb-over-fence_smart_rgb,intrusion_climb-over-fence_rgb_0081_cctv4,intrusion_candidate,[186],[6.2],"{""start_frame"": 186, ""end_frame"": 186}","[""walk""]","[""danger""]",danger,1,"{""normal"": 0, ""unsafe"": 0, ""danger"": 1}","{""normal"": 0.0, ""unsafe"": 0.0, ""danger"": 1.0}",danger,danger,danger,True,False,labeling_yolo_single_frame,single_frame_gt_from_sampled_frame_label,/home/capstone2/zroact-stage2/benchmark2/data/viz_shufflenet_test/test_frame_30fps/climb-over-fence_smart_rgb/images/intrusion_climb-over-fence_rgb_0081_cctv4/intrusion_climb-over-fence_rgb_0081_cctv4_t000186.jpg,,
intrusion_climb-over-fence_rgb_0081_cctv4_f000196,intrusion_climb-over-fence_rgb_0081_cctv4_f000196_000206_000216,climb-over-fence_smart_rgb,intrusion_climb-over-fence_rgb_0081_cctv4,intrusion_candidate,[196],[6.533],"{""start_frame"": 196, ""end_frame"": 196}","[""walk""]","[""danger""]",danger,1,"{""normal"": 0, ""unsafe"": 0, ""danger"": 1}","{""normal"": 0.0, ""unsafe"": 0.0, ""danger"": 1.0}",danger,danger,danger,True,False,labeling_yolo_single_frame,single_frame_gt_from_sampled_frame_label,/home/capstone2/zroact-stage2/benchmark2/data/viz_shufflenet_test/test_frame_30fps/climb-over-fence_smart_rgb/images/intrusion_climb-over-fence_rgb_0081_cctv4/intrusion_climb-over-fence_rgb_0081_cctv4_t000196.jpg,,
intrusion_climb-over-fence_rgb_0081_cctv4_f000206,intrusion_climb-over-fence_rgb_0081_cctv4_f000196_000206_000216,climb-over-fence_smart_rgb,intrusion_climb-over-fence_rgb_0081_cctv4,intrusion_candidate,[206],[6.867],"{""start_frame"": 206, ""end_frame"": 206}","[""walk, carry/hold (an object)""]","[""danger""]",danger,1,"{""normal"": 0, ""unsafe"": 0, ""danger"": 1}","{""normal"": 0.0, ""unsafe"": 0.0, ""danger"": 1.0}",danger,danger,danger,True,False,labeling_yolo_single_frame,single_frame_gt_from_sampled_frame_label,/home/capstone2/zroact-stage2/benchmark2/data/viz_shufflenet_test/test_frame_30fps/climb-over-fence_smart_rgb/images/intrusion_climb-over-fence_rgb_0081_cctv4/intrusion_climb-over-fence_rgb_0081_cctv4_t000206.jpg,,
intrusion_climb-over-fence_rgb_0081_cctv4_f000216,intrusion_climb-over-fence_rgb_0081_cctv4_f000196_000206_000216,climb-over-fence_smart_rgb,intrusion_climb-over-fence_rgb_0081_cctv4,intrusion_candidate,[216],[7.2],"{""start_frame"": 216, ""end_frame"": 216}","[""walk, run/jog""]","[""danger""]",danger,1,"{""normal"": 0, ""unsafe"": 0, ""danger"": 1}","{""normal"": 0.0, ""unsafe"": 0.0, ""danger"": 1.0}",danger,danger,danger,True,False,labeling_yolo_single_frame,single_frame_gt_from_sampled_frame_label,/home/capstone2/zroact-stage2/benchmark2/data/viz_shufflenet_test/test_frame_30fps/climb-over-fence_smart_rgb/images/intrusion_climb-over-fence_rgb_0081_cctv4/intrusion_climb-over-fence_rgb_0081_cctv4_t000216.jpg,,
intrusion_climb-over-fence_rgb_0081_cctv4_f000226,intrusion_climb-over-fence_rgb_0081_cctv4_f000226_000236_000246,climb-over-fence_smart_rgb,intrusion_climb-over-fence_rgb_0081_cctv4,intrusion_candidate,[226],[7.533],"{""start_frame"": 226, ""end_frame"": 226}","[""walk, stand""]","[""danger""]",danger,1,"{""normal"": 0, ""unsafe"": 0, ""danger"": 1}","{""normal"": 0.0, ""unsafe"": 0.0, ""danger"": 1.0}",danger,danger,danger,True,False,labeling_yolo_single_frame,single_frame_gt_from_sampled_frame_label,/home/capstone2/zroact-stage2/benchmark2/data/viz_shufflenet_test/test_frame_30fps/climb-over-fence_smart_rgb/images/intrusion_climb-over-fence_rgb_0081_cctv4/intrusion_climb-over-fence_rgb_0081_cctv4_t000226.jpg,,
intrusion_climb-over-fence_rgb_0081_cctv4_f000236,intrusion_climb-over-fence_rgb_0081_cctv4_f000226_000236_000246,climb-over-fence_smart_rgb,intrusion_climb-over-fence_rgb_0081_cctv4,intrusion_candidate,[236],[7.867],"{""start_frame"": 236, ""end_frame"": 236}","[""walk, stand""]","[""danger""]",danger,1,"{""normal"": 0, ""unsafe"": 0, ""danger"": 1}","{""normal"": 0.0, ""unsafe"": 0.0, ""danger"": 1.0}",danger,danger,danger,True,False,labeling_yolo_single_frame,single_frame_gt_from_sampled_frame_label,/home/capstone2/zroact-stage2/benchmark2/data/viz_shufflenet_test/test_frame_30fps/climb-over-fence_smart_rgb/images/intrusion_climb-over-fence_rgb_0081_cctv4/intrusion_climb-over-fence_rgb_0081_cctv4_t000236.jpg,,
intrusion_climb-over-fence_rgb_0081_cctv4_f000246,intrusion_climb-over-fence_rgb_0081_cctv4_f000226_000236_000246,climb-over-fence_smart_rgb,intrusion_climb-over-fence_rgb_0081_cctv4,intrusion_candidate,[246],[8.2],"{""start_frame"": 246, ""end_frame"": 246}","[""stand, sit""]","[""danger""]",danger,1,"{""normal"": 0, ""unsafe"": 0, ""danger"": 1}","{""normal"": 0.0, ""unsafe"": 0.0, ""danger"": 1.0}",danger,danger,danger,True,False,labeling_yolo_single_frame,single_frame_gt_from_sampled_frame_label,/home/capstone2/zroact-stage2/benchmark2/data/viz_shufflenet_test/test_frame_30fps/climb-over-fence_smart_rgb/images/intrusion_climb-over-fence_rgb_0081_cctv4/intrusion_climb-over-fence_rgb_0081_cctv4_t000246.jpg,,
intrusion_climb-over-fence_rgb_0081_cctv4_f000256,intrusion_climb-over-fence_rgb_0081_cctv4_f000256_000266_000276,climb-over-fence_smart_rgb,intrusion_climb-over-fence_rgb_0081_cctv4,intrusion_candidate,[256],[8.533],"{""start_frame"": 256, ""end_frame"": 256}","[""stand""]","[""danger""]",danger,1,"{""normal"": 0, ""unsafe"": 0, ""danger"": 1}","{""normal"": 0.0, ""unsafe"": 0.0, ""danger"": 1.0}",danger,danger,danger,True,False,labeling_yolo_single_frame,single_frame_gt_from_sampled_frame_label,/home/capstone2/zroact-stage2/benchmark2/data/viz_shufflenet_test/test_frame_30fps/climb-over-fence_smart_rgb/images/intrusion_climb-over-fence_rgb_0081_cctv4/intrusion_climb-over-fence_rgb_0081_cctv4_t000256.jpg,,
intrusion_climb-over-fence_rgb_0081_cctv4_f000266,intrusion_climb-over-fence_rgb_0081_cctv4_f000256_000266_000276,climb-over-fence_smart_rgb,intrusion_climb-over-fence_rgb_0081_cctv4,intrusion_candidate,[266],[8.867],"{""start_frame"": 266, ""end_frame"": 266}","[""stand""]","[""danger""]",danger,1,"{""normal"": 0, ""unsafe"": 0, ""danger"": 1}","{""normal"": 0.0, ""unsafe"": 0.0, ""danger"": 1.0}",danger,danger,danger,True,False,labeling_yolo_single_frame,single_frame_gt_from_sampled_frame_label,/home/capstone2/zroact-stage2/benchmark2/data/viz_shufflenet_test/test_frame_30fps/climb-over-fence_smart_rgb/images/intrusion_climb-over-fence_rgb_0081_cctv4/intrusion_climb-over-fence_rgb_0081_cctv4_t000266.jpg,,
intrusion_climb-over-fence_rgb_0081_cctv4_f000276,intrusion_climb-over-fence_rgb_0081_cctv4_f000256_000266_000276,climb-over-fence_smart_rgb,intrusion_climb-over-fence_rgb_0081_cctv4,intrusion_candidate,[276],[9.2],"{""start_frame"": 276, ""end_frame"": 276}","[""stand, walk""]","[""danger""]",danger,1,"{""normal"": 0, ""unsafe"": 0, ""danger"": 1}","{""normal"": 0.0, ""unsafe"": 0.0, ""danger"": 1.0}",danger,danger,danger,True,False,labeling_yolo_single_frame,single_frame_gt_from_sampled_frame_label,/home/capstone2/zroact-stage2/benchmark2/data/viz_shufflenet_test/test_frame_30fps/climb-over-fence_smart_rgb/images/intrusion_climb-over-fence_rgb_0081_cctv4/intrusion_climb-over-fence_rgb_0081_cctv4_t000276.jpg,,
intrusion_climb-over-fence_rgb_0081_cctv4_f000286,intrusion_climb-over-fence_rgb_0081_cctv4_f000286_000296_000306,climb-over-fence_smart_rgb,intrusion_climb-over-fence_rgb_0081_cctv4,intrusion_candidate,[286],[9.533],"{""start_frame"": 286, ""end_frame"": 286}","[""stand, walk""]","[""danger""]",danger,1,"{""normal"": 0, ""unsafe"": 0, ""danger"": 1}","{""normal"": 0.0, ""unsafe"": 0.0, ""danger"": 1.0}",danger,danger,danger,True,False,labeling_yolo_single_frame,single_frame_gt_from_sampled_frame_label,/home/capstone2/zroact-stage2/benchmark2/data/viz_shufflenet_test/test_frame_30fps/climb-over-fence_smart_rgb/images/intrusion_climb-over-fence_rgb_0081_cctv4/intrusion_climb-over-fence_rgb_0081_cctv4_t000286.jpg,,
intrusion_climb-over-fence_rgb_0081_cctv4_f000296,intrusion_climb-over-fence_rgb_0081_cctv4_f000286_000296_000306,climb-over-fence_smart_rgb,intrusion_climb-over-fence_rgb_0081_cctv4,intrusion_candidate,[296],[9.867],"{""start_frame"": 296, ""end_frame"": 296}","[""stand, walk""]","[""danger""]",danger,1,"{""normal"": 0, ""unsafe"": 0, ""danger"": 1}","{""normal"": 0.0, ""unsafe"": 0.0, ""danger"": 1.0}",danger,danger,danger,True,False,labeling_yolo_single_frame,single_frame_gt_from_sampled_frame_label,/home/capstone2/zroact-stage2/benchmark2/data/viz_shufflenet_test/test_frame_30fps/climb-over-fence_smart_rgb/images/intrusion_climb-over-fence_rgb_0081_cctv4/intrusion_climb-over-fence_rgb_0081_cctv4_t000296.jpg,,
intrusion_climb-over-fence_rgb_0081_cctv4_f000306,intrusion_climb-over-fence_rgb_0081_cctv4_f000286_000296_000306,climb-over-fence_smart_rgb,intrusion_climb-over-fence_rgb_0081_cctv4,intrusion_candidate,[306],[10.2],"{""start_frame"": 306, ""end_frame"": 306}","[""stand, walk""]","[""danger""]",danger,1,"{""normal"": 0, ""unsafe"": 0, ""danger"": 1}","{""normal"": 0.0, ""unsafe"": 0.0, ""danger"": 1.0}",danger,danger,danger,True,False,labeling_yolo_single_frame,single_frame_gt_from_sampled_frame_label,/home/capstone2/zroact-stage2/benchmark2/data/viz_shufflenet_test/test_frame_30fps/climb-over-fence_smart_rgb/images/intrusion_climb-over-fence_rgb_0081_cctv4/intrusion_climb-over-fence_rgb_0081_cctv4_t000306.jpg,,
intrusion_climb-over-fence_rgb_0081_cctv4_f000316,intrusion_climb-over-fence_rgb_0081_cctv4_f000316_000326_000336,climb-over-fence_smart_rgb,intrusion_climb-over-fence_rgb_0081_cctv4,intrusion_candidate,[316],[10.533],"{""start_frame"": 316, ""end_frame"": 316}","[""stand, walk""]","[""danger""]",danger,1,"{""normal"": 0, ""unsafe"": 0, ""danger"": 1}","{""normal"": 0.0, ""unsafe"": 0.0, ""danger"": 1.0}",danger,danger,danger,True,False,labeling_yolo_single_frame,single_frame_gt_from_sampled_frame_label,/home/capstone2/zroact-stage2/benchmark2/data/viz_shufflenet_test/test_frame_30fps/climb-over-fence_smart_rgb/images/intrusion_climb-over-fence_rgb_0081_cctv4/intrusion_climb-over-fence_rgb_0081_cctv4_t000316.jpg,,
intrusion_climb-over-fence_rgb_0081_cctv4_f000326,intrusion_climb-over-fence_rgb_0081_cctv4_f000316_000326_000336,climb-over-fence_smart_rgb,intrusion_climb-over-fence_rgb_0081_cctv4,intrusion_candidate,[326],[10.867],"{""start_frame"": 326, ""end_frame"": 326}","[""stand, walk""]","[""danger""]",danger,1,"{""normal"": 0, ""unsafe"": 0, ""danger"": 1}","{""normal"": 0.0, ""unsafe"": 0.0, ""danger"": 1.0}",danger,danger,danger,True,False,labeling_yolo_single_frame,single_frame_gt_from_sampled_frame_label,/home/capstone2/zroact-stage2/benchmark2/data/viz_shufflenet_test/test_frame_30fps/climb-over-fence_smart_rgb/images/intrusion_climb-over-fence_rgb_0081_cctv4/intrusion_climb-over-fence_rgb_0081_cctv4_t000326.jpg,,
intrusion_climb-over-fence_rgb_0081_cctv4_f000336,intrusion_climb-over-fence_rgb_0081_cctv4_f000316_000326_000336,climb-over-fence_smart_rgb,intrusion_climb-over-fence_rgb_0081_cctv4,intrusion_candidate,[336],[11.2],"{""start_frame"": 336, ""end_frame"": 336}","[""stand, walk""]","[""danger""]",danger,1,"{""normal"": 0, ""unsafe"": 0, ""danger"": 1}","{""normal"": 0.0, ""unsafe"": 0.0, ""danger"": 1.0}",danger,danger,danger,True,False,labeling_yolo_single_frame,single_frame_gt_from_sampled_frame_label,/home/capstone2/zroact-stage2/benchmark2/data/viz_shufflenet_test/test_frame_30fps/climb-over-fence_smart_rgb/images/intrusion_climb-over-fence_rgb_0081_cctv4/intrusion_climb-over-fence_rgb_0081_cctv4_t000336.jpg,,
intrusion_climb-over-fence_rgb_0081_cctv4_f000346,intrusion_climb-over-fence_rgb_0081_cctv4_f000346_000356_000366,climb-over-fence_smart_rgb,intrusion_climb-over-fence_rgb_0081_cctv4,intrusion_candidate,[346],[11.533],"{""start_frame"": 346, ""end_frame"": 346}","[""stand""]","[""danger""]",danger,1,"{""normal"": 0, ""unsafe"": 0, ""danger"": 1}","{""normal"": 0.0, ""unsafe"": 0.0, ""danger"": 1.0}",danger,danger,danger,True,False,labeling_yolo_single_frame,single_frame_gt_from_sampled_frame_label,/home/capstone2/zroact-stage2/benchmark2/data/viz_shufflenet_test/test_frame_30fps/climb-over-fence_smart_rgb/images/intrusion_climb-over-fence_rgb_0081_cctv4/intrusion_climb-over-fence_rgb_0081_cctv4_t000346.jpg,,
intrusion_climb-over-fence_rgb_0081_cctv4_f000356,intrusion_climb-over-fence_rgb_0081_cctv4_f000346_000356_000366,climb-over-fence_smart_rgb,intrusion_climb-over-fence_rgb_0081_cctv4,intrusion_candidate,[356],[11.867],"{""start_frame"": 356, ""end_frame"": 356}","[""stand""]","[""danger""]",danger,1,"{""normal"": 0, ""unsafe"": 0, ""danger"": 1}","{""normal"": 0.0, ""unsafe"": 0.0, ""danger"": 1.0}",danger,danger,danger,True,False,labeling_yolo_single_frame,single_frame_gt_from_sampled_frame_label,/home/capstone2/zroact-stage2/benchmark2/data/viz_shufflenet_test/test_frame_30fps/climb-over-fence_smart_rgb/images/intrusion_climb-over-fence_rgb_0081_cctv4/intrusion_climb-over-fence_rgb_0081_cctv4_t000356.jpg,,
intrusion_climb-over-fence_rgb_0081_cctv4_f000366,intrusion_climb-over-fence_rgb_0081_cctv4_f000346_000356_000366,climb-over-fence_smart_rgb,intrusion_climb-over-fence_rgb_0081_cctv4,intrusion_candidate,[366],[12.2],"{""start_frame"": 366, ""end_frame"": 366}","[""none""]","[""danger""]",danger,1,"{""normal"": 0, ""unsafe"": 0, ""danger"": 1}","{""normal"": 0.0, ""unsafe"": 0.0, ""danger"": 1.0}",danger,danger,danger,True,False,labeling_yolo_single_frame,single_frame_gt_from_sampled_frame_label,/home/capstone2/zroact-stage2/benchmark2/data/viz_shufflenet_test/test_frame_30fps/climb-over-fence_smart_rgb/images/intrusion_climb-over-fence_rgb_0081_cctv4/intrusion_climb-over-fence_rgb_0081_cctv4_t000366.jpg,,
intrusion_climb-over-fence_rgb_0081_cctv4_f000376,intrusion_climb-over-fence_rgb_0081_cctv4_f000376_000386_000396,climb-over-fence_smart_rgb,intrusion_climb-over-fence_rgb_0081_cctv4,intrusion_candidate,[376],[12.533],"{""start_frame"": 376, ""end_frame"": 376}","[""none""]","[""danger""]",danger,1,"{""normal"": 0, ""unsafe"": 0, ""danger"": 1}","{""normal"": 0.0, ""unsafe"": 0.0, ""danger"": 1.0}",danger,danger,danger,True,False,labeling_yolo_single_frame,single_frame_gt_from_sampled_frame_label,/home/capstone2/zroact-stage2/benchmark2/data/viz_shufflenet_test/test_frame_30fps/climb-over-fence_smart_rgb/images/intrusion_climb-over-fence_rgb_0081_cctv4/intrusion_climb-over-fence_rgb_0081_cctv4_t000376.jpg,,
intrusion_climb-over-fence_rgb_0081_cctv4_f000386,intrusion_climb-over-fence_rgb_0081_cctv4_f000376_000386_000396,climb-over-fence_smart_rgb,intrusion_climb-over-fence_rgb_0081_cctv4,intrusion_candidate,[386],[12.867],"{""start_frame"": 386, ""end_frame"": 386}","[""none""]","[""danger""]",danger,1,"{""normal"": 0, ""unsafe"": 0, ""danger"": 1}","{""normal"": 0.0, ""unsafe"": 0.0, ""danger"": 1.0}",danger,danger,danger,True,False,labeling_yolo_single_frame,single_frame_gt_from_sampled_frame_label,/home/capstone2/zroact-stage2/benchmark2/data/viz_shufflenet_test/test_frame_30fps/climb-over-fence_smart_rgb/images/intrusion_climb-over-fence_rgb_0081_cctv4/intrusion_climb-over-fence_rgb_0081_cctv4_t000386.jpg,,
intrusion_climb-over-fence_rgb_0081_cctv4_f000396,intrusion_climb-over-fence_rgb_0081_cctv4_f000376_000386_000396,climb-over-fence_smart_rgb,intrusion_climb-over-fence_rgb_0081_cctv4,intrusion_candidate,[396],[13.2],"{""start_frame"": 396, ""end_frame"": 396}","[""none""]","[""danger""]",danger,1,"{""normal"": 0, ""unsafe"": 0, ""danger"": 1}","{""normal"": 0.0, ""unsafe"": 0.0, ""danger"": 1.0}",danger,danger,danger,True,False,labeling_yolo_single_frame,single_frame_gt_from_sampled_frame_label,/home/capstone2/zroact-stage2/benchmark2/data/viz_shufflenet_test/test_frame_30fps/climb-over-fence_smart_rgb/images/intrusion_climb-over-fence_rgb_0081_cctv4/intrusion_climb-over-fence_rgb_0081_cctv4_t000396.jpg,,
intrusion_climb-over-fence_rgb_0091_cctv2_f000016,intrusion_climb-over-fence_rgb_0091_cctv2_f000016_000026_000036,climb-over-fence_smart_rgb,intrusion_climb-over-fence_rgb_0091_cctv2,intrusion_candidate,[16],[0.533],"{""start_frame"": 16, ""end_frame"": 16}","[""walk, carry/hold (an object)""]","[""unsafe""]",unsafe,1,"{""normal"": 0, ""unsafe"": 1, ""danger"": 0}","{""normal"": 0.0, ""unsafe"": 1.0, ""danger"": 0.0}",unsafe,unsafe,unsafe,True,False,labeling_yolo_single_frame,single_frame_gt_from_sampled_frame_label,/home/capstone2/zroact-stage2/benchmark2/data/viz_shufflenet_test/test_frame_30fps/climb-over-fence_smart_rgb/images/intrusion_climb-over-fence_rgb_0091_cctv2/intrusion_climb-over-fence_rgb_0091_cctv2_t000016.jpg,,
intrusion_climb-over-fence_rgb_0091_cctv2_f000026,intrusion_climb-over-fence_rgb_0091_cctv2_f000016_000026_000036,climb-over-fence_smart_rgb,intrusion_climb-over-fence_rgb_0091_cctv2,intrusion_candidate,[26],[0.867],"{""start_frame"": 26, ""end_frame"": 26}","[""walk, carry/hold (an object)""]","[""danger""]",danger,1,"{""normal"": 0, ""unsafe"": 0, ""danger"": 1}","{""normal"": 0.0, ""unsafe"": 0.0, ""danger"": 1.0}",danger,danger,danger,True,False,labeling_yolo_single_frame,single_frame_gt_from_sampled_frame_label,/home/capstone2/zroact-stage2/benchmark2/data/viz_shufflenet_test/test_frame_30fps/climb-over-fence_smart_rgb/images/intrusion_climb-over-fence_rgb_0091_cctv2/intrusion_climb-over-fence_rgb_0091_cctv2_t000026.jpg,,
intrusion_climb-over-fence_rgb_0091_cctv2_f000036,intrusion_climb-over-fence_rgb_0091_cctv2_f000016_000026_000036,climb-over-fence_smart_rgb,intrusion_climb-over-fence_rgb_0091_cctv2,intrusion_candidate,[36],[1.2],"{""start_frame"": 36, ""end_frame"": 36}","[""walk, carry/hold (an object)""]","[""danger""]",danger,1,"{""normal"": 0, ""unsafe"": 0, ""danger"": 1}","{""normal"": 0.0, ""unsafe"": 0.0, ""danger"": 1.0}",danger,danger,danger,True,False,labeling_yolo_single_frame,single_frame_gt_from_sampled_frame_label,/home/capstone2/zroact-stage2/benchmark2/data/viz_shufflenet_test/test_frame_30fps/climb-over-fence_smart_rgb/images/intrusion_climb-over-fence_rgb_0091_cctv2/intrusion_climb-over-fence_rgb_0091_cctv2_t000036.jpg,,
intrusion_climb-over-fence_rgb_0091_cctv2_f000046,intrusion_climb-over-fence_rgb_0091_cctv2_f000046_000056_000066,climb-over-fence_smart_rgb,intrusion_climb-over-fence_rgb_0091_cctv2,intrusion_candidate,[46],[1.533],"{""start_frame"": 46, ""end_frame"": 46}","[""stand, carry/hold (an object)""]","[""danger""]",danger,1,"{""normal"": 0, ""unsafe"": 0, ""danger"": 1}","{""normal"": 0.0, ""unsafe"": 0.0, ""danger"": 1.0}",danger,danger,danger,True,False,labeling_yolo_single_frame,single_frame_gt_from_sampled_frame_label,/home/capstone2/zroact-stage2/benchmark2/data/viz_shufflenet_test/test_frame_30fps/climb-over-fence_smart_rgb/images/intrusion_climb-over-fence_rgb_0091_cctv2/intrusion_climb-over-fence_rgb_0091_cctv2_t000046.jpg,,
intrusion_climb-over-fence_rgb_0091_cctv2_f000056,intrusion_climb-over-fence_rgb_0091_cctv2_f000046_000056_000066,climb-over-fence_smart_rgb,intrusion_climb-over-fence_rgb_0091_cctv2,intrusion_candidate,[56],[1.867],"{""start_frame"": 56, ""end_frame"": 56}","[""stand, carry/hold (an object)""]","[""danger""]",danger,1,"{""normal"": 0, ""unsafe"": 0, ""danger"": 1}","{""normal"": 0.0, ""unsafe"": 0.0, ""danger"": 1.0}",danger,danger,danger,True,False,labeling_yolo_single_frame,single_frame_gt_from_sampled_frame_label,/home/capstone2/zroact-stage2/benchmark2/data/viz_shufflenet_test/test_frame_30fps/climb-over-fence_smart_rgb/images/intrusion_climb-over-fence_rgb_0091_cctv2/intrusion_climb-over-fence_rgb_0091_cctv2_t000056.jpg,,
intrusion_climb-over-fence_rgb_0091_cctv2_f000066,intrusion_climb-over-fence_rgb_0091_cctv2_f000046_000056_000066,climb-over-fence_smart_rgb,intrusion_climb-over-fence_rgb_0091_cctv2,intrusion_candidate,[66],[2.2],"{""start_frame"": 66, ""end_frame"": 66}","[""carry/hold (an object), walk""]","[""danger""]",danger,1,"{""normal"": 0, ""unsafe"": 0, ""danger"": 1}","{""normal"": 0.0, ""unsafe"": 0.0, ""danger"": 1.0}",danger,danger,danger,True,False,labeling_yolo_single_frame,single_frame_gt_from_sampled_frame_label,/home/capstone2/zroact-stage2/benchmark2/data/viz_shufflenet_test/test_frame_30fps/climb-over-fence_smart_rgb/images/intrusion_climb-over-fence_rgb_0091_cctv2/intrusion_climb-over-fence_rgb_0091_cctv2_t000066.jpg,,
intrusion_climb-over-fence_rgb_0091_cctv2_f000076,intrusion_climb-over-fence_rgb_0091_cctv2_f000076_000086_000096,climb-over-fence_smart_rgb,intrusion_climb-over-fence_rgb_0091_cctv2,intrusion_candidate,[76],[2.533],"{""start_frame"": 76, ""end_frame"": 76}","[""carry/hold (an object), walk""]","[""danger""]",danger,1,"{""normal"": 0, ""unsafe"": 0, ""danger"": 1}","{""normal"": 0.0, ""unsafe"": 0.0, ""danger"": 1.0}",danger,danger,danger,True,False,labeling_yolo_single_frame,single_frame_gt_from_sampled_frame_label,/home/capstone2/zroact-stage2/benchmark2/data/viz_shufflenet_test/test_frame_30fps/climb-over-fence_smart_rgb/images/intrusion_climb-over-fence_rgb_0091_cctv2/intrusion_climb-over-fence_rgb_0091_cctv2_t000076.jpg,,
intrusion_climb-over-fence_rgb_0091_cctv2_f000086,intrusion_climb-over-fence_rgb_0091_cctv2_f000076_000086_000096,climb-over-fence_smart_rgb,intrusion_climb-over-fence_rgb_0091_cctv2,intrusion_candidate,[86],[2.867],"{""start_frame"": 86, ""end_frame"": 86}","[""stand, carry/hold (an object)""]","[""danger""]",danger,1,"{""normal"": 0, ""unsafe"": 0, ""danger"": 1}","{""normal"": 0.0, ""unsafe"": 0.0, ""danger"": 1.0}",danger,danger,danger,True,False,labeling_yolo_single_frame,single_frame_gt_from_sampled_frame_label,/home/capstone2/zroact-stage2/benchmark2/data/viz_shufflenet_test/test_frame_30fps/climb-over-fence_smart_rgb/images/intrusion_climb-over-fence_rgb_0091_cctv2/intrusion_climb-over-fence_rgb_0091_cctv2_t000086.jpg,,
intrusion_climb-over-fence_rgb_0091_cctv2_f000096,intrusion_climb-over-fence_rgb_0091_cctv2_f000076_000086_000096,climb-over-fence_smart_rgb,intrusion_climb-over-fence_rgb_0091_cctv2,intrusion_candidate,[96],[3.2],"{""start_frame"": 96, ""end_frame"": 96}","[""stand, answer phone""]","[""danger""]",danger,1,"{""normal"": 0, ""unsafe"": 0, ""danger"": 1}","{""normal"": 0.0, ""unsafe"": 0.0, ""danger"": 1.0}",danger,danger,danger,True,False,labeling_yolo_single_frame,single_frame_gt_from_sampled_frame_label,/home/capstone2/zroact-stage2/benchmark2/data/viz_shufflenet_test/test_frame_30fps/climb-over-fence_smart_rgb/images/intrusion_climb-over-fence_rgb_0091_cctv2/intrusion_climb-over-fence_rgb_0091_cctv2_t000096.jpg,,
intrusion_climb-over-fence_rgb_0091_cctv2_f000106,intrusion_climb-over-fence_rgb_0091_cctv2_f000106_000116_000126,climb-over-fence_smart_rgb,intrusion_climb-over-fence_rgb_0091_cctv2,intrusion_candidate,[106],[3.533],"{""start_frame"": 106, ""end_frame"": 106}","[""stand, answer phone""]","[""danger""]",danger,1,"{""normal"": 0, ""unsafe"": 0, ""danger"": 1}","{""normal"": 0.0, ""unsafe"": 0.0, ""danger"": 1.0}",danger,danger,danger,True,False,labeling_yolo_single_frame,single_frame_gt_from_sampled_frame_label,/home/capstone2/zroact-stage2/benchmark2/data/viz_shufflenet_test/test_frame_30fps/climb-over-fence_smart_rgb/images/intrusion_climb-over-fence_rgb_0091_cctv2/intrusion_climb-over-fence_rgb_0091_cctv2_t000106.jpg,,
intrusion_climb-over-fence_rgb_0091_cctv2_f000116,intrusion_climb-over-fence_rgb_0091_cctv2_f000106_000116_000126,climb-over-fence_smart_rgb,intrusion_climb-over-fence_rgb_0091_cctv2,intrusion_candidate,[116],[3.867],"{""start_frame"": 116, ""end_frame"": 116}","[""stand, answer phone""]","[""danger""]",danger,1,"{""normal"": 0, ""unsafe"": 0, ""danger"": 1}","{""normal"": 0.0, ""unsafe"": 0.0, ""danger"": 1.0}",danger,danger,danger,True,False,labeling_yolo_single_frame,single_frame_gt_from_sampled_frame_label,/home/capstone2/zroact-stage2/benchmark2/data/viz_shufflenet_test/test_frame_30fps/climb-over-fence_smart_rgb/images/intrusion_climb-over-fence_rgb_0091_cctv2/intrusion_climb-over-fence_rgb_0091_cctv2_t000116.jpg,,
intrusion_climb-over-fence_rgb_0091_cctv2_f000126,intrusion_climb-over-fence_rgb_0091_cctv2_f000106_000116_000126,climb-over-fence_smart_rgb,intrusion_climb-over-fence_rgb_0091_cctv2,intrusion_candidate,[126],[4.2],"{""start_frame"": 126, ""end_frame"": 126}","[""stand, answer phone""]","[""danger""]",danger,1,"{""normal"": 0, ""unsafe"": 0, ""danger"": 1}","{""normal"": 0.0, ""unsafe"": 0.0, ""danger"": 1.0}",danger,danger,danger,True,False,labeling_yolo_single_frame,single_frame_gt_from_sampled_frame_label,/home/capstone2/zroact-stage2/benchmark2/data/viz_shufflenet_test/test_frame_30fps/climb-over-fence_smart_rgb/images/intrusion_climb-over-fence_rgb_0091_cctv2/intrusion_climb-over-fence_rgb_0091_cctv2_t000126.jpg,,
intrusion_climb-over-fence_rgb_0091_cctv2_f000136,intrusion_climb-over-fence_rgb_0091_cctv2_f000136_000146_000156,climb-over-fence_smart_rgb,intrusion_climb-over-fence_rgb_0091_cctv2,intrusion_candidate,[136],[4.533],"{""start_frame"": 136, ""end_frame"": 136}","[""stand, answer phone""]","[""danger""]",danger,1,"{""normal"": 0, ""unsafe"": 0, ""danger"": 1}","{""normal"": 0.0, ""unsafe"": 0.0, ""danger"": 1.0}",danger,danger,danger,True,False,labeling_yolo_single_frame,single_frame_gt_from_sampled_frame_label,/home/capstone2/zroact-stage2/benchmark2/data/viz_shufflenet_test/test_frame_30fps/climb-over-fence_smart_rgb/images/intrusion_climb-over-fence_rgb_0091_cctv2/intrusion_climb-over-fence_rgb_0091_cctv2_t000136.jpg,,
intrusion_climb-over-fence_rgb_0091_cctv2_f000146,intrusion_climb-over-fence_rgb_0091_cctv2_f000136_000146_000156,climb-over-fence_smart_rgb,intrusion_climb-over-fence_rgb_0091_cctv2,intrusion_candidate,[146],[4.867],"{""start_frame"": 146, ""end_frame"": 146}","[""stand, answer phone""]","[""danger""]",danger,1,"{""normal"": 0, ""unsafe"": 0, ""danger"": 1}","{""normal"": 0.0, ""unsafe"": 0.0, ""danger"": 1.0}",danger,danger,danger,True,False,labeling_yolo_single_frame,single_frame_gt_from_sampled_frame_label,/home/capstone2/zroact-stage2/benchmark2/data/viz_shufflenet_test/test_frame_30fps/climb-over-fence_smart_rgb/images/intrusion_climb-over-fence_rgb_0091_cctv2/intrusion_climb-over-fence_rgb_0091_cctv2_t000146.jpg,,
intrusion_climb-over-fence_rgb_0091_cctv2_f000156,intrusion_climb-over-fence_rgb_0091_cctv2_f000136_000146_000156,climb-over-fence_smart_rgb,intrusion_climb-over-fence_rgb_0091_cctv2,intrusion_candidate,[156],[5.2],"{""start_frame"": 156, ""end_frame"": 156}","[""stand, carry/hold (an object)""]","[""danger""]",danger,1,"{""normal"": 0, ""unsafe"": 0, ""danger"": 1}","{""normal"": 0.0, ""unsafe"": 0.0, ""danger"": 1.0}",danger,danger,danger,True,False,labeling_yolo_single_frame,single_frame_gt_from_sampled_frame_label,/home/capstone2/zroact-stage2/benchmark2/data/viz_shufflenet_test/test_frame_30fps/climb-over-fence_smart_rgb/images/intrusion_climb-over-fence_rgb_0091_cctv2/intrusion_climb-over-fence_rgb_0091_cctv2_t000156.jpg,,
intrusion_climb-over-fence_rgb_0091_cctv2_f000166,intrusion_climb-over-fence_rgb_0091_cctv2_f000166_000176_000186,climb-over-fence_smart_rgb,intrusion_climb-over-fence_rgb_0091_cctv2,intrusion_candidate,[166],[5.533],"{""start_frame"": 166, ""end_frame"": 166}","[""carry/hold (an object), walk""]","[""danger""]",danger,1,"{""normal"": 0, ""unsafe"": 0, ""danger"": 1}","{""normal"": 0.0, ""unsafe"": 0.0, ""danger"": 1.0}",danger,danger,danger,True,False,labeling_yolo_single_frame,single_frame_gt_from_sampled_frame_label,/home/capstone2/zroact-stage2/benchmark2/data/viz_shufflenet_test/test_frame_30fps/climb-over-fence_smart_rgb/images/intrusion_climb-over-fence_rgb_0091_cctv2/intrusion_climb-over-fence_rgb_0091_cctv2_t000166.jpg,,
intrusion_climb-over-fence_rgb_0091_cctv2_f000176,intrusion_climb-over-fence_rgb_0091_cctv2_f000166_000176_000186,climb-over-fence_smart_rgb,intrusion_climb-over-fence_rgb_0091_cctv2,intrusion_candidate,[176],[5.867],"{""start_frame"": 176, ""end_frame"": 176}","[""carry/hold (an object), stand""]","[""danger""]",danger,1,"{""normal"": 0, ""unsafe"": 0, ""danger"": 1}","{""normal"": 0.0, ""unsafe"": 0.0, ""danger"": 1.0}",danger,danger,danger,True,False,labeling_yolo_single_frame,single_frame_gt_from_sampled_frame_label,/home/capstone2/zroact-stage2/benchmark2/data/viz_shufflenet_test/test_frame_30fps/climb-over-fence_smart_rgb/images/intrusion_climb-over-fence_rgb_0091_cctv2/intrusion_climb-over-fence_rgb_0091_cctv2_t000176.jpg,,
intrusion_climb-over-fence_rgb_0091_cctv2_f000186,intrusion_climb-over-fence_rgb_0091_cctv2_f000166_000176_000186,climb-over-fence_smart_rgb,intrusion_climb-over-fence_rgb_0091_cctv2,intrusion_candidate,[186],[6.2],"{""start_frame"": 186, ""end_frame"": 186}","[""stand, carry/hold (an object)""]","[""danger""]",danger,1,"{""normal"": 0, ""unsafe"": 0, ""danger"": 1}","{""normal"": 0.0, ""unsafe"": 0.0, ""danger"": 1.0}",danger,danger,danger,True,False,labeling_yolo_single_frame,single_frame_gt_from_sampled_frame_label,/home/capstone2/zroact-stage2/benchmark2/data/viz_shufflenet_test/test_frame_30fps/climb-over-fence_smart_rgb/images/intrusion_climb-over-fence_rgb_0091_cctv2/intrusion_climb-over-fence_rgb_0091_cctv2_t000186.jpg,,
intrusion_climb-over-fence_rgb_0091_cctv2_f000196,intrusion_climb-over-fence_rgb_0091_cctv2_f000196_000206_000216,climb-over-fence_smart_rgb,intrusion_climb-over-fence_rgb_0091_cctv2,intrusion_candidate,[196],[6.533],"{""start_frame"": 196, ""end_frame"": 196}","[""stand, carry/hold (an object)""]","[""danger""]",danger,1,"{""normal"": 0, ""unsafe"": 0, ""danger"": 1}","{""normal"": 0.0, ""unsafe"": 0.0, ""danger"": 1.0}",danger,danger,danger,True,False,labeling_yolo_single_frame,single_frame_gt_from_sampled_frame_label,/home/capstone2/zroact-stage2/benchmark2/data/viz_shufflenet_test/test_frame_30fps/climb-over-fence_smart_rgb/images/intrusion_climb-over-fence_rgb_0091_cctv2/intrusion_climb-over-fence_rgb_0091_cctv2_t000196.jpg,,
intrusion_climb-over-fence_rgb_0091_cctv2_f000206,intrusion_climb-over-fence_rgb_0091_cctv2_f000196_000206_000216,climb-over-fence_smart_rgb,intrusion_climb-over-fence_rgb_0091_cctv2,intrusion_candidate,[206],[6.867],"{""start_frame"": 206, ""end_frame"": 206}","[""walk, carry/hold (an object)""]","[""danger""]",danger,1,"{""normal"": 0, ""unsafe"": 0, ""danger"": 1}","{""normal"": 0.0, ""unsafe"": 0.0, ""danger"": 1.0}",danger,danger,danger,True,False,labeling_yolo_single_frame,single_frame_gt_from_sampled_frame_label,/home/capstone2/zroact-stage2/benchmark2/data/viz_shufflenet_test/test_frame_30fps/climb-over-fence_smart_rgb/images/intrusion_climb-over-fence_rgb_0091_cctv2/intrusion_climb-over-fence_rgb_0091_cctv2_t000206.jpg,,
intrusion_climb-over-fence_rgb_0091_cctv2_f000216,intrusion_climb-over-fence_rgb_0091_cctv2_f000196_000206_000216,climb-over-fence_smart_rgb,intrusion_climb-over-fence_rgb_0091_cctv2,intrusion_candidate,[216],[7.2],"{""start_frame"": 216, ""end_frame"": 216}","[""walk, carry/hold (an object)""]","[""danger""]",danger,1,"{""normal"": 0, ""unsafe"": 0, ""danger"": 1}","{""normal"": 0.0, ""unsafe"": 0.0, ""danger"": 1.0}",danger,danger,danger,True,False,labeling_yolo_single_frame,single_frame_gt_from_sampled_frame_label,/home/capstone2/zroact-stage2/benchmark2/data/viz_shufflenet_test/test_frame_30fps/climb-over-fence_smart_rgb/images/intrusion_climb-over-fence_rgb_0091_cctv2/intrusion_climb-over-fence_rgb_0091_cctv2_t000216.jpg,,
intrusion_climb-over-fence_rgb_0091_cctv2_f000226,intrusion_climb-over-fence_rgb_0091_cctv2_f000226_000236_000246,climb-over-fence_smart_rgb,intrusion_climb-over-fence_rgb_0091_cctv2,intrusion_candidate,[226],[7.533],"{""start_frame"": 226, ""end_frame"": 226}","[""bend/bow (at the waist), stand""]","[""danger""]",danger,1,"{""normal"": 0, ""unsafe"": 0, ""danger"": 1}","{""normal"": 0.0, ""unsafe"": 0.0, ""danger"": 1.0}",danger,danger,danger,True,False,labeling_yolo_single_frame,single_frame_gt_from_sampled_frame_label,/home/capstone2/zroact-stage2/benchmark2/data/viz_shufflenet_test/test_frame_30fps/climb-over-fence_smart_rgb/images/intrusion_climb-over-fence_rgb_0091_cctv2/intrusion_climb-over-fence_rgb_0091_cctv2_t000226.jpg,,
intrusion_climb-over-fence_rgb_0091_cctv2_f000236,intrusion_climb-over-fence_rgb_0091_cctv2_f000226_000236_000246,climb-over-fence_smart_rgb,intrusion_climb-over-fence_rgb_0091_cctv2,intrusion_candidate,[236],[7.867],"{""start_frame"": 236, ""end_frame"": 236}","[""bend/bow (at the waist), stand""]","[""danger""]",danger,1,"{""normal"": 0, ""unsafe"": 0, ""danger"": 1}","{""normal"": 0.0, ""unsafe"": 0.0, ""danger"": 1.0}",danger,danger,danger,True,False,labeling_yolo_single_frame,single_frame_gt_from_sampled_frame_label,/home/capstone2/zroact-stage2/benchmark2/data/viz_shufflenet_test/test_frame_30fps/climb-over-fence_smart_rgb/images/intrusion_climb-over-fence_rgb_0091_cctv2/intrusion_climb-over-fence_rgb_0091_cctv2_t000236.jpg,,
intrusion_climb-over-fence_rgb_0091_cctv2_f000246,intrusion_climb-over-fence_rgb_0091_cctv2_f000226_000236_000246,climb-over-fence_smart_rgb,intrusion_climb-over-fence_rgb_0091_cctv2,intrusion_candidate,[246],[8.2],"{""start_frame"": 246, ""end_frame"": 246}","[""stand, carry/hold (an object)""]","[""danger""]",danger,1,"{""normal"": 0, ""unsafe"": 0, ""danger"": 1}","{""normal"": 0.0, ""unsafe"": 0.0, ""danger"": 1.0}",danger,danger,danger,True,False,labeling_yolo_single_frame,single_frame_gt_from_sampled_frame_label,/home/capstone2/zroact-stage2/benchmark2/data/viz_shufflenet_test/test_frame_30fps/climb-over-fence_smart_rgb/images/intrusion_climb-over-fence_rgb_0091_cctv2/intrusion_climb-over-fence_rgb_0091_cctv2_t000246.jpg,,
intrusion_climb-over-fence_rgb_0091_cctv2_f000256,intrusion_climb-over-fence_rgb_0091_cctv2_f000256_000266_000276,climb-over-fence_smart_rgb,intrusion_climb-over-fence_rgb_0091_cctv2,intrusion_candidate,[256],[8.533],"{""start_frame"": 256, ""end_frame"": 256}","[""stand, carry/hold (an object)""]","[""danger""]",danger,1,"{""normal"": 0, ""unsafe"": 0, ""danger"": 1}","{""normal"": 0.0, ""unsafe"": 0.0, ""danger"": 1.0}",danger,danger,danger,True,False,labeling_yolo_single_frame,single_frame_gt_from_sampled_frame_label,/home/capstone2/zroact-stage2/benchmark2/data/viz_shufflenet_test/test_frame_30fps/climb-over-fence_smart_rgb/images/intrusion_climb-over-fence_rgb_0091_cctv2/intrusion_climb-over-fence_rgb_0091_cctv2_t000256.jpg,,
intrusion_climb-over-fence_rgb_0091_cctv2_f000266,intrusion_climb-over-fence_rgb_0091_cctv2_f000256_000266_000276,climb-over-fence_smart_rgb,intrusion_climb-over-fence_rgb_0091_cctv2,intrusion_candidate,[266],[8.867],"{""start_frame"": 266, ""end_frame"": 266}","[""stand, walk""]","[""danger""]",danger,1,"{""normal"": 0, ""unsafe"": 0, ""danger"": 1}","{""normal"": 0.0, ""unsafe"": 0.0, ""danger"": 1.0}",danger,danger,danger,True,False,labeling_yolo_single_frame,single_frame_gt_from_sampled_frame_label,/home/capstone2/zroact-stage2/benchmark2/data/viz_shufflenet_test/test_frame_30fps/climb-over-fence_smart_rgb/images/intrusion_climb-over-fence_rgb_0091_cctv2/intrusion_climb-over-fence_rgb_0091_cctv2_t000266.jpg,,
intrusion_climb-over-fence_rgb_0091_cctv2_f000276,intrusion_climb-over-fence_rgb_0091_cctv2_f000256_000266_000276,climb-over-fence_smart_rgb,intrusion_climb-over-fence_rgb_0091_cctv2,intrusion_candidate,[276],[9.2],"{""start_frame"": 276, ""end_frame"": 276}","[""stand, walk""]","[""danger""]",danger,1,"{""normal"": 0, ""unsafe"": 0, ""danger"": 1}","{""normal"": 0.0, ""unsafe"": 0.0, ""danger"": 1.0}",danger,danger,danger,True,False,labeling_yolo_single_frame,single_frame_gt_from_sampled_frame_label,/home/capstone2/zroact-stage2/benchmark2/data/viz_shufflenet_test/test_frame_30fps/climb-over-fence_smart_rgb/images/intrusion_climb-over-fence_rgb_0091_cctv2/intrusion_climb-over-fence_rgb_0091_cctv2_t000276.jpg,,
intrusion_climb-over-fence_rgb_0091_cctv2_f000286,intrusion_climb-over-fence_rgb_0091_cctv2_f000286_000296_000306,climb-over-fence_smart_rgb,intrusion_climb-over-fence_rgb_0091_cctv2,intrusion_candidate,[286],[9.533],"{""start_frame"": 286, ""end_frame"": 286}","[""stand, answer phone""]","[""danger""]",danger,1,"{""normal"": 0, ""unsafe"": 0, ""danger"": 1}","{""normal"": 0.0, ""unsafe"": 0.0, ""danger"": 1.0}",danger,danger,danger,True,False,labeling_yolo_single_frame,single_frame_gt_from_sampled_frame_label,/home/capstone2/zroact-stage2/benchmark2/data/viz_shufflenet_test/test_frame_30fps/climb-over-fence_smart_rgb/images/intrusion_climb-over-fence_rgb_0091_cctv2/intrusion_climb-over-fence_rgb_0091_cctv2_t000286.jpg,,
intrusion_climb-over-fence_rgb_0091_cctv2_f000296,intrusion_climb-over-fence_rgb_0091_cctv2_f000286_000296_000306,climb-over-fence_smart_rgb,intrusion_climb-over-fence_rgb_0091_cctv2,intrusion_candidate,[296],[9.867],"{""start_frame"": 296, ""end_frame"": 296}","[""stand, answer phone""]","[""danger""]",danger,1,"{""normal"": 0, ""unsafe"": 0, ""danger"": 1}","{""normal"": 0.0, ""unsafe"": 0.0, ""danger"": 1.0}",danger,danger,danger,True,False,labeling_yolo_single_frame,single_frame_gt_from_sampled_frame_label,/home/capstone2/zroact-stage2/benchmark2/data/viz_shufflenet_test/test_frame_30fps/climb-over-fence_smart_rgb/images/intrusion_climb-over-fence_rgb_0091_cctv2/intrusion_climb-over-fence_rgb_0091_cctv2_t000296.jpg,,
intrusion_climb-over-fence_rgb_0091_cctv2_f000306,intrusion_climb-over-fence_rgb_0091_cctv2_f000286_000296_000306,climb-over-fence_smart_rgb,intrusion_climb-over-fence_rgb_0091_cctv2,intrusion_candidate,[306],[10.2],"{""start_frame"": 306, ""end_frame"": 306}","[""stand, answer phone""]","[""danger""]",danger,1,"{""normal"": 0, ""unsafe"": 0, ""danger"": 1}","{""normal"": 0.0, ""unsafe"": 0.0, ""danger"": 1.0}",danger,danger,danger,True,False,labeling_yolo_single_frame,single_frame_gt_from_sampled_frame_label,/home/capstone2/zroact-stage2/benchmark2/data/viz_shufflenet_test/test_frame_30fps/climb-over-fence_smart_rgb/images/intrusion_climb-over-fence_rgb_0091_cctv2/intrusion_climb-over-fence_rgb_0091_cctv2_t000306.jpg,,
intrusion_climb-over-fence_rgb_0091_cctv2_f000316,intrusion_climb-over-fence_rgb_0091_cctv2_f000316_000326_000336,climb-over-fence_smart_rgb,intrusion_climb-over-fence_rgb_0091_cctv2,intrusion_candidate,[316],[10.533],"{""start_frame"": 316, ""end_frame"": 316}","[""stand, answer phone""]","[""danger""]",danger,1,"{""normal"": 0, ""unsafe"": 0, ""danger"": 1}","{""normal"": 0.0, ""unsafe"": 0.0, ""danger"": 1.0}",danger,danger,danger,True,False,labeling_yolo_single_frame,single_frame_gt_from_sampled_frame_label,/home/capstone2/zroact-stage2/benchmark2/data/viz_shufflenet_test/test_frame_30fps/climb-over-fence_smart_rgb/images/intrusion_climb-over-fence_rgb_0091_cctv2/intrusion_climb-over-fence_rgb_0091_cctv2_t000316.jpg,,
intrusion_climb-over-fence_rgb_0091_cctv2_f000326,intrusion_climb-over-fence_rgb_0091_cctv2_f000316_000326_000336,climb-over-fence_smart_rgb,intrusion_climb-over-fence_rgb_0091_cctv2,intrusion_candidate,[326],[10.867],"{""start_frame"": 326, ""end_frame"": 326}","[""stand, answer phone""]","[""danger""]",danger,1,"{""normal"": 0, ""unsafe"": 0, ""danger"": 1}","{""normal"": 0.0, ""unsafe"": 0.0, ""danger"": 1.0}",danger,danger,danger,True,False,labeling_yolo_single_frame,single_frame_gt_from_sampled_frame_label,/home/capstone2/zroact-stage2/benchmark2/data/viz_shufflenet_test/test_frame_30fps/climb-over-fence_smart_rgb/images/intrusion_climb-over-fence_rgb_0091_cctv2/intrusion_climb-over-fence_rgb_0091_cctv2_t000326.jpg,,
intrusion_climb-over-fence_rgb_0091_cctv2_f000336,intrusion_climb-over-fence_rgb_0091_cctv2_f000316_000326_000336,climb-over-fence_smart_rgb,intrusion_climb-over-fence_rgb_0091_cctv2,intrusion_candidate,[336],[11.2],"{""start_frame"": 336, ""end_frame"": 336}","[""stand, walk""]","[""danger""]",danger,1,"{""normal"": 0, ""unsafe"": 0, ""danger"": 1}","{""normal"": 0.0, ""unsafe"": 0.0, ""danger"": 1.0}",danger,danger,danger,True,False,labeling_yolo_single_frame,single_frame_gt_from_sampled_frame_label,/home/capstone2/zroact-stage2/benchmark2/data/viz_shufflenet_test/test_frame_30fps/climb-over-fence_smart_rgb/images/intrusion_climb-over-fence_rgb_0091_cctv2/intrusion_climb-over-fence_rgb_0091_cctv2_t000336.jpg,,
intrusion_climb-over-fence_rgb_0091_cctv2_f000346,intrusion_climb-over-fence_rgb_0091_cctv2_f000346_000356_000366,climb-over-fence_smart_rgb,intrusion_climb-over-fence_rgb_0091_cctv2,intrusion_candidate,[346],[11.533],"{""start_frame"": 346, ""end_frame"": 346}","[""stand, carry/hold (an object)""]","[""danger""]",danger,1,"{""normal"": 0, ""unsafe"": 0, ""danger"": 1}","{""normal"": 0.0, ""unsafe"": 0.0, ""danger"": 1.0}",danger,danger,danger,True,False,labeling_yolo_single_frame,single_frame_gt_from_sampled_frame_label,/home/capstone2/zroact-stage2/benchmark2/data/viz_shufflenet_test/test_frame_30fps/climb-over-fence_smart_rgb/images/intrusion_climb-over-fence_rgb_0091_cctv2/intrusion_climb-over-fence_rgb_0091_cctv2_t000346.jpg,,
intrusion_climb-over-fence_rgb_0091_cctv2_f000356,intrusion_climb-over-fence_rgb_0091_cctv2_f000346_000356_000366,climb-over-fence_smart_rgb,intrusion_climb-over-fence_rgb_0091_cctv2,intrusion_candidate,[356],[11.867],"{""start_frame"": 356, ""end_frame"": 356}","[""stand, carry/hold (an object)""]","[""danger""]",danger,1,"{""normal"": 0, ""unsafe"": 0, ""danger"": 1}","{""normal"": 0.0, ""unsafe"": 0.0, ""danger"": 1.0}",danger,danger,danger,True,False,labeling_yolo_single_frame,single_frame_gt_from_sampled_frame_label,/home/capstone2/zroact-stage2/benchmark2/data/viz_shufflenet_test/test_frame_30fps/climb-over-fence_smart_rgb/images/intrusion_climb-over-fence_rgb_0091_cctv2/intrusion_climb-over-fence_rgb_0091_cctv2_t000356.jpg,,
intrusion_climb-over-fence_rgb_0091_cctv2_f000366,intrusion_climb-over-fence_rgb_0091_cctv2_f000346_000356_000366,climb-over-fence_smart_rgb,intrusion_climb-over-fence_rgb_0091_cctv2,intrusion_candidate,[366],[12.2],"{""start_frame"": 366, ""end_frame"": 366}","[""stand, carry/hold (an object)""]","[""danger""]",danger,1,"{""normal"": 0, ""unsafe"": 0, ""danger"": 1}","{""normal"": 0.0, ""unsafe"": 0.0, ""danger"": 1.0}",danger,danger,danger,True,False,labeling_yolo_single_frame,single_frame_gt_from_sampled_frame_label,/home/capstone2/zroact-stage2/benchmark2/data/viz_shufflenet_test/test_frame_30fps/climb-over-fence_smart_rgb/images/intrusion_climb-over-fence_rgb_0091_cctv2/intrusion_climb-over-fence_rgb_0091_cctv2_t000366.jpg,,
intrusion_climb-over-fence_rgb_0091_cctv2_f000376,intrusion_climb-over-fence_rgb_0091_cctv2_f000376_000386_000396,climb-over-fence_smart_rgb,intrusion_climb-over-fence_rgb_0091_cctv2,intrusion_candidate,[376],[12.533],"{""start_frame"": 376, ""end_frame"": 376}","[""stand, carry/hold (an object)""]","[""danger""]",danger,1,"{""normal"": 0, ""unsafe"": 0, ""danger"": 1}","{""normal"": 0.0, ""unsafe"": 0.0, ""danger"": 1.0}",danger,danger,danger,True,False,labeling_yolo_single_frame,single_frame_gt_from_sampled_frame_label,/home/capstone2/zroact-stage2/benchmark2/data/viz_shufflenet_test/test_frame_30fps/climb-over-fence_smart_rgb/images/intrusion_climb-over-fence_rgb_0091_cctv2/intrusion_climb-over-fence_rgb_0091_cctv2_t000376.jpg,,
intrusion_climb-over-fence_rgb_0091_cctv2_f000386,intrusion_climb-over-fence_rgb_0091_cctv2_f000376_000386_000396,climb-over-fence_smart_rgb,intrusion_climb-over-fence_rgb_0091_cctv2,intrusion_candidate,[386],[12.867],"{""start_frame"": 386, ""end_frame"": 386}","[""stand, walk""]","[""danger""]",danger,1,"{""normal"": 0, ""unsafe"": 0, ""danger"": 1}","{""normal"": 0.0, ""unsafe"": 0.0, ""danger"": 1.0}",danger,danger,danger,True,False,labeling_yolo_single_frame,single_frame_gt_from_sampled_frame_label,/home/capstone2/zroact-stage2/benchmark2/data/viz_shufflenet_test/test_frame_30fps/climb-over-fence_smart_rgb/images/intrusion_climb-over-fence_rgb_0091_cctv2/intrusion_climb-over-fence_rgb_0091_cctv2_t000386.jpg,,
intrusion_climb-over-fence_rgb_0091_cctv2_f000396,intrusion_climb-over-fence_rgb_0091_cctv2_f000376_000386_000396,climb-over-fence_smart_rgb,intrusion_climb-over-fence_rgb_0091_cctv2,intrusion_candidate,[396],[13.2],"{""start_frame"": 396, ""end_frame"": 396}","[""stand, carry/hold (an object)""]","[""danger""]",danger,1,"{""normal"": 0, ""unsafe"": 0, ""danger"": 1}","{""normal"": 0.0, ""unsafe"": 0.0, ""danger"": 1.0}",danger,danger,danger,True,False,labeling_yolo_single_frame,single_frame_gt_from_sampled_frame_label,/home/capstone2/zroact-stage2/benchmark2/data/viz_shufflenet_test/test_frame_30fps/climb-over-fence_smart_rgb/images/intrusion_climb-over-fence_rgb_0091_cctv2/intrusion_climb-over-fence_rgb_0091_cctv2_t000396.jpg,,
intrusion_climb-over-fence_rgb_0098_cctv3_f000016,intrusion_climb-over-fence_rgb_0098_cctv3_f000016_000026_000036,climb-over-fence_smart_rgb,intrusion_climb-over-fence_rgb_0098_cctv3,intrusion_candidate,[16],[0.533],"{""start_frame"": 16, ""end_frame"": 16}","[""carry/hold (an object), walk""]","[""danger""]",danger,1,"{""normal"": 0, ""unsafe"": 0, ""danger"": 1}","{""normal"": 0.0, ""unsafe"": 0.0, ""danger"": 1.0}",danger,danger,danger,True,False,labeling_yolo_single_frame,single_frame_gt_from_sampled_frame_label,/home/capstone2/zroact-stage2/benchmark2/data/viz_shufflenet_test/test_frame_30fps/climb-over-fence_smart_rgb/images/intrusion_climb-over-fence_rgb_0098_cctv3/intrusion_climb-over-fence_rgb_0098_cctv3_t000016.jpg,,
intrusion_climb-over-fence_rgb_0098_cctv3_f000026,intrusion_climb-over-fence_rgb_0098_cctv3_f000016_000026_000036,climb-over-fence_smart_rgb,intrusion_climb-over-fence_rgb_0098_cctv3,intrusion_candidate,[26],[0.867],"{""start_frame"": 26, ""end_frame"": 26}","[""carry/hold (an object), walk""]","[""danger""]",danger,1,"{""normal"": 0, ""unsafe"": 0, ""danger"": 1}","{""normal"": 0.0, ""unsafe"": 0.0, ""danger"": 1.0}",danger,danger,danger,True,False,labeling_yolo_single_frame,single_frame_gt_from_sampled_frame_label,/home/capstone2/zroact-stage2/benchmark2/data/viz_shufflenet_test/test_frame_30fps/climb-over-fence_smart_rgb/images/intrusion_climb-over-fence_rgb_0098_cctv3/intrusion_climb-over-fence_rgb_0098_cctv3_t000026.jpg,,
intrusion_climb-over-fence_rgb_0098_cctv3_f000036,intrusion_climb-over-fence_rgb_0098_cctv3_f000016_000026_000036,climb-over-fence_smart_rgb,intrusion_climb-over-fence_rgb_0098_cctv3,intrusion_candidate,[36],[1.2],"{""start_frame"": 36, ""end_frame"": 36}","[""walk, carry/hold (an object)""]","[""danger""]",danger,1,"{""normal"": 0, ""unsafe"": 0, ""danger"": 1}","{""normal"": 0.0, ""unsafe"": 0.0, ""danger"": 1.0}",danger,danger,danger,True,False,labeling_yolo_single_frame,single_frame_gt_from_sampled_frame_label,/home/capstone2/zroact-stage2/benchmark2/data/viz_shufflenet_test/test_frame_30fps/climb-over-fence_smart_rgb/images/intrusion_climb-over-fence_rgb_0098_cctv3/intrusion_climb-over-fence_rgb_0098_cctv3_t000036.jpg,,
intrusion_climb-over-fence_rgb_0098_cctv3_f000046,intrusion_climb-over-fence_rgb_0098_cctv3_f000046_000056_000066,climb-over-fence_smart_rgb,intrusion_climb-over-fence_rgb_0098_cctv3,intrusion_candidate,[46],[1.533],"{""start_frame"": 46, ""end_frame"": 46}","[""stand, walk""]","[""danger""]",danger,1,"{""normal"": 0, ""unsafe"": 0, ""danger"": 1}","{""normal"": 0.0, ""unsafe"": 0.0, ""danger"": 1.0}",danger,danger,danger,True,False,labeling_yolo_single_frame,single_frame_gt_from_sampled_frame_label,/home/capstone2/zroact-stage2/benchmark2/data/viz_shufflenet_test/test_frame_30fps/climb-over-fence_smart_rgb/images/intrusion_climb-over-fence_rgb_0098_cctv3/intrusion_climb-over-fence_rgb_0098_cctv3_t000046.jpg,,
intrusion_climb-over-fence_rgb_0098_cctv3_f000056,intrusion_climb-over-fence_rgb_0098_cctv3_f000046_000056_000066,climb-over-fence_smart_rgb,intrusion_climb-over-fence_rgb_0098_cctv3,intrusion_candidate,[56],[1.867],"{""start_frame"": 56, ""end_frame"": 56}","[""stand, carry/hold (an object)""]","[""danger""]",danger,1,"{""normal"": 0, ""unsafe"": 0, ""danger"": 1}","{""normal"": 0.0, ""unsafe"": 0.0, ""danger"": 1.0}",danger,danger,danger,True,False,labeling_yolo_single_frame,single_frame_gt_from_sampled_frame_label,/home/capstone2/zroact-stage2/benchmark2/data/viz_shufflenet_test/test_frame_30fps/climb-over-fence_smart_rgb/images/intrusion_climb-over-fence_rgb_0098_cctv3/intrusion_climb-over-fence_rgb_0098_cctv3_t000056.jpg,,
intrusion_climb-over-fence_rgb_0098_cctv3_f000066,intrusion_climb-over-fence_rgb_0098_cctv3_f000046_000056_000066,climb-over-fence_smart_rgb,intrusion_climb-over-fence_rgb_0098_cctv3,intrusion_candidate,[66],[2.2],"{""start_frame"": 66, ""end_frame"": 66}","[""stand, carry/hold (an object)""]","[""danger""]",danger,1,"{""normal"": 0, ""unsafe"": 0, ""danger"": 1}","{""normal"": 0.0, ""unsafe"": 0.0, ""danger"": 1.0}",danger,danger,danger,True,False,labeling_yolo_single_frame,single_frame_gt_from_sampled_frame_label,/home/capstone2/zroact-stage2/benchmark2/data/viz_shufflenet_test/test_frame_30fps/climb-over-fence_smart_rgb/images/intrusion_climb-over-fence_rgb_0098_cctv3/intrusion_climb-over-fence_rgb_0098_cctv3_t000066.jpg,,
intrusion_climb-over-fence_rgb_0098_cctv3_f000076,intrusion_climb-over-fence_rgb_0098_cctv3_f000076_000086_000096,climb-over-fence_smart_rgb,intrusion_climb-over-fence_rgb_0098_cctv3,intrusion_candidate,[76],[2.533],"{""start_frame"": 76, ""end_frame"": 76}","[""stand, carry/hold (an object)""]","[""danger""]",danger,1,"{""normal"": 0, ""unsafe"": 0, ""danger"": 1}","{""normal"": 0.0, ""unsafe"": 0.0, ""danger"": 1.0}",danger,danger,danger,True,False,labeling_yolo_single_frame,single_frame_gt_from_sampled_frame_label,/home/capstone2/zroact-stage2/benchmark2/data/viz_shufflenet_test/test_frame_30fps/climb-over-fence_smart_rgb/images/intrusion_climb-over-fence_rgb_0098_cctv3/intrusion_climb-over-fence_rgb_0098_cctv3_t000076.jpg,,
intrusion_climb-over-fence_rgb_0098_cctv3_f000086,intrusion_climb-over-fence_rgb_0098_cctv3_f000076_000086_000096,climb-over-fence_smart_rgb,intrusion_climb-over-fence_rgb_0098_cctv3,intrusion_candidate,[86],[2.867],"{""start_frame"": 86, ""end_frame"": 86}","[""walk, carry/hold (an object)""]","[""danger""]",danger,1,"{""normal"": 0, ""unsafe"": 0, ""danger"": 1}","{""normal"": 0.0, ""unsafe"": 0.0, ""danger"": 1.0}",danger,danger,danger,True,False,labeling_yolo_single_frame,single_frame_gt_from_sampled_frame_label,/home/capstone2/zroact-stage2/benchmark2/data/viz_shufflenet_test/test_frame_30fps/climb-over-fence_smart_rgb/images/intrusion_climb-over-fence_rgb_0098_cctv3/intrusion_climb-over-fence_rgb_0098_cctv3_t000086.jpg,,
intrusion_climb-over-fence_rgb_0098_cctv3_f000096,intrusion_climb-over-fence_rgb_0098_cctv3_f000076_000086_000096,climb-over-fence_smart_rgb,intrusion_climb-over-fence_rgb_0098_cctv3,intrusion_candidate,[96],[3.2],"{""start_frame"": 96, ""end_frame"": 96}","[""walk, run/jog""]","[""danger""]",danger,1,"{""normal"": 0, ""unsafe"": 0, ""danger"": 1}","{""normal"": 0.0, ""unsafe"": 0.0, ""danger"": 1.0}",danger,danger,danger,True,False,labeling_yolo_single_frame,single_frame_gt_from_sampled_frame_label,/home/capstone2/zroact-stage2/benchmark2/data/viz_shufflenet_test/test_frame_30fps/climb-over-fence_smart_rgb/images/intrusion_climb-over-fence_rgb_0098_cctv3/intrusion_climb-over-fence_rgb_0098_cctv3_t000096.jpg,,
intrusion_climb-over-fence_rgb_0098_cctv3_f000106,intrusion_climb-over-fence_rgb_0098_cctv3_f000106_000116_000126,climb-over-fence_smart_rgb,intrusion_climb-over-fence_rgb_0098_cctv3,intrusion_candidate,[106],[3.533],"{""start_frame"": 106, ""end_frame"": 106}","[""walk, carry/hold (an object)""]","[""danger""]",danger,1,"{""normal"": 0, ""unsafe"": 0, ""danger"": 1}","{""normal"": 0.0, ""unsafe"": 0.0, ""danger"": 1.0}",danger,danger,danger,True,False,labeling_yolo_single_frame,single_frame_gt_from_sampled_frame_label,/home/capstone2/zroact-stage2/benchmark2/data/viz_shufflenet_test/test_frame_30fps/climb-over-fence_smart_rgb/images/intrusion_climb-over-fence_rgb_0098_cctv3/intrusion_climb-over-fence_rgb_0098_cctv3_t000106.jpg,,
intrusion_climb-over-fence_rgb_0098_cctv3_f000116,intrusion_climb-over-fence_rgb_0098_cctv3_f000106_000116_000126,climb-over-fence_smart_rgb,intrusion_climb-over-fence_rgb_0098_cctv3,intrusion_candidate,[116],[3.867],"{""start_frame"": 116, ""end_frame"": 116}","[""walk, carry/hold (an object)""]","[""danger""]",danger,1,"{""normal"": 0, ""unsafe"": 0, ""danger"": 1}","{""normal"": 0.0, ""unsafe"": 0.0, ""danger"": 1.0}",danger,danger,danger,True,False,labeling_yolo_single_frame,single_frame_gt_from_sampled_frame_label,/home/capstone2/zroact-stage2/benchmark2/data/viz_shufflenet_test/test_frame_30fps/climb-over-fence_smart_rgb/images/intrusion_climb-over-fence_rgb_0098_cctv3/intrusion_climb-over-fence_rgb_0098_cctv3_t000116.jpg,,
intrusion_climb-over-fence_rgb_0098_cctv3_f000126,intrusion_climb-over-fence_rgb_0098_cctv3_f000106_000116_000126,climb-over-fence_smart_rgb,intrusion_climb-over-fence_rgb_0098_cctv3,intrusion_candidate,[126],[4.2],"{""start_frame"": 126, ""end_frame"": 126}","[""walk, carry/hold (an object)""]","[""danger""]",danger,1,"{""normal"": 0, ""unsafe"": 0, ""danger"": 1}","{""normal"": 0.0, ""unsafe"": 0.0, ""danger"": 1.0}",danger,danger,danger,True,False,labeling_yolo_single_frame,single_frame_gt_from_sampled_frame_label,/home/capstone2/zroact-stage2/benchmark2/data/viz_shufflenet_test/test_frame_30fps/climb-over-fence_smart_rgb/images/intrusion_climb-over-fence_rgb_0098_cctv3/intrusion_climb-over-fence_rgb_0098_cctv3_t000126.jpg,,
intrusion_climb-over-fence_rgb_0098_cctv3_f000136,intrusion_climb-over-fence_rgb_0098_cctv3_f000136_000146_000156,climb-over-fence_smart_rgb,intrusion_climb-over-fence_rgb_0098_cctv3,intrusion_candidate,[136],[4.533],"{""start_frame"": 136, ""end_frame"": 136}","[""walk, carry/hold (an object)""]","[""danger""]",danger,1,"{""normal"": 0, ""unsafe"": 0, ""danger"": 1}","{""normal"": 0.0, ""unsafe"": 0.0, ""danger"": 1.0}",danger,danger,danger,True,False,labeling_yolo_single_frame,single_frame_gt_from_sampled_frame_label,/home/capstone2/zroact-stage2/benchmark2/data/viz_shufflenet_test/test_frame_30fps/climb-over-fence_smart_rgb/images/intrusion_climb-over-fence_rgb_0098_cctv3/intrusion_climb-over-fence_rgb_0098_cctv3_t000136.jpg,,
intrusion_climb-over-fence_rgb_0098_cctv3_f000146,intrusion_climb-over-fence_rgb_0098_cctv3_f000136_000146_000156,climb-over-fence_smart_rgb,intrusion_climb-over-fence_rgb_0098_cctv3,intrusion_candidate,[146],[4.867],"{""start_frame"": 146, ""end_frame"": 146}","[""walk, carry/hold (an object)""]","[""danger""]",danger,1,"{""normal"": 0, ""unsafe"": 0, ""danger"": 1}","{""normal"": 0.0, ""unsafe"": 0.0, ""danger"": 1.0}",danger,danger,danger,True,False,labeling_yolo_single_frame,single_frame_gt_from_sampled_frame_label,/home/capstone2/zroact-stage2/benchmark2/data/viz_shufflenet_test/test_frame_30fps/climb-over-fence_smart_rgb/images/intrusion_climb-over-fence_rgb_0098_cctv3/intrusion_climb-over-fence_rgb_0098_cctv3_t000146.jpg,,
intrusion_climb-over-fence_rgb_0098_cctv3_f000156,intrusion_climb-over-fence_rgb_0098_cctv3_f000136_000146_000156,climb-over-fence_smart_rgb,intrusion_climb-over-fence_rgb_0098_cctv3,intrusion_candidate,[156],[5.2],"{""start_frame"": 156, ""end_frame"": 156}","[""carry/hold (an object), stand""]","[""danger""]",danger,1,"{""normal"": 0, ""unsafe"": 0, ""danger"": 1}","{""normal"": 0.0, ""unsafe"": 0.0, ""danger"": 1.0}",danger,danger,danger,True,False,labeling_yolo_single_frame,single_frame_gt_from_sampled_frame_label,/home/capstone2/zroact-stage2/benchmark2/data/viz_shufflenet_test/test_frame_30fps/climb-over-fence_smart_rgb/images/intrusion_climb-over-fence_rgb_0098_cctv3/intrusion_climb-over-fence_rgb_0098_cctv3_t000156.jpg,,
intrusion_climb-over-fence_rgb_0098_cctv3_f000166,intrusion_climb-over-fence_rgb_0098_cctv3_f000166_000176_000186,climb-over-fence_smart_rgb,intrusion_climb-over-fence_rgb_0098_cctv3,intrusion_candidate,[166],[5.533],"{""start_frame"": 166, ""end_frame"": 166}","[""walk, carry/hold (an object)""]","[""danger""]",danger,1,"{""normal"": 0, ""unsafe"": 0, ""danger"": 1}","{""normal"": 0.0, ""unsafe"": 0.0, ""danger"": 1.0}",danger,danger,danger,True,False,labeling_yolo_single_frame,single_frame_gt_from_sampled_frame_label,/home/capstone2/zroact-stage2/benchmark2/data/viz_shufflenet_test/test_frame_30fps/climb-over-fence_smart_rgb/images/intrusion_climb-over-fence_rgb_0098_cctv3/intrusion_climb-over-fence_rgb_0098_cctv3_t000166.jpg,,
intrusion_climb-over-fence_rgb_0098_cctv3_f000176,intrusion_climb-over-fence_rgb_0098_cctv3_f000166_000176_000186,climb-over-fence_smart_rgb,intrusion_climb-over-fence_rgb_0098_cctv3,intrusion_candidate,[176],[5.867],"{""start_frame"": 176, ""end_frame"": 176}","[""walk, carry/hold (an object)""]","[""danger""]",danger,1,"{""normal"": 0, ""unsafe"": 0, ""danger"": 1}","{""normal"": 0.0, ""unsafe"": 0.0, ""danger"": 1.0}",danger,danger,danger,True,False,labeling_yolo_single_frame,single_frame_gt_from_sampled_frame_label,/home/capstone2/zroact-stage2/benchmark2/data/viz_shufflenet_test/test_frame_30fps/climb-over-fence_smart_rgb/images/intrusion_climb-over-fence_rgb_0098_cctv3/intrusion_climb-over-fence_rgb_0098_cctv3_t000176.jpg,,
intrusion_climb-over-fence_rgb_0098_cctv3_f000186,intrusion_climb-over-fence_rgb_0098_cctv3_f000166_000176_000186,climb-over-fence_smart_rgb,intrusion_climb-over-fence_rgb_0098_cctv3,intrusion_candidate,[186],[6.2],"{""start_frame"": 186, ""end_frame"": 186}","[""walk, carry/hold (an object)""]","[""danger""]",danger,1,"{""normal"": 0, ""unsafe"": 0, ""danger"": 1}","{""normal"": 0.0, ""unsafe"": 0.0, ""danger"": 1.0}",danger,danger,danger,True,False,labeling_yolo_single_frame,single_frame_gt_from_sampled_frame_label,/home/capstone2/zroact-stage2/benchmark2/data/viz_shufflenet_test/test_frame_30fps/climb-over-fence_smart_rgb/images/intrusion_climb-over-fence_rgb_0098_cctv3/intrusion_climb-over-fence_rgb_0098_cctv3_t000186.jpg,,
intrusion_climb-over-fence_rgb_0098_cctv3_f000196,intrusion_climb-over-fence_rgb_0098_cctv3_f000196_000206_000216,climb-over-fence_smart_rgb,intrusion_climb-over-fence_rgb_0098_cctv3,intrusion_candidate,[196],[6.533],"{""start_frame"": 196, ""end_frame"": 196}","[""walk, carry/hold (an object)""]","[""danger""]",danger,1,"{""normal"": 0, ""unsafe"": 0, ""danger"": 1}","{""normal"": 0.0, ""unsafe"": 0.0, ""danger"": 1.0}",danger,danger,danger,True,False,labeling_yolo_single_frame,single_frame_gt_from_sampled_frame_label,/home/capstone2/zroact-stage2/benchmark2/data/viz_shufflenet_test/test_frame_30fps/climb-over-fence_smart_rgb/images/intrusion_climb-over-fence_rgb_0098_cctv3/intrusion_climb-over-fence_rgb_0098_cctv3_t000196.jpg,,
intrusion_climb-over-fence_rgb_0098_cctv3_f000206,intrusion_climb-over-fence_rgb_0098_cctv3_f000196_000206_000216,climb-over-fence_smart_rgb,intrusion_climb-over-fence_rgb_0098_cctv3,intrusion_candidate,[206],[6.867],"{""start_frame"": 206, ""end_frame"": 206}","[""walk, carry/hold (an object)""]","[""danger""]",danger,1,"{""normal"": 0, ""unsafe"": 0, ""danger"": 1}","{""normal"": 0.0, ""unsafe"": 0.0, ""danger"": 1.0}",danger,danger,danger,True,False,labeling_yolo_single_frame,single_frame_gt_from_sampled_frame_label,/home/capstone2/zroact-stage2/benchmark2/data/viz_shufflenet_test/test_frame_30fps/climb-over-fence_smart_rgb/images/intrusion_climb-over-fence_rgb_0098_cctv3/intrusion_climb-over-fence_rgb_0098_cctv3_t000206.jpg,,
intrusion_climb-over-fence_rgb_0098_cctv3_f000216,intrusion_climb-over-fence_rgb_0098_cctv3_f000196_000206_000216,climb-over-fence_smart_rgb,intrusion_climb-over-fence_rgb_0098_cctv3,intrusion_candidate,[216],[7.2],"{""start_frame"": 216, ""end_frame"": 216}","[""walk, carry/hold (an object)""]","[""danger""]",danger,1,"{""normal"": 0, ""unsafe"": 0, ""danger"": 1}","{""normal"": 0.0, ""unsafe"": 0.0, ""danger"": 1.0}",danger,danger,danger,True,False,labeling_yolo_single_frame,single_frame_gt_from_sampled_frame_label,/home/capstone2/zroact-stage2/benchmark2/data/viz_shufflenet_test/test_frame_30fps/climb-over-fence_smart_rgb/images/intrusion_climb-over-fence_rgb_0098_cctv3/intrusion_climb-over-fence_rgb_0098_cctv3_t000216.jpg,,
intrusion_climb-over-fence_rgb_0098_cctv3_f000226,intrusion_climb-over-fence_rgb_0098_cctv3_f000226_000236_000246,climb-over-fence_smart_rgb,intrusion_climb-over-fence_rgb_0098_cctv3,intrusion_candidate,[226],[7.533],"{""start_frame"": 226, ""end_frame"": 226}","[""stand, walk""]","[""danger""]",danger,1,"{""normal"": 0, ""unsafe"": 0, ""danger"": 1}","{""normal"": 0.0, ""unsafe"": 0.0, ""danger"": 1.0}",danger,danger,danger,True,False,labeling_yolo_single_frame,single_frame_gt_from_sampled_frame_label,/home/capstone2/zroact-stage2/benchmark2/data/viz_shufflenet_test/test_frame_30fps/climb-over-fence_smart_rgb/images/intrusion_climb-over-fence_rgb_0098_cctv3/intrusion_climb-over-fence_rgb_0098_cctv3_t000226.jpg,,
intrusion_climb-over-fence_rgb_0098_cctv3_f000236,intrusion_climb-over-fence_rgb_0098_cctv3_f000226_000236_000246,climb-over-fence_smart_rgb,intrusion_climb-over-fence_rgb_0098_cctv3,intrusion_candidate,[236],[7.867],"{""start_frame"": 236, ""end_frame"": 236}","[""walk, carry/hold (an object)""]","[""danger""]",danger,1,"{""normal"": 0, ""unsafe"": 0, ""danger"": 1}","{""normal"": 0.0, ""unsafe"": 0.0, ""danger"": 1.0}",danger,danger,danger,True,False,labeling_yolo_single_frame,single_frame_gt_from_sampled_frame_label,/home/capstone2/zroact-stage2/benchmark2/data/viz_shufflenet_test/test_frame_30fps/climb-over-fence_smart_rgb/images/intrusion_climb-over-fence_rgb_0098_cctv3/intrusion_climb-over-fence_rgb_0098_cctv3_t000236.jpg,,
intrusion_climb-over-fence_rgb_0098_cctv3_f000246,intrusion_climb-over-fence_rgb_0098_cctv3_f000226_000236_000246,climb-over-fence_smart_rgb,intrusion_climb-over-fence_rgb_0098_cctv3,intrusion_candidate,[246],[8.2],"{""start_frame"": 246, ""end_frame"": 246}","[""stand, walk""]","[""danger""]",danger,1,"{""normal"": 0, ""unsafe"": 0, ""danger"": 1}","{""normal"": 0.0, ""unsafe"": 0.0, ""danger"": 1.0}",danger,danger,danger,True,False,labeling_yolo_single_frame,single_frame_gt_from_sampled_frame_label,/home/capstone2/zroact-stage2/benchmark2/data/viz_shufflenet_test/test_frame_30fps/climb-over-fence_smart_rgb/images/intrusion_climb-over-fence_rgb_0098_cctv3/intrusion_climb-over-fence_rgb_0098_cctv3_t000246.jpg,,
intrusion_climb-over-fence_rgb_0098_cctv3_f000256,intrusion_climb-over-fence_rgb_0098_cctv3_f000256_000266_000276,climb-over-fence_smart_rgb,intrusion_climb-over-fence_rgb_0098_cctv3,intrusion_candidate,[256],[8.533],"{""start_frame"": 256, ""end_frame"": 256}","[""stand, carry/hold (an object)""]","[""danger""]",danger,1,"{""normal"": 0, ""unsafe"": 0, ""danger"": 1}","{""normal"": 0.0, ""unsafe"": 0.0, ""danger"": 1.0}",danger,danger,danger,True,False,labeling_yolo_single_frame,single_frame_gt_from_sampled_frame_label,/home/capstone2/zroact-stage2/benchmark2/data/viz_shufflenet_test/test_frame_30fps/climb-over-fence_smart_rgb/images/intrusion_climb-over-fence_rgb_0098_cctv3/intrusion_climb-over-fence_rgb_0098_cctv3_t000256.jpg,,
intrusion_climb-over-fence_rgb_0098_cctv3_f000266,intrusion_climb-over-fence_rgb_0098_cctv3_f000256_000266_000276,climb-over-fence_smart_rgb,intrusion_climb-over-fence_rgb_0098_cctv3,intrusion_candidate,[266],[8.867],"{""start_frame"": 266, ""end_frame"": 266}","[""stand, carry/hold (an object)""]","[""danger""]",danger,1,"{""normal"": 0, ""unsafe"": 0, ""danger"": 1}","{""normal"": 0.0, ""unsafe"": 0.0, ""danger"": 1.0}",danger,danger,danger,True,False,labeling_yolo_single_frame,single_frame_gt_from_sampled_frame_label,/home/capstone2/zroact-stage2/benchmark2/data/viz_shufflenet_test/test_frame_30fps/climb-over-fence_smart_rgb/images/intrusion_climb-over-fence_rgb_0098_cctv3/intrusion_climb-over-fence_rgb_0098_cctv3_t000266.jpg,,
intrusion_climb-over-fence_rgb_0098_cctv3_f000276,intrusion_climb-over-fence_rgb_0098_cctv3_f000256_000266_000276,climb-over-fence_smart_rgb,intrusion_climb-over-fence_rgb_0098_cctv3,intrusion_candidate,[276],[9.2],"{""start_frame"": 276, ""end_frame"": 276}","[""stand, walk""]","[""danger""]",danger,1,"{""normal"": 0, ""unsafe"": 0, ""danger"": 1}","{""normal"": 0.0, ""unsafe"": 0.0, ""danger"": 1.0}",danger,danger,danger,True,False,labeling_yolo_single_frame,single_frame_gt_from_sampled_frame_label,/home/capstone2/zroact-stage2/benchmark2/data/viz_shufflenet_test/test_frame_30fps/climb-over-fence_smart_rgb/images/intrusion_climb-over-fence_rgb_0098_cctv3/intrusion_climb-over-fence_rgb_0098_cctv3_t000276.jpg,,
intrusion_climb-over-fence_rgb_0098_cctv3_f000286,intrusion_climb-over-fence_rgb_0098_cctv3_f000286_000296_000306,climb-over-fence_smart_rgb,intrusion_climb-over-fence_rgb_0098_cctv3,intrusion_candidate,[286],[9.533],"{""start_frame"": 286, ""end_frame"": 286}","[""stand, walk""]","[""danger""]",danger,1,"{""normal"": 0, ""unsafe"": 0, ""danger"": 1}","{""normal"": 0.0, ""unsafe"": 0.0, ""danger"": 1.0}",danger,danger,danger,True,False,labeling_yolo_single_frame,single_frame_gt_from_sampled_frame_label,/home/capstone2/zroact-stage2/benchmark2/data/viz_shufflenet_test/test_frame_30fps/climb-over-fence_smart_rgb/images/intrusion_climb-over-fence_rgb_0098_cctv3/intrusion_climb-over-fence_rgb_0098_cctv3_t000286.jpg,,
intrusion_climb-over-fence_rgb_0098_cctv3_f000296,intrusion_climb-over-fence_rgb_0098_cctv3_f000286_000296_000306,climb-over-fence_smart_rgb,intrusion_climb-over-fence_rgb_0098_cctv3,intrusion_candidate,[296],[9.867],"{""start_frame"": 296, ""end_frame"": 296}","[""stand, walk""]","[""danger""]",danger,1,"{""normal"": 0, ""unsafe"": 0, ""danger"": 1}","{""normal"": 0.0, ""unsafe"": 0.0, ""danger"": 1.0}",danger,danger,danger,True,False,labeling_yolo_single_frame,single_frame_gt_from_sampled_frame_label,/home/capstone2/zroact-stage2/benchmark2/data/viz_shufflenet_test/test_frame_30fps/climb-over-fence_smart_rgb/images/intrusion_climb-over-fence_rgb_0098_cctv3/intrusion_climb-over-fence_rgb_0098_cctv3_t000296.jpg,,
intrusion_climb-over-fence_rgb_0098_cctv3_f000306,intrusion_climb-over-fence_rgb_0098_cctv3_f000286_000296_000306,climb-over-fence_smart_rgb,intrusion_climb-over-fence_rgb_0098_cctv3,intrusion_candidate,[306],[10.2],"{""start_frame"": 306, ""end_frame"": 306}","[""stand, walk""]","[""danger""]",danger,1,"{""normal"": 0, ""unsafe"": 0, ""danger"": 1}","{""normal"": 0.0, ""unsafe"": 0.0, ""danger"": 1.0}",danger,danger,danger,True,False,labeling_yolo_single_frame,single_frame_gt_from_sampled_frame_label,/home/capstone2/zroact-stage2/benchmark2/data/viz_shufflenet_test/test_frame_30fps/climb-over-fence_smart_rgb/images/intrusion_climb-over-fence_rgb_0098_cctv3/intrusion_climb-over-fence_rgb_0098_cctv3_t000306.jpg,,
intrusion_climb-over-fence_rgb_0098_cctv3_f000316,intrusion_climb-over-fence_rgb_0098_cctv3_f000316_000326_000336,climb-over-fence_smart_rgb,intrusion_climb-over-fence_rgb_0098_cctv3,intrusion_candidate,[316],[10.533],"{""start_frame"": 316, ""end_frame"": 316}","[""stand, answer phone""]","[""danger""]",danger,1,"{""normal"": 0, ""unsafe"": 0, ""danger"": 1}","{""normal"": 0.0, ""unsafe"": 0.0, ""danger"": 1.0}",danger,danger,danger,True,False,labeling_yolo_single_frame,single_frame_gt_from_sampled_frame_label,/home/capstone2/zroact-stage2/benchmark2/data/viz_shufflenet_test/test_frame_30fps/climb-over-fence_smart_rgb/images/intrusion_climb-over-fence_rgb_0098_cctv3/intrusion_climb-over-fence_rgb_0098_cctv3_t000316.jpg,,
intrusion_climb-over-fence_rgb_0098_cctv3_f000326,intrusion_climb-over-fence_rgb_0098_cctv3_f000316_000326_000336,climb-over-fence_smart_rgb,intrusion_climb-over-fence_rgb_0098_cctv3,intrusion_candidate,[326],[10.867],"{""start_frame"": 326, ""end_frame"": 326}","[""stand, carry/hold (an object)""]","[""danger""]",danger,1,"{""normal"": 0, ""unsafe"": 0, ""danger"": 1}","{""normal"": 0.0, ""unsafe"": 0.0, ""danger"": 1.0}",danger,danger,danger,True,False,labeling_yolo_single_frame,single_frame_gt_from_sampled_frame_label,/home/capstone2/zroact-stage2/benchmark2/data/viz_shufflenet_test/test_frame_30fps/climb-over-fence_smart_rgb/images/intrusion_climb-over-fence_rgb_0098_cctv3/intrusion_climb-over-fence_rgb_0098_cctv3_t000326.jpg,,
intrusion_climb-over-fence_rgb_0098_cctv3_f000336,intrusion_climb-over-fence_rgb_0098_cctv3_f000316_000326_000336,climb-over-fence_smart_rgb,intrusion_climb-over-fence_rgb_0098_cctv3,intrusion_candidate,[336],[11.2],"{""start_frame"": 336, ""end_frame"": 336}","[""walk, carry/hold (an object)""]","[""danger""]",danger,1,"{""normal"": 0, ""unsafe"": 0, ""danger"": 1}","{""normal"": 0.0, ""unsafe"": 0.0, ""danger"": 1.0}",danger,danger,danger,True,False,labeling_yolo_single_frame,single_frame_gt_from_sampled_frame_label,/home/capstone2/zroact-stage2/benchmark2/data/viz_shufflenet_test/test_frame_30fps/climb-over-fence_smart_rgb/images/intrusion_climb-over-fence_rgb_0098_cctv3/intrusion_climb-over-fence_rgb_0098_cctv3_t000336.jpg,,
intrusion_climb-over-fence_rgb_0098_cctv3_f000346,intrusion_climb-over-fence_rgb_0098_cctv3_f000346_000356_000366,climb-over-fence_smart_rgb,intrusion_climb-over-fence_rgb_0098_cctv3,intrusion_candidate,[346],[11.533],"{""start_frame"": 346, ""end_frame"": 346}","[""walk, carry/hold (an object)""]","[""danger""]",danger,1,"{""normal"": 0, ""unsafe"": 0, ""danger"": 1}","{""normal"": 0.0, ""unsafe"": 0.0, ""danger"": 1.0}",danger,danger,danger,True,False,labeling_yolo_single_frame,single_frame_gt_from_sampled_frame_label,/home/capstone2/zroact-stage2/benchmark2/data/viz_shufflenet_test/test_frame_30fps/climb-over-fence_smart_rgb/images/intrusion_climb-over-fence_rgb_0098_cctv3/intrusion_climb-over-fence_rgb_0098_cctv3_t000346.jpg,,
intrusion_climb-over-fence_rgb_0098_cctv3_f000356,intrusion_climb-over-fence_rgb_0098_cctv3_f000346_000356_000366,climb-over-fence_smart_rgb,intrusion_climb-over-fence_rgb_0098_cctv3,intrusion_candidate,[356],[11.867],"{""start_frame"": 356, ""end_frame"": 356}","[""stand, walk""]","[""danger""]",danger,1,"{""normal"": 0, ""unsafe"": 0, ""danger"": 1}","{""normal"": 0.0, ""unsafe"": 0.0, ""danger"": 1.0}",danger,danger,danger,True,False,labeling_yolo_single_frame,single_frame_gt_from_sampled_frame_label,/home/capstone2/zroact-stage2/benchmark2/data/viz_shufflenet_test/test_frame_30fps/climb-over-fence_smart_rgb/images/intrusion_climb-over-fence_rgb_0098_cctv3/intrusion_climb-over-fence_rgb_0098_cctv3_t000356.jpg,,
intrusion_climb-over-fence_rgb_0098_cctv3_f000366,intrusion_climb-over-fence_rgb_0098_cctv3_f000346_000356_000366,climb-over-fence_smart_rgb,intrusion_climb-over-fence_rgb_0098_cctv3,intrusion_candidate,[366],[12.2],"{""start_frame"": 366, ""end_frame"": 366}","[""stand, carry/hold (an object)""]","[""danger""]",danger,1,"{""normal"": 0, ""unsafe"": 0, ""danger"": 1}","{""normal"": 0.0, ""unsafe"": 0.0, ""danger"": 1.0}",danger,danger,danger,True,False,labeling_yolo_single_frame,single_frame_gt_from_sampled_frame_label,/home/capstone2/zroact-stage2/benchmark2/data/viz_shufflenet_test/test_frame_30fps/climb-over-fence_smart_rgb/images/intrusion_climb-over-fence_rgb_0098_cctv3/intrusion_climb-over-fence_rgb_0098_cctv3_t000366.jpg,,
intrusion_climb-over-fence_rgb_0098_cctv3_f000376,intrusion_climb-over-fence_rgb_0098_cctv3_f000376_000386_000396,climb-over-fence_smart_rgb,intrusion_climb-over-fence_rgb_0098_cctv3,intrusion_candidate,[376],[12.533],"{""start_frame"": 376, ""end_frame"": 376}","[""stand, walk""]","[""danger""]",danger,1,"{""normal"": 0, ""unsafe"": 0, ""danger"": 1}","{""normal"": 0.0, ""unsafe"": 0.0, ""danger"": 1.0}",danger,danger,danger,True,False,labeling_yolo_single_frame,single_frame_gt_from_sampled_frame_label,/home/capstone2/zroact-stage2/benchmark2/data/viz_shufflenet_test/test_frame_30fps/climb-over-fence_smart_rgb/images/intrusion_climb-over-fence_rgb_0098_cctv3/intrusion_climb-over-fence_rgb_0098_cctv3_t000376.jpg,,
intrusion_climb-over-fence_rgb_0098_cctv3_f000386,intrusion_climb-over-fence_rgb_0098_cctv3_f000376_000386_000396,climb-over-fence_smart_rgb,intrusion_climb-over-fence_rgb_0098_cctv3,intrusion_candidate,[386],[12.867],"{""start_frame"": 386, ""end_frame"": 386}","[""stand, carry/hold (an object)""]","[""danger""]",danger,1,"{""normal"": 0, ""unsafe"": 0, ""danger"": 1}","{""normal"": 0.0, ""unsafe"": 0.0, ""danger"": 1.0}",danger,danger,danger,True,False,labeling_yolo_single_frame,single_frame_gt_from_sampled_frame_label,/home/capstone2/zroact-stage2/benchmark2/data/viz_shufflenet_test/test_frame_30fps/climb-over-fence_smart_rgb/images/intrusion_climb-over-fence_rgb_0098_cctv3/intrusion_climb-over-fence_rgb_0098_cctv3_t000386.jpg,,
intrusion_climb-over-fence_rgb_0098_cctv3_f000396,intrusion_climb-over-fence_rgb_0098_cctv3_f000376_000386_000396,climb-over-fence_smart_rgb,intrusion_climb-over-fence_rgb_0098_cctv3,intrusion_candidate,[396],[13.2],"{""start_frame"": 396, ""end_frame"": 396}","[""stand, carry/hold (an object)""]","[""danger""]",danger,1,"{""normal"": 0, ""unsafe"": 0, ""danger"": 1}","{""normal"": 0.0, ""unsafe"": 0.0, ""danger"": 1.0}",danger,danger,danger,True,False,labeling_yolo_single_frame,single_frame_gt_from_sampled_frame_label,/home/capstone2/zroact-stage2/benchmark2/data/viz_shufflenet_test/test_frame_30fps/climb-over-fence_smart_rgb/images/intrusion_climb-over-fence_rgb_0098_cctv3/intrusion_climb-over-fence_rgb_0098_cctv3_t000396.jpg,,
intrusion_climb-over-fence_rgb_0106_cctv1_f000016,intrusion_climb-over-fence_rgb_0106_cctv1_f000016_000026_000036,climb-over-fence_smart_rgb,intrusion_climb-over-fence_rgb_0106_cctv1,intrusion_candidate,[16],[0.533],"{""start_frame"": 16, ""end_frame"": 16}","[""walk, carry/hold (an object)""]","[""unsafe""]",unsafe,1,"{""normal"": 0, ""unsafe"": 1, ""danger"": 0}","{""normal"": 0.0, ""unsafe"": 1.0, ""danger"": 0.0}",unsafe,unsafe,unsafe,True,False,labeling_yolo_single_frame,single_frame_gt_from_sampled_frame_label,/home/capstone2/zroact-stage2/benchmark2/data/viz_shufflenet_test/test_frame_30fps/climb-over-fence_smart_rgb/images/intrusion_climb-over-fence_rgb_0106_cctv1/intrusion_climb-over-fence_rgb_0106_cctv1_t000016.jpg,,
intrusion_climb-over-fence_rgb_0106_cctv1_f000026,intrusion_climb-over-fence_rgb_0106_cctv1_f000016_000026_000036,climb-over-fence_smart_rgb,intrusion_climb-over-fence_rgb_0106_cctv1,intrusion_candidate,[26],[0.867],"{""start_frame"": 26, ""end_frame"": 26}","[""walk, carry/hold (an object)""]","[""unsafe""]",unsafe,1,"{""normal"": 0, ""unsafe"": 1, ""danger"": 0}","{""normal"": 0.0, ""unsafe"": 1.0, ""danger"": 0.0}",unsafe,unsafe,unsafe,True,False,labeling_yolo_single_frame,single_frame_gt_from_sampled_frame_label,/home/capstone2/zroact-stage2/benchmark2/data/viz_shufflenet_test/test_frame_30fps/climb-over-fence_smart_rgb/images/intrusion_climb-over-fence_rgb_0106_cctv1/intrusion_climb-over-fence_rgb_0106_cctv1_t000026.jpg,,
intrusion_climb-over-fence_rgb_0106_cctv1_f000036,intrusion_climb-over-fence_rgb_0106_cctv1_f000016_000026_000036,climb-over-fence_smart_rgb,intrusion_climb-over-fence_rgb_0106_cctv1,intrusion_candidate,[36],[1.2],"{""start_frame"": 36, ""end_frame"": 36}","[""walk, carry/hold (an object)""]","[""unsafe""]",unsafe,1,"{""normal"": 0, ""unsafe"": 1, ""danger"": 0}","{""normal"": 0.0, ""unsafe"": 1.0, ""danger"": 0.0}",unsafe,unsafe,unsafe,True,False,labeling_yolo_single_frame,single_frame_gt_from_sampled_frame_label,/home/capstone2/zroact-stage2/benchmark2/data/viz_shufflenet_test/test_frame_30fps/climb-over-fence_smart_rgb/images/intrusion_climb-over-fence_rgb_0106_cctv1/intrusion_climb-over-fence_rgb_0106_cctv1_t000036.jpg,,
intrusion_climb-over-fence_rgb_0106_cctv1_f000046,intrusion_climb-over-fence_rgb_0106_cctv1_f000046_000056_000066,climb-over-fence_smart_rgb,intrusion_climb-over-fence_rgb_0106_cctv1,intrusion_candidate,[46],[1.533],"{""start_frame"": 46, ""end_frame"": 46}","[""walk, carry/hold (an object)""]","[""unsafe""]",unsafe,1,"{""normal"": 0, ""unsafe"": 1, ""danger"": 0}","{""normal"": 0.0, ""unsafe"": 1.0, ""danger"": 0.0}",unsafe,unsafe,unsafe,True,False,labeling_yolo_single_frame,single_frame_gt_from_sampled_frame_label,/home/capstone2/zroact-stage2/benchmark2/data/viz_shufflenet_test/test_frame_30fps/climb-over-fence_smart_rgb/images/intrusion_climb-over-fence_rgb_0106_cctv1/intrusion_climb-over-fence_rgb_0106_cctv1_t000046.jpg,,
intrusion_climb-over-fence_rgb_0106_cctv1_f000056,intrusion_climb-over-fence_rgb_0106_cctv1_f000046_000056_000066,climb-over-fence_smart_rgb,intrusion_climb-over-fence_rgb_0106_cctv1,intrusion_candidate,[56],[1.867],"{""start_frame"": 56, ""end_frame"": 56}","[""walk, carry/hold (an object)""]","[""unsafe""]",unsafe,1,"{""normal"": 0, ""unsafe"": 1, ""danger"": 0}","{""normal"": 0.0, ""unsafe"": 1.0, ""danger"": 0.0}",unsafe,unsafe,unsafe,True,False,labeling_yolo_single_frame,single_frame_gt_from_sampled_frame_label,/home/capstone2/zroact-stage2/benchmark2/data/viz_shufflenet_test/test_frame_30fps/climb-over-fence_smart_rgb/images/intrusion_climb-over-fence_rgb_0106_cctv1/intrusion_climb-over-fence_rgb_0106_cctv1_t000056.jpg,,
intrusion_climb-over-fence_rgb_0106_cctv1_f000066,intrusion_climb-over-fence_rgb_0106_cctv1_f000046_000056_000066,climb-over-fence_smart_rgb,intrusion_climb-over-fence_rgb_0106_cctv1,intrusion_candidate,[66],[2.2],"{""start_frame"": 66, ""end_frame"": 66}","[""walk, carry/hold (an object)""]","[""danger""]",danger,1,"{""normal"": 0, ""unsafe"": 0, ""danger"": 1}","{""normal"": 0.0, ""unsafe"": 0.0, ""danger"": 1.0}",danger,danger,danger,True,False,labeling_yolo_single_frame,single_frame_gt_from_sampled_frame_label,/home/capstone2/zroact-stage2/benchmark2/data/viz_shufflenet_test/test_frame_30fps/climb-over-fence_smart_rgb/images/intrusion_climb-over-fence_rgb_0106_cctv1/intrusion_climb-over-fence_rgb_0106_cctv1_t000066.jpg,,
intrusion_climb-over-fence_rgb_0106_cctv1_f000076,intrusion_climb-over-fence_rgb_0106_cctv1_f000076_000086_000096,climb-over-fence_smart_rgb,intrusion_climb-over-fence_rgb_0106_cctv1,intrusion_candidate,[76],[2.533],"{""start_frame"": 76, ""end_frame"": 76}","[""carry/hold (an object), walk""]","[""danger""]",danger,1,"{""normal"": 0, ""unsafe"": 0, ""danger"": 1}","{""normal"": 0.0, ""unsafe"": 0.0, ""danger"": 1.0}",danger,danger,danger,True,False,labeling_yolo_single_frame,single_frame_gt_from_sampled_frame_label,/home/capstone2/zroact-stage2/benchmark2/data/viz_shufflenet_test/test_frame_30fps/climb-over-fence_smart_rgb/images/intrusion_climb-over-fence_rgb_0106_cctv1/intrusion_climb-over-fence_rgb_0106_cctv1_t000076.jpg,,
intrusion_climb-over-fence_rgb_0106_cctv1_f000086,intrusion_climb-over-fence_rgb_0106_cctv1_f000076_000086_000096,climb-over-fence_smart_rgb,intrusion_climb-over-fence_rgb_0106_cctv1,intrusion_candidate,[86],[2.867],"{""start_frame"": 86, ""end_frame"": 86}","[""carry/hold (an object), stand""]","[""danger""]",danger,1,"{""normal"": 0, ""unsafe"": 0, ""danger"": 1}","{""normal"": 0.0, ""unsafe"": 0.0, ""danger"": 1.0}",danger,danger,danger,True,False,labeling_yolo_single_frame,single_frame_gt_from_sampled_frame_label,/home/capstone2/zroact-stage2/benchmark2/data/viz_shufflenet_test/test_frame_30fps/climb-over-fence_smart_rgb/images/intrusion_climb-over-fence_rgb_0106_cctv1/intrusion_climb-over-fence_rgb_0106_cctv1_t000086.jpg,,
intrusion_climb-over-fence_rgb_0106_cctv1_f000096,intrusion_climb-over-fence_rgb_0106_cctv1_f000076_000086_000096,climb-over-fence_smart_rgb,intrusion_climb-over-fence_rgb_0106_cctv1,intrusion_candidate,[96],[3.2],"{""start_frame"": 96, ""end_frame"": 96}","[""walk, carry/hold (an object)""]","[""danger""]",danger,1,"{""normal"": 0, ""unsafe"": 0, ""danger"": 1}","{""normal"": 0.0, ""unsafe"": 0.0, ""danger"": 1.0}",danger,danger,danger,True,False,labeling_yolo_single_frame,single_frame_gt_from_sampled_frame_label,/home/capstone2/zroact-stage2/benchmark2/data/viz_shufflenet_test/test_frame_30fps/climb-over-fence_smart_rgb/images/intrusion_climb-over-fence_rgb_0106_cctv1/intrusion_climb-over-fence_rgb_0106_cctv1_t000096.jpg,,
intrusion_climb-over-fence_rgb_0106_cctv1_f000106,intrusion_climb-over-fence_rgb_0106_cctv1_f000106_000116_000126,climb-over-fence_smart_rgb,intrusion_climb-over-fence_rgb_0106_cctv1,intrusion_candidate,[106],[3.533],"{""start_frame"": 106, ""end_frame"": 106}","[""walk, carry/hold (an object)""]","[""danger""]",danger,1,"{""normal"": 0, ""unsafe"": 0, ""danger"": 1}","{""normal"": 0.0, ""unsafe"": 0.0, ""danger"": 1.0}",danger,danger,danger,True,False,labeling_yolo_single_frame,single_frame_gt_from_sampled_frame_label,/home/capstone2/zroact-stage2/benchmark2/data/viz_shufflenet_test/test_frame_30fps/climb-over-fence_smart_rgb/images/intrusion_climb-over-fence_rgb_0106_cctv1/intrusion_climb-over-fence_rgb_0106_cctv1_t000106.jpg,,
intrusion_climb-over-fence_rgb_0106_cctv1_f000116,intrusion_climb-over-fence_rgb_0106_cctv1_f000106_000116_000126,climb-over-fence_smart_rgb,intrusion_climb-over-fence_rgb_0106_cctv1,intrusion_candidate,[116],[3.867],"{""start_frame"": 116, ""end_frame"": 116}","[""walk, stand""]","[""danger""]",danger,1,"{""normal"": 0, ""unsafe"": 0, ""danger"": 1}","{""normal"": 0.0, ""unsafe"": 0.0, ""danger"": 1.0}",danger,danger,danger,True,False,labeling_yolo_single_frame,single_frame_gt_from_sampled_frame_label,/home/capstone2/zroact-stage2/benchmark2/data/viz_shufflenet_test/test_frame_30fps/climb-over-fence_smart_rgb/images/intrusion_climb-over-fence_rgb_0106_cctv1/intrusion_climb-over-fence_rgb_0106_cctv1_t000116.jpg,,
intrusion_climb-over-fence_rgb_0106_cctv1_f000126,intrusion_climb-over-fence_rgb_0106_cctv1_f000106_000116_000126,climb-over-fence_smart_rgb,intrusion_climb-over-fence_rgb_0106_cctv1,intrusion_candidate,[126],[4.2],"{""start_frame"": 126, ""end_frame"": 126}","[""stand, carry/hold (an object)""]","[""danger""]",danger,1,"{""normal"": 0, ""unsafe"": 0, ""danger"": 1}","{""normal"": 0.0, ""unsafe"": 0.0, ""danger"": 1.0}",danger,danger,danger,True,False,labeling_yolo_single_frame,single_frame_gt_from_sampled_frame_label,/home/capstone2/zroact-stage2/benchmark2/data/viz_shufflenet_test/test_frame_30fps/climb-over-fence_smart_rgb/images/intrusion_climb-over-fence_rgb_0106_cctv1/intrusion_climb-over-fence_rgb_0106_cctv1_t000126.jpg,,
intrusion_climb-over-fence_rgb_0106_cctv1_f000136,intrusion_climb-over-fence_rgb_0106_cctv1_f000136_000146_000156,climb-over-fence_smart_rgb,intrusion_climb-over-fence_rgb_0106_cctv1,intrusion_candidate,[136],[4.533],"{""start_frame"": 136, ""end_frame"": 136}","[""stand, carry/hold (an object)""]","[""danger""]",danger,1,"{""normal"": 0, ""unsafe"": 0, ""danger"": 1}","{""normal"": 0.0, ""unsafe"": 0.0, ""danger"": 1.0}",danger,danger,danger,True,False,labeling_yolo_single_frame,single_frame_gt_from_sampled_frame_label,/home/capstone2/zroact-stage2/benchmark2/data/viz_shufflenet_test/test_frame_30fps/climb-over-fence_smart_rgb/images/intrusion_climb-over-fence_rgb_0106_cctv1/intrusion_climb-over-fence_rgb_0106_cctv1_t000136.jpg,,
intrusion_climb-over-fence_rgb_0106_cctv1_f000146,intrusion_climb-over-fence_rgb_0106_cctv1_f000136_000146_000156,climb-over-fence_smart_rgb,intrusion_climb-over-fence_rgb_0106_cctv1,intrusion_candidate,[146],[4.867],"{""start_frame"": 146, ""end_frame"": 146}","[""stand, carry/hold (an object)""]","[""danger""]",danger,1,"{""normal"": 0, ""unsafe"": 0, ""danger"": 1}","{""normal"": 0.0, ""unsafe"": 0.0, ""danger"": 1.0}",danger,danger,danger,True,False,labeling_yolo_single_frame,single_frame_gt_from_sampled_frame_label,/home/capstone2/zroact-stage2/benchmark2/data/viz_shufflenet_test/test_frame_30fps/climb-over-fence_smart_rgb/images/intrusion_climb-over-fence_rgb_0106_cctv1/intrusion_climb-over-fence_rgb_0106_cctv1_t000146.jpg,,
intrusion_climb-over-fence_rgb_0106_cctv1_f000156,intrusion_climb-over-fence_rgb_0106_cctv1_f000136_000146_000156,climb-over-fence_smart_rgb,intrusion_climb-over-fence_rgb_0106_cctv1,intrusion_candidate,[156],[5.2],"{""start_frame"": 156, ""end_frame"": 156}","[""stand, carry/hold (an object)""]","[""danger""]",danger,1,"{""normal"": 0, ""unsafe"": 0, ""danger"": 1}","{""normal"": 0.0, ""unsafe"": 0.0, ""danger"": 1.0}",danger,danger,danger,True,False,labeling_yolo_single_frame,single_frame_gt_from_sampled_frame_label,/home/capstone2/zroact-stage2/benchmark2/data/viz_shufflenet_test/test_frame_30fps/climb-over-fence_smart_rgb/images/intrusion_climb-over-fence_rgb_0106_cctv1/intrusion_climb-over-fence_rgb_0106_cctv1_t000156.jpg,,
intrusion_climb-over-fence_rgb_0106_cctv1_f000166,intrusion_climb-over-fence_rgb_0106_cctv1_f000166_000176_000186,climb-over-fence_smart_rgb,intrusion_climb-over-fence_rgb_0106_cctv1,intrusion_candidate,[166],[5.533],"{""start_frame"": 166, ""end_frame"": 166}","[""stand""]","[""danger""]",danger,1,"{""normal"": 0, ""unsafe"": 0, ""danger"": 1}","{""normal"": 0.0, ""unsafe"": 0.0, ""danger"": 1.0}",danger,danger,danger,True,False,labeling_yolo_single_frame,single_frame_gt_from_sampled_frame_label,/home/capstone2/zroact-stage2/benchmark2/data/viz_shufflenet_test/test_frame_30fps/climb-over-fence_smart_rgb/images/intrusion_climb-over-fence_rgb_0106_cctv1/intrusion_climb-over-fence_rgb_0106_cctv1_t000166.jpg,,
intrusion_climb-over-fence_rgb_0106_cctv1_f000176,intrusion_climb-over-fence_rgb_0106_cctv1_f000166_000176_000186,climb-over-fence_smart_rgb,intrusion_climb-over-fence_rgb_0106_cctv1,intrusion_candidate,[176],[5.867],"{""start_frame"": 176, ""end_frame"": 176}","[""stand, carry/hold (an object)""]","[""danger""]",danger,1,"{""normal"": 0, ""unsafe"": 0, ""danger"": 1}","{""normal"": 0.0, ""unsafe"": 0.0, ""danger"": 1.0}",danger,danger,danger,True,False,labeling_yolo_single_frame,single_frame_gt_from_sampled_frame_label,/home/capstone2/zroact-stage2/benchmark2/data/viz_shufflenet_test/test_frame_30fps/climb-over-fence_smart_rgb/images/intrusion_climb-over-fence_rgb_0106_cctv1/intrusion_climb-over-fence_rgb_0106_cctv1_t000176.jpg,,
intrusion_climb-over-fence_rgb_0106_cctv1_f000186,intrusion_climb-over-fence_rgb_0106_cctv1_f000166_000176_000186,climb-over-fence_smart_rgb,intrusion_climb-over-fence_rgb_0106_cctv1,intrusion_candidate,[186],[6.2],"{""start_frame"": 186, ""end_frame"": 186}","[""stand, carry/hold (an object)""]","[""danger""]",danger,1,"{""normal"": 0, ""unsafe"": 0, ""danger"": 1}","{""normal"": 0.0, ""unsafe"": 0.0, ""danger"": 1.0}",danger,danger,danger,True,False,labeling_yolo_single_frame,single_frame_gt_from_sampled_frame_label,/home/capstone2/zroact-stage2/benchmark2/data/viz_shufflenet_test/test_frame_30fps/climb-over-fence_smart_rgb/images/intrusion_climb-over-fence_rgb_0106_cctv1/intrusion_climb-over-fence_rgb_0106_cctv1_t000186.jpg,,
intrusion_climb-over-fence_rgb_0106_cctv1_f000196,intrusion_climb-over-fence_rgb_0106_cctv1_f000196_000206_000216,climb-over-fence_smart_rgb,intrusion_climb-over-fence_rgb_0106_cctv1,intrusion_candidate,[196],[6.533],"{""start_frame"": 196, ""end_frame"": 196}","[""carry/hold (an object), stand""]","[""danger""]",danger,1,"{""normal"": 0, ""unsafe"": 0, ""danger"": 1}","{""normal"": 0.0, ""unsafe"": 0.0, ""danger"": 1.0}",danger,danger,danger,True,False,labeling_yolo_single_frame,single_frame_gt_from_sampled_frame_label,/home/capstone2/zroact-stage2/benchmark2/data/viz_shufflenet_test/test_frame_30fps/climb-over-fence_smart_rgb/images/intrusion_climb-over-fence_rgb_0106_cctv1/intrusion_climb-over-fence_rgb_0106_cctv1_t000196.jpg,,
intrusion_climb-over-fence_rgb_0106_cctv1_f000206,intrusion_climb-over-fence_rgb_0106_cctv1_f000196_000206_000216,climb-over-fence_smart_rgb,intrusion_climb-over-fence_rgb_0106_cctv1,intrusion_candidate,[206],[6.867],"{""start_frame"": 206, ""end_frame"": 206}","[""carry/hold (an object), stand""]","[""danger""]",danger,1,"{""normal"": 0, ""unsafe"": 0, ""danger"": 1}","{""normal"": 0.0, ""unsafe"": 0.0, ""danger"": 1.0}",danger,danger,danger,True,False,labeling_yolo_single_frame,single_frame_gt_from_sampled_frame_label,/home/capstone2/zroact-stage2/benchmark2/data/viz_shufflenet_test/test_frame_30fps/climb-over-fence_smart_rgb/images/intrusion_climb-over-fence_rgb_0106_cctv1/intrusion_climb-over-fence_rgb_0106_cctv1_t000206.jpg,,
intrusion_climb-over-fence_rgb_0106_cctv1_f000216,intrusion_climb-over-fence_rgb_0106_cctv1_f000196_000206_000216,climb-over-fence_smart_rgb,intrusion_climb-over-fence_rgb_0106_cctv1,intrusion_candidate,[216],[7.2],"{""start_frame"": 216, ""end_frame"": 216}","[""carry/hold (an object), stand""]","[""danger""]",danger,1,"{""normal"": 0, ""unsafe"": 0, ""danger"": 1}","{""normal"": 0.0, ""unsafe"": 0.0, ""danger"": 1.0}",danger,danger,danger,True,False,labeling_yolo_single_frame,single_frame_gt_from_sampled_frame_label,/home/capstone2/zroact-stage2/benchmark2/data/viz_shufflenet_test/test_frame_30fps/climb-over-fence_smart_rgb/images/intrusion_climb-over-fence_rgb_0106_cctv1/intrusion_climb-over-fence_rgb_0106_cctv1_t000216.jpg,,
intrusion_climb-over-fence_rgb_0106_cctv1_f000226,intrusion_climb-over-fence_rgb_0106_cctv1_f000226_000236_000246,climb-over-fence_smart_rgb,intrusion_climb-over-fence_rgb_0106_cctv1,intrusion_candidate,[226],[7.533],"{""start_frame"": 226, ""end_frame"": 226}","[""carry/hold (an object), walk""]","[""danger""]",danger,1,"{""normal"": 0, ""unsafe"": 0, ""danger"": 1}","{""normal"": 0.0, ""unsafe"": 0.0, ""danger"": 1.0}",danger,danger,danger,True,False,labeling_yolo_single_frame,single_frame_gt_from_sampled_frame_label,/home/capstone2/zroact-stage2/benchmark2/data/viz_shufflenet_test/test_frame_30fps/climb-over-fence_smart_rgb/images/intrusion_climb-over-fence_rgb_0106_cctv1/intrusion_climb-over-fence_rgb_0106_cctv1_t000226.jpg,,
intrusion_climb-over-fence_rgb_0106_cctv1_f000236,intrusion_climb-over-fence_rgb_0106_cctv1_f000226_000236_000246,climb-over-fence_smart_rgb,intrusion_climb-over-fence_rgb_0106_cctv1,intrusion_candidate,[236],[7.867],"{""start_frame"": 236, ""end_frame"": 236}","[""bend/bow (at the waist), carry/hold (an object)""]","[""danger""]",danger,1,"{""normal"": 0, ""unsafe"": 0, ""danger"": 1}","{""normal"": 0.0, ""unsafe"": 0.0, ""danger"": 1.0}",danger,danger,danger,True,False,labeling_yolo_single_frame,single_frame_gt_from_sampled_frame_label,/home/capstone2/zroact-stage2/benchmark2/data/viz_shufflenet_test/test_frame_30fps/climb-over-fence_smart_rgb/images/intrusion_climb-over-fence_rgb_0106_cctv1/intrusion_climb-over-fence_rgb_0106_cctv1_t000236.jpg,,
intrusion_climb-over-fence_rgb_0106_cctv1_f000246,intrusion_climb-over-fence_rgb_0106_cctv1_f000226_000236_000246,climb-over-fence_smart_rgb,intrusion_climb-over-fence_rgb_0106_cctv1,intrusion_candidate,[246],[8.2],"{""start_frame"": 246, ""end_frame"": 246}","[""bend/bow (at the waist), carry/hold (an object)""]","[""danger""]",danger,1,"{""normal"": 0, ""unsafe"": 0, ""danger"": 1}","{""normal"": 0.0, ""unsafe"": 0.0, ""danger"": 1.0}",danger,danger,danger,True,False,labeling_yolo_single_frame,single_frame_gt_from_sampled_frame_label,/home/capstone2/zroact-stage2/benchmark2/data/viz_shufflenet_test/test_frame_30fps/climb-over-fence_smart_rgb/images/intrusion_climb-over-fence_rgb_0106_cctv1/intrusion_climb-over-fence_rgb_0106_cctv1_t000246.jpg,,
intrusion_climb-over-fence_rgb_0106_cctv1_f000256,intrusion_climb-over-fence_rgb_0106_cctv1_f000256_000266_000276,climb-over-fence_smart_rgb,intrusion_climb-over-fence_rgb_0106_cctv1,intrusion_candidate,[256],[8.533],"{""start_frame"": 256, ""end_frame"": 256}","[""stand, carry/hold (an object)""]","[""danger""]",danger,1,"{""normal"": 0, ""unsafe"": 0, ""danger"": 1}","{""normal"": 0.0, ""unsafe"": 0.0, ""danger"": 1.0}",danger,danger,danger,True,False,labeling_yolo_single_frame,single_frame_gt_from_sampled_frame_label,/home/capstone2/zroact-stage2/benchmark2/data/viz_shufflenet_test/test_frame_30fps/climb-over-fence_smart_rgb/images/intrusion_climb-over-fence_rgb_0106_cctv1/intrusion_climb-over-fence_rgb_0106_cctv1_t000256.jpg,,
intrusion_climb-over-fence_rgb_0106_cctv1_f000266,intrusion_climb-over-fence_rgb_0106_cctv1_f000256_000266_000276,climb-over-fence_smart_rgb,intrusion_climb-over-fence_rgb_0106_cctv1,intrusion_candidate,[266],[8.867],"{""start_frame"": 266, ""end_frame"": 266}","[""stand, carry/hold (an object)""]","[""danger""]",danger,1,"{""normal"": 0, ""unsafe"": 0, ""danger"": 1}","{""normal"": 0.0, ""unsafe"": 0.0, ""danger"": 1.0}",danger,danger,danger,True,False,labeling_yolo_single_frame,single_frame_gt_from_sampled_frame_label,/home/capstone2/zroact-stage2/benchmark2/data/viz_shufflenet_test/test_frame_30fps/climb-over-fence_smart_rgb/images/intrusion_climb-over-fence_rgb_0106_cctv1/intrusion_climb-over-fence_rgb_0106_cctv1_t000266.jpg,,
intrusion_climb-over-fence_rgb_0106_cctv1_f000276,intrusion_climb-over-fence_rgb_0106_cctv1_f000256_000266_000276,climb-over-fence_smart_rgb,intrusion_climb-over-fence_rgb_0106_cctv1,intrusion_candidate,[276],[9.2],"{""start_frame"": 276, ""end_frame"": 276}","[""stand, carry/hold (an object)""]","[""danger""]",danger,1,"{""normal"": 0, ""unsafe"": 0, ""danger"": 1}","{""normal"": 0.0, ""unsafe"": 0.0, ""danger"": 1.0}",danger,danger,danger,True,False,labeling_yolo_single_frame,single_frame_gt_from_sampled_frame_label,/home/capstone2/zroact-stage2/benchmark2/data/viz_shufflenet_test/test_frame_30fps/climb-over-fence_smart_rgb/images/intrusion_climb-over-fence_rgb_0106_cctv1/intrusion_climb-over-fence_rgb_0106_cctv1_t000276.jpg,,
intrusion_climb-over-fence_rgb_0106_cctv1_f000286,intrusion_climb-over-fence_rgb_0106_cctv1_f000286_000296_000306,climb-over-fence_smart_rgb,intrusion_climb-over-fence_rgb_0106_cctv1,intrusion_candidate,[286],[9.533],"{""start_frame"": 286, ""end_frame"": 286}","[""stand, carry/hold (an object)""]","[""danger""]",danger,1,"{""normal"": 0, ""unsafe"": 0, ""danger"": 1}","{""normal"": 0.0, ""unsafe"": 0.0, ""danger"": 1.0}",danger,danger,danger,True,False,labeling_yolo_single_frame,single_frame_gt_from_sampled_frame_label,/home/capstone2/zroact-stage2/benchmark2/data/viz_shufflenet_test/test_frame_30fps/climb-over-fence_smart_rgb/images/intrusion_climb-over-fence_rgb_0106_cctv1/intrusion_climb-over-fence_rgb_0106_cctv1_t000286.jpg,,
intrusion_climb-over-fence_rgb_0106_cctv1_f000296,intrusion_climb-over-fence_rgb_0106_cctv1_f000286_000296_000306,climb-over-fence_smart_rgb,intrusion_climb-over-fence_rgb_0106_cctv1,intrusion_candidate,[296],[9.867],"{""start_frame"": 296, ""end_frame"": 296}","[""stand, answer phone""]","[""danger""]",danger,1,"{""normal"": 0, ""unsafe"": 0, ""danger"": 1}","{""normal"": 0.0, ""unsafe"": 0.0, ""danger"": 1.0}",danger,danger,danger,True,False,labeling_yolo_single_frame,single_frame_gt_from_sampled_frame_label,/home/capstone2/zroact-stage2/benchmark2/data/viz_shufflenet_test/test_frame_30fps/climb-over-fence_smart_rgb/images/intrusion_climb-over-fence_rgb_0106_cctv1/intrusion_climb-over-fence_rgb_0106_cctv1_t000296.jpg,,
intrusion_climb-over-fence_rgb_0106_cctv1_f000306,intrusion_climb-over-fence_rgb_0106_cctv1_f000286_000296_000306,climb-over-fence_smart_rgb,intrusion_climb-over-fence_rgb_0106_cctv1,intrusion_candidate,[306],[10.2],"{""start_frame"": 306, ""end_frame"": 306}","[""stand, answer phone""]","[""danger""]",danger,1,"{""normal"": 0, ""unsafe"": 0, ""danger"": 1}","{""normal"": 0.0, ""unsafe"": 0.0, ""danger"": 1.0}",danger,danger,danger,True,False,labeling_yolo_single_frame,single_frame_gt_from_sampled_frame_label,/home/capstone2/zroact-stage2/benchmark2/data/viz_shufflenet_test/test_frame_30fps/climb-over-fence_smart_rgb/images/intrusion_climb-over-fence_rgb_0106_cctv1/intrusion_climb-over-fence_rgb_0106_cctv1_t000306.jpg,,
intrusion_climb-over-fence_rgb_0106_cctv1_f000316,intrusion_climb-over-fence_rgb_0106_cctv1_f000316_000326_000336,climb-over-fence_smart_rgb,intrusion_climb-over-fence_rgb_0106_cctv1,intrusion_candidate,[316],[10.533],"{""start_frame"": 316, ""end_frame"": 316}","[""stand, answer phone""]","[""danger""]",danger,1,"{""normal"": 0, ""unsafe"": 0, ""danger"": 1}","{""normal"": 0.0, ""unsafe"": 0.0, ""danger"": 1.0}",danger,danger,danger,True,False,labeling_yolo_single_frame,single_frame_gt_from_sampled_frame_label,/home/capstone2/zroact-stage2/benchmark2/data/viz_shufflenet_test/test_frame_30fps/climb-over-fence_smart_rgb/images/intrusion_climb-over-fence_rgb_0106_cctv1/intrusion_climb-over-fence_rgb_0106_cctv1_t000316.jpg,,
intrusion_climb-over-fence_rgb_0106_cctv1_f000326,intrusion_climb-over-fence_rgb_0106_cctv1_f000316_000326_000336,climb-over-fence_smart_rgb,intrusion_climb-over-fence_rgb_0106_cctv1,intrusion_candidate,[326],[10.867],"{""start_frame"": 326, ""end_frame"": 326}","[""stand, answer phone""]","[""danger""]",danger,1,"{""normal"": 0, ""unsafe"": 0, ""danger"": 1}","{""normal"": 0.0, ""unsafe"": 0.0, ""danger"": 1.0}",danger,danger,danger,True,False,labeling_yolo_single_frame,single_frame_gt_from_sampled_frame_label,/home/capstone2/zroact-stage2/benchmark2/data/viz_shufflenet_test/test_frame_30fps/climb-over-fence_smart_rgb/images/intrusion_climb-over-fence_rgb_0106_cctv1/intrusion_climb-over-fence_rgb_0106_cctv1_t000326.jpg,,
intrusion_climb-over-fence_rgb_0106_cctv1_f000336,intrusion_climb-over-fence_rgb_0106_cctv1_f000316_000326_000336,climb-over-fence_smart_rgb,intrusion_climb-over-fence_rgb_0106_cctv1,intrusion_candidate,[336],[11.2],"{""start_frame"": 336, ""end_frame"": 336}","[""stand, answer phone""]","[""danger""]",danger,1,"{""normal"": 0, ""unsafe"": 0, ""danger"": 1}","{""normal"": 0.0, ""unsafe"": 0.0, ""danger"": 1.0}",danger,danger,danger,True,False,labeling_yolo_single_frame,single_frame_gt_from_sampled_frame_label,/home/capstone2/zroact-stage2/benchmark2/data/viz_shufflenet_test/test_frame_30fps/climb-over-fence_smart_rgb/images/intrusion_climb-over-fence_rgb_0106_cctv1/intrusion_climb-over-fence_rgb_0106_cctv1_t000336.jpg,,
intrusion_climb-over-fence_rgb_0106_cctv1_f000346,intrusion_climb-over-fence_rgb_0106_cctv1_f000346_000356_000366,climb-over-fence_smart_rgb,intrusion_climb-over-fence_rgb_0106_cctv1,intrusion_candidate,[346],[11.533],"{""start_frame"": 346, ""end_frame"": 346}","[""stand""]","[""danger""]",danger,1,"{""normal"": 0, ""unsafe"": 0, ""danger"": 1}","{""normal"": 0.0, ""unsafe"": 0.0, ""danger"": 1.0}",danger,danger,danger,True,False,labeling_yolo_single_frame,single_frame_gt_from_sampled_frame_label,/home/capstone2/zroact-stage2/benchmark2/data/viz_shufflenet_test/test_frame_30fps/climb-over-fence_smart_rgb/images/intrusion_climb-over-fence_rgb_0106_cctv1/intrusion_climb-over-fence_rgb_0106_cctv1_t000346.jpg,,
intrusion_climb-over-fence_rgb_0106_cctv1_f000356,intrusion_climb-over-fence_rgb_0106_cctv1_f000346_000356_000366,climb-over-fence_smart_rgb,intrusion_climb-over-fence_rgb_0106_cctv1,intrusion_candidate,[356],[11.867],"{""start_frame"": 356, ""end_frame"": 356}","[""stand, answer phone""]","[""danger""]",danger,1,"{""normal"": 0, ""unsafe"": 0, ""danger"": 1}","{""normal"": 0.0, ""unsafe"": 0.0, ""danger"": 1.0}",danger,danger,danger,True,False,labeling_yolo_single_frame,single_frame_gt_from_sampled_frame_label,/home/capstone2/zroact-stage2/benchmark2/data/viz_shufflenet_test/test_frame_30fps/climb-over-fence_smart_rgb/images/intrusion_climb-over-fence_rgb_0106_cctv1/intrusion_climb-over-fence_rgb_0106_cctv1_t000356.jpg,,
intrusion_climb-over-fence_rgb_0106_cctv1_f000366,intrusion_climb-over-fence_rgb_0106_cctv1_f000346_000356_000366,climb-over-fence_smart_rgb,intrusion_climb-over-fence_rgb_0106_cctv1,intrusion_candidate,[366],[12.2],"{""start_frame"": 366, ""end_frame"": 366}","[""stand, answer phone""]","[""danger""]",danger,1,"{""normal"": 0, ""unsafe"": 0, ""danger"": 1}","{""normal"": 0.0, ""unsafe"": 0.0, ""danger"": 1.0}",danger,danger,danger,True,False,labeling_yolo_single_frame,single_frame_gt_from_sampled_frame_label,/home/capstone2/zroact-stage2/benchmark2/data/viz_shufflenet_test/test_frame_30fps/climb-over-fence_smart_rgb/images/intrusion_climb-over-fence_rgb_0106_cctv1/intrusion_climb-over-fence_rgb_0106_cctv1_t000366.jpg,,
intrusion_climb-over-fence_rgb_0106_cctv1_f000376,intrusion_climb-over-fence_rgb_0106_cctv1_f000376_000386_000396,climb-over-fence_smart_rgb,intrusion_climb-over-fence_rgb_0106_cctv1,intrusion_candidate,[376],[12.533],"{""start_frame"": 376, ""end_frame"": 376}","[""stand, carry/hold (an object)""]","[""danger""]",danger,1,"{""normal"": 0, ""unsafe"": 0, ""danger"": 1}","{""normal"": 0.0, ""unsafe"": 0.0, ""danger"": 1.0}",danger,danger,danger,True,False,labeling_yolo_single_frame,single_frame_gt_from_sampled_frame_label,/home/capstone2/zroact-stage2/benchmark2/data/viz_shufflenet_test/test_frame_30fps/climb-over-fence_smart_rgb/images/intrusion_climb-over-fence_rgb_0106_cctv1/intrusion_climb-over-fence_rgb_0106_cctv1_t000376.jpg,,
intrusion_climb-over-fence_rgb_0106_cctv1_f000386,intrusion_climb-over-fence_rgb_0106_cctv1_f000376_000386_000396,climb-over-fence_smart_rgb,intrusion_climb-over-fence_rgb_0106_cctv1,intrusion_candidate,[386],[12.867],"{""start_frame"": 386, ""end_frame"": 386}","[""stand, carry/hold (an object)""]","[""danger""]",danger,1,"{""normal"": 0, ""unsafe"": 0, ""danger"": 1}","{""normal"": 0.0, ""unsafe"": 0.0, ""danger"": 1.0}",danger,danger,danger,True,False,labeling_yolo_single_frame,single_frame_gt_from_sampled_frame_label,/home/capstone2/zroact-stage2/benchmark2/data/viz_shufflenet_test/test_frame_30fps/climb-over-fence_smart_rgb/images/intrusion_climb-over-fence_rgb_0106_cctv1/intrusion_climb-over-fence_rgb_0106_cctv1_t000386.jpg,,
intrusion_climb-over-fence_rgb_0106_cctv1_f000396,intrusion_climb-over-fence_rgb_0106_cctv1_f000376_000386_000396,climb-over-fence_smart_rgb,intrusion_climb-over-fence_rgb_0106_cctv1,intrusion_candidate,[396],[13.2],"{""start_frame"": 396, ""end_frame"": 396}","[""stand, carry/hold (an object)""]","[""danger""]",danger,1,"{""normal"": 0, ""unsafe"": 0, ""danger"": 1}","{""normal"": 0.0, ""unsafe"": 0.0, ""danger"": 1.0}",danger,danger,danger,True,False,labeling_yolo_single_frame,single_frame_gt_from_sampled_frame_label,/home/capstone2/zroact-stage2/benchmark2/data/viz_shufflenet_test/test_frame_30fps/climb-over-fence_smart_rgb/images/intrusion_climb-over-fence_rgb_0106_cctv1/intrusion_climb-over-fence_rgb_0106_cctv1_t000396.jpg,,
intrusion_climb-over-fence_rgb_0106_cctv1_f000406,intrusion_climb-over-fence_rgb_0106_cctv1_f000406_000416_000426,climb-over-fence_smart_rgb,intrusion_climb-over-fence_rgb_0106_cctv1,intrusion_candidate,[406],[13.533],"{""start_frame"": 406, ""end_frame"": 406}","[""stand, carry/hold (an object)""]","[""danger""]",danger,1,"{""normal"": 0, ""unsafe"": 0, ""danger"": 1}","{""normal"": 0.0, ""unsafe"": 0.0, ""danger"": 1.0}",danger,danger,danger,True,False,labeling_yolo_single_frame,single_frame_gt_from_sampled_frame_label,/home/capstone2/zroact-stage2/benchmark2/data/viz_shufflenet_test/test_frame_30fps/climb-over-fence_smart_rgb/images/intrusion_climb-over-fence_rgb_0106_cctv1/intrusion_climb-over-fence_rgb_0106_cctv1_t000406.jpg,,
intrusion_climb-over-fence_rgb_0106_cctv1_f000416,intrusion_climb-over-fence_rgb_0106_cctv1_f000406_000416_000426,climb-over-fence_smart_rgb,intrusion_climb-over-fence_rgb_0106_cctv1,intrusion_candidate,[416],[13.867],"{""start_frame"": 416, ""end_frame"": 416}","[""stand, carry/hold (an object)""]","[""danger""]",danger,1,"{""normal"": 0, ""unsafe"": 0, ""danger"": 1}","{""normal"": 0.0, ""unsafe"": 0.0, ""danger"": 1.0}",danger,danger,danger,True,False,labeling_yolo_single_frame,single_frame_gt_from_sampled_frame_label,/home/capstone2/zroact-stage2/benchmark2/data/viz_shufflenet_test/test_frame_30fps/climb-over-fence_smart_rgb/images/intrusion_climb-over-fence_rgb_0106_cctv1/intrusion_climb-over-fence_rgb_0106_cctv1_t000416.jpg,,
intrusion_climb-over-fence_rgb_0106_cctv1_f000426,intrusion_climb-over-fence_rgb_0106_cctv1_f000406_000416_000426,climb-over-fence_smart_rgb,intrusion_climb-over-fence_rgb_0106_cctv1,intrusion_candidate,[426],[14.2],"{""start_frame"": 426, ""end_frame"": 426}","[""stand""]","[""danger""]",danger,1,"{""normal"": 0, ""unsafe"": 0, ""danger"": 1}","{""normal"": 0.0, ""unsafe"": 0.0, ""danger"": 1.0}",danger,danger,danger,True,False,labeling_yolo_single_frame,single_frame_gt_from_sampled_frame_label,/home/capstone2/zroact-stage2/benchmark2/data/viz_shufflenet_test/test_frame_30fps/climb-over-fence_smart_rgb/images/intrusion_climb-over-fence_rgb_0106_cctv1/intrusion_climb-over-fence_rgb_0106_cctv1_t000426.jpg,,
intrusion_climb-over-fence_rgb_0106_cctv1_f000436,intrusion_climb-over-fence_rgb_0106_cctv1_f000436_000446_000456,climb-over-fence_smart_rgb,intrusion_climb-over-fence_rgb_0106_cctv1,intrusion_candidate,[436],[14.533],"{""start_frame"": 436, ""end_frame"": 436}","[""stand""]","[""danger""]",danger,1,"{""normal"": 0, ""unsafe"": 0, ""danger"": 1}","{""normal"": 0.0, ""unsafe"": 0.0, ""danger"": 1.0}",danger,danger,danger,True,False,labeling_yolo_single_frame,single_frame_gt_from_sampled_frame_label,/home/capstone2/zroact-stage2/benchmark2/data/viz_shufflenet_test/test_frame_30fps/climb-over-fence_smart_rgb/images/intrusion_climb-over-fence_rgb_0106_cctv1/intrusion_climb-over-fence_rgb_0106_cctv1_t000436.jpg,,
intrusion_climb-over-fence_rgb_0106_cctv1_f000446,intrusion_climb-over-fence_rgb_0106_cctv1_f000436_000446_000456,climb-over-fence_smart_rgb,intrusion_climb-over-fence_rgb_0106_cctv1,intrusion_candidate,[446],[14.867],"{""start_frame"": 446, ""end_frame"": 446}","[""stand""]","[""danger""]",danger,1,"{""normal"": 0, ""unsafe"": 0, ""danger"": 1}","{""normal"": 0.0, ""unsafe"": 0.0, ""danger"": 1.0}",danger,danger,danger,True,False,labeling_yolo_single_frame,single_frame_gt_from_sampled_frame_label,/home/capstone2/zroact-stage2/benchmark2/data/viz_shufflenet_test/test_frame_30fps/climb-over-fence_smart_rgb/images/intrusion_climb-over-fence_rgb_0106_cctv1/intrusion_climb-over-fence_rgb_0106_cctv1_t000446.jpg,,
intrusion_climb-over-fence_rgb_0106_cctv1_f000456,intrusion_climb-over-fence_rgb_0106_cctv1_f000436_000446_000456,climb-over-fence_smart_rgb,intrusion_climb-over-fence_rgb_0106_cctv1,intrusion_candidate,[456],[15.2],"{""start_frame"": 456, ""end_frame"": 456}","[""stand""]","[""danger""]",danger,1,"{""normal"": 0, ""unsafe"": 0, ""danger"": 1}","{""normal"": 0.0, ""unsafe"": 0.0, ""danger"": 1.0}",danger,danger,danger,True,False,labeling_yolo_single_frame,single_frame_gt_from_sampled_frame_label,/home/capstone2/zroact-stage2/benchmark2/data/viz_shufflenet_test/test_frame_30fps/climb-over-fence_smart_rgb/images/intrusion_climb-over-fence_rgb_0106_cctv1/intrusion_climb-over-fence_rgb_0106_cctv1_t000456.jpg,,
intrusion_climb-over-fence_rgb_0107_cctv1_f000016,intrusion_climb-over-fence_rgb_0107_cctv1_f000016_000026_000036,climb-over-fence_smart_rgb,intrusion_climb-over-fence_rgb_0107_cctv1,intrusion_candidate,[16],[0.533],"{""start_frame"": 16, ""end_frame"": 16}","[""walk, carry/hold (an object)""]","[""normal""]",normal,1,"{""normal"": 1, ""unsafe"": 0, ""danger"": 0}","{""normal"": 1.0, ""unsafe"": 0.0, ""danger"": 0.0}",normal,normal,normal,True,False,labeling_yolo_single_frame,single_frame_gt_from_sampled_frame_label,/home/capstone2/zroact-stage2/benchmark2/data/viz_shufflenet_test/test_frame_30fps/climb-over-fence_smart_rgb/images/intrusion_climb-over-fence_rgb_0107_cctv1/intrusion_climb-over-fence_rgb_0107_cctv1_t000016.jpg,,
intrusion_climb-over-fence_rgb_0107_cctv1_f000026,intrusion_climb-over-fence_rgb_0107_cctv1_f000016_000026_000036,climb-over-fence_smart_rgb,intrusion_climb-over-fence_rgb_0107_cctv1,intrusion_candidate,[26],[0.867],"{""start_frame"": 26, ""end_frame"": 26}","[""walk, carry/hold (an object)""]","[""normal""]",normal,1,"{""normal"": 1, ""unsafe"": 0, ""danger"": 0}","{""normal"": 1.0, ""unsafe"": 0.0, ""danger"": 0.0}",normal,normal,normal,True,False,labeling_yolo_single_frame,single_frame_gt_from_sampled_frame_label,/home/capstone2/zroact-stage2/benchmark2/data/viz_shufflenet_test/test_frame_30fps/climb-over-fence_smart_rgb/images/intrusion_climb-over-fence_rgb_0107_cctv1/intrusion_climb-over-fence_rgb_0107_cctv1_t000026.jpg,,
intrusion_climb-over-fence_rgb_0107_cctv1_f000036,intrusion_climb-over-fence_rgb_0107_cctv1_f000016_000026_000036,climb-over-fence_smart_rgb,intrusion_climb-over-fence_rgb_0107_cctv1,intrusion_candidate,[36],[1.2],"{""start_frame"": 36, ""end_frame"": 36}","[""walk, carry/hold (an object)""]","[""normal""]",normal,1,"{""normal"": 1, ""unsafe"": 0, ""danger"": 0}","{""normal"": 1.0, ""unsafe"": 0.0, ""danger"": 0.0}",normal,normal,normal,True,False,labeling_yolo_single_frame,single_frame_gt_from_sampled_frame_label,/home/capstone2/zroact-stage2/benchmark2/data/viz_shufflenet_test/test_frame_30fps/climb-over-fence_smart_rgb/images/intrusion_climb-over-fence_rgb_0107_cctv1/intrusion_climb-over-fence_rgb_0107_cctv1_t000036.jpg,,
intrusion_climb-over-fence_rgb_0107_cctv1_f000046,intrusion_climb-over-fence_rgb_0107_cctv1_f000046_000056_000066,climb-over-fence_smart_rgb,intrusion_climb-over-fence_rgb_0107_cctv1,intrusion_candidate,[46],[1.533],"{""start_frame"": 46, ""end_frame"": 46}","[""walk, carry/hold (an object)""]","[""unsafe""]",unsafe,1,"{""normal"": 0, ""unsafe"": 1, ""danger"": 0}","{""normal"": 0.0, ""unsafe"": 1.0, ""danger"": 0.0}",unsafe,unsafe,unsafe,True,False,labeling_yolo_single_frame,single_frame_gt_from_sampled_frame_label,/home/capstone2/zroact-stage2/benchmark2/data/viz_shufflenet_test/test_frame_30fps/climb-over-fence_smart_rgb/images/intrusion_climb-over-fence_rgb_0107_cctv1/intrusion_climb-over-fence_rgb_0107_cctv1_t000046.jpg,,
intrusion_climb-over-fence_rgb_0107_cctv1_f000056,intrusion_climb-over-fence_rgb_0107_cctv1_f000046_000056_000066,climb-over-fence_smart_rgb,intrusion_climb-over-fence_rgb_0107_cctv1,intrusion_candidate,[56],[1.867],"{""start_frame"": 56, ""end_frame"": 56}","[""stand, carry/hold (an object)""]","[""unsafe""]",unsafe,1,"{""normal"": 0, ""unsafe"": 1, ""danger"": 0}","{""normal"": 0.0, ""unsafe"": 1.0, ""danger"": 0.0}",unsafe,unsafe,unsafe,True,False,labeling_yolo_single_frame,single_frame_gt_from_sampled_frame_label,/home/capstone2/zroact-stage2/benchmark2/data/viz_shufflenet_test/test_frame_30fps/climb-over-fence_smart_rgb/images/intrusion_climb-over-fence_rgb_0107_cctv1/intrusion_climb-over-fence_rgb_0107_cctv1_t000056.jpg,,
intrusion_climb-over-fence_rgb_0107_cctv1_f000066,intrusion_climb-over-fence_rgb_0107_cctv1_f000046_000056_000066,climb-over-fence_smart_rgb,intrusion_climb-over-fence_rgb_0107_cctv1,intrusion_candidate,[66],[2.2],"{""start_frame"": 66, ""end_frame"": 66}","[""stand, walk""]","[""unsafe""]",unsafe,1,"{""normal"": 0, ""unsafe"": 1, ""danger"": 0}","{""normal"": 0.0, ""unsafe"": 1.0, ""danger"": 0.0}",unsafe,unsafe,unsafe,True,False,labeling_yolo_single_frame,single_frame_gt_from_sampled_frame_label,/home/capstone2/zroact-stage2/benchmark2/data/viz_shufflenet_test/test_frame_30fps/climb-over-fence_smart_rgb/images/intrusion_climb-over-fence_rgb_0107_cctv1/intrusion_climb-over-fence_rgb_0107_cctv1_t000066.jpg,,
intrusion_climb-over-fence_rgb_0107_cctv1_f000076,intrusion_climb-over-fence_rgb_0107_cctv1_f000076_000086_000096,climb-over-fence_smart_rgb,intrusion_climb-over-fence_rgb_0107_cctv1,intrusion_candidate,[76],[2.533],"{""start_frame"": 76, ""end_frame"": 76}","[""stand, walk""]","[""unsafe""]",unsafe,1,"{""normal"": 0, ""unsafe"": 1, ""danger"": 0}","{""normal"": 0.0, ""unsafe"": 1.0, ""danger"": 0.0}",unsafe,unsafe,unsafe,True,False,labeling_yolo_single_frame,single_frame_gt_from_sampled_frame_label,/home/capstone2/zroact-stage2/benchmark2/data/viz_shufflenet_test/test_frame_30fps/climb-over-fence_smart_rgb/images/intrusion_climb-over-fence_rgb_0107_cctv1/intrusion_climb-over-fence_rgb_0107_cctv1_t000076.jpg,,
intrusion_climb-over-fence_rgb_0107_cctv1_f000086,intrusion_climb-over-fence_rgb_0107_cctv1_f000076_000086_000096,climb-over-fence_smart_rgb,intrusion_climb-over-fence_rgb_0107_cctv1,intrusion_candidate,[86],[2.867],"{""start_frame"": 86, ""end_frame"": 86}","[""walk, carry/hold (an object)""]","[""unsafe""]",unsafe,1,"{""normal"": 0, ""unsafe"": 1, ""danger"": 0}","{""normal"": 0.0, ""unsafe"": 1.0, ""danger"": 0.0}",unsafe,unsafe,unsafe,True,False,labeling_yolo_single_frame,single_frame_gt_from_sampled_frame_label,/home/capstone2/zroact-stage2/benchmark2/data/viz_shufflenet_test/test_frame_30fps/climb-over-fence_smart_rgb/images/intrusion_climb-over-fence_rgb_0107_cctv1/intrusion_climb-over-fence_rgb_0107_cctv1_t000086.jpg,,
intrusion_climb-over-fence_rgb_0107_cctv1_f000096,intrusion_climb-over-fence_rgb_0107_cctv1_f000076_000086_000096,climb-over-fence_smart_rgb,intrusion_climb-over-fence_rgb_0107_cctv1,intrusion_candidate,[96],[3.2],"{""start_frame"": 96, ""end_frame"": 96}","[""walk, carry/hold (an object)""]","[""unsafe""]",unsafe,1,"{""normal"": 0, ""unsafe"": 1, ""danger"": 0}","{""normal"": 0.0, ""unsafe"": 1.0, ""danger"": 0.0}",unsafe,unsafe,unsafe,True,False,labeling_yolo_single_frame,single_frame_gt_from_sampled_frame_label,/home/capstone2/zroact-stage2/benchmark2/data/viz_shufflenet_test/test_frame_30fps/climb-over-fence_smart_rgb/images/intrusion_climb-over-fence_rgb_0107_cctv1/intrusion_climb-over-fence_rgb_0107_cctv1_t000096.jpg,,
intrusion_climb-over-fence_rgb_0107_cctv1_f000106,intrusion_climb-over-fence_rgb_0107_cctv1_f000106_000116_000126,climb-over-fence_smart_rgb,intrusion_climb-over-fence_rgb_0107_cctv1,intrusion_candidate,[106],[3.533],"{""start_frame"": 106, ""end_frame"": 106}","[""stand, carry/hold (an object)""]","[""unsafe""]",unsafe,1,"{""normal"": 0, ""unsafe"": 1, ""danger"": 0}","{""normal"": 0.0, ""unsafe"": 1.0, ""danger"": 0.0}",unsafe,unsafe,unsafe,True,False,labeling_yolo_single_frame,single_frame_gt_from_sampled_frame_label,/home/capstone2/zroact-stage2/benchmark2/data/viz_shufflenet_test/test_frame_30fps/climb-over-fence_smart_rgb/images/intrusion_climb-over-fence_rgb_0107_cctv1/intrusion_climb-over-fence_rgb_0107_cctv1_t000106.jpg,,
intrusion_climb-over-fence_rgb_0107_cctv1_f000116,intrusion_climb-over-fence_rgb_0107_cctv1_f000106_000116_000126,climb-over-fence_smart_rgb,intrusion_climb-over-fence_rgb_0107_cctv1,intrusion_candidate,[116],[3.867],"{""start_frame"": 116, ""end_frame"": 116}","[""walk, carry/hold (an object)""]","[""unsafe""]",unsafe,1,"{""normal"": 0, ""unsafe"": 1, ""danger"": 0}","{""normal"": 0.0, ""unsafe"": 1.0, ""danger"": 0.0}",unsafe,unsafe,unsafe,True,False,labeling_yolo_single_frame,single_frame_gt_from_sampled_frame_label,/home/capstone2/zroact-stage2/benchmark2/data/viz_shufflenet_test/test_frame_30fps/climb-over-fence_smart_rgb/images/intrusion_climb-over-fence_rgb_0107_cctv1/intrusion_climb-over-fence_rgb_0107_cctv1_t000116.jpg,,
intrusion_climb-over-fence_rgb_0107_cctv1_f000126,intrusion_climb-over-fence_rgb_0107_cctv1_f000106_000116_000126,climb-over-fence_smart_rgb,intrusion_climb-over-fence_rgb_0107_cctv1,intrusion_candidate,[126],[4.2],"{""start_frame"": 126, ""end_frame"": 126}","[""walk, carry/hold (an object)""]","[""unsafe""]",unsafe,1,"{""normal"": 0, ""unsafe"": 1, ""danger"": 0}","{""normal"": 0.0, ""unsafe"": 1.0, ""danger"": 0.0}",unsafe,unsafe,unsafe,True,False,labeling_yolo_single_frame,single_frame_gt_from_sampled_frame_label,/home/capstone2/zroact-stage2/benchmark2/data/viz_shufflenet_test/test_frame_30fps/climb-over-fence_smart_rgb/images/intrusion_climb-over-fence_rgb_0107_cctv1/intrusion_climb-over-fence_rgb_0107_cctv1_t000126.jpg,,
intrusion_climb-over-fence_rgb_0107_cctv1_f000136,intrusion_climb-over-fence_rgb_0107_cctv1_f000136_000146_000156,climb-over-fence_smart_rgb,intrusion_climb-over-fence_rgb_0107_cctv1,intrusion_candidate,[136],[4.533],"{""start_frame"": 136, ""end_frame"": 136}","[""walk, carry/hold (an object)""]","[""unsafe""]",unsafe,1,"{""normal"": 0, ""unsafe"": 1, ""danger"": 0}","{""normal"": 0.0, ""unsafe"": 1.0, ""danger"": 0.0}",unsafe,unsafe,unsafe,True,False,labeling_yolo_single_frame,single_frame_gt_from_sampled_frame_label,/home/capstone2/zroact-stage2/benchmark2/data/viz_shufflenet_test/test_frame_30fps/climb-over-fence_smart_rgb/images/intrusion_climb-over-fence_rgb_0107_cctv1/intrusion_climb-over-fence_rgb_0107_cctv1_t000136.jpg,,
intrusion_climb-over-fence_rgb_0107_cctv1_f000146,intrusion_climb-over-fence_rgb_0107_cctv1_f000136_000146_000156,climb-over-fence_smart_rgb,intrusion_climb-over-fence_rgb_0107_cctv1,intrusion_candidate,[146],[4.867],"{""start_frame"": 146, ""end_frame"": 146}","[""walk, carry/hold (an object)""]","[""unsafe""]",unsafe,1,"{""normal"": 0, ""unsafe"": 1, ""danger"": 0}","{""normal"": 0.0, ""unsafe"": 1.0, ""danger"": 0.0}",unsafe,unsafe,unsafe,True,False,labeling_yolo_single_frame,single_frame_gt_from_sampled_frame_label,/home/capstone2/zroact-stage2/benchmark2/data/viz_shufflenet_test/test_frame_30fps/climb-over-fence_smart_rgb/images/intrusion_climb-over-fence_rgb_0107_cctv1/intrusion_climb-over-fence_rgb_0107_cctv1_t000146.jpg,,
intrusion_climb-over-fence_rgb_0107_cctv1_f000156,intrusion_climb-over-fence_rgb_0107_cctv1_f000136_000146_000156,climb-over-fence_smart_rgb,intrusion_climb-over-fence_rgb_0107_cctv1,intrusion_candidate,[156],[5.2],"{""start_frame"": 156, ""end_frame"": 156}","[""walk, carry/hold (an object)""]","[""unsafe""]",unsafe,1,"{""normal"": 0, ""unsafe"": 1, ""danger"": 0}","{""normal"": 0.0, ""unsafe"": 1.0, ""danger"": 0.0}",unsafe,unsafe,unsafe,True,False,labeling_yolo_single_frame,single_frame_gt_from_sampled_frame_label,/home/capstone2/zroact-stage2/benchmark2/data/viz_shufflenet_test/test_frame_30fps/climb-over-fence_smart_rgb/images/intrusion_climb-over-fence_rgb_0107_cctv1/intrusion_climb-over-fence_rgb_0107_cctv1_t000156.jpg,,
intrusion_climb-over-fence_rgb_0107_cctv1_f000166,intrusion_climb-over-fence_rgb_0107_cctv1_f000166_000176_000186,climb-over-fence_smart_rgb,intrusion_climb-over-fence_rgb_0107_cctv1,intrusion_candidate,[166],[5.533],"{""start_frame"": 166, ""end_frame"": 166}","[""walk, carry/hold (an object)""]","[""danger""]",danger,1,"{""normal"": 0, ""unsafe"": 0, ""danger"": 1}","{""normal"": 0.0, ""unsafe"": 0.0, ""danger"": 1.0}",danger,danger,danger,True,False,labeling_yolo_single_frame,single_frame_gt_from_sampled_frame_label,/home/capstone2/zroact-stage2/benchmark2/data/viz_shufflenet_test/test_frame_30fps/climb-over-fence_smart_rgb/images/intrusion_climb-over-fence_rgb_0107_cctv1/intrusion_climb-over-fence_rgb_0107_cctv1_t000166.jpg,,
intrusion_climb-over-fence_rgb_0107_cctv1_f000176,intrusion_climb-over-fence_rgb_0107_cctv1_f000166_000176_000186,climb-over-fence_smart_rgb,intrusion_climb-over-fence_rgb_0107_cctv1,intrusion_candidate,[176],[5.867],"{""start_frame"": 176, ""end_frame"": 176}","[""carry/hold (an object), stand""]","[""danger""]",danger,1,"{""normal"": 0, ""unsafe"": 0, ""danger"": 1}","{""normal"": 0.0, ""unsafe"": 0.0, ""danger"": 1.0}",danger,danger,danger,True,False,labeling_yolo_single_frame,single_frame_gt_from_sampled_frame_label,/home/capstone2/zroact-stage2/benchmark2/data/viz_shufflenet_test/test_frame_30fps/climb-over-fence_smart_rgb/images/intrusion_climb-over-fence_rgb_0107_cctv1/intrusion_climb-over-fence_rgb_0107_cctv1_t000176.jpg,,
intrusion_climb-over-fence_rgb_0107_cctv1_f000186,intrusion_climb-over-fence_rgb_0107_cctv1_f000166_000176_000186,climb-over-fence_smart_rgb,intrusion_climb-over-fence_rgb_0107_cctv1,intrusion_candidate,[186],[6.2],"{""start_frame"": 186, ""end_frame"": 186}","[""carry/hold (an object), stand""]","[""danger""]",danger,1,"{""normal"": 0, ""unsafe"": 0, ""danger"": 1}","{""normal"": 0.0, ""unsafe"": 0.0, ""danger"": 1.0}",danger,danger,danger,True,False,labeling_yolo_single_frame,single_frame_gt_from_sampled_frame_label,/home/capstone2/zroact-stage2/benchmark2/data/viz_shufflenet_test/test_frame_30fps/climb-over-fence_smart_rgb/images/intrusion_climb-over-fence_rgb_0107_cctv1/intrusion_climb-over-fence_rgb_0107_cctv1_t000186.jpg,,
intrusion_climb-over-fence_rgb_0107_cctv1_f000196,intrusion_climb-over-fence_rgb_0107_cctv1_f000196_000206_000216,climb-over-fence_smart_rgb,intrusion_climb-over-fence_rgb_0107_cctv1,intrusion_candidate,[196],[6.533],"{""start_frame"": 196, ""end_frame"": 196}","[""stand, carry/hold (an object)""]","[""danger""]",danger,1,"{""normal"": 0, ""unsafe"": 0, ""danger"": 1}","{""normal"": 0.0, ""unsafe"": 0.0, ""danger"": 1.0}",danger,danger,danger,True,False,labeling_yolo_single_frame,single_frame_gt_from_sampled_frame_label,/home/capstone2/zroact-stage2/benchmark2/data/viz_shufflenet_test/test_frame_30fps/climb-over-fence_smart_rgb/images/intrusion_climb-over-fence_rgb_0107_cctv1/intrusion_climb-over-fence_rgb_0107_cctv1_t000196.jpg,,
intrusion_climb-over-fence_rgb_0107_cctv1_f000206,intrusion_climb-over-fence_rgb_0107_cctv1_f000196_000206_000216,climb-over-fence_smart_rgb,intrusion_climb-over-fence_rgb_0107_cctv1,intrusion_candidate,[206],[6.867],"{""start_frame"": 206, ""end_frame"": 206}","[""carry/hold (an object), stand""]","[""danger""]",danger,1,"{""normal"": 0, ""unsafe"": 0, ""danger"": 1}","{""normal"": 0.0, ""unsafe"": 0.0, ""danger"": 1.0}",danger,danger,danger,True,False,labeling_yolo_single_frame,single_frame_gt_from_sampled_frame_label,/home/capstone2/zroact-stage2/benchmark2/data/viz_shufflenet_test/test_frame_30fps/climb-over-fence_smart_rgb/images/intrusion_climb-over-fence_rgb_0107_cctv1/intrusion_climb-over-fence_rgb_0107_cctv1_t000206.jpg,,
intrusion_climb-over-fence_rgb_0107_cctv1_f000216,intrusion_climb-over-fence_rgb_0107_cctv1_f000196_000206_000216,climb-over-fence_smart_rgb,intrusion_climb-over-fence_rgb_0107_cctv1,intrusion_candidate,[216],[7.2],"{""start_frame"": 216, ""end_frame"": 216}","[""walk, carry/hold (an object)""]","[""danger""]",danger,1,"{""normal"": 0, ""unsafe"": 0, ""danger"": 1}","{""normal"": 0.0, ""unsafe"": 0.0, ""danger"": 1.0}",danger,danger,danger,True,False,labeling_yolo_single_frame,single_frame_gt_from_sampled_frame_label,/home/capstone2/zroact-stage2/benchmark2/data/viz_shufflenet_test/test_frame_30fps/climb-over-fence_smart_rgb/images/intrusion_climb-over-fence_rgb_0107_cctv1/intrusion_climb-over-fence_rgb_0107_cctv1_t000216.jpg,,
intrusion_climb-over-fence_rgb_0107_cctv1_f000226,intrusion_climb-over-fence_rgb_0107_cctv1_f000226_000236_000246,climb-over-fence_smart_rgb,intrusion_climb-over-fence_rgb_0107_cctv1,intrusion_candidate,[226],[7.533],"{""start_frame"": 226, ""end_frame"": 226}","[""carry/hold (an object), walk""]","[""danger""]",danger,1,"{""normal"": 0, ""unsafe"": 0, ""danger"": 1}","{""normal"": 0.0, ""unsafe"": 0.0, ""danger"": 1.0}",danger,danger,danger,True,False,labeling_yolo_single_frame,single_frame_gt_from_sampled_frame_label,/home/capstone2/zroact-stage2/benchmark2/data/viz_shufflenet_test/test_frame_30fps/climb-over-fence_smart_rgb/images/intrusion_climb-over-fence_rgb_0107_cctv1/intrusion_climb-over-fence_rgb_0107_cctv1_t000226.jpg,,
intrusion_climb-over-fence_rgb_0107_cctv1_f000236,intrusion_climb-over-fence_rgb_0107_cctv1_f000226_000236_000246,climb-over-fence_smart_rgb,intrusion_climb-over-fence_rgb_0107_cctv1,intrusion_candidate,[236],[7.867],"{""start_frame"": 236, ""end_frame"": 236}","[""carry/hold (an object), stand""]","[""danger""]",danger,1,"{""normal"": 0, ""unsafe"": 0, ""danger"": 1}","{""normal"": 0.0, ""unsafe"": 0.0, ""danger"": 1.0}",danger,danger,danger,True,False,labeling_yolo_single_frame,single_frame_gt_from_sampled_frame_label,/home/capstone2/zroact-stage2/benchmark2/data/viz_shufflenet_test/test_frame_30fps/climb-over-fence_smart_rgb/images/intrusion_climb-over-fence_rgb_0107_cctv1/intrusion_climb-over-fence_rgb_0107_cctv1_t000236.jpg,,
intrusion_climb-over-fence_rgb_0107_cctv1_f000246,intrusion_climb-over-fence_rgb_0107_cctv1_f000226_000236_000246,climb-over-fence_smart_rgb,intrusion_climb-over-fence_rgb_0107_cctv1,intrusion_candidate,[246],[8.2],"{""start_frame"": 246, ""end_frame"": 246}","[""stand, carry/hold (an object)""]","[""danger""]",danger,1,"{""normal"": 0, ""unsafe"": 0, ""danger"": 1}","{""normal"": 0.0, ""unsafe"": 0.0, ""danger"": 1.0}",danger,danger,danger,True,False,labeling_yolo_single_frame,single_frame_gt_from_sampled_frame_label,/home/capstone2/zroact-stage2/benchmark2/data/viz_shufflenet_test/test_frame_30fps/climb-over-fence_smart_rgb/images/intrusion_climb-over-fence_rgb_0107_cctv1/intrusion_climb-over-fence_rgb_0107_cctv1_t000246.jpg,,
intrusion_climb-over-fence_rgb_0107_cctv1_f000256,intrusion_climb-over-fence_rgb_0107_cctv1_f000256_000266_000276,climb-over-fence_smart_rgb,intrusion_climb-over-fence_rgb_0107_cctv1,intrusion_candidate,[256],[8.533],"{""start_frame"": 256, ""end_frame"": 256}","[""stand, carry/hold (an object)""]","[""danger""]",danger,1,"{""normal"": 0, ""unsafe"": 0, ""danger"": 1}","{""normal"": 0.0, ""unsafe"": 0.0, ""danger"": 1.0}",danger,danger,danger,True,False,labeling_yolo_single_frame,single_frame_gt_from_sampled_frame_label,/home/capstone2/zroact-stage2/benchmark2/data/viz_shufflenet_test/test_frame_30fps/climb-over-fence_smart_rgb/images/intrusion_climb-over-fence_rgb_0107_cctv1/intrusion_climb-over-fence_rgb_0107_cctv1_t000256.jpg,,
intrusion_climb-over-fence_rgb_0107_cctv1_f000266,intrusion_climb-over-fence_rgb_0107_cctv1_f000256_000266_000276,climb-over-fence_smart_rgb,intrusion_climb-over-fence_rgb_0107_cctv1,intrusion_candidate,[266],[8.867],"{""start_frame"": 266, ""end_frame"": 266}","[""stand, carry/hold (an object)""]","[""danger""]",danger,1,"{""normal"": 0, ""unsafe"": 0, ""danger"": 1}","{""normal"": 0.0, ""unsafe"": 0.0, ""danger"": 1.0}",danger,danger,danger,True,False,labeling_yolo_single_frame,single_frame_gt_from_sampled_frame_label,/home/capstone2/zroact-stage2/benchmark2/data/viz_shufflenet_test/test_frame_30fps/climb-over-fence_smart_rgb/images/intrusion_climb-over-fence_rgb_0107_cctv1/intrusion_climb-over-fence_rgb_0107_cctv1_t000266.jpg,,
intrusion_climb-over-fence_rgb_0107_cctv1_f000276,intrusion_climb-over-fence_rgb_0107_cctv1_f000256_000266_000276,climb-over-fence_smart_rgb,intrusion_climb-over-fence_rgb_0107_cctv1,intrusion_candidate,[276],[9.2],"{""start_frame"": 276, ""end_frame"": 276}","[""walk, carry/hold (an object)""]","[""danger""]",danger,1,"{""normal"": 0, ""unsafe"": 0, ""danger"": 1}","{""normal"": 0.0, ""unsafe"": 0.0, ""danger"": 1.0}",danger,danger,danger,True,False,labeling_yolo_single_frame,single_frame_gt_from_sampled_frame_label,/home/capstone2/zroact-stage2/benchmark2/data/viz_shufflenet_test/test_frame_30fps/climb-over-fence_smart_rgb/images/intrusion_climb-over-fence_rgb_0107_cctv1/intrusion_climb-over-fence_rgb_0107_cctv1_t000276.jpg,,
intrusion_climb-over-fence_rgb_0107_cctv1_f000286,intrusion_climb-over-fence_rgb_0107_cctv1_f000286_000296_000306,climb-over-fence_smart_rgb,intrusion_climb-over-fence_rgb_0107_cctv1,intrusion_candidate,[286],[9.533],"{""start_frame"": 286, ""end_frame"": 286}","[""walk, carry/hold (an object)""]","[""danger""]",danger,1,"{""normal"": 0, ""unsafe"": 0, ""danger"": 1}","{""normal"": 0.0, ""unsafe"": 0.0, ""danger"": 1.0}",danger,danger,danger,True,False,labeling_yolo_single_frame,single_frame_gt_from_sampled_frame_label,/home/capstone2/zroact-stage2/benchmark2/data/viz_shufflenet_test/test_frame_30fps/climb-over-fence_smart_rgb/images/intrusion_climb-over-fence_rgb_0107_cctv1/intrusion_climb-over-fence_rgb_0107_cctv1_t000286.jpg,,
intrusion_climb-over-fence_rgb_0107_cctv1_f000296,intrusion_climb-over-fence_rgb_0107_cctv1_f000286_000296_000306,climb-over-fence_smart_rgb,intrusion_climb-over-fence_rgb_0107_cctv1,intrusion_candidate,[296],[9.867],"{""start_frame"": 296, ""end_frame"": 296}","[""bend/bow (at the waist), carry/hold (an object)""]","[""danger""]",danger,1,"{""normal"": 0, ""unsafe"": 0, ""danger"": 1}","{""normal"": 0.0, ""unsafe"": 0.0, ""danger"": 1.0}",danger,danger,danger,True,False,labeling_yolo_single_frame,single_frame_gt_from_sampled_frame_label,/home/capstone2/zroact-stage2/benchmark2/data/viz_shufflenet_test/test_frame_30fps/climb-over-fence_smart_rgb/images/intrusion_climb-over-fence_rgb_0107_cctv1/intrusion_climb-over-fence_rgb_0107_cctv1_t000296.jpg,,
intrusion_climb-over-fence_rgb_0107_cctv1_f000306,intrusion_climb-over-fence_rgb_0107_cctv1_f000286_000296_000306,climb-over-fence_smart_rgb,intrusion_climb-over-fence_rgb_0107_cctv1,intrusion_candidate,[306],[10.2],"{""start_frame"": 306, ""end_frame"": 306}","[""bend/bow (at the waist), carry/hold (an object)""]","[""danger""]",danger,1,"{""normal"": 0, ""unsafe"": 0, ""danger"": 1}","{""normal"": 0.0, ""unsafe"": 0.0, ""danger"": 1.0}",danger,danger,danger,True,False,labeling_yolo_single_frame,single_frame_gt_from_sampled_frame_label,/home/capstone2/zroact-stage2/benchmark2/data/viz_shufflenet_test/test_frame_30fps/climb-over-fence_smart_rgb/images/intrusion_climb-over-fence_rgb_0107_cctv1/intrusion_climb-over-fence_rgb_0107_cctv1_t000306.jpg,,
intrusion_climb-over-fence_rgb_0107_cctv1_f000316,intrusion_climb-over-fence_rgb_0107_cctv1_f000316_000326_000336,climb-over-fence_smart_rgb,intrusion_climb-over-fence_rgb_0107_cctv1,intrusion_candidate,[316],[10.533],"{""start_frame"": 316, ""end_frame"": 316}","[""stand, answer phone""]","[""danger""]",danger,1,"{""normal"": 0, ""unsafe"": 0, ""danger"": 1}","{""normal"": 0.0, ""unsafe"": 0.0, ""danger"": 1.0}",danger,danger,danger,True,False,labeling_yolo_single_frame,single_frame_gt_from_sampled_frame_label,/home/capstone2/zroact-stage2/benchmark2/data/viz_shufflenet_test/test_frame_30fps/climb-over-fence_smart_rgb/images/intrusion_climb-over-fence_rgb_0107_cctv1/intrusion_climb-over-fence_rgb_0107_cctv1_t000316.jpg,,
intrusion_climb-over-fence_rgb_0107_cctv1_f000326,intrusion_climb-over-fence_rgb_0107_cctv1_f000316_000326_000336,climb-over-fence_smart_rgb,intrusion_climb-over-fence_rgb_0107_cctv1,intrusion_candidate,[326],[10.867],"{""start_frame"": 326, ""end_frame"": 326}","[""stand, answer phone""]","[""danger""]",danger,1,"{""normal"": 0, ""unsafe"": 0, ""danger"": 1}","{""normal"": 0.0, ""unsafe"": 0.0, ""danger"": 1.0}",danger,danger,danger,True,False,labeling_yolo_single_frame,single_frame_gt_from_sampled_frame_label,/home/capstone2/zroact-stage2/benchmark2/data/viz_shufflenet_test/test_frame_30fps/climb-over-fence_smart_rgb/images/intrusion_climb-over-fence_rgb_0107_cctv1/intrusion_climb-over-fence_rgb_0107_cctv1_t000326.jpg,,
intrusion_climb-over-fence_rgb_0107_cctv1_f000336,intrusion_climb-over-fence_rgb_0107_cctv1_f000316_000326_000336,climb-over-fence_smart_rgb,intrusion_climb-over-fence_rgb_0107_cctv1,intrusion_candidate,[336],[11.2],"{""start_frame"": 336, ""end_frame"": 336}","[""stand, answer phone""]","[""danger""]",danger,1,"{""normal"": 0, ""unsafe"": 0, ""danger"": 1}","{""normal"": 0.0, ""unsafe"": 0.0, ""danger"": 1.0}",danger,danger,danger,True,False,labeling_yolo_single_frame,single_frame_gt_from_sampled_frame_label,/home/capstone2/zroact-stage2/benchmark2/data/viz_shufflenet_test/test_frame_30fps/climb-over-fence_smart_rgb/images/intrusion_climb-over-fence_rgb_0107_cctv1/intrusion_climb-over-fence_rgb_0107_cctv1_t000336.jpg,,
intrusion_climb-over-fence_rgb_0107_cctv1_f000346,intrusion_climb-over-fence_rgb_0107_cctv1_f000346_000356_000366,climb-over-fence_smart_rgb,intrusion_climb-over-fence_rgb_0107_cctv1,intrusion_candidate,[346],[11.533],"{""start_frame"": 346, ""end_frame"": 346}","[""stand, answer phone""]","[""danger""]",danger,1,"{""normal"": 0, ""unsafe"": 0, ""danger"": 1}","{""normal"": 0.0, ""unsafe"": 0.0, ""danger"": 1.0}",danger,danger,danger,True,False,labeling_yolo_single_frame,single_frame_gt_from_sampled_frame_label,/home/capstone2/zroact-stage2/benchmark2/data/viz_shufflenet_test/test_frame_30fps/climb-over-fence_smart_rgb/images/intrusion_climb-over-fence_rgb_0107_cctv1/intrusion_climb-over-fence_rgb_0107_cctv1_t000346.jpg,,
intrusion_climb-over-fence_rgb_0107_cctv1_f000356,intrusion_climb-over-fence_rgb_0107_cctv1_f000346_000356_000366,climb-over-fence_smart_rgb,intrusion_climb-over-fence_rgb_0107_cctv1,intrusion_candidate,[356],[11.867],"{""start_frame"": 356, ""end_frame"": 356}","[""stand, answer phone""]","[""danger""]",danger,1,"{""normal"": 0, ""unsafe"": 0, ""danger"": 1}","{""normal"": 0.0, ""unsafe"": 0.0, ""danger"": 1.0}",danger,danger,danger,True,False,labeling_yolo_single_frame,single_frame_gt_from_sampled_frame_label,/home/capstone2/zroact-stage2/benchmark2/data/viz_shufflenet_test/test_frame_30fps/climb-over-fence_smart_rgb/images/intrusion_climb-over-fence_rgb_0107_cctv1/intrusion_climb-over-fence_rgb_0107_cctv1_t000356.jpg,,
intrusion_climb-over-fence_rgb_0107_cctv1_f000366,intrusion_climb-over-fence_rgb_0107_cctv1_f000346_000356_000366,climb-over-fence_smart_rgb,intrusion_climb-over-fence_rgb_0107_cctv1,intrusion_candidate,[366],[12.2],"{""start_frame"": 366, ""end_frame"": 366}","[""stand, answer phone""]","[""danger""]",danger,1,"{""normal"": 0, ""unsafe"": 0, ""danger"": 1}","{""normal"": 0.0, ""unsafe"": 0.0, ""danger"": 1.0}",danger,danger,danger,True,False,labeling_yolo_single_frame,single_frame_gt_from_sampled_frame_label,/home/capstone2/zroact-stage2/benchmark2/data/viz_shufflenet_test/test_frame_30fps/climb-over-fence_smart_rgb/images/intrusion_climb-over-fence_rgb_0107_cctv1/intrusion_climb-over-fence_rgb_0107_cctv1_t000366.jpg,,
intrusion_climb-over-fence_rgb_0107_cctv1_f000376,intrusion_climb-over-fence_rgb_0107_cctv1_f000376_000386_000396,climb-over-fence_smart_rgb,intrusion_climb-over-fence_rgb_0107_cctv1,intrusion_candidate,[376],[12.533],"{""start_frame"": 376, ""end_frame"": 376}","[""stand, carry/hold (an object)""]","[""danger""]",danger,1,"{""normal"": 0, ""unsafe"": 0, ""danger"": 1}","{""normal"": 0.0, ""unsafe"": 0.0, ""danger"": 1.0}",danger,danger,danger,True,False,labeling_yolo_single_frame,single_frame_gt_from_sampled_frame_label,/home/capstone2/zroact-stage2/benchmark2/data/viz_shufflenet_test/test_frame_30fps/climb-over-fence_smart_rgb/images/intrusion_climb-over-fence_rgb_0107_cctv1/intrusion_climb-over-fence_rgb_0107_cctv1_t000376.jpg,,
intrusion_climb-over-fence_rgb_0107_cctv1_f000386,intrusion_climb-over-fence_rgb_0107_cctv1_f000376_000386_000396,climb-over-fence_smart_rgb,intrusion_climb-over-fence_rgb_0107_cctv1,intrusion_candidate,[386],[12.867],"{""start_frame"": 386, ""end_frame"": 386}","[""stand, carry/hold (an object)""]","[""danger""]",danger,1,"{""normal"": 0, ""unsafe"": 0, ""danger"": 1}","{""normal"": 0.0, ""unsafe"": 0.0, ""danger"": 1.0}",danger,danger,danger,True,False,labeling_yolo_single_frame,single_frame_gt_from_sampled_frame_label,/home/capstone2/zroact-stage2/benchmark2/data/viz_shufflenet_test/test_frame_30fps/climb-over-fence_smart_rgb/images/intrusion_climb-over-fence_rgb_0107_cctv1/intrusion_climb-over-fence_rgb_0107_cctv1_t000386.jpg,,
intrusion_climb-over-fence_rgb_0107_cctv1_f000396,intrusion_climb-over-fence_rgb_0107_cctv1_f000376_000386_000396,climb-over-fence_smart_rgb,intrusion_climb-over-fence_rgb_0107_cctv1,intrusion_candidate,[396],[13.2],"{""start_frame"": 396, ""end_frame"": 396}","[""sit, carry/hold (an object)""]","[""danger""]",danger,1,"{""normal"": 0, ""unsafe"": 0, ""danger"": 1}","{""normal"": 0.0, ""unsafe"": 0.0, ""danger"": 1.0}",danger,danger,danger,True,False,labeling_yolo_single_frame,single_frame_gt_from_sampled_frame_label,/home/capstone2/zroact-stage2/benchmark2/data/viz_shufflenet_test/test_frame_30fps/climb-over-fence_smart_rgb/images/intrusion_climb-over-fence_rgb_0107_cctv1/intrusion_climb-over-fence_rgb_0107_cctv1_t000396.jpg,,
intrusion_climb-over-fence_rgb_0107_cctv1_f000406,intrusion_climb-over-fence_rgb_0107_cctv1_f000406_000416_000426,climb-over-fence_smart_rgb,intrusion_climb-over-fence_rgb_0107_cctv1,intrusion_candidate,[406],[13.533],"{""start_frame"": 406, ""end_frame"": 406}","[""stand, carry/hold (an object)""]","[""danger""]",danger,1,"{""normal"": 0, ""unsafe"": 0, ""danger"": 1}","{""normal"": 0.0, ""unsafe"": 0.0, ""danger"": 1.0}",danger,danger,danger,True,False,labeling_yolo_single_frame,single_frame_gt_from_sampled_frame_label,/home/capstone2/zroact-stage2/benchmark2/data/viz_shufflenet_test/test_frame_30fps/climb-over-fence_smart_rgb/images/intrusion_climb-over-fence_rgb_0107_cctv1/intrusion_climb-over-fence_rgb_0107_cctv1_t000406.jpg,,
intrusion_climb-over-fence_rgb_0107_cctv1_f000416,intrusion_climb-over-fence_rgb_0107_cctv1_f000406_000416_000426,climb-over-fence_smart_rgb,intrusion_climb-over-fence_rgb_0107_cctv1,intrusion_candidate,[416],[13.867],"{""start_frame"": 416, ""end_frame"": 416}","[""stand, carry/hold (an object)""]","[""danger""]",danger,1,"{""normal"": 0, ""unsafe"": 0, ""danger"": 1}","{""normal"": 0.0, ""unsafe"": 0.0, ""danger"": 1.0}",danger,danger,danger,True,False,labeling_yolo_single_frame,single_frame_gt_from_sampled_frame_label,/home/capstone2/zroact-stage2/benchmark2/data/viz_shufflenet_test/test_frame_30fps/climb-over-fence_smart_rgb/images/intrusion_climb-over-fence_rgb_0107_cctv1/intrusion_climb-over-fence_rgb_0107_cctv1_t000416.jpg,,
intrusion_climb-over-fence_rgb_0107_cctv1_f000426,intrusion_climb-over-fence_rgb_0107_cctv1_f000406_000416_000426,climb-over-fence_smart_rgb,intrusion_climb-over-fence_rgb_0107_cctv1,intrusion_candidate,[426],[14.2],"{""start_frame"": 426, ""end_frame"": 426}","[""stand, carry/hold (an object)""]","[""danger""]",danger,1,"{""normal"": 0, ""unsafe"": 0, ""danger"": 1}","{""normal"": 0.0, ""unsafe"": 0.0, ""danger"": 1.0}",danger,danger,danger,True,False,labeling_yolo_single_frame,single_frame_gt_from_sampled_frame_label,/home/capstone2/zroact-stage2/benchmark2/data/viz_shufflenet_test/test_frame_30fps/climb-over-fence_smart_rgb/images/intrusion_climb-over-fence_rgb_0107_cctv1/intrusion_climb-over-fence_rgb_0107_cctv1_t000426.jpg,,
intrusion_climb-over-fence_rgb_0107_cctv1_f000436,intrusion_climb-over-fence_rgb_0107_cctv1_f000436_000446_000456,climb-over-fence_smart_rgb,intrusion_climb-over-fence_rgb_0107_cctv1,intrusion_candidate,[436],[14.533],"{""start_frame"": 436, ""end_frame"": 436}","[""stand""]","[""danger""]",danger,1,"{""normal"": 0, ""unsafe"": 0, ""danger"": 1}","{""normal"": 0.0, ""unsafe"": 0.0, ""danger"": 1.0}",danger,danger,danger,True,False,labeling_yolo_single_frame,single_frame_gt_from_sampled_frame_label,/home/capstone2/zroact-stage2/benchmark2/data/viz_shufflenet_test/test_frame_30fps/climb-over-fence_smart_rgb/images/intrusion_climb-over-fence_rgb_0107_cctv1/intrusion_climb-over-fence_rgb_0107_cctv1_t000436.jpg,,
intrusion_climb-over-fence_rgb_0107_cctv1_f000446,intrusion_climb-over-fence_rgb_0107_cctv1_f000436_000446_000456,climb-over-fence_smart_rgb,intrusion_climb-over-fence_rgb_0107_cctv1,intrusion_candidate,[446],[14.867],"{""start_frame"": 446, ""end_frame"": 446}","[""stand, watch (a person)""]","[""danger""]",danger,1,"{""normal"": 0, ""unsafe"": 0, ""danger"": 1}","{""normal"": 0.0, ""unsafe"": 0.0, ""danger"": 1.0}",danger,danger,danger,True,False,labeling_yolo_single_frame,single_frame_gt_from_sampled_frame_label,/home/capstone2/zroact-stage2/benchmark2/data/viz_shufflenet_test/test_frame_30fps/climb-over-fence_smart_rgb/images/intrusion_climb-over-fence_rgb_0107_cctv1/intrusion_climb-over-fence_rgb_0107_cctv1_t000446.jpg,,
intrusion_climb-over-fence_rgb_0107_cctv1_f000456,intrusion_climb-over-fence_rgb_0107_cctv1_f000436_000446_000456,climb-over-fence_smart_rgb,intrusion_climb-over-fence_rgb_0107_cctv1,intrusion_candidate,[456],[15.2],"{""start_frame"": 456, ""end_frame"": 456}","[""stand, watch (a person)""]","[""danger""]",danger,1,"{""normal"": 0, ""unsafe"": 0, ""danger"": 1}","{""normal"": 0.0, ""unsafe"": 0.0, ""danger"": 1.0}",danger,danger,danger,True,False,labeling_yolo_single_frame,single_frame_gt_from_sampled_frame_label,/home/capstone2/zroact-stage2/benchmark2/data/viz_shufflenet_test/test_frame_30fps/climb-over-fence_smart_rgb/images/intrusion_climb-over-fence_rgb_0107_cctv1/intrusion_climb-over-fence_rgb_0107_cctv1_t000456.jpg,,
intrusion_climb-over-fence_rgb_0107_cctv1_f000466,intrusion_climb-over-fence_rgb_0107_cctv1_f000466_000476_000486,climb-over-fence_smart_rgb,intrusion_climb-over-fence_rgb_0107_cctv1,intrusion_candidate,[466],[15.533],"{""start_frame"": 466, ""end_frame"": 466}","[""stand""]","[""danger""]",danger,1,"{""normal"": 0, ""unsafe"": 0, ""danger"": 1}","{""normal"": 0.0, ""unsafe"": 0.0, ""danger"": 1.0}",danger,danger,danger,True,False,labeling_yolo_single_frame,single_frame_gt_from_sampled_frame_label,/home/capstone2/zroact-stage2/benchmark2/data/viz_shufflenet_test/test_frame_30fps/climb-over-fence_smart_rgb/images/intrusion_climb-over-fence_rgb_0107_cctv1/intrusion_climb-over-fence_rgb_0107_cctv1_t000466.jpg,,
intrusion_climb-over-fence_rgb_0107_cctv1_f000476,intrusion_climb-over-fence_rgb_0107_cctv1_f000466_000476_000486,climb-over-fence_smart_rgb,intrusion_climb-over-fence_rgb_0107_cctv1,intrusion_candidate,[476],[15.867],"{""start_frame"": 476, ""end_frame"": 476}","[""stand, carry/hold (an object)""]","[""danger""]",danger,1,"{""normal"": 0, ""unsafe"": 0, ""danger"": 1}","{""normal"": 0.0, ""unsafe"": 0.0, ""danger"": 1.0}",danger,danger,danger,True,False,labeling_yolo_single_frame,single_frame_gt_from_sampled_frame_label,/home/capstone2/zroact-stage2/benchmark2/data/viz_shufflenet_test/test_frame_30fps/climb-over-fence_smart_rgb/images/intrusion_climb-over-fence_rgb_0107_cctv1/intrusion_climb-over-fence_rgb_0107_cctv1_t000476.jpg,,
intrusion_climb-over-fence_rgb_0107_cctv1_f000486,intrusion_climb-over-fence_rgb_0107_cctv1_f000466_000476_000486,climb-over-fence_smart_rgb,intrusion_climb-over-fence_rgb_0107_cctv1,intrusion_candidate,[486],[16.2],"{""start_frame"": 486, ""end_frame"": 486}","[""stand, watch (a person)""]","[""danger""]",danger,1,"{""normal"": 0, ""unsafe"": 0, ""danger"": 1}","{""normal"": 0.0, ""unsafe"": 0.0, ""danger"": 1.0}",danger,danger,danger,True,False,labeling_yolo_single_frame,single_frame_gt_from_sampled_frame_label,/home/capstone2/zroact-stage2/benchmark2/data/viz_shufflenet_test/test_frame_30fps/climb-over-fence_smart_rgb/images/intrusion_climb-over-fence_rgb_0107_cctv1/intrusion_climb-over-fence_rgb_0107_cctv1_t000486.jpg,,
intrusion_normal_rgb_0060_cctv1_f000016,intrusion_normal_rgb_0060_cctv1_f000016_000026_000036,normal_plant_rgb,intrusion_normal_rgb_0060_cctv1,normal_candidate,[16],[0.533],"{""start_frame"": 16, ""end_frame"": 16}","[""walk, carry/hold (an object)""]","[""normal""]",normal,1,"{""normal"": 1, ""unsafe"": 0, ""danger"": 0}","{""normal"": 1.0, ""unsafe"": 0.0, ""danger"": 0.0}",normal,normal,normal,True,False,labeling_yolo_single_frame,single_frame_gt_from_sampled_frame_label,/home/capstone2/zroact-stage2/benchmark2/data/viz_shufflenet_test/test_frame_30fps/normal_plant_rgb/images/intrusion_normal_rgb_0060_cctv1/intrusion_normal_rgb_0060_cctv1_t000016.jpg,,
intrusion_normal_rgb_0060_cctv1_f000026,intrusion_normal_rgb_0060_cctv1_f000016_000026_000036,normal_plant_rgb,intrusion_normal_rgb_0060_cctv1,normal_candidate,[26],[0.867],"{""start_frame"": 26, ""end_frame"": 26}","[""walk, carry/hold (an object)""]","[""normal""]",normal,1,"{""normal"": 1, ""unsafe"": 0, ""danger"": 0}","{""normal"": 1.0, ""unsafe"": 0.0, ""danger"": 0.0}",normal,normal,normal,True,False,labeling_yolo_single_frame,single_frame_gt_from_sampled_frame_label,/home/capstone2/zroact-stage2/benchmark2/data/viz_shufflenet_test/test_frame_30fps/normal_plant_rgb/images/intrusion_normal_rgb_0060_cctv1/intrusion_normal_rgb_0060_cctv1_t000026.jpg,,
intrusion_normal_rgb_0060_cctv1_f000036,intrusion_normal_rgb_0060_cctv1_f000016_000026_000036,normal_plant_rgb,intrusion_normal_rgb_0060_cctv1,normal_candidate,[36],[1.2],"{""start_frame"": 36, ""end_frame"": 36}","[""stand, carry/hold (an object)""]","[""normal""]",normal,1,"{""normal"": 1, ""unsafe"": 0, ""danger"": 0}","{""normal"": 1.0, ""unsafe"": 0.0, ""danger"": 0.0}",normal,normal,normal,True,False,labeling_yolo_single_frame,single_frame_gt_from_sampled_frame_label,/home/capstone2/zroact-stage2/benchmark2/data/viz_shufflenet_test/test_frame_30fps/normal_plant_rgb/images/intrusion_normal_rgb_0060_cctv1/intrusion_normal_rgb_0060_cctv1_t000036.jpg,,
intrusion_normal_rgb_0060_cctv1_f000046,intrusion_normal_rgb_0060_cctv1_f000046_000056_000066,normal_plant_rgb,intrusion_normal_rgb_0060_cctv1,normal_candidate,[46],[1.533],"{""start_frame"": 46, ""end_frame"": 46}","[""walk, carry/hold (an object)""]","[""normal""]",normal,1,"{""normal"": 1, ""unsafe"": 0, ""danger"": 0}","{""normal"": 1.0, ""unsafe"": 0.0, ""danger"": 0.0}",normal,normal,normal,True,False,labeling_yolo_single_frame,single_frame_gt_from_sampled_frame_label,/home/capstone2/zroact-stage2/benchmark2/data/viz_shufflenet_test/test_frame_30fps/normal_plant_rgb/images/intrusion_normal_rgb_0060_cctv1/intrusion_normal_rgb_0060_cctv1_t000046.jpg,,
intrusion_normal_rgb_0060_cctv1_f000056,intrusion_normal_rgb_0060_cctv1_f000046_000056_000066,normal_plant_rgb,intrusion_normal_rgb_0060_cctv1,normal_candidate,[56],[1.867],"{""start_frame"": 56, ""end_frame"": 56}","[""walk, carry/hold (an object)""]","[""normal""]",normal,1,"{""normal"": 1, ""unsafe"": 0, ""danger"": 0}","{""normal"": 1.0, ""unsafe"": 0.0, ""danger"": 0.0}",normal,normal,normal,True,False,labeling_yolo_single_frame,single_frame_gt_from_sampled_frame_label,/home/capstone2/zroact-stage2/benchmark2/data/viz_shufflenet_test/test_frame_30fps/normal_plant_rgb/images/intrusion_normal_rgb_0060_cctv1/intrusion_normal_rgb_0060_cctv1_t000056.jpg,,
intrusion_normal_rgb_0060_cctv1_f000066,intrusion_normal_rgb_0060_cctv1_f000046_000056_000066,normal_plant_rgb,intrusion_normal_rgb_0060_cctv1,normal_candidate,[66],[2.2],"{""start_frame"": 66, ""end_frame"": 66}","[""walk, stand""]","[""normal""]",normal,1,"{""normal"": 1, ""unsafe"": 0, ""danger"": 0}","{""normal"": 1.0, ""unsafe"": 0.0, ""danger"": 0.0}",normal,normal,normal,True,False,labeling_yolo_single_frame,single_frame_gt_from_sampled_frame_label,/home/capstone2/zroact-stage2/benchmark2/data/viz_shufflenet_test/test_frame_30fps/normal_plant_rgb/images/intrusion_normal_rgb_0060_cctv1/intrusion_normal_rgb_0060_cctv1_t000066.jpg,,
intrusion_normal_rgb_0060_cctv1_f000076,intrusion_normal_rgb_0060_cctv1_f000076_000086_000096,normal_plant_rgb,intrusion_normal_rgb_0060_cctv1,normal_candidate,[76],[2.533],"{""start_frame"": 76, ""end_frame"": 76}","[""walk, carry/hold (an object)""]","[""normal""]",normal,1,"{""normal"": 1, ""unsafe"": 0, ""danger"": 0}","{""normal"": 1.0, ""unsafe"": 0.0, ""danger"": 0.0}",normal,normal,normal,True,False,labeling_yolo_single_frame,single_frame_gt_from_sampled_frame_label,/home/capstone2/zroact-stage2/benchmark2/data/viz_shufflenet_test/test_frame_30fps/normal_plant_rgb/images/intrusion_normal_rgb_0060_cctv1/intrusion_normal_rgb_0060_cctv1_t000076.jpg,,
intrusion_normal_rgb_0060_cctv1_f000086,intrusion_normal_rgb_0060_cctv1_f000076_000086_000096,normal_plant_rgb,intrusion_normal_rgb_0060_cctv1,normal_candidate,[86],[2.867],"{""start_frame"": 86, ""end_frame"": 86}","[""walk, carry/hold (an object)""]","[""normal""]",normal,1,"{""normal"": 1, ""unsafe"": 0, ""danger"": 0}","{""normal"": 1.0, ""unsafe"": 0.0, ""danger"": 0.0}",normal,normal,normal,True,False,labeling_yolo_single_frame,single_frame_gt_from_sampled_frame_label,/home/capstone2/zroact-stage2/benchmark2/data/viz_shufflenet_test/test_frame_30fps/normal_plant_rgb/images/intrusion_normal_rgb_0060_cctv1/intrusion_normal_rgb_0060_cctv1_t000086.jpg,,
intrusion_normal_rgb_0060_cctv1_f000096,intrusion_normal_rgb_0060_cctv1_f000076_000086_000096,normal_plant_rgb,intrusion_normal_rgb_0060_cctv1,normal_candidate,[96],[3.2],"{""start_frame"": 96, ""end_frame"": 96}","[""walk, stand""]","[""normal""]",normal,1,"{""normal"": 1, ""unsafe"": 0, ""danger"": 0}","{""normal"": 1.0, ""unsafe"": 0.0, ""danger"": 0.0}",normal,normal,normal,True,False,labeling_yolo_single_frame,single_frame_gt_from_sampled_frame_label,/home/capstone2/zroact-stage2/benchmark2/data/viz_shufflenet_test/test_frame_30fps/normal_plant_rgb/images/intrusion_normal_rgb_0060_cctv1/intrusion_normal_rgb_0060_cctv1_t000096.jpg,,
intrusion_normal_rgb_0060_cctv1_f000106,intrusion_normal_rgb_0060_cctv1_f000106_000116_000126,normal_plant_rgb,intrusion_normal_rgb_0060_cctv1,normal_candidate,[106],[3.533],"{""start_frame"": 106, ""end_frame"": 106}","[""walk, carry/hold (an object)""]","[""normal""]",normal,1,"{""normal"": 1, ""unsafe"": 0, ""danger"": 0}","{""normal"": 1.0, ""unsafe"": 0.0, ""danger"": 0.0}",normal,normal,normal,True,False,labeling_yolo_single_frame,single_frame_gt_from_sampled_frame_label,/home/capstone2/zroact-stage2/benchmark2/data/viz_shufflenet_test/test_frame_30fps/normal_plant_rgb/images/intrusion_normal_rgb_0060_cctv1/intrusion_normal_rgb_0060_cctv1_t000106.jpg,,
intrusion_normal_rgb_0060_cctv1_f000116,intrusion_normal_rgb_0060_cctv1_f000106_000116_000126,normal_plant_rgb,intrusion_normal_rgb_0060_cctv1,normal_candidate,[116],[3.867],"{""start_frame"": 116, ""end_frame"": 116}","[""walk, carry/hold (an object)""]","[""normal""]",normal,1,"{""normal"": 1, ""unsafe"": 0, ""danger"": 0}","{""normal"": 1.0, ""unsafe"": 0.0, ""danger"": 0.0}",normal,normal,normal,True,False,labeling_yolo_single_frame,single_frame_gt_from_sampled_frame_label,/home/capstone2/zroact-stage2/benchmark2/data/viz_shufflenet_test/test_frame_30fps/normal_plant_rgb/images/intrusion_normal_rgb_0060_cctv1/intrusion_normal_rgb_0060_cctv1_t000116.jpg,,
intrusion_normal_rgb_0060_cctv1_f000126,intrusion_normal_rgb_0060_cctv1_f000106_000116_000126,normal_plant_rgb,intrusion_normal_rgb_0060_cctv1,normal_candidate,[126],[4.2],"{""start_frame"": 126, ""end_frame"": 126}","[""walk, carry/hold (an object)""]","[""normal""]",normal,1,"{""normal"": 1, ""unsafe"": 0, ""danger"": 0}","{""normal"": 1.0, ""unsafe"": 0.0, ""danger"": 0.0}",normal,normal,normal,True,False,labeling_yolo_single_frame,single_frame_gt_from_sampled_frame_label,/home/capstone2/zroact-stage2/benchmark2/data/viz_shufflenet_test/test_frame_30fps/normal_plant_rgb/images/intrusion_normal_rgb_0060_cctv1/intrusion_normal_rgb_0060_cctv1_t000126.jpg,,
intrusion_normal_rgb_0060_cctv1_f000136,intrusion_normal_rgb_0060_cctv1_f000136_000146_000156,normal_plant_rgb,intrusion_normal_rgb_0060_cctv1,normal_candidate,[136],[4.533],"{""start_frame"": 136, ""end_frame"": 136}","[""walk, carry/hold (an object)""]","[""normal""]",normal,1,"{""normal"": 1, ""unsafe"": 0, ""danger"": 0}","{""normal"": 1.0, ""unsafe"": 0.0, ""danger"": 0.0}",normal,normal,normal,True,False,labeling_yolo_single_frame,single_frame_gt_from_sampled_frame_label,/home/capstone2/zroact-stage2/benchmark2/data/viz_shufflenet_test/test_frame_30fps/normal_plant_rgb/images/intrusion_normal_rgb_0060_cctv1/intrusion_normal_rgb_0060_cctv1_t000136.jpg,,
intrusion_normal_rgb_0060_cctv1_f000146,intrusion_normal_rgb_0060_cctv1_f000136_000146_000156,normal_plant_rgb,intrusion_normal_rgb_0060_cctv1,normal_candidate,[146],[4.867],"{""start_frame"": 146, ""end_frame"": 146}","[""walk, carry/hold (an object)""]","[""normal""]",normal,1,"{""normal"": 1, ""unsafe"": 0, ""danger"": 0}","{""normal"": 1.0, ""unsafe"": 0.0, ""danger"": 0.0}",normal,normal,normal,True,False,labeling_yolo_single_frame,single_frame_gt_from_sampled_frame_label,/home/capstone2/zroact-stage2/benchmark2/data/viz_shufflenet_test/test_frame_30fps/normal_plant_rgb/images/intrusion_normal_rgb_0060_cctv1/intrusion_normal_rgb_0060_cctv1_t000146.jpg,,
intrusion_normal_rgb_0060_cctv1_f000156,intrusion_normal_rgb_0060_cctv1_f000136_000146_000156,normal_plant_rgb,intrusion_normal_rgb_0060_cctv1,normal_candidate,[156],[5.2],"{""start_frame"": 156, ""end_frame"": 156}","[""walk, carry/hold (an object)""]","[""normal""]",normal,1,"{""normal"": 1, ""unsafe"": 0, ""danger"": 0}","{""normal"": 1.0, ""unsafe"": 0.0, ""danger"": 0.0}",normal,normal,normal,True,False,labeling_yolo_single_frame,single_frame_gt_from_sampled_frame_label,/home/capstone2/zroact-stage2/benchmark2/data/viz_shufflenet_test/test_frame_30fps/normal_plant_rgb/images/intrusion_normal_rgb_0060_cctv1/intrusion_normal_rgb_0060_cctv1_t000156.jpg,,
intrusion_normal_rgb_0088_cctv3_f000016,intrusion_normal_rgb_0088_cctv3_f000016_000026_000036,normal_plant_rgb,intrusion_normal_rgb_0088_cctv3,normal_candidate,[16],[0.533],"{""start_frame"": 16, ""end_frame"": 16}","[""walk, run/jog""]","[""unsafe""]",unsafe,1,"{""normal"": 0, ""unsafe"": 1, ""danger"": 0}","{""normal"": 0.0, ""unsafe"": 1.0, ""danger"": 0.0}",unsafe,unsafe,unsafe,True,False,labeling_yolo_single_frame,single_frame_gt_from_sampled_frame_label,/home/capstone2/zroact-stage2/benchmark2/data/viz_shufflenet_test/test_frame_30fps/normal_plant_rgb/images/intrusion_normal_rgb_0088_cctv3/intrusion_normal_rgb_0088_cctv3_t000016.jpg,,
intrusion_normal_rgb_0088_cctv3_f000026,intrusion_normal_rgb_0088_cctv3_f000016_000026_000036,normal_plant_rgb,intrusion_normal_rgb_0088_cctv3,normal_candidate,[26],[0.867],"{""start_frame"": 26, ""end_frame"": 26}","[""walk, run/jog""]","[""unsafe""]",unsafe,1,"{""normal"": 0, ""unsafe"": 1, ""danger"": 0}","{""normal"": 0.0, ""unsafe"": 1.0, ""danger"": 0.0}",unsafe,unsafe,unsafe,True,False,labeling_yolo_single_frame,single_frame_gt_from_sampled_frame_label,/home/capstone2/zroact-stage2/benchmark2/data/viz_shufflenet_test/test_frame_30fps/normal_plant_rgb/images/intrusion_normal_rgb_0088_cctv3/intrusion_normal_rgb_0088_cctv3_t000026.jpg,,
intrusion_normal_rgb_0088_cctv3_f000036,intrusion_normal_rgb_0088_cctv3_f000016_000026_000036,normal_plant_rgb,intrusion_normal_rgb_0088_cctv3,normal_candidate,[36],[1.2],"{""start_frame"": 36, ""end_frame"": 36}","[""walk, carry/hold (an object)""]","[""unsafe""]",unsafe,1,"{""normal"": 0, ""unsafe"": 1, ""danger"": 0}","{""normal"": 0.0, ""unsafe"": 1.0, ""danger"": 0.0}",unsafe,unsafe,unsafe,True,False,labeling_yolo_single_frame,single_frame_gt_from_sampled_frame_label,/home/capstone2/zroact-stage2/benchmark2/data/viz_shufflenet_test/test_frame_30fps/normal_plant_rgb/images/intrusion_normal_rgb_0088_cctv3/intrusion_normal_rgb_0088_cctv3_t000036.jpg,,
intrusion_normal_rgb_0088_cctv3_f000046,intrusion_normal_rgb_0088_cctv3_f000046_000056_000066,normal_plant_rgb,intrusion_normal_rgb_0088_cctv3,normal_candidate,[46],[1.533],"{""start_frame"": 46, ""end_frame"": 46}","[""walk, carry/hold (an object)""]","[""unsafe""]",unsafe,1,"{""normal"": 0, ""unsafe"": 1, ""danger"": 0}","{""normal"": 0.0, ""unsafe"": 1.0, ""danger"": 0.0}",unsafe,unsafe,unsafe,True,False,labeling_yolo_single_frame,single_frame_gt_from_sampled_frame_label,/home/capstone2/zroact-stage2/benchmark2/data/viz_shufflenet_test/test_frame_30fps/normal_plant_rgb/images/intrusion_normal_rgb_0088_cctv3/intrusion_normal_rgb_0088_cctv3_t000046.jpg,,
intrusion_normal_rgb_0088_cctv3_f000056,intrusion_normal_rgb_0088_cctv3_f000046_000056_000066,normal_plant_rgb,intrusion_normal_rgb_0088_cctv3,normal_candidate,[56],[1.867],"{""start_frame"": 56, ""end_frame"": 56}","[""walk, carry/hold (an object)""]","[""unsafe""]",unsafe,1,"{""normal"": 0, ""unsafe"": 1, ""danger"": 0}","{""normal"": 0.0, ""unsafe"": 1.0, ""danger"": 0.0}",unsafe,unsafe,unsafe,True,False,labeling_yolo_single_frame,single_frame_gt_from_sampled_frame_label,/home/capstone2/zroact-stage2/benchmark2/data/viz_shufflenet_test/test_frame_30fps/normal_plant_rgb/images/intrusion_normal_rgb_0088_cctv3/intrusion_normal_rgb_0088_cctv3_t000056.jpg,,
intrusion_normal_rgb_0088_cctv3_f000066,intrusion_normal_rgb_0088_cctv3_f000046_000056_000066,normal_plant_rgb,intrusion_normal_rgb_0088_cctv3,normal_candidate,[66],[2.2],"{""start_frame"": 66, ""end_frame"": 66}","[""walk, carry/hold (an object)""]","[""unsafe""]",unsafe,1,"{""normal"": 0, ""unsafe"": 1, ""danger"": 0}","{""normal"": 0.0, ""unsafe"": 1.0, ""danger"": 0.0}",unsafe,unsafe,unsafe,True,False,labeling_yolo_single_frame,single_frame_gt_from_sampled_frame_label,/home/capstone2/zroact-stage2/benchmark2/data/viz_shufflenet_test/test_frame_30fps/normal_plant_rgb/images/intrusion_normal_rgb_0088_cctv3/intrusion_normal_rgb_0088_cctv3_t000066.jpg,,
intrusion_normal_rgb_0088_cctv3_f000076,intrusion_normal_rgb_0088_cctv3_f000076_000086_000096,normal_plant_rgb,intrusion_normal_rgb_0088_cctv3,normal_candidate,[76],[2.533],"{""start_frame"": 76, ""end_frame"": 76}","[""walk, stand""]","[""unsafe""]",unsafe,1,"{""normal"": 0, ""unsafe"": 1, ""danger"": 0}","{""normal"": 0.0, ""unsafe"": 1.0, ""danger"": 0.0}",unsafe,unsafe,unsafe,True,False,labeling_yolo_single_frame,single_frame_gt_from_sampled_frame_label,/home/capstone2/zroact-stage2/benchmark2/data/viz_shufflenet_test/test_frame_30fps/normal_plant_rgb/images/intrusion_normal_rgb_0088_cctv3/intrusion_normal_rgb_0088_cctv3_t000076.jpg,,
intrusion_normal_rgb_0088_cctv3_f000086,intrusion_normal_rgb_0088_cctv3_f000076_000086_000096,normal_plant_rgb,intrusion_normal_rgb_0088_cctv3,normal_candidate,[86],[2.867],"{""start_frame"": 86, ""end_frame"": 86}","[""stand, walk""]","[""unsafe""]",unsafe,1,"{""normal"": 0, ""unsafe"": 1, ""danger"": 0}","{""normal"": 0.0, ""unsafe"": 1.0, ""danger"": 0.0}",unsafe,unsafe,unsafe,True,False,labeling_yolo_single_frame,single_frame_gt_from_sampled_frame_label,/home/capstone2/zroact-stage2/benchmark2/data/viz_shufflenet_test/test_frame_30fps/normal_plant_rgb/images/intrusion_normal_rgb_0088_cctv3/intrusion_normal_rgb_0088_cctv3_t000086.jpg,,
intrusion_normal_rgb_0088_cctv3_f000096,intrusion_normal_rgb_0088_cctv3_f000076_000086_000096,normal_plant_rgb,intrusion_normal_rgb_0088_cctv3,normal_candidate,[96],[3.2],"{""start_frame"": 96, ""end_frame"": 96}","[""stand, talk to (e.g., self, a person, a group)""]","[""unsafe""]",unsafe,1,"{""normal"": 0, ""unsafe"": 1, ""danger"": 0}","{""normal"": 0.0, ""unsafe"": 1.0, ""danger"": 0.0}",unsafe,unsafe,unsafe,True,False,labeling_yolo_single_frame,single_frame_gt_from_sampled_frame_label,/home/capstone2/zroact-stage2/benchmark2/data/viz_shufflenet_test/test_frame_30fps/normal_plant_rgb/images/intrusion_normal_rgb_0088_cctv3/intrusion_normal_rgb_0088_cctv3_t000096.jpg,,
intrusion_normal_rgb_0088_cctv3_f000106,intrusion_normal_rgb_0088_cctv3_f000106_000116_000126,normal_plant_rgb,intrusion_normal_rgb_0088_cctv3,normal_candidate,[106],[3.533],"{""start_frame"": 106, ""end_frame"": 106}","[""stand, walk""]","[""unsafe""]",unsafe,1,"{""normal"": 0, ""unsafe"": 1, ""danger"": 0}","{""normal"": 0.0, ""unsafe"": 1.0, ""danger"": 0.0}",unsafe,unsafe,unsafe,True,False,labeling_yolo_single_frame,single_frame_gt_from_sampled_frame_label,/home/capstone2/zroact-stage2/benchmark2/data/viz_shufflenet_test/test_frame_30fps/normal_plant_rgb/images/intrusion_normal_rgb_0088_cctv3/intrusion_normal_rgb_0088_cctv3_t000106.jpg,,
intrusion_normal_rgb_0088_cctv3_f000116,intrusion_normal_rgb_0088_cctv3_f000106_000116_000126,normal_plant_rgb,intrusion_normal_rgb_0088_cctv3,normal_candidate,[116],[3.867],"{""start_frame"": 116, ""end_frame"": 116}","[""walk, stand""]","[""unsafe""]",unsafe,1,"{""normal"": 0, ""unsafe"": 1, ""danger"": 0}","{""normal"": 0.0, ""unsafe"": 1.0, ""danger"": 0.0}",unsafe,unsafe,unsafe,True,False,labeling_yolo_single_frame,single_frame_gt_from_sampled_frame_label,/home/capstone2/zroact-stage2/benchmark2/data/viz_shufflenet_test/test_frame_30fps/normal_plant_rgb/images/intrusion_normal_rgb_0088_cctv3/intrusion_normal_rgb_0088_cctv3_t000116.jpg,,
intrusion_normal_rgb_0088_cctv3_f000126,intrusion_normal_rgb_0088_cctv3_f000106_000116_000126,normal_plant_rgb,intrusion_normal_rgb_0088_cctv3,normal_candidate,[126],[4.2],"{""start_frame"": 126, ""end_frame"": 126}","[""walk, carry/hold (an object)""]","[""unsafe""]",unsafe,1,"{""normal"": 0, ""unsafe"": 1, ""danger"": 0}","{""normal"": 0.0, ""unsafe"": 1.0, ""danger"": 0.0}",unsafe,unsafe,unsafe,True,False,labeling_yolo_single_frame,single_frame_gt_from_sampled_frame_label,/home/capstone2/zroact-stage2/benchmark2/data/viz_shufflenet_test/test_frame_30fps/normal_plant_rgb/images/intrusion_normal_rgb_0088_cctv3/intrusion_normal_rgb_0088_cctv3_t000126.jpg,,
intrusion_normal_rgb_0088_cctv3_f000136,intrusion_normal_rgb_0088_cctv3_f000136_000146_000156,normal_plant_rgb,intrusion_normal_rgb_0088_cctv3,normal_candidate,[136],[4.533],"{""start_frame"": 136, ""end_frame"": 136}","[""walk, carry/hold (an object)""]","[""unsafe""]",unsafe,1,"{""normal"": 0, ""unsafe"": 1, ""danger"": 0}","{""normal"": 0.0, ""unsafe"": 1.0, ""danger"": 0.0}",unsafe,unsafe,unsafe,True,False,labeling_yolo_single_frame,single_frame_gt_from_sampled_frame_label,/home/capstone2/zroact-stage2/benchmark2/data/viz_shufflenet_test/test_frame_30fps/normal_plant_rgb/images/intrusion_normal_rgb_0088_cctv3/intrusion_normal_rgb_0088_cctv3_t000136.jpg,,
intrusion_normal_rgb_0088_cctv3_f000146,intrusion_normal_rgb_0088_cctv3_f000136_000146_000156,normal_plant_rgb,intrusion_normal_rgb_0088_cctv3,normal_candidate,[146],[4.867],"{""start_frame"": 146, ""end_frame"": 146}","[""walk, carry/hold (an object)""]","[""unsafe""]",unsafe,1,"{""normal"": 0, ""unsafe"": 1, ""danger"": 0}","{""normal"": 0.0, ""unsafe"": 1.0, ""danger"": 0.0}",unsafe,unsafe,unsafe,True,False,labeling_yolo_single_frame,single_frame_gt_from_sampled_frame_label,/home/capstone2/zroact-stage2/benchmark2/data/viz_shufflenet_test/test_frame_30fps/normal_plant_rgb/images/intrusion_normal_rgb_0088_cctv3/intrusion_normal_rgb_0088_cctv3_t000146.jpg,,
intrusion_normal_rgb_0088_cctv3_f000156,intrusion_normal_rgb_0088_cctv3_f000136_000146_000156,normal_plant_rgb,intrusion_normal_rgb_0088_cctv3,normal_candidate,[156],[5.2],"{""start_frame"": 156, ""end_frame"": 156}","[""walk, carry/hold (an object)""]","[""unsafe""]",unsafe,1,"{""normal"": 0, ""unsafe"": 1, ""danger"": 0}","{""normal"": 0.0, ""unsafe"": 1.0, ""danger"": 0.0}",unsafe,unsafe,unsafe,True,False,labeling_yolo_single_frame,single_frame_gt_from_sampled_frame_label,/home/capstone2/zroact-stage2/benchmark2/data/viz_shufflenet_test/test_frame_30fps/normal_plant_rgb/images/intrusion_normal_rgb_0088_cctv3/intrusion_normal_rgb_0088_cctv3_t000156.jpg,,
intrusion_normal_rgb_0088_cctv3_f000166,intrusion_normal_rgb_0088_cctv3_f000166_000176_000186,normal_plant_rgb,intrusion_normal_rgb_0088_cctv3,normal_candidate,[166],[5.533],"{""start_frame"": 166, ""end_frame"": 166}","[""walk, carry/hold (an object)""]","[""unsafe""]",unsafe,1,"{""normal"": 0, ""unsafe"": 1, ""danger"": 0}","{""normal"": 0.0, ""unsafe"": 1.0, ""danger"": 0.0}",unsafe,unsafe,unsafe,True,False,labeling_yolo_single_frame,single_frame_gt_from_sampled_frame_label,/home/capstone2/zroact-stage2/benchmark2/data/viz_shufflenet_test/test_frame_30fps/normal_plant_rgb/images/intrusion_normal_rgb_0088_cctv3/intrusion_normal_rgb_0088_cctv3_t000166.jpg,,
intrusion_normal_rgb_0088_cctv3_f000176,intrusion_normal_rgb_0088_cctv3_f000166_000176_000186,normal_plant_rgb,intrusion_normal_rgb_0088_cctv3,normal_candidate,[176],[5.867],"{""start_frame"": 176, ""end_frame"": 176}","[""walk, carry/hold (an object)""]","[""unsafe""]",unsafe,1,"{""normal"": 0, ""unsafe"": 1, ""danger"": 0}","{""normal"": 0.0, ""unsafe"": 1.0, ""danger"": 0.0}",unsafe,unsafe,unsafe,True,False,labeling_yolo_single_frame,single_frame_gt_from_sampled_frame_label,/home/capstone2/zroact-stage2/benchmark2/data/viz_shufflenet_test/test_frame_30fps/normal_plant_rgb/images/intrusion_normal_rgb_0088_cctv3/intrusion_normal_rgb_0088_cctv3_t000176.jpg,,
intrusion_normal_rgb_0088_cctv3_f000186,intrusion_normal_rgb_0088_cctv3_f000166_000176_000186,normal_plant_rgb,intrusion_normal_rgb_0088_cctv3,normal_candidate,[186],[6.2],"{""start_frame"": 186, ""end_frame"": 186}","[""walk, carry/hold (an object)""]","[""unsafe""]",unsafe,1,"{""normal"": 0, ""unsafe"": 1, ""danger"": 0}","{""normal"": 0.0, ""unsafe"": 1.0, ""danger"": 0.0}",unsafe,unsafe,unsafe,True,False,labeling_yolo_single_frame,single_frame_gt_from_sampled_frame_label,/home/capstone2/zroact-stage2/benchmark2/data/viz_shufflenet_test/test_frame_30fps/normal_plant_rgb/images/intrusion_normal_rgb_0088_cctv3/intrusion_normal_rgb_0088_cctv3_t000186.jpg,,
intrusion_normal_rgb_0088_cctv3_f000196,intrusion_normal_rgb_0088_cctv3_f000196_000206_000216,normal_plant_rgb,intrusion_normal_rgb_0088_cctv3,normal_candidate,[196],[6.533],"{""start_frame"": 196, ""end_frame"": 196}","[""walk, carry/hold (an object)""]","[""unsafe""]",unsafe,1,"{""normal"": 0, ""unsafe"": 1, ""danger"": 0}","{""normal"": 0.0, ""unsafe"": 1.0, ""danger"": 0.0}",unsafe,unsafe,unsafe,True,False,labeling_yolo_single_frame,single_frame_gt_from_sampled_frame_label,/home/capstone2/zroact-stage2/benchmark2/data/viz_shufflenet_test/test_frame_30fps/normal_plant_rgb/images/intrusion_normal_rgb_0088_cctv3/intrusion_normal_rgb_0088_cctv3_t000196.jpg,,
intrusion_normal_rgb_0088_cctv3_f000206,intrusion_normal_rgb_0088_cctv3_f000196_000206_000216,normal_plant_rgb,intrusion_normal_rgb_0088_cctv3,normal_candidate,[206],[6.867],"{""start_frame"": 206, ""end_frame"": 206}","[""walk, carry/hold (an object)""]","[""normal""]",normal,1,"{""normal"": 1, ""unsafe"": 0, ""danger"": 0}","{""normal"": 1.0, ""unsafe"": 0.0, ""danger"": 0.0}",normal,normal,normal,True,False,labeling_yolo_single_frame,single_frame_gt_from_sampled_frame_label,/home/capstone2/zroact-stage2/benchmark2/data/viz_shufflenet_test/test_frame_30fps/normal_plant_rgb/images/intrusion_normal_rgb_0088_cctv3/intrusion_normal_rgb_0088_cctv3_t000206.jpg,,
intrusion_normal_rgb_0088_cctv3_f000216,intrusion_normal_rgb_0088_cctv3_f000196_000206_000216,normal_plant_rgb,intrusion_normal_rgb_0088_cctv3,normal_candidate,[216],[7.2],"{""start_frame"": 216, ""end_frame"": 216}","[""walk, carry/hold (an object)""]","[""normal""]",normal,1,"{""normal"": 1, ""unsafe"": 0, ""danger"": 0}","{""normal"": 1.0, ""unsafe"": 0.0, ""danger"": 0.0}",normal,normal,normal,True,False,labeling_yolo_single_frame,single_frame_gt_from_sampled_frame_label,/home/capstone2/zroact-stage2/benchmark2/data/viz_shufflenet_test/test_frame_30fps/normal_plant_rgb/images/intrusion_normal_rgb_0088_cctv3/intrusion_normal_rgb_0088_cctv3_t000216.jpg,,
intrusion_normal_rgb_0088_cctv3_f000226,intrusion_normal_rgb_0088_cctv3_f000226_000236_000246,normal_plant_rgb,intrusion_normal_rgb_0088_cctv3,normal_candidate,[226],[7.533],"{""start_frame"": 226, ""end_frame"": 226}","[""walk, carry/hold (an object)""]","[""normal""]",normal,1,"{""normal"": 1, ""unsafe"": 0, ""danger"": 0}","{""normal"": 1.0, ""unsafe"": 0.0, ""danger"": 0.0}",normal,normal,normal,True,False,labeling_yolo_single_frame,single_frame_gt_from_sampled_frame_label,/home/capstone2/zroact-stage2/benchmark2/data/viz_shufflenet_test/test_frame_30fps/normal_plant_rgb/images/intrusion_normal_rgb_0088_cctv3/intrusion_normal_rgb_0088_cctv3_t000226.jpg,,
intrusion_normal_rgb_0088_cctv3_f000236,intrusion_normal_rgb_0088_cctv3_f000226_000236_000246,normal_plant_rgb,intrusion_normal_rgb_0088_cctv3,normal_candidate,[236],[7.867],"{""start_frame"": 236, ""end_frame"": 236}","[""walk, carry/hold (an object)""]","[""normal""]",normal,1,"{""normal"": 1, ""unsafe"": 0, ""danger"": 0}","{""normal"": 1.0, ""unsafe"": 0.0, ""danger"": 0.0}",normal,normal,normal,True,False,labeling_yolo_single_frame,single_frame_gt_from_sampled_frame_label,/home/capstone2/zroact-stage2/benchmark2/data/viz_shufflenet_test/test_frame_30fps/normal_plant_rgb/images/intrusion_normal_rgb_0088_cctv3/intrusion_normal_rgb_0088_cctv3_t000236.jpg,,
intrusion_normal_rgb_0088_cctv3_f000246,intrusion_normal_rgb_0088_cctv3_f000226_000236_000246,normal_plant_rgb,intrusion_normal_rgb_0088_cctv3,normal_candidate,[246],[8.2],"{""start_frame"": 246, ""end_frame"": 246}","[""run/jog, walk""]","[""normal""]",normal,1,"{""normal"": 1, ""unsafe"": 0, ""danger"": 0}","{""normal"": 1.0, ""unsafe"": 0.0, ""danger"": 0.0}",normal,normal,normal,True,False,labeling_yolo_single_frame,single_frame_gt_from_sampled_frame_label,/home/capstone2/zroact-stage2/benchmark2/data/viz_shufflenet_test/test_frame_30fps/normal_plant_rgb/images/intrusion_normal_rgb_0088_cctv3/intrusion_normal_rgb_0088_cctv3_t000246.jpg,,
intrusion_normal_rgb_0088_cctv3_f000256,intrusion_normal_rgb_0088_cctv3_f000256_000266_000276,normal_plant_rgb,intrusion_normal_rgb_0088_cctv3,normal_candidate,[256],[8.533],"{""start_frame"": 256, ""end_frame"": 256}","[""walk, run/jog""]","[""normal""]",normal,1,"{""normal"": 1, ""unsafe"": 0, ""danger"": 0}","{""normal"": 1.0, ""unsafe"": 0.0, ""danger"": 0.0}",normal,normal,normal,True,False,labeling_yolo_single_frame,single_frame_gt_from_sampled_frame_label,/home/capstone2/zroact-stage2/benchmark2/data/viz_shufflenet_test/test_frame_30fps/normal_plant_rgb/images/intrusion_normal_rgb_0088_cctv3/intrusion_normal_rgb_0088_cctv3_t000256.jpg,,
intrusion_normal_rgb_0088_cctv3_f000266,intrusion_normal_rgb_0088_cctv3_f000256_000266_000276,normal_plant_rgb,intrusion_normal_rgb_0088_cctv3,normal_candidate,[266],[8.867],"{""start_frame"": 266, ""end_frame"": 266}","[""walk, carry/hold (an object)""]","[""normal""]",normal,1,"{""normal"": 1, ""unsafe"": 0, ""danger"": 0}","{""normal"": 1.0, ""unsafe"": 0.0, ""danger"": 0.0}",normal,normal,normal,True,False,labeling_yolo_single_frame,single_frame_gt_from_sampled_frame_label,/home/capstone2/zroact-stage2/benchmark2/data/viz_shufflenet_test/test_frame_30fps/normal_plant_rgb/images/intrusion_normal_rgb_0088_cctv3/intrusion_normal_rgb_0088_cctv3_t000266.jpg,,
intrusion_normal_rgb_0088_cctv3_f000276,intrusion_normal_rgb_0088_cctv3_f000256_000266_000276,normal_plant_rgb,intrusion_normal_rgb_0088_cctv3,normal_candidate,[276],[9.2],"{""start_frame"": 276, ""end_frame"": 276}","[""walk, carry/hold (an object)""]","[""normal""]",normal,1,"{""normal"": 1, ""unsafe"": 0, ""danger"": 0}","{""normal"": 1.0, ""unsafe"": 0.0, ""danger"": 0.0}",normal,normal,normal,True,False,labeling_yolo_single_frame,single_frame_gt_from_sampled_frame_label,/home/capstone2/zroact-stage2/benchmark2/data/viz_shufflenet_test/test_frame_30fps/normal_plant_rgb/images/intrusion_normal_rgb_0088_cctv3/intrusion_normal_rgb_0088_cctv3_t000276.jpg,,
intrusion_normal_rgb_0088_cctv3_f000286,intrusion_normal_rgb_0088_cctv3_f000286_000296_000306,normal_plant_rgb,intrusion_normal_rgb_0088_cctv3,normal_candidate,[286],[9.533],"{""start_frame"": 286, ""end_frame"": 286}","[""walk, carry/hold (an object)""]","[""normal""]",normal,1,"{""normal"": 1, ""unsafe"": 0, ""danger"": 0}","{""normal"": 1.0, ""unsafe"": 0.0, ""danger"": 0.0}",normal,normal,normal,True,False,labeling_yolo_single_frame,single_frame_gt_from_sampled_frame_label,/home/capstone2/zroact-stage2/benchmark2/data/viz_shufflenet_test/test_frame_30fps/normal_plant_rgb/images/intrusion_normal_rgb_0088_cctv3/intrusion_normal_rgb_0088_cctv3_t000286.jpg,,
intrusion_normal_rgb_0088_cctv3_f000296,intrusion_normal_rgb_0088_cctv3_f000286_000296_000306,normal_plant_rgb,intrusion_normal_rgb_0088_cctv3,normal_candidate,[296],[9.867],"{""start_frame"": 296, ""end_frame"": 296}","[""walk, carry/hold (an object)""]","[""normal""]",normal,1,"{""normal"": 1, ""unsafe"": 0, ""danger"": 0}","{""normal"": 1.0, ""unsafe"": 0.0, ""danger"": 0.0}",normal,normal,normal,True,False,labeling_yolo_single_frame,single_frame_gt_from_sampled_frame_label,/home/capstone2/zroact-stage2/benchmark2/data/viz_shufflenet_test/test_frame_30fps/normal_plant_rgb/images/intrusion_normal_rgb_0088_cctv3/intrusion_normal_rgb_0088_cctv3_t000296.jpg,,
intrusion_normal_rgb_0088_cctv3_f000306,intrusion_normal_rgb_0088_cctv3_f000286_000296_000306,normal_plant_rgb,intrusion_normal_rgb_0088_cctv3,normal_candidate,[306],[10.2],"{""start_frame"": 306, ""end_frame"": 306}","[""walk, carry/hold (an object)""]","[""normal""]",normal,1,"{""normal"": 1, ""unsafe"": 0, ""danger"": 0}","{""normal"": 1.0, ""unsafe"": 0.0, ""danger"": 0.0}",normal,normal,normal,True,False,labeling_yolo_single_frame,single_frame_gt_from_sampled_frame_label,/home/capstone2/zroact-stage2/benchmark2/data/viz_shufflenet_test/test_frame_30fps/normal_plant_rgb/images/intrusion_normal_rgb_0088_cctv3/intrusion_normal_rgb_0088_cctv3_t000306.jpg,,
intrusion_normal_rgb_0088_cctv3_f000316,intrusion_normal_rgb_0088_cctv3_f000316_000326_000336,normal_plant_rgb,intrusion_normal_rgb_0088_cctv3,normal_candidate,[316],[10.533],"{""start_frame"": 316, ""end_frame"": 316}","[""walk, carry/hold (an object)""]","[""normal""]",normal,1,"{""normal"": 1, ""unsafe"": 0, ""danger"": 0}","{""normal"": 1.0, ""unsafe"": 0.0, ""danger"": 0.0}",normal,normal,normal,True,False,labeling_yolo_single_frame,single_frame_gt_from_sampled_frame_label,/home/capstone2/zroact-stage2/benchmark2/data/viz_shufflenet_test/test_frame_30fps/normal_plant_rgb/images/intrusion_normal_rgb_0088_cctv3/intrusion_normal_rgb_0088_cctv3_t000316.jpg,,
intrusion_normal_rgb_0088_cctv3_f000326,intrusion_normal_rgb_0088_cctv3_f000316_000326_000336,normal_plant_rgb,intrusion_normal_rgb_0088_cctv3,normal_candidate,[326],[10.867],"{""start_frame"": 326, ""end_frame"": 326}","[""walk""]","[""unsafe""]",unsafe,1,"{""normal"": 0, ""unsafe"": 1, ""danger"": 0}","{""normal"": 0.0, ""unsafe"": 1.0, ""danger"": 0.0}",unsafe,unsafe,unsafe,True,False,labeling_yolo_single_frame,single_frame_gt_from_sampled_frame_label,/home/capstone2/zroact-stage2/benchmark2/data/viz_shufflenet_test/test_frame_30fps/normal_plant_rgb/images/intrusion_normal_rgb_0088_cctv3/intrusion_normal_rgb_0088_cctv3_t000326.jpg,,
intrusion_normal_rgb_0088_cctv3_f000336,intrusion_normal_rgb_0088_cctv3_f000316_000326_000336,normal_plant_rgb,intrusion_normal_rgb_0088_cctv3,normal_candidate,[336],[11.2],"{""start_frame"": 336, ""end_frame"": 336}","[""walk""]","[""unsafe""]",unsafe,1,"{""normal"": 0, ""unsafe"": 1, ""danger"": 0}","{""normal"": 0.0, ""unsafe"": 1.0, ""danger"": 0.0}",unsafe,unsafe,unsafe,True,False,labeling_yolo_single_frame,single_frame_gt_from_sampled_frame_label,/home/capstone2/zroact-stage2/benchmark2/data/viz_shufflenet_test/test_frame_30fps/normal_plant_rgb/images/intrusion_normal_rgb_0088_cctv3/intrusion_normal_rgb_0088_cctv3_t000336.jpg,,
intrusion_normal_rgb_0088_cctv3_f000346,intrusion_normal_rgb_0088_cctv3_f000346_000356_000366,normal_plant_rgb,intrusion_normal_rgb_0088_cctv3,normal_candidate,[346],[11.533],"{""start_frame"": 346, ""end_frame"": 346}","[""walk, carry/hold (an object)""]","[""unsafe""]",unsafe,1,"{""normal"": 0, ""unsafe"": 1, ""danger"": 0}","{""normal"": 0.0, ""unsafe"": 1.0, ""danger"": 0.0}",unsafe,unsafe,unsafe,True,False,labeling_yolo_single_frame,single_frame_gt_from_sampled_frame_label,/home/capstone2/zroact-stage2/benchmark2/data/viz_shufflenet_test/test_frame_30fps/normal_plant_rgb/images/intrusion_normal_rgb_0088_cctv3/intrusion_normal_rgb_0088_cctv3_t000346.jpg,,
intrusion_normal_rgb_0088_cctv3_f000356,intrusion_normal_rgb_0088_cctv3_f000346_000356_000366,normal_plant_rgb,intrusion_normal_rgb_0088_cctv3,normal_candidate,[356],[11.867],"{""start_frame"": 356, ""end_frame"": 356}","[""walk, stand""]","[""unsafe""]",unsafe,1,"{""normal"": 0, ""unsafe"": 1, ""danger"": 0}","{""normal"": 0.0, ""unsafe"": 1.0, ""danger"": 0.0}",unsafe,unsafe,unsafe,True,False,labeling_yolo_single_frame,single_frame_gt_from_sampled_frame_label,/home/capstone2/zroact-stage2/benchmark2/data/viz_shufflenet_test/test_frame_30fps/normal_plant_rgb/images/intrusion_normal_rgb_0088_cctv3/intrusion_normal_rgb_0088_cctv3_t000356.jpg,,
intrusion_normal_rgb_0088_cctv3_f000366,intrusion_normal_rgb_0088_cctv3_f000346_000356_000366,normal_plant_rgb,intrusion_normal_rgb_0088_cctv3,normal_candidate,[366],[12.2],"{""start_frame"": 366, ""end_frame"": 366}","[""stand, walk""]","[""unsafe""]",unsafe,1,"{""normal"": 0, ""unsafe"": 1, ""danger"": 0}","{""normal"": 0.0, ""unsafe"": 1.0, ""danger"": 0.0}",unsafe,unsafe,unsafe,True,False,labeling_yolo_single_frame,single_frame_gt_from_sampled_frame_label,/home/capstone2/zroact-stage2/benchmark2/data/viz_shufflenet_test/test_frame_30fps/normal_plant_rgb/images/intrusion_normal_rgb_0088_cctv3/intrusion_normal_rgb_0088_cctv3_t000366.jpg,,
intrusion_normal_rgb_0088_cctv3_f000376,intrusion_normal_rgb_0088_cctv3_f000376_000386_000396,normal_plant_rgb,intrusion_normal_rgb_0088_cctv3,normal_candidate,[376],[12.533],"{""start_frame"": 376, ""end_frame"": 376}","[""walk, stand""]","[""normal""]",normal,1,"{""normal"": 1, ""unsafe"": 0, ""danger"": 0}","{""normal"": 1.0, ""unsafe"": 0.0, ""danger"": 0.0}",normal,normal,normal,True,False,labeling_yolo_single_frame,single_frame_gt_from_sampled_frame_label,/home/capstone2/zroact-stage2/benchmark2/data/viz_shufflenet_test/test_frame_30fps/normal_plant_rgb/images/intrusion_normal_rgb_0088_cctv3/intrusion_normal_rgb_0088_cctv3_t000376.jpg,,
intrusion_normal_rgb_0088_cctv3_f000386,intrusion_normal_rgb_0088_cctv3_f000376_000386_000396,normal_plant_rgb,intrusion_normal_rgb_0088_cctv3,normal_candidate,[386],[12.867],"{""start_frame"": 386, ""end_frame"": 386}","[""walk, stand""]","[""normal""]",normal,1,"{""normal"": 1, ""unsafe"": 0, ""danger"": 0}","{""normal"": 1.0, ""unsafe"": 0.0, ""danger"": 0.0}",normal,normal,normal,True,False,labeling_yolo_single_frame,single_frame_gt_from_sampled_frame_label,/home/capstone2/zroact-stage2/benchmark2/data/viz_shufflenet_test/test_frame_30fps/normal_plant_rgb/images/intrusion_normal_rgb_0088_cctv3/intrusion_normal_rgb_0088_cctv3_t000386.jpg,,
intrusion_normal_rgb_0088_cctv3_f000396,intrusion_normal_rgb_0088_cctv3_f000376_000386_000396,normal_plant_rgb,intrusion_normal_rgb_0088_cctv3,normal_candidate,[396],[13.2],"{""start_frame"": 396, ""end_frame"": 396}","[""stand, walk""]","[""normal""]",normal,1,"{""normal"": 1, ""unsafe"": 0, ""danger"": 0}","{""normal"": 1.0, ""unsafe"": 0.0, ""danger"": 0.0}",normal,normal,normal,True,False,labeling_yolo_single_frame,single_frame_gt_from_sampled_frame_label,/home/capstone2/zroact-stage2/benchmark2/data/viz_shufflenet_test/test_frame_30fps/normal_plant_rgb/images/intrusion_normal_rgb_0088_cctv3/intrusion_normal_rgb_0088_cctv3_t000396.jpg,,
intrusion_normal_rgb_0088_cctv3_f000406,intrusion_normal_rgb_0088_cctv3_f000406_000416_000426,normal_plant_rgb,intrusion_normal_rgb_0088_cctv3,normal_candidate,[406],[13.533],"{""start_frame"": 406, ""end_frame"": 406}","[""walk, stand""]","[""normal""]",normal,1,"{""normal"": 1, ""unsafe"": 0, ""danger"": 0}","{""normal"": 1.0, ""unsafe"": 0.0, ""danger"": 0.0}",normal,normal,normal,True,False,labeling_yolo_single_frame,single_frame_gt_from_sampled_frame_label,/home/capstone2/zroact-stage2/benchmark2/data/viz_shufflenet_test/test_frame_30fps/normal_plant_rgb/images/intrusion_normal_rgb_0088_cctv3/intrusion_normal_rgb_0088_cctv3_t000406.jpg,,
intrusion_normal_rgb_0088_cctv3_f000416,intrusion_normal_rgb_0088_cctv3_f000406_000416_000426,normal_plant_rgb,intrusion_normal_rgb_0088_cctv3,normal_candidate,[416],[13.867],"{""start_frame"": 416, ""end_frame"": 416}","[""walk, carry/hold (an object)""]","[""normal""]",normal,1,"{""normal"": 1, ""unsafe"": 0, ""danger"": 0}","{""normal"": 1.0, ""unsafe"": 0.0, ""danger"": 0.0}",normal,normal,normal,True,False,labeling_yolo_single_frame,single_frame_gt_from_sampled_frame_label,/home/capstone2/zroact-stage2/benchmark2/data/viz_shufflenet_test/test_frame_30fps/normal_plant_rgb/images/intrusion_normal_rgb_0088_cctv3/intrusion_normal_rgb_0088_cctv3_t000416.jpg,,
intrusion_normal_rgb_0088_cctv3_f000426,intrusion_normal_rgb_0088_cctv3_f000406_000416_000426,normal_plant_rgb,intrusion_normal_rgb_0088_cctv3,normal_candidate,[426],[14.2],"{""start_frame"": 426, ""end_frame"": 426}","[""walk""]","[""normal""]",normal,1,"{""normal"": 1, ""unsafe"": 0, ""danger"": 0}","{""normal"": 1.0, ""unsafe"": 0.0, ""danger"": 0.0}",normal,normal,normal,True,False,labeling_yolo_single_frame,single_frame_gt_from_sampled_frame_label,/home/capstone2/zroact-stage2/benchmark2/data/viz_shufflenet_test/test_frame_30fps/normal_plant_rgb/images/intrusion_normal_rgb_0088_cctv3/intrusion_normal_rgb_0088_cctv3_t000426.jpg,,
intrusion_normal_rgb_0091_cctv3_f000016,intrusion_normal_rgb_0091_cctv3_f000016_000026_000036,normal_plant_rgb,intrusion_normal_rgb_0091_cctv3,normal_candidate,[16],[0.533],"{""start_frame"": 16, ""end_frame"": 16}","[""walk, carry/hold (an object)""]","[""normal""]",normal,1,"{""normal"": 1, ""unsafe"": 0, ""danger"": 0}","{""normal"": 1.0, ""unsafe"": 0.0, ""danger"": 0.0}",normal,normal,normal,True,False,labeling_yolo_single_frame,single_frame_gt_from_sampled_frame_label,/home/capstone2/zroact-stage2/benchmark2/data/viz_shufflenet_test/test_frame_30fps/normal_plant_rgb/images/intrusion_normal_rgb_0091_cctv3/intrusion_normal_rgb_0091_cctv3_t000016.jpg,,
intrusion_normal_rgb_0091_cctv3_f000026,intrusion_normal_rgb_0091_cctv3_f000016_000026_000036,normal_plant_rgb,intrusion_normal_rgb_0091_cctv3,normal_candidate,[26],[0.867],"{""start_frame"": 26, ""end_frame"": 26}","[""walk, carry/hold (an object)""]","[""normal""]",normal,1,"{""normal"": 1, ""unsafe"": 0, ""danger"": 0}","{""normal"": 1.0, ""unsafe"": 0.0, ""danger"": 0.0}",normal,normal,normal,True,False,labeling_yolo_single_frame,single_frame_gt_from_sampled_frame_label,/home/capstone2/zroact-stage2/benchmark2/data/viz_shufflenet_test/test_frame_30fps/normal_plant_rgb/images/intrusion_normal_rgb_0091_cctv3/intrusion_normal_rgb_0091_cctv3_t000026.jpg,,
intrusion_normal_rgb_0091_cctv3_f000036,intrusion_normal_rgb_0091_cctv3_f000016_000026_000036,normal_plant_rgb,intrusion_normal_rgb_0091_cctv3,normal_candidate,[36],[1.2],"{""start_frame"": 36, ""end_frame"": 36}","[""walk, carry/hold (an object)""]","[""normal""]",normal,1,"{""normal"": 1, ""unsafe"": 0, ""danger"": 0}","{""normal"": 1.0, ""unsafe"": 0.0, ""danger"": 0.0}",normal,normal,normal,True,False,labeling_yolo_single_frame,single_frame_gt_from_sampled_frame_label,/home/capstone2/zroact-stage2/benchmark2/data/viz_shufflenet_test/test_frame_30fps/normal_plant_rgb/images/intrusion_normal_rgb_0091_cctv3/intrusion_normal_rgb_0091_cctv3_t000036.jpg,,
intrusion_normal_rgb_0091_cctv3_f000046,intrusion_normal_rgb_0091_cctv3_f000046_000056_000066,normal_plant_rgb,intrusion_normal_rgb_0091_cctv3,normal_candidate,[46],[1.533],"{""start_frame"": 46, ""end_frame"": 46}","[""walk, carry/hold (an object)""]","[""normal""]",normal,1,"{""normal"": 1, ""unsafe"": 0, ""danger"": 0}","{""normal"": 1.0, ""unsafe"": 0.0, ""danger"": 0.0}",normal,normal,normal,True,False,labeling_yolo_single_frame,single_frame_gt_from_sampled_frame_label,/home/capstone2/zroact-stage2/benchmark2/data/viz_shufflenet_test/test_frame_30fps/normal_plant_rgb/images/intrusion_normal_rgb_0091_cctv3/intrusion_normal_rgb_0091_cctv3_t000046.jpg,,
intrusion_normal_rgb_0091_cctv3_f000056,intrusion_normal_rgb_0091_cctv3_f000046_000056_000066,normal_plant_rgb,intrusion_normal_rgb_0091_cctv3,normal_candidate,[56],[1.867],"{""start_frame"": 56, ""end_frame"": 56}","[""walk, carry/hold (an object)""]","[""normal""]",normal,1,"{""normal"": 1, ""unsafe"": 0, ""danger"": 0}","{""normal"": 1.0, ""unsafe"": 0.0, ""danger"": 0.0}",normal,normal,normal,True,False,labeling_yolo_single_frame,single_frame_gt_from_sampled_frame_label,/home/capstone2/zroact-stage2/benchmark2/data/viz_shufflenet_test/test_frame_30fps/normal_plant_rgb/images/intrusion_normal_rgb_0091_cctv3/intrusion_normal_rgb_0091_cctv3_t000056.jpg,,
intrusion_normal_rgb_0091_cctv3_f000066,intrusion_normal_rgb_0091_cctv3_f000046_000056_000066,normal_plant_rgb,intrusion_normal_rgb_0091_cctv3,normal_candidate,[66],[2.2],"{""start_frame"": 66, ""end_frame"": 66}","[""walk, carry/hold (an object)""]","[""normal""]",normal,1,"{""normal"": 1, ""unsafe"": 0, ""danger"": 0}","{""normal"": 1.0, ""unsafe"": 0.0, ""danger"": 0.0}",normal,normal,normal,True,False,labeling_yolo_single_frame,single_frame_gt_from_sampled_frame_label,/home/capstone2/zroact-stage2/benchmark2/data/viz_shufflenet_test/test_frame_30fps/normal_plant_rgb/images/intrusion_normal_rgb_0091_cctv3/intrusion_normal_rgb_0091_cctv3_t000066.jpg,,
intrusion_normal_rgb_0091_cctv3_f000076,intrusion_normal_rgb_0091_cctv3_f000076_000086_000096,normal_plant_rgb,intrusion_normal_rgb_0091_cctv3,normal_candidate,[76],[2.533],"{""start_frame"": 76, ""end_frame"": 76}","[""walk, carry/hold (an object)""]","[""normal""]",normal,1,"{""normal"": 1, ""unsafe"": 0, ""danger"": 0}","{""normal"": 1.0, ""unsafe"": 0.0, ""danger"": 0.0}",normal,normal,normal,True,False,labeling_yolo_single_frame,single_frame_gt_from_sampled_frame_label,/home/capstone2/zroact-stage2/benchmark2/data/viz_shufflenet_test/test_frame_30fps/normal_plant_rgb/images/intrusion_normal_rgb_0091_cctv3/intrusion_normal_rgb_0091_cctv3_t000076.jpg,,
intrusion_normal_rgb_0091_cctv3_f000086,intrusion_normal_rgb_0091_cctv3_f000076_000086_000096,normal_plant_rgb,intrusion_normal_rgb_0091_cctv3,normal_candidate,[86],[2.867],"{""start_frame"": 86, ""end_frame"": 86}","[""walk, carry/hold (an object)""]","[""normal""]",normal,1,"{""normal"": 1, ""unsafe"": 0, ""danger"": 0}","{""normal"": 1.0, ""unsafe"": 0.0, ""danger"": 0.0}",normal,normal,normal,True,False,labeling_yolo_single_frame,single_frame_gt_from_sampled_frame_label,/home/capstone2/zroact-stage2/benchmark2/data/viz_shufflenet_test/test_frame_30fps/normal_plant_rgb/images/intrusion_normal_rgb_0091_cctv3/intrusion_normal_rgb_0091_cctv3_t000086.jpg,,
intrusion_normal_rgb_0091_cctv3_f000096,intrusion_normal_rgb_0091_cctv3_f000076_000086_000096,normal_plant_rgb,intrusion_normal_rgb_0091_cctv3,normal_candidate,[96],[3.2],"{""start_frame"": 96, ""end_frame"": 96}","[""walk, carry/hold (an object)""]","[""normal""]",normal,1,"{""normal"": 1, ""unsafe"": 0, ""danger"": 0}","{""normal"": 1.0, ""unsafe"": 0.0, ""danger"": 0.0}",normal,normal,normal,True,False,labeling_yolo_single_frame,single_frame_gt_from_sampled_frame_label,/home/capstone2/zroact-stage2/benchmark2/data/viz_shufflenet_test/test_frame_30fps/normal_plant_rgb/images/intrusion_normal_rgb_0091_cctv3/intrusion_normal_rgb_0091_cctv3_t000096.jpg,,
intrusion_normal_rgb_0091_cctv3_f000106,intrusion_normal_rgb_0091_cctv3_f000106_000116_000126,normal_plant_rgb,intrusion_normal_rgb_0091_cctv3,normal_candidate,[106],[3.533],"{""start_frame"": 106, ""end_frame"": 106}","[""walk, carry/hold (an object)""]","[""normal""]",normal,1,"{""normal"": 1, ""unsafe"": 0, ""danger"": 0}","{""normal"": 1.0, ""unsafe"": 0.0, ""danger"": 0.0}",normal,normal,normal,True,False,labeling_yolo_single_frame,single_frame_gt_from_sampled_frame_label,/home/capstone2/zroact-stage2/benchmark2/data/viz_shufflenet_test/test_frame_30fps/normal_plant_rgb/images/intrusion_normal_rgb_0091_cctv3/intrusion_normal_rgb_0091_cctv3_t000106.jpg,,
intrusion_normal_rgb_0091_cctv3_f000116,intrusion_normal_rgb_0091_cctv3_f000106_000116_000126,normal_plant_rgb,intrusion_normal_rgb_0091_cctv3,normal_candidate,[116],[3.867],"{""start_frame"": 116, ""end_frame"": 116}","[""walk, carry/hold (an object)""]","[""normal""]",normal,1,"{""normal"": 1, ""unsafe"": 0, ""danger"": 0}","{""normal"": 1.0, ""unsafe"": 0.0, ""danger"": 0.0}",normal,normal,normal,True,False,labeling_yolo_single_frame,single_frame_gt_from_sampled_frame_label,/home/capstone2/zroact-stage2/benchmark2/data/viz_shufflenet_test/test_frame_30fps/normal_plant_rgb/images/intrusion_normal_rgb_0091_cctv3/intrusion_normal_rgb_0091_cctv3_t000116.jpg,,
intrusion_normal_rgb_0091_cctv3_f000126,intrusion_normal_rgb_0091_cctv3_f000106_000116_000126,normal_plant_rgb,intrusion_normal_rgb_0091_cctv3,normal_candidate,[126],[4.2],"{""start_frame"": 126, ""end_frame"": 126}","[""walk, carry/hold (an object)""]","[""normal""]",normal,1,"{""normal"": 1, ""unsafe"": 0, ""danger"": 0}","{""normal"": 1.0, ""unsafe"": 0.0, ""danger"": 0.0}",normal,normal,normal,True,False,labeling_yolo_single_frame,single_frame_gt_from_sampled_frame_label,/home/capstone2/zroact-stage2/benchmark2/data/viz_shufflenet_test/test_frame_30fps/normal_plant_rgb/images/intrusion_normal_rgb_0091_cctv3/intrusion_normal_rgb_0091_cctv3_t000126.jpg,,
intrusion_normal_rgb_0091_cctv3_f000136,intrusion_normal_rgb_0091_cctv3_f000136_000146_000156,normal_plant_rgb,intrusion_normal_rgb_0091_cctv3,normal_candidate,[136],[4.533],"{""start_frame"": 136, ""end_frame"": 136}","[""walk, carry/hold (an object)""]","[""normal""]",normal,1,"{""normal"": 1, ""unsafe"": 0, ""danger"": 0}","{""normal"": 1.0, ""unsafe"": 0.0, ""danger"": 0.0}",normal,normal,normal,True,False,labeling_yolo_single_frame,single_frame_gt_from_sampled_frame_label,/home/capstone2/zroact-stage2/benchmark2/data/viz_shufflenet_test/test_frame_30fps/normal_plant_rgb/images/intrusion_normal_rgb_0091_cctv3/intrusion_normal_rgb_0091_cctv3_t000136.jpg,,
intrusion_normal_rgb_0091_cctv3_f000146,intrusion_normal_rgb_0091_cctv3_f000136_000146_000156,normal_plant_rgb,intrusion_normal_rgb_0091_cctv3,normal_candidate,[146],[4.867],"{""start_frame"": 146, ""end_frame"": 146}","[""walk, carry/hold (an object)""]","[""normal""]",normal,1,"{""normal"": 1, ""unsafe"": 0, ""danger"": 0}","{""normal"": 1.0, ""unsafe"": 0.0, ""danger"": 0.0}",normal,normal,normal,True,False,labeling_yolo_single_frame,single_frame_gt_from_sampled_frame_label,/home/capstone2/zroact-stage2/benchmark2/data/viz_shufflenet_test/test_frame_30fps/normal_plant_rgb/images/intrusion_normal_rgb_0091_cctv3/intrusion_normal_rgb_0091_cctv3_t000146.jpg,,
intrusion_normal_rgb_0091_cctv3_f000156,intrusion_normal_rgb_0091_cctv3_f000136_000146_000156,normal_plant_rgb,intrusion_normal_rgb_0091_cctv3,normal_candidate,[156],[5.2],"{""start_frame"": 156, ""end_frame"": 156}","[""walk, carry/hold (an object)""]","[""normal""]",normal,1,"{""normal"": 1, ""unsafe"": 0, ""danger"": 0}","{""normal"": 1.0, ""unsafe"": 0.0, ""danger"": 0.0}",normal,normal,normal,True,False,labeling_yolo_single_frame,single_frame_gt_from_sampled_frame_label,/home/capstone2/zroact-stage2/benchmark2/data/viz_shufflenet_test/test_frame_30fps/normal_plant_rgb/images/intrusion_normal_rgb_0091_cctv3/intrusion_normal_rgb_0091_cctv3_t000156.jpg,,
intrusion_normal_rgb_0091_cctv3_f000166,intrusion_normal_rgb_0091_cctv3_f000166_000176_000186,normal_plant_rgb,intrusion_normal_rgb_0091_cctv3,normal_candidate,[166],[5.533],"{""start_frame"": 166, ""end_frame"": 166}","[""walk, carry/hold (an object)""]","[""normal""]",normal,1,"{""normal"": 1, ""unsafe"": 0, ""danger"": 0}","{""normal"": 1.0, ""unsafe"": 0.0, ""danger"": 0.0}",normal,normal,normal,True,False,labeling_yolo_single_frame,single_frame_gt_from_sampled_frame_label,/home/capstone2/zroact-stage2/benchmark2/data/viz_shufflenet_test/test_frame_30fps/normal_plant_rgb/images/intrusion_normal_rgb_0091_cctv3/intrusion_normal_rgb_0091_cctv3_t000166.jpg,,
intrusion_normal_rgb_0091_cctv3_f000176,intrusion_normal_rgb_0091_cctv3_f000166_000176_000186,normal_plant_rgb,intrusion_normal_rgb_0091_cctv3,normal_candidate,[176],[5.867],"{""start_frame"": 176, ""end_frame"": 176}","[""walk, carry/hold (an object)""]","[""normal""]",normal,1,"{""normal"": 1, ""unsafe"": 0, ""danger"": 0}","{""normal"": 1.0, ""unsafe"": 0.0, ""danger"": 0.0}",normal,normal,normal,True,False,labeling_yolo_single_frame,single_frame_gt_from_sampled_frame_label,/home/capstone2/zroact-stage2/benchmark2/data/viz_shufflenet_test/test_frame_30fps/normal_plant_rgb/images/intrusion_normal_rgb_0091_cctv3/intrusion_normal_rgb_0091_cctv3_t000176.jpg,,
intrusion_normal_rgb_0091_cctv3_f000186,intrusion_normal_rgb_0091_cctv3_f000166_000176_000186,normal_plant_rgb,intrusion_normal_rgb_0091_cctv3,normal_candidate,[186],[6.2],"{""start_frame"": 186, ""end_frame"": 186}","[""walk, carry/hold (an object)""]","[""normal""]",normal,1,"{""normal"": 1, ""unsafe"": 0, ""danger"": 0}","{""normal"": 1.0, ""unsafe"": 0.0, ""danger"": 0.0}",normal,normal,normal,True,False,labeling_yolo_single_frame,single_frame_gt_from_sampled_frame_label,/home/capstone2/zroact-stage2/benchmark2/data/viz_shufflenet_test/test_frame_30fps/normal_plant_rgb/images/intrusion_normal_rgb_0091_cctv3/intrusion_normal_rgb_0091_cctv3_t000186.jpg,,
intrusion_normal_rgb_0093_cctv3_f000016,intrusion_normal_rgb_0093_cctv3_f000016_000026_000036,normal_plant_rgb,intrusion_normal_rgb_0093_cctv3,normal_candidate,[16],[0.533],"{""start_frame"": 16, ""end_frame"": 16}","[""walk, carry/hold (an object)""]","[""normal""]",normal,1,"{""normal"": 1, ""unsafe"": 0, ""danger"": 0}","{""normal"": 1.0, ""unsafe"": 0.0, ""danger"": 0.0}",normal,normal,normal,True,False,labeling_yolo_single_frame,single_frame_gt_from_sampled_frame_label,/home/capstone2/zroact-stage2/benchmark2/data/viz_shufflenet_test/test_frame_30fps/normal_plant_rgb/images/intrusion_normal_rgb_0093_cctv3/intrusion_normal_rgb_0093_cctv3_t000016.jpg,,
intrusion_normal_rgb_0093_cctv3_f000026,intrusion_normal_rgb_0093_cctv3_f000016_000026_000036,normal_plant_rgb,intrusion_normal_rgb_0093_cctv3,normal_candidate,[26],[0.867],"{""start_frame"": 26, ""end_frame"": 26}","[""walk, carry/hold (an object)""]","[""normal""]",normal,1,"{""normal"": 1, ""unsafe"": 0, ""danger"": 0}","{""normal"": 1.0, ""unsafe"": 0.0, ""danger"": 0.0}",normal,normal,normal,True,False,labeling_yolo_single_frame,single_frame_gt_from_sampled_frame_label,/home/capstone2/zroact-stage2/benchmark2/data/viz_shufflenet_test/test_frame_30fps/normal_plant_rgb/images/intrusion_normal_rgb_0093_cctv3/intrusion_normal_rgb_0093_cctv3_t000026.jpg,,
intrusion_normal_rgb_0093_cctv3_f000036,intrusion_normal_rgb_0093_cctv3_f000016_000026_000036,normal_plant_rgb,intrusion_normal_rgb_0093_cctv3,normal_candidate,[36],[1.2],"{""start_frame"": 36, ""end_frame"": 36}","[""walk, carry/hold (an object)""]","[""normal""]",normal,1,"{""normal"": 1, ""unsafe"": 0, ""danger"": 0}","{""normal"": 1.0, ""unsafe"": 0.0, ""danger"": 0.0}",normal,normal,normal,True,False,labeling_yolo_single_frame,single_frame_gt_from_sampled_frame_label,/home/capstone2/zroact-stage2/benchmark2/data/viz_shufflenet_test/test_frame_30fps/normal_plant_rgb/images/intrusion_normal_rgb_0093_cctv3/intrusion_normal_rgb_0093_cctv3_t000036.jpg,,
intrusion_normal_rgb_0093_cctv3_f000046,intrusion_normal_rgb_0093_cctv3_f000046_000056_000066,normal_plant_rgb,intrusion_normal_rgb_0093_cctv3,normal_candidate,[46],[1.533],"{""start_frame"": 46, ""end_frame"": 46}","[""walk, carry/hold (an object)""]","[""normal""]",normal,1,"{""normal"": 1, ""unsafe"": 0, ""danger"": 0}","{""normal"": 1.0, ""unsafe"": 0.0, ""danger"": 0.0}",normal,normal,normal,True,False,labeling_yolo_single_frame,single_frame_gt_from_sampled_frame_label,/home/capstone2/zroact-stage2/benchmark2/data/viz_shufflenet_test/test_frame_30fps/normal_plant_rgb/images/intrusion_normal_rgb_0093_cctv3/intrusion_normal_rgb_0093_cctv3_t000046.jpg,,
intrusion_normal_rgb_0093_cctv3_f000056,intrusion_normal_rgb_0093_cctv3_f000046_000056_000066,normal_plant_rgb,intrusion_normal_rgb_0093_cctv3,normal_candidate,[56],[1.867],"{""start_frame"": 56, ""end_frame"": 56}","[""walk, carry/hold (an object)""]","[""normal""]",normal,1,"{""normal"": 1, ""unsafe"": 0, ""danger"": 0}","{""normal"": 1.0, ""unsafe"": 0.0, ""danger"": 0.0}",normal,normal,normal,True,False,labeling_yolo_single_frame,single_frame_gt_from_sampled_frame_label,/home/capstone2/zroact-stage2/benchmark2/data/viz_shufflenet_test/test_frame_30fps/normal_plant_rgb/images/intrusion_normal_rgb_0093_cctv3/intrusion_normal_rgb_0093_cctv3_t000056.jpg,,
intrusion_normal_rgb_0093_cctv3_f000066,intrusion_normal_rgb_0093_cctv3_f000046_000056_000066,normal_plant_rgb,intrusion_normal_rgb_0093_cctv3,normal_candidate,[66],[2.2],"{""start_frame"": 66, ""end_frame"": 66}","[""walk, carry/hold (an object)""]","[""normal""]",normal,1,"{""normal"": 1, ""unsafe"": 0, ""danger"": 0}","{""normal"": 1.0, ""unsafe"": 0.0, ""danger"": 0.0}",normal,normal,normal,True,False,labeling_yolo_single_frame,single_frame_gt_from_sampled_frame_label,/home/capstone2/zroact-stage2/benchmark2/data/viz_shufflenet_test/test_frame_30fps/normal_plant_rgb/images/intrusion_normal_rgb_0093_cctv3/intrusion_normal_rgb_0093_cctv3_t000066.jpg,,
intrusion_normal_rgb_0093_cctv3_f000076,intrusion_normal_rgb_0093_cctv3_f000076_000086_000096,normal_plant_rgb,intrusion_normal_rgb_0093_cctv3,normal_candidate,[76],[2.533],"{""start_frame"": 76, ""end_frame"": 76}","[""walk, carry/hold (an object)""]","[""normal""]",normal,1,"{""normal"": 1, ""unsafe"": 0, ""danger"": 0}","{""normal"": 1.0, ""unsafe"": 0.0, ""danger"": 0.0}",normal,normal,normal,True,False,labeling_yolo_single_frame,single_frame_gt_from_sampled_frame_label,/home/capstone2/zroact-stage2/benchmark2/data/viz_shufflenet_test/test_frame_30fps/normal_plant_rgb/images/intrusion_normal_rgb_0093_cctv3/intrusion_normal_rgb_0093_cctv3_t000076.jpg,,
intrusion_normal_rgb_0093_cctv3_f000086,intrusion_normal_rgb_0093_cctv3_f000076_000086_000096,normal_plant_rgb,intrusion_normal_rgb_0093_cctv3,normal_candidate,[86],[2.867],"{""start_frame"": 86, ""end_frame"": 86}","[""walk, carry/hold (an object)""]","[""normal""]",normal,1,"{""normal"": 1, ""unsafe"": 0, ""danger"": 0}","{""normal"": 1.0, ""unsafe"": 0.0, ""danger"": 0.0}",normal,normal,normal,True,False,labeling_yolo_single_frame,single_frame_gt_from_sampled_frame_label,/home/capstone2/zroact-stage2/benchmark2/data/viz_shufflenet_test/test_frame_30fps/normal_plant_rgb/images/intrusion_normal_rgb_0093_cctv3/intrusion_normal_rgb_0093_cctv3_t000086.jpg,,
intrusion_normal_rgb_0093_cctv3_f000096,intrusion_normal_rgb_0093_cctv3_f000076_000086_000096,normal_plant_rgb,intrusion_normal_rgb_0093_cctv3,normal_candidate,[96],[3.2],"{""start_frame"": 96, ""end_frame"": 96}","[""walk, carry/hold (an object)""]","[""normal""]",normal,1,"{""normal"": 1, ""unsafe"": 0, ""danger"": 0}","{""normal"": 1.0, ""unsafe"": 0.0, ""danger"": 0.0}",normal,normal,normal,True,False,labeling_yolo_single_frame,single_frame_gt_from_sampled_frame_label,/home/capstone2/zroact-stage2/benchmark2/data/viz_shufflenet_test/test_frame_30fps/normal_plant_rgb/images/intrusion_normal_rgb_0093_cctv3/intrusion_normal_rgb_0093_cctv3_t000096.jpg,,
intrusion_normal_rgb_0093_cctv3_f000106,intrusion_normal_rgb_0093_cctv3_f000106_000116_000126,normal_plant_rgb,intrusion_normal_rgb_0093_cctv3,normal_candidate,[106],[3.533],"{""start_frame"": 106, ""end_frame"": 106}","[""walk, carry/hold (an object)""]","[""normal""]",normal,1,"{""normal"": 1, ""unsafe"": 0, ""danger"": 0}","{""normal"": 1.0, ""unsafe"": 0.0, ""danger"": 0.0}",normal,normal,normal,True,False,labeling_yolo_single_frame,single_frame_gt_from_sampled_frame_label,/home/capstone2/zroact-stage2/benchmark2/data/viz_shufflenet_test/test_frame_30fps/normal_plant_rgb/images/intrusion_normal_rgb_0093_cctv3/intrusion_normal_rgb_0093_cctv3_t000106.jpg,,
intrusion_normal_rgb_0093_cctv3_f000116,intrusion_normal_rgb_0093_cctv3_f000106_000116_000126,normal_plant_rgb,intrusion_normal_rgb_0093_cctv3,normal_candidate,[116],[3.867],"{""start_frame"": 116, ""end_frame"": 116}","[""walk, carry/hold (an object)""]","[""normal""]",normal,1,"{""normal"": 1, ""unsafe"": 0, ""danger"": 0}","{""normal"": 1.0, ""unsafe"": 0.0, ""danger"": 0.0}",normal,normal,normal,True,False,labeling_yolo_single_frame,single_frame_gt_from_sampled_frame_label,/home/capstone2/zroact-stage2/benchmark2/data/viz_shufflenet_test/test_frame_30fps/normal_plant_rgb/images/intrusion_normal_rgb_0093_cctv3/intrusion_normal_rgb_0093_cctv3_t000116.jpg,,
intrusion_normal_rgb_0093_cctv3_f000126,intrusion_normal_rgb_0093_cctv3_f000106_000116_000126,normal_plant_rgb,intrusion_normal_rgb_0093_cctv3,normal_candidate,[126],[4.2],"{""start_frame"": 126, ""end_frame"": 126}","[""walk, carry/hold (an object)""]","[""normal""]",normal,1,"{""normal"": 1, ""unsafe"": 0, ""danger"": 0}","{""normal"": 1.0, ""unsafe"": 0.0, ""danger"": 0.0}",normal,normal,normal,True,False,labeling_yolo_single_frame,single_frame_gt_from_sampled_frame_label,/home/capstone2/zroact-stage2/benchmark2/data/viz_shufflenet_test/test_frame_30fps/normal_plant_rgb/images/intrusion_normal_rgb_0093_cctv3/intrusion_normal_rgb_0093_cctv3_t000126.jpg,,
intrusion_normal_rgb_0093_cctv3_f000136,intrusion_normal_rgb_0093_cctv3_f000136_000146_000156,normal_plant_rgb,intrusion_normal_rgb_0093_cctv3,normal_candidate,[136],[4.533],"{""start_frame"": 136, ""end_frame"": 136}","[""walk, carry/hold (an object)""]","[""normal""]",normal,1,"{""normal"": 1, ""unsafe"": 0, ""danger"": 0}","{""normal"": 1.0, ""unsafe"": 0.0, ""danger"": 0.0}",normal,normal,normal,True,False,labeling_yolo_single_frame,single_frame_gt_from_sampled_frame_label,/home/capstone2/zroact-stage2/benchmark2/data/viz_shufflenet_test/test_frame_30fps/normal_plant_rgb/images/intrusion_normal_rgb_0093_cctv3/intrusion_normal_rgb_0093_cctv3_t000136.jpg,,
intrusion_normal_rgb_0093_cctv3_f000146,intrusion_normal_rgb_0093_cctv3_f000136_000146_000156,normal_plant_rgb,intrusion_normal_rgb_0093_cctv3,normal_candidate,[146],[4.867],"{""start_frame"": 146, ""end_frame"": 146}","[""walk, carry/hold (an object)""]","[""normal""]",normal,1,"{""normal"": 1, ""unsafe"": 0, ""danger"": 0}","{""normal"": 1.0, ""unsafe"": 0.0, ""danger"": 0.0}",normal,normal,normal,True,False,labeling_yolo_single_frame,single_frame_gt_from_sampled_frame_label,/home/capstone2/zroact-stage2/benchmark2/data/viz_shufflenet_test/test_frame_30fps/normal_plant_rgb/images/intrusion_normal_rgb_0093_cctv3/intrusion_normal_rgb_0093_cctv3_t000146.jpg,,
intrusion_normal_rgb_0093_cctv3_f000156,intrusion_normal_rgb_0093_cctv3_f000136_000146_000156,normal_plant_rgb,intrusion_normal_rgb_0093_cctv3,normal_candidate,[156],[5.2],"{""start_frame"": 156, ""end_frame"": 156}","[""walk""]","[""normal""]",normal,1,"{""normal"": 1, ""unsafe"": 0, ""danger"": 0}","{""normal"": 1.0, ""unsafe"": 0.0, ""danger"": 0.0}",normal,normal,normal,True,False,labeling_yolo_single_frame,single_frame_gt_from_sampled_frame_label,/home/capstone2/zroact-stage2/benchmark2/data/viz_shufflenet_test/test_frame_30fps/normal_plant_rgb/images/intrusion_normal_rgb_0093_cctv3/intrusion_normal_rgb_0093_cctv3_t000156.jpg,,
intrusion_normal_rgb_0103_cctv4_f000016,intrusion_normal_rgb_0103_cctv4_f000016_000026_000036,normal_plant_rgb,intrusion_normal_rgb_0103_cctv4,normal_candidate,[16],[0.533],"{""start_frame"": 16, ""end_frame"": 16}","[""walk, carry/hold (an object)""]","[""normal""]",normal,1,"{""normal"": 1, ""unsafe"": 0, ""danger"": 0}","{""normal"": 1.0, ""unsafe"": 0.0, ""danger"": 0.0}",normal,normal,normal,True,False,labeling_yolo_single_frame,single_frame_gt_from_sampled_frame_label,/home/capstone2/zroact-stage2/benchmark2/data/viz_shufflenet_test/test_frame_30fps/normal_plant_rgb/images/intrusion_normal_rgb_0103_cctv4/intrusion_normal_rgb_0103_cctv4_t000016.jpg,,
intrusion_normal_rgb_0103_cctv4_f000026,intrusion_normal_rgb_0103_cctv4_f000016_000026_000036,normal_plant_rgb,intrusion_normal_rgb_0103_cctv4,normal_candidate,[26],[0.867],"{""start_frame"": 26, ""end_frame"": 26}","[""walk, carry/hold (an object)""]","[""normal""]",normal,1,"{""normal"": 1, ""unsafe"": 0, ""danger"": 0}","{""normal"": 1.0, ""unsafe"": 0.0, ""danger"": 0.0}",normal,normal,normal,True,False,labeling_yolo_single_frame,single_frame_gt_from_sampled_frame_label,/home/capstone2/zroact-stage2/benchmark2/data/viz_shufflenet_test/test_frame_30fps/normal_plant_rgb/images/intrusion_normal_rgb_0103_cctv4/intrusion_normal_rgb_0103_cctv4_t000026.jpg,,
intrusion_normal_rgb_0103_cctv4_f000036,intrusion_normal_rgb_0103_cctv4_f000016_000026_000036,normal_plant_rgb,intrusion_normal_rgb_0103_cctv4,normal_candidate,[36],[1.2],"{""start_frame"": 36, ""end_frame"": 36}","[""walk, carry/hold (an object)""]","[""normal""]",normal,1,"{""normal"": 1, ""unsafe"": 0, ""danger"": 0}","{""normal"": 1.0, ""unsafe"": 0.0, ""danger"": 0.0}",normal,normal,normal,True,False,labeling_yolo_single_frame,single_frame_gt_from_sampled_frame_label,/home/capstone2/zroact-stage2/benchmark2/data/viz_shufflenet_test/test_frame_30fps/normal_plant_rgb/images/intrusion_normal_rgb_0103_cctv4/intrusion_normal_rgb_0103_cctv4_t000036.jpg,,
intrusion_normal_rgb_0103_cctv4_f000046,intrusion_normal_rgb_0103_cctv4_f000046_000056_000066,normal_plant_rgb,intrusion_normal_rgb_0103_cctv4,normal_candidate,[46],[1.533],"{""start_frame"": 46, ""end_frame"": 46}","[""walk, carry/hold (an object)""]","[""normal""]",normal,1,"{""normal"": 1, ""unsafe"": 0, ""danger"": 0}","{""normal"": 1.0, ""unsafe"": 0.0, ""danger"": 0.0}",normal,normal,normal,True,False,labeling_yolo_single_frame,single_frame_gt_from_sampled_frame_label,/home/capstone2/zroact-stage2/benchmark2/data/viz_shufflenet_test/test_frame_30fps/normal_plant_rgb/images/intrusion_normal_rgb_0103_cctv4/intrusion_normal_rgb_0103_cctv4_t000046.jpg,,
intrusion_normal_rgb_0103_cctv4_f000056,intrusion_normal_rgb_0103_cctv4_f000046_000056_000066,normal_plant_rgb,intrusion_normal_rgb_0103_cctv4,normal_candidate,[56],[1.867],"{""start_frame"": 56, ""end_frame"": 56}","[""walk, carry/hold (an object)""]","[""normal""]",normal,1,"{""normal"": 1, ""unsafe"": 0, ""danger"": 0}","{""normal"": 1.0, ""unsafe"": 0.0, ""danger"": 0.0}",normal,normal,normal,True,False,labeling_yolo_single_frame,single_frame_gt_from_sampled_frame_label,/home/capstone2/zroact-stage2/benchmark2/data/viz_shufflenet_test/test_frame_30fps/normal_plant_rgb/images/intrusion_normal_rgb_0103_cctv4/intrusion_normal_rgb_0103_cctv4_t000056.jpg,,
intrusion_normal_rgb_0103_cctv4_f000066,intrusion_normal_rgb_0103_cctv4_f000046_000056_000066,normal_plant_rgb,intrusion_normal_rgb_0103_cctv4,normal_candidate,[66],[2.2],"{""start_frame"": 66, ""end_frame"": 66}","[""walk, carry/hold (an object)""]","[""normal""]",normal,1,"{""normal"": 1, ""unsafe"": 0, ""danger"": 0}","{""normal"": 1.0, ""unsafe"": 0.0, ""danger"": 0.0}",normal,normal,normal,True,False,labeling_yolo_single_frame,single_frame_gt_from_sampled_frame_label,/home/capstone2/zroact-stage2/benchmark2/data/viz_shufflenet_test/test_frame_30fps/normal_plant_rgb/images/intrusion_normal_rgb_0103_cctv4/intrusion_normal_rgb_0103_cctv4_t000066.jpg,,
intrusion_normal_rgb_0103_cctv4_f000076,intrusion_normal_rgb_0103_cctv4_f000076_000086_000096,normal_plant_rgb,intrusion_normal_rgb_0103_cctv4,normal_candidate,[76],[2.533],"{""start_frame"": 76, ""end_frame"": 76}","[""walk, carry/hold (an object)""]","[""normal""]",normal,1,"{""normal"": 1, ""unsafe"": 0, ""danger"": 0}","{""normal"": 1.0, ""unsafe"": 0.0, ""danger"": 0.0}",normal,normal,normal,True,False,labeling_yolo_single_frame,single_frame_gt_from_sampled_frame_label,/home/capstone2/zroact-stage2/benchmark2/data/viz_shufflenet_test/test_frame_30fps/normal_plant_rgb/images/intrusion_normal_rgb_0103_cctv4/intrusion_normal_rgb_0103_cctv4_t000076.jpg,,
intrusion_normal_rgb_0103_cctv4_f000086,intrusion_normal_rgb_0103_cctv4_f000076_000086_000096,normal_plant_rgb,intrusion_normal_rgb_0103_cctv4,normal_candidate,[86],[2.867],"{""start_frame"": 86, ""end_frame"": 86}","[""walk, carry/hold (an object)""]","[""normal""]",normal,1,"{""normal"": 1, ""unsafe"": 0, ""danger"": 0}","{""normal"": 1.0, ""unsafe"": 0.0, ""danger"": 0.0}",normal,normal,normal,True,False,labeling_yolo_single_frame,single_frame_gt_from_sampled_frame_label,/home/capstone2/zroact-stage2/benchmark2/data/viz_shufflenet_test/test_frame_30fps/normal_plant_rgb/images/intrusion_normal_rgb_0103_cctv4/intrusion_normal_rgb_0103_cctv4_t000086.jpg,,
intrusion_normal_rgb_0103_cctv4_f000096,intrusion_normal_rgb_0103_cctv4_f000076_000086_000096,normal_plant_rgb,intrusion_normal_rgb_0103_cctv4,normal_candidate,[96],[3.2],"{""start_frame"": 96, ""end_frame"": 96}","[""walk, carry/hold (an object)""]","[""normal""]",normal,1,"{""normal"": 1, ""unsafe"": 0, ""danger"": 0}","{""normal"": 1.0, ""unsafe"": 0.0, ""danger"": 0.0}",normal,normal,normal,True,False,labeling_yolo_single_frame,single_frame_gt_from_sampled_frame_label,/home/capstone2/zroact-stage2/benchmark2/data/viz_shufflenet_test/test_frame_30fps/normal_plant_rgb/images/intrusion_normal_rgb_0103_cctv4/intrusion_normal_rgb_0103_cctv4_t000096.jpg,,
intrusion_normal_rgb_0103_cctv4_f000106,intrusion_normal_rgb_0103_cctv4_f000106_000116_000126,normal_plant_rgb,intrusion_normal_rgb_0103_cctv4,normal_candidate,[106],[3.533],"{""start_frame"": 106, ""end_frame"": 106}","[""walk, carry/hold (an object)""]","[""normal""]",normal,1,"{""normal"": 1, ""unsafe"": 0, ""danger"": 0}","{""normal"": 1.0, ""unsafe"": 0.0, ""danger"": 0.0}",normal,normal,normal,True,False,labeling_yolo_single_frame,single_frame_gt_from_sampled_frame_label,/home/capstone2/zroact-stage2/benchmark2/data/viz_shufflenet_test/test_frame_30fps/normal_plant_rgb/images/intrusion_normal_rgb_0103_cctv4/intrusion_normal_rgb_0103_cctv4_t000106.jpg,,
intrusion_normal_rgb_0103_cctv4_f000116,intrusion_normal_rgb_0103_cctv4_f000106_000116_000126,normal_plant_rgb,intrusion_normal_rgb_0103_cctv4,normal_candidate,[116],[3.867],"{""start_frame"": 116, ""end_frame"": 116}","[""walk, carry/hold (an object)""]","[""normal""]",normal,1,"{""normal"": 1, ""unsafe"": 0, ""danger"": 0}","{""normal"": 1.0, ""unsafe"": 0.0, ""danger"": 0.0}",normal,normal,normal,True,False,labeling_yolo_single_frame,single_frame_gt_from_sampled_frame_label,/home/capstone2/zroact-stage2/benchmark2/data/viz_shufflenet_test/test_frame_30fps/normal_plant_rgb/images/intrusion_normal_rgb_0103_cctv4/intrusion_normal_rgb_0103_cctv4_t000116.jpg,,
intrusion_normal_rgb_0103_cctv4_f000126,intrusion_normal_rgb_0103_cctv4_f000106_000116_000126,normal_plant_rgb,intrusion_normal_rgb_0103_cctv4,normal_candidate,[126],[4.2],"{""start_frame"": 126, ""end_frame"": 126}","[""walk, carry/hold (an object)""]","[""normal""]",normal,1,"{""normal"": 1, ""unsafe"": 0, ""danger"": 0}","{""normal"": 1.0, ""unsafe"": 0.0, ""danger"": 0.0}",normal,normal,normal,True,False,labeling_yolo_single_frame,single_frame_gt_from_sampled_frame_label,/home/capstone2/zroact-stage2/benchmark2/data/viz_shufflenet_test/test_frame_30fps/normal_plant_rgb/images/intrusion_normal_rgb_0103_cctv4/intrusion_normal_rgb_0103_cctv4_t000126.jpg,,
intrusion_normal_rgb_0103_cctv4_f000136,intrusion_normal_rgb_0103_cctv4_f000136_000146_000156,normal_plant_rgb,intrusion_normal_rgb_0103_cctv4,normal_candidate,[136],[4.533],"{""start_frame"": 136, ""end_frame"": 136}","[""walk, carry/hold (an object)""]","[""normal""]",normal,1,"{""normal"": 1, ""unsafe"": 0, ""danger"": 0}","{""normal"": 1.0, ""unsafe"": 0.0, ""danger"": 0.0}",normal,normal,normal,True,False,labeling_yolo_single_frame,single_frame_gt_from_sampled_frame_label,/home/capstone2/zroact-stage2/benchmark2/data/viz_shufflenet_test/test_frame_30fps/normal_plant_rgb/images/intrusion_normal_rgb_0103_cctv4/intrusion_normal_rgb_0103_cctv4_t000136.jpg,,
intrusion_normal_rgb_0103_cctv4_f000146,intrusion_normal_rgb_0103_cctv4_f000136_000146_000156,normal_plant_rgb,intrusion_normal_rgb_0103_cctv4,normal_candidate,[146],[4.867],"{""start_frame"": 146, ""end_frame"": 146}","[""walk, carry/hold (an object)""]","[""normal""]",normal,1,"{""normal"": 1, ""unsafe"": 0, ""danger"": 0}","{""normal"": 1.0, ""unsafe"": 0.0, ""danger"": 0.0}",normal,normal,normal,True,False,labeling_yolo_single_frame,single_frame_gt_from_sampled_frame_label,/home/capstone2/zroact-stage2/benchmark2/data/viz_shufflenet_test/test_frame_30fps/normal_plant_rgb/images/intrusion_normal_rgb_0103_cctv4/intrusion_normal_rgb_0103_cctv4_t000146.jpg,,
intrusion_normal_rgb_0103_cctv4_f000156,intrusion_normal_rgb_0103_cctv4_f000136_000146_000156,normal_plant_rgb,intrusion_normal_rgb_0103_cctv4,normal_candidate,[156],[5.2],"{""start_frame"": 156, ""end_frame"": 156}","[""walk""]","[""normal""]",normal,1,"{""normal"": 1, ""unsafe"": 0, ""danger"": 0}","{""normal"": 1.0, ""unsafe"": 0.0, ""danger"": 0.0}",normal,normal,normal,True,False,labeling_yolo_single_frame,single_frame_gt_from_sampled_frame_label,/home/capstone2/zroact-stage2/benchmark2/data/viz_shufflenet_test/test_frame_30fps/normal_plant_rgb/images/intrusion_normal_rgb_0103_cctv4/intrusion_normal_rgb_0103_cctv4_t000156.jpg,,
intrusion_normal_rgb_0114_cctv4_f000016,intrusion_normal_rgb_0114_cctv4_f000016_000026_000036,normal_plant_rgb,intrusion_normal_rgb_0114_cctv4,normal_candidate,[16],[0.533],"{""start_frame"": 16, ""end_frame"": 16}","[""walk, carry/hold (an object)""]","[""normal""]",normal,1,"{""normal"": 1, ""unsafe"": 0, ""danger"": 0}","{""normal"": 1.0, ""unsafe"": 0.0, ""danger"": 0.0}",normal,normal,normal,True,False,labeling_yolo_single_frame,single_frame_gt_from_sampled_frame_label,/home/capstone2/zroact-stage2/benchmark2/data/viz_shufflenet_test/test_frame_30fps/normal_plant_rgb/images/intrusion_normal_rgb_0114_cctv4/intrusion_normal_rgb_0114_cctv4_t000016.jpg,,
intrusion_normal_rgb_0114_cctv4_f000026,intrusion_normal_rgb_0114_cctv4_f000016_000026_000036,normal_plant_rgb,intrusion_normal_rgb_0114_cctv4,normal_candidate,[26],[0.867],"{""start_frame"": 26, ""end_frame"": 26}","[""walk, carry/hold (an object)""]","[""normal""]",normal,1,"{""normal"": 1, ""unsafe"": 0, ""danger"": 0}","{""normal"": 1.0, ""unsafe"": 0.0, ""danger"": 0.0}",normal,normal,normal,True,False,labeling_yolo_single_frame,single_frame_gt_from_sampled_frame_label,/home/capstone2/zroact-stage2/benchmark2/data/viz_shufflenet_test/test_frame_30fps/normal_plant_rgb/images/intrusion_normal_rgb_0114_cctv4/intrusion_normal_rgb_0114_cctv4_t000026.jpg,,
intrusion_normal_rgb_0114_cctv4_f000036,intrusion_normal_rgb_0114_cctv4_f000016_000026_000036,normal_plant_rgb,intrusion_normal_rgb_0114_cctv4,normal_candidate,[36],[1.2],"{""start_frame"": 36, ""end_frame"": 36}","[""walk, carry/hold (an object)""]","[""normal""]",normal,1,"{""normal"": 1, ""unsafe"": 0, ""danger"": 0}","{""normal"": 1.0, ""unsafe"": 0.0, ""danger"": 0.0}",normal,normal,normal,True,False,labeling_yolo_single_frame,single_frame_gt_from_sampled_frame_label,/home/capstone2/zroact-stage2/benchmark2/data/viz_shufflenet_test/test_frame_30fps/normal_plant_rgb/images/intrusion_normal_rgb_0114_cctv4/intrusion_normal_rgb_0114_cctv4_t000036.jpg,,
intrusion_normal_rgb_0114_cctv4_f000046,intrusion_normal_rgb_0114_cctv4_f000046_000056_000066,normal_plant_rgb,intrusion_normal_rgb_0114_cctv4,normal_candidate,[46],[1.533],"{""start_frame"": 46, ""end_frame"": 46}","[""walk, carry/hold (an object)""]","[""normal""]",normal,1,"{""normal"": 1, ""unsafe"": 0, ""danger"": 0}","{""normal"": 1.0, ""unsafe"": 0.0, ""danger"": 0.0}",normal,normal,normal,True,False,labeling_yolo_single_frame,single_frame_gt_from_sampled_frame_label,/home/capstone2/zroact-stage2/benchmark2/data/viz_shufflenet_test/test_frame_30fps/normal_plant_rgb/images/intrusion_normal_rgb_0114_cctv4/intrusion_normal_rgb_0114_cctv4_t000046.jpg,,
intrusion_normal_rgb_0114_cctv4_f000056,intrusion_normal_rgb_0114_cctv4_f000046_000056_000066,normal_plant_rgb,intrusion_normal_rgb_0114_cctv4,normal_candidate,[56],[1.867],"{""start_frame"": 56, ""end_frame"": 56}","[""walk, carry/hold (an object)""]","[""normal""]",normal,1,"{""normal"": 1, ""unsafe"": 0, ""danger"": 0}","{""normal"": 1.0, ""unsafe"": 0.0, ""danger"": 0.0}",normal,normal,normal,True,False,labeling_yolo_single_frame,single_frame_gt_from_sampled_frame_label,/home/capstone2/zroact-stage2/benchmark2/data/viz_shufflenet_test/test_frame_30fps/normal_plant_rgb/images/intrusion_normal_rgb_0114_cctv4/intrusion_normal_rgb_0114_cctv4_t000056.jpg,,
intrusion_normal_rgb_0114_cctv4_f000066,intrusion_normal_rgb_0114_cctv4_f000046_000056_000066,normal_plant_rgb,intrusion_normal_rgb_0114_cctv4,normal_candidate,[66],[2.2],"{""start_frame"": 66, ""end_frame"": 66}","[""walk, carry/hold (an object)""]","[""normal""]",normal,1,"{""normal"": 1, ""unsafe"": 0, ""danger"": 0}","{""normal"": 1.0, ""unsafe"": 0.0, ""danger"": 0.0}",normal,normal,normal,True,False,labeling_yolo_single_frame,single_frame_gt_from_sampled_frame_label,/home/capstone2/zroact-stage2/benchmark2/data/viz_shufflenet_test/test_frame_30fps/normal_plant_rgb/images/intrusion_normal_rgb_0114_cctv4/intrusion_normal_rgb_0114_cctv4_t000066.jpg,,
intrusion_normal_rgb_0114_cctv4_f000076,intrusion_normal_rgb_0114_cctv4_f000076_000086_000096,normal_plant_rgb,intrusion_normal_rgb_0114_cctv4,normal_candidate,[76],[2.533],"{""start_frame"": 76, ""end_frame"": 76}","[""walk, carry/hold (an object)""]","[""normal""]",normal,1,"{""normal"": 1, ""unsafe"": 0, ""danger"": 0}","{""normal"": 1.0, ""unsafe"": 0.0, ""danger"": 0.0}",normal,normal,normal,True,False,labeling_yolo_single_frame,single_frame_gt_from_sampled_frame_label,/home/capstone2/zroact-stage2/benchmark2/data/viz_shufflenet_test/test_frame_30fps/normal_plant_rgb/images/intrusion_normal_rgb_0114_cctv4/intrusion_normal_rgb_0114_cctv4_t000076.jpg,,
intrusion_normal_rgb_0114_cctv4_f000086,intrusion_normal_rgb_0114_cctv4_f000076_000086_000096,normal_plant_rgb,intrusion_normal_rgb_0114_cctv4,normal_candidate,[86],[2.867],"{""start_frame"": 86, ""end_frame"": 86}","[""walk, carry/hold (an object)""]","[""normal""]",normal,1,"{""normal"": 1, ""unsafe"": 0, ""danger"": 0}","{""normal"": 1.0, ""unsafe"": 0.0, ""danger"": 0.0}",normal,normal,normal,True,False,labeling_yolo_single_frame,single_frame_gt_from_sampled_frame_label,/home/capstone2/zroact-stage2/benchmark2/data/viz_shufflenet_test/test_frame_30fps/normal_plant_rgb/images/intrusion_normal_rgb_0114_cctv4/intrusion_normal_rgb_0114_cctv4_t000086.jpg,,
intrusion_normal_rgb_0114_cctv4_f000096,intrusion_normal_rgb_0114_cctv4_f000076_000086_000096,normal_plant_rgb,intrusion_normal_rgb_0114_cctv4,normal_candidate,[96],[3.2],"{""start_frame"": 96, ""end_frame"": 96}","[""walk, carry/hold (an object)""]","[""normal""]",normal,1,"{""normal"": 1, ""unsafe"": 0, ""danger"": 0}","{""normal"": 1.0, ""unsafe"": 0.0, ""danger"": 0.0}",normal,normal,normal,True,False,labeling_yolo_single_frame,single_frame_gt_from_sampled_frame_label,/home/capstone2/zroact-stage2/benchmark2/data/viz_shufflenet_test/test_frame_30fps/normal_plant_rgb/images/intrusion_normal_rgb_0114_cctv4/intrusion_normal_rgb_0114_cctv4_t000096.jpg,,
intrusion_normal_rgb_0114_cctv4_f000106,intrusion_normal_rgb_0114_cctv4_f000106_000116_000126,normal_plant_rgb,intrusion_normal_rgb_0114_cctv4,normal_candidate,[106],[3.533],"{""start_frame"": 106, ""end_frame"": 106}","[""walk, carry/hold (an object)""]","[""normal""]",normal,1,"{""normal"": 1, ""unsafe"": 0, ""danger"": 0}","{""normal"": 1.0, ""unsafe"": 0.0, ""danger"": 0.0}",normal,normal,normal,True,False,labeling_yolo_single_frame,single_frame_gt_from_sampled_frame_label,/home/capstone2/zroact-stage2/benchmark2/data/viz_shufflenet_test/test_frame_30fps/normal_plant_rgb/images/intrusion_normal_rgb_0114_cctv4/intrusion_normal_rgb_0114_cctv4_t000106.jpg,,
intrusion_normal_rgb_0114_cctv4_f000116,intrusion_normal_rgb_0114_cctv4_f000106_000116_000126,normal_plant_rgb,intrusion_normal_rgb_0114_cctv4,normal_candidate,[116],[3.867],"{""start_frame"": 116, ""end_frame"": 116}","[""walk, carry/hold (an object)""]","[""normal""]",normal,1,"{""normal"": 1, ""unsafe"": 0, ""danger"": 0}","{""normal"": 1.0, ""unsafe"": 0.0, ""danger"": 0.0}",normal,normal,normal,True,False,labeling_yolo_single_frame,single_frame_gt_from_sampled_frame_label,/home/capstone2/zroact-stage2/benchmark2/data/viz_shufflenet_test/test_frame_30fps/normal_plant_rgb/images/intrusion_normal_rgb_0114_cctv4/intrusion_normal_rgb_0114_cctv4_t000116.jpg,,
intrusion_normal_rgb_0114_cctv4_f000126,intrusion_normal_rgb_0114_cctv4_f000106_000116_000126,normal_plant_rgb,intrusion_normal_rgb_0114_cctv4,normal_candidate,[126],[4.2],"{""start_frame"": 126, ""end_frame"": 126}","[""walk, carry/hold (an object)""]","[""normal""]",normal,1,"{""normal"": 1, ""unsafe"": 0, ""danger"": 0}","{""normal"": 1.0, ""unsafe"": 0.0, ""danger"": 0.0}",normal,normal,normal,True,False,labeling_yolo_single_frame,single_frame_gt_from_sampled_frame_label,/home/capstone2/zroact-stage2/benchmark2/data/viz_shufflenet_test/test_frame_30fps/normal_plant_rgb/images/intrusion_normal_rgb_0114_cctv4/intrusion_normal_rgb_0114_cctv4_t000126.jpg,,
intrusion_normal_rgb_0114_cctv4_f000136,intrusion_normal_rgb_0114_cctv4_f000136_000146_000156,normal_plant_rgb,intrusion_normal_rgb_0114_cctv4,normal_candidate,[136],[4.533],"{""start_frame"": 136, ""end_frame"": 136}","[""walk, carry/hold (an object)""]","[""normal""]",normal,1,"{""normal"": 1, ""unsafe"": 0, ""danger"": 0}","{""normal"": 1.0, ""unsafe"": 0.0, ""danger"": 0.0}",normal,normal,normal,True,False,labeling_yolo_single_frame,single_frame_gt_from_sampled_frame_label,/home/capstone2/zroact-stage2/benchmark2/data/viz_shufflenet_test/test_frame_30fps/normal_plant_rgb/images/intrusion_normal_rgb_0114_cctv4/intrusion_normal_rgb_0114_cctv4_t000136.jpg,,
intrusion_normal_rgb_0114_cctv4_f000146,intrusion_normal_rgb_0114_cctv4_f000136_000146_000156,normal_plant_rgb,intrusion_normal_rgb_0114_cctv4,normal_candidate,[146],[4.867],"{""start_frame"": 146, ""end_frame"": 146}","[""walk, carry/hold (an object)""]","[""normal""]",normal,1,"{""normal"": 1, ""unsafe"": 0, ""danger"": 0}","{""normal"": 1.0, ""unsafe"": 0.0, ""danger"": 0.0}",normal,normal,normal,True,False,labeling_yolo_single_frame,single_frame_gt_from_sampled_frame_label,/home/capstone2/zroact-stage2/benchmark2/data/viz_shufflenet_test/test_frame_30fps/normal_plant_rgb/images/intrusion_normal_rgb_0114_cctv4/intrusion_normal_rgb_0114_cctv4_t000146.jpg,,
intrusion_normal_rgb_0114_cctv4_f000156,intrusion_normal_rgb_0114_cctv4_f000136_000146_000156,normal_plant_rgb,intrusion_normal_rgb_0114_cctv4,normal_candidate,[156],[5.2],"{""start_frame"": 156, ""end_frame"": 156}","[""walk, carry/hold (an object)""]","[""normal""]",normal,1,"{""normal"": 1, ""unsafe"": 0, ""danger"": 0}","{""normal"": 1.0, ""unsafe"": 0.0, ""danger"": 0.0}",normal,normal,normal,True,False,labeling_yolo_single_frame,single_frame_gt_from_sampled_frame_label,/home/capstone2/zroact-stage2/benchmark2/data/viz_shufflenet_test/test_frame_30fps/normal_plant_rgb/images/intrusion_normal_rgb_0114_cctv4/intrusion_normal_rgb_0114_cctv4_t000156.jpg,,
intrusion_normal_rgb_0120_cctv3_f000016,intrusion_normal_rgb_0120_cctv3_f000016_000026_000036,normal_plant_rgb,intrusion_normal_rgb_0120_cctv3,normal_candidate,[16],[0.533],"{""start_frame"": 16, ""end_frame"": 16}","[""walk, carry/hold (an object)""]","[""normal""]",normal,1,"{""normal"": 1, ""unsafe"": 0, ""danger"": 0}","{""normal"": 1.0, ""unsafe"": 0.0, ""danger"": 0.0}",normal,normal,normal,True,False,labeling_yolo_single_frame,single_frame_gt_from_sampled_frame_label,/home/capstone2/zroact-stage2/benchmark2/data/viz_shufflenet_test/test_frame_30fps/normal_plant_rgb/images/intrusion_normal_rgb_0120_cctv3/intrusion_normal_rgb_0120_cctv3_t000016.jpg,,
intrusion_normal_rgb_0120_cctv3_f000026,intrusion_normal_rgb_0120_cctv3_f000016_000026_000036,normal_plant_rgb,intrusion_normal_rgb_0120_cctv3,normal_candidate,[26],[0.867],"{""start_frame"": 26, ""end_frame"": 26}","[""walk, carry/hold (an object)""]","[""normal""]",normal,1,"{""normal"": 1, ""unsafe"": 0, ""danger"": 0}","{""normal"": 1.0, ""unsafe"": 0.0, ""danger"": 0.0}",normal,normal,normal,True,False,labeling_yolo_single_frame,single_frame_gt_from_sampled_frame_label,/home/capstone2/zroact-stage2/benchmark2/data/viz_shufflenet_test/test_frame_30fps/normal_plant_rgb/images/intrusion_normal_rgb_0120_cctv3/intrusion_normal_rgb_0120_cctv3_t000026.jpg,,
intrusion_normal_rgb_0120_cctv3_f000036,intrusion_normal_rgb_0120_cctv3_f000016_000026_000036,normal_plant_rgb,intrusion_normal_rgb_0120_cctv3,normal_candidate,[36],[1.2],"{""start_frame"": 36, ""end_frame"": 36}","[""walk, carry/hold (an object)""]","[""normal""]",normal,1,"{""normal"": 1, ""unsafe"": 0, ""danger"": 0}","{""normal"": 1.0, ""unsafe"": 0.0, ""danger"": 0.0}",normal,normal,normal,True,False,labeling_yolo_single_frame,single_frame_gt_from_sampled_frame_label,/home/capstone2/zroact-stage2/benchmark2/data/viz_shufflenet_test/test_frame_30fps/normal_plant_rgb/images/intrusion_normal_rgb_0120_cctv3/intrusion_normal_rgb_0120_cctv3_t000036.jpg,,
intrusion_normal_rgb_0120_cctv3_f000046,intrusion_normal_rgb_0120_cctv3_f000046_000056_000066,normal_plant_rgb,intrusion_normal_rgb_0120_cctv3,normal_candidate,[46],[1.533],"{""start_frame"": 46, ""end_frame"": 46}","[""walk, carry/hold (an object)""]","[""normal""]",normal,1,"{""normal"": 1, ""unsafe"": 0, ""danger"": 0}","{""normal"": 1.0, ""unsafe"": 0.0, ""danger"": 0.0}",normal,normal,normal,True,False,labeling_yolo_single_frame,single_frame_gt_from_sampled_frame_label,/home/capstone2/zroact-stage2/benchmark2/data/viz_shufflenet_test/test_frame_30fps/normal_plant_rgb/images/intrusion_normal_rgb_0120_cctv3/intrusion_normal_rgb_0120_cctv3_t000046.jpg,,
intrusion_normal_rgb_0120_cctv3_f000056,intrusion_normal_rgb_0120_cctv3_f000046_000056_000066,normal_plant_rgb,intrusion_normal_rgb_0120_cctv3,normal_candidate,[56],[1.867],"{""start_frame"": 56, ""end_frame"": 56}","[""walk, carry/hold (an object)""]","[""normal""]",normal,1,"{""normal"": 1, ""unsafe"": 0, ""danger"": 0}","{""normal"": 1.0, ""unsafe"": 0.0, ""danger"": 0.0}",normal,normal,normal,True,False,labeling_yolo_single_frame,single_frame_gt_from_sampled_frame_label,/home/capstone2/zroact-stage2/benchmark2/data/viz_shufflenet_test/test_frame_30fps/normal_plant_rgb/images/intrusion_normal_rgb_0120_cctv3/intrusion_normal_rgb_0120_cctv3_t000056.jpg,,
intrusion_normal_rgb_0120_cctv3_f000066,intrusion_normal_rgb_0120_cctv3_f000046_000056_000066,normal_plant_rgb,intrusion_normal_rgb_0120_cctv3,normal_candidate,[66],[2.2],"{""start_frame"": 66, ""end_frame"": 66}","[""walk, carry/hold (an object)""]","[""normal""]",normal,1,"{""normal"": 1, ""unsafe"": 0, ""danger"": 0}","{""normal"": 1.0, ""unsafe"": 0.0, ""danger"": 0.0}",normal,normal,normal,True,False,labeling_yolo_single_frame,single_frame_gt_from_sampled_frame_label,/home/capstone2/zroact-stage2/benchmark2/data/viz_shufflenet_test/test_frame_30fps/normal_plant_rgb/images/intrusion_normal_rgb_0120_cctv3/intrusion_normal_rgb_0120_cctv3_t000066.jpg,,
intrusion_normal_rgb_0120_cctv3_f000076,intrusion_normal_rgb_0120_cctv3_f000076_000086_000096,normal_plant_rgb,intrusion_normal_rgb_0120_cctv3,normal_candidate,[76],[2.533],"{""start_frame"": 76, ""end_frame"": 76}","[""walk, carry/hold (an object)""]","[""normal""]",normal,1,"{""normal"": 1, ""unsafe"": 0, ""danger"": 0}","{""normal"": 1.0, ""unsafe"": 0.0, ""danger"": 0.0}",normal,normal,normal,True,False,labeling_yolo_single_frame,single_frame_gt_from_sampled_frame_label,/home/capstone2/zroact-stage2/benchmark2/data/viz_shufflenet_test/test_frame_30fps/normal_plant_rgb/images/intrusion_normal_rgb_0120_cctv3/intrusion_normal_rgb_0120_cctv3_t000076.jpg,,
intrusion_normal_rgb_0120_cctv3_f000086,intrusion_normal_rgb_0120_cctv3_f000076_000086_000096,normal_plant_rgb,intrusion_normal_rgb_0120_cctv3,normal_candidate,[86],[2.867],"{""start_frame"": 86, ""end_frame"": 86}","[""walk, carry/hold (an object)""]","[""normal""]",normal,1,"{""normal"": 1, ""unsafe"": 0, ""danger"": 0}","{""normal"": 1.0, ""unsafe"": 0.0, ""danger"": 0.0}",normal,normal,normal,True,False,labeling_yolo_single_frame,single_frame_gt_from_sampled_frame_label,/home/capstone2/zroact-stage2/benchmark2/data/viz_shufflenet_test/test_frame_30fps/normal_plant_rgb/images/intrusion_normal_rgb_0120_cctv3/intrusion_normal_rgb_0120_cctv3_t000086.jpg,,
intrusion_normal_rgb_0120_cctv3_f000096,intrusion_normal_rgb_0120_cctv3_f000076_000086_000096,normal_plant_rgb,intrusion_normal_rgb_0120_cctv3,normal_candidate,[96],[3.2],"{""start_frame"": 96, ""end_frame"": 96}","[""walk, carry/hold (an object)""]","[""normal""]",normal,1,"{""normal"": 1, ""unsafe"": 0, ""danger"": 0}","{""normal"": 1.0, ""unsafe"": 0.0, ""danger"": 0.0}",normal,normal,normal,True,False,labeling_yolo_single_frame,single_frame_gt_from_sampled_frame_label,/home/capstone2/zroact-stage2/benchmark2/data/viz_shufflenet_test/test_frame_30fps/normal_plant_rgb/images/intrusion_normal_rgb_0120_cctv3/intrusion_normal_rgb_0120_cctv3_t000096.jpg,,
intrusion_normal_rgb_0120_cctv3_f000106,intrusion_normal_rgb_0120_cctv3_f000106_000116_000126,normal_plant_rgb,intrusion_normal_rgb_0120_cctv3,normal_candidate,[106],[3.533],"{""start_frame"": 106, ""end_frame"": 106}","[""walk, carry/hold (an object)""]","[""normal""]",normal,1,"{""normal"": 1, ""unsafe"": 0, ""danger"": 0}","{""normal"": 1.0, ""unsafe"": 0.0, ""danger"": 0.0}",normal,normal,normal,True,False,labeling_yolo_single_frame,single_frame_gt_from_sampled_frame_label,/home/capstone2/zroact-stage2/benchmark2/data/viz_shufflenet_test/test_frame_30fps/normal_plant_rgb/images/intrusion_normal_rgb_0120_cctv3/intrusion_normal_rgb_0120_cctv3_t000106.jpg,,
intrusion_normal_rgb_0120_cctv3_f000116,intrusion_normal_rgb_0120_cctv3_f000106_000116_000126,normal_plant_rgb,intrusion_normal_rgb_0120_cctv3,normal_candidate,[116],[3.867],"{""start_frame"": 116, ""end_frame"": 116}","[""walk, carry/hold (an object)""]","[""normal""]",normal,1,"{""normal"": 1, ""unsafe"": 0, ""danger"": 0}","{""normal"": 1.0, ""unsafe"": 0.0, ""danger"": 0.0}",normal,normal,normal,True,False,labeling_yolo_single_frame,single_frame_gt_from_sampled_frame_label,/home/capstone2/zroact-stage2/benchmark2/data/viz_shufflenet_test/test_frame_30fps/normal_plant_rgb/images/intrusion_normal_rgb_0120_cctv3/intrusion_normal_rgb_0120_cctv3_t000116.jpg,,
intrusion_normal_rgb_0120_cctv3_f000126,intrusion_normal_rgb_0120_cctv3_f000106_000116_000126,normal_plant_rgb,intrusion_normal_rgb_0120_cctv3,normal_candidate,[126],[4.2],"{""start_frame"": 126, ""end_frame"": 126}","[""walk, carry/hold (an object)""]","[""normal""]",normal,1,"{""normal"": 1, ""unsafe"": 0, ""danger"": 0}","{""normal"": 1.0, ""unsafe"": 0.0, ""danger"": 0.0}",normal,normal,normal,True,False,labeling_yolo_single_frame,single_frame_gt_from_sampled_frame_label,/home/capstone2/zroact-stage2/benchmark2/data/viz_shufflenet_test/test_frame_30fps/normal_plant_rgb/images/intrusion_normal_rgb_0120_cctv3/intrusion_normal_rgb_0120_cctv3_t000126.jpg,,
intrusion_normal_rgb_0120_cctv3_f000136,intrusion_normal_rgb_0120_cctv3_f000136_000146_000156,normal_plant_rgb,intrusion_normal_rgb_0120_cctv3,normal_candidate,[136],[4.533],"{""start_frame"": 136, ""end_frame"": 136}","[""walk, carry/hold (an object)""]","[""normal""]",normal,1,"{""normal"": 1, ""unsafe"": 0, ""danger"": 0}","{""normal"": 1.0, ""unsafe"": 0.0, ""danger"": 0.0}",normal,normal,normal,True,False,labeling_yolo_single_frame,single_frame_gt_from_sampled_frame_label,/home/capstone2/zroact-stage2/benchmark2/data/viz_shufflenet_test/test_frame_30fps/normal_plant_rgb/images/intrusion_normal_rgb_0120_cctv3/intrusion_normal_rgb_0120_cctv3_t000136.jpg,,
intrusion_normal_rgb_0120_cctv3_f000146,intrusion_normal_rgb_0120_cctv3_f000136_000146_000156,normal_plant_rgb,intrusion_normal_rgb_0120_cctv3,normal_candidate,[146],[4.867],"{""start_frame"": 146, ""end_frame"": 146}","[""walk, carry/hold (an object)""]","[""normal""]",normal,1,"{""normal"": 1, ""unsafe"": 0, ""danger"": 0}","{""normal"": 1.0, ""unsafe"": 0.0, ""danger"": 0.0}",normal,normal,normal,True,False,labeling_yolo_single_frame,single_frame_gt_from_sampled_frame_label,/home/capstone2/zroact-stage2/benchmark2/data/viz_shufflenet_test/test_frame_30fps/normal_plant_rgb/images/intrusion_normal_rgb_0120_cctv3/intrusion_normal_rgb_0120_cctv3_t000146.jpg,,
intrusion_normal_rgb_0120_cctv3_f000156,intrusion_normal_rgb_0120_cctv3_f000136_000146_000156,normal_plant_rgb,intrusion_normal_rgb_0120_cctv3,normal_candidate,[156],[5.2],"{""start_frame"": 156, ""end_frame"": 156}","[""walk, carry/hold (an object)""]","[""normal""]",normal,1,"{""normal"": 1, ""unsafe"": 0, ""danger"": 0}","{""normal"": 1.0, ""unsafe"": 0.0, ""danger"": 0.0}",normal,normal,normal,True,False,labeling_yolo_single_frame,single_frame_gt_from_sampled_frame_label,/home/capstone2/zroact-stage2/benchmark2/data/viz_shufflenet_test/test_frame_30fps/normal_plant_rgb/images/intrusion_normal_rgb_0120_cctv3/intrusion_normal_rgb_0120_cctv3_t000156.jpg,,
intrusion_normal_rgb_0120_cctv3_f000166,intrusion_normal_rgb_0120_cctv3_f000166_000176_000186,normal_plant_rgb,intrusion_normal_rgb_0120_cctv3,normal_candidate,[166],[5.533],"{""start_frame"": 166, ""end_frame"": 166}","[""walk, carry/hold (an object)""]","[""normal""]",normal,1,"{""normal"": 1, ""unsafe"": 0, ""danger"": 0}","{""normal"": 1.0, ""unsafe"": 0.0, ""danger"": 0.0}",normal,normal,normal,True,False,labeling_yolo_single_frame,single_frame_gt_from_sampled_frame_label,/home/capstone2/zroact-stage2/benchmark2/data/viz_shufflenet_test/test_frame_30fps/normal_plant_rgb/images/intrusion_normal_rgb_0120_cctv3/intrusion_normal_rgb_0120_cctv3_t000166.jpg,,
intrusion_normal_rgb_0120_cctv3_f000176,intrusion_normal_rgb_0120_cctv3_f000166_000176_000186,normal_plant_rgb,intrusion_normal_rgb_0120_cctv3,normal_candidate,[176],[5.867],"{""start_frame"": 176, ""end_frame"": 176}","[""walk, carry/hold (an object)""]","[""normal""]",normal,1,"{""normal"": 1, ""unsafe"": 0, ""danger"": 0}","{""normal"": 1.0, ""unsafe"": 0.0, ""danger"": 0.0}",normal,normal,normal,True,False,labeling_yolo_single_frame,single_frame_gt_from_sampled_frame_label,/home/capstone2/zroact-stage2/benchmark2/data/viz_shufflenet_test/test_frame_30fps/normal_plant_rgb/images/intrusion_normal_rgb_0120_cctv3/intrusion_normal_rgb_0120_cctv3_t000176.jpg,,
intrusion_normal_rgb_0120_cctv3_f000186,intrusion_normal_rgb_0120_cctv3_f000166_000176_000186,normal_plant_rgb,intrusion_normal_rgb_0120_cctv3,normal_candidate,[186],[6.2],"{""start_frame"": 186, ""end_frame"": 186}","[""walk, carry/hold (an object)""]","[""normal""]",normal,1,"{""normal"": 1, ""unsafe"": 0, ""danger"": 0}","{""normal"": 1.0, ""unsafe"": 0.0, ""danger"": 0.0}",normal,normal,normal,True,False,labeling_yolo_single_frame,single_frame_gt_from_sampled_frame_label,/home/capstone2/zroact-stage2/benchmark2/data/viz_shufflenet_test/test_frame_30fps/normal_plant_rgb/images/intrusion_normal_rgb_0120_cctv3/intrusion_normal_rgb_0120_cctv3_t000186.jpg,,
intrusion_normal_rgb_0122_cctv3_f000016,intrusion_normal_rgb_0122_cctv3_f000016_000026_000036,normal_plant_rgb,intrusion_normal_rgb_0122_cctv3,normal_candidate,[16],[0.533],"{""start_frame"": 16, ""end_frame"": 16}","[""walk, carry/hold (an object)""]","[""normal""]",normal,1,"{""normal"": 1, ""unsafe"": 0, ""danger"": 0}","{""normal"": 1.0, ""unsafe"": 0.0, ""danger"": 0.0}",normal,normal,normal,True,False,labeling_yolo_single_frame,single_frame_gt_from_sampled_frame_label,/home/capstone2/zroact-stage2/benchmark2/data/viz_shufflenet_test/test_frame_30fps/normal_plant_rgb/images/intrusion_normal_rgb_0122_cctv3/intrusion_normal_rgb_0122_cctv3_t000016.jpg,,
intrusion_normal_rgb_0122_cctv3_f000026,intrusion_normal_rgb_0122_cctv3_f000016_000026_000036,normal_plant_rgb,intrusion_normal_rgb_0122_cctv3,normal_candidate,[26],[0.867],"{""start_frame"": 26, ""end_frame"": 26}","[""walk, carry/hold (an object)""]","[""normal""]",normal,1,"{""normal"": 1, ""unsafe"": 0, ""danger"": 0}","{""normal"": 1.0, ""unsafe"": 0.0, ""danger"": 0.0}",normal,normal,normal,True,False,labeling_yolo_single_frame,single_frame_gt_from_sampled_frame_label,/home/capstone2/zroact-stage2/benchmark2/data/viz_shufflenet_test/test_frame_30fps/normal_plant_rgb/images/intrusion_normal_rgb_0122_cctv3/intrusion_normal_rgb_0122_cctv3_t000026.jpg,,
intrusion_normal_rgb_0122_cctv3_f000036,intrusion_normal_rgb_0122_cctv3_f000016_000026_000036,normal_plant_rgb,intrusion_normal_rgb_0122_cctv3,normal_candidate,[36],[1.2],"{""start_frame"": 36, ""end_frame"": 36}","[""walk, carry/hold (an object)""]","[""normal""]",normal,1,"{""normal"": 1, ""unsafe"": 0, ""danger"": 0}","{""normal"": 1.0, ""unsafe"": 0.0, ""danger"": 0.0}",normal,normal,normal,True,False,labeling_yolo_single_frame,single_frame_gt_from_sampled_frame_label,/home/capstone2/zroact-stage2/benchmark2/data/viz_shufflenet_test/test_frame_30fps/normal_plant_rgb/images/intrusion_normal_rgb_0122_cctv3/intrusion_normal_rgb_0122_cctv3_t000036.jpg,,
intrusion_normal_rgb_0122_cctv3_f000046,intrusion_normal_rgb_0122_cctv3_f000046_000056_000066,normal_plant_rgb,intrusion_normal_rgb_0122_cctv3,normal_candidate,[46],[1.533],"{""start_frame"": 46, ""end_frame"": 46}","[""walk, carry/hold (an object)""]","[""normal""]",normal,1,"{""normal"": 1, ""unsafe"": 0, ""danger"": 0}","{""normal"": 1.0, ""unsafe"": 0.0, ""danger"": 0.0}",normal,normal,normal,True,False,labeling_yolo_single_frame,single_frame_gt_from_sampled_frame_label,/home/capstone2/zroact-stage2/benchmark2/data/viz_shufflenet_test/test_frame_30fps/normal_plant_rgb/images/intrusion_normal_rgb_0122_cctv3/intrusion_normal_rgb_0122_cctv3_t000046.jpg,,
intrusion_normal_rgb_0122_cctv3_f000056,intrusion_normal_rgb_0122_cctv3_f000046_000056_000066,normal_plant_rgb,intrusion_normal_rgb_0122_cctv3,normal_candidate,[56],[1.867],"{""start_frame"": 56, ""end_frame"": 56}","[""walk, carry/hold (an object)""]","[""normal""]",normal,1,"{""normal"": 1, ""unsafe"": 0, ""danger"": 0}","{""normal"": 1.0, ""unsafe"": 0.0, ""danger"": 0.0}",normal,normal,normal,True,False,labeling_yolo_single_frame,single_frame_gt_from_sampled_frame_label,/home/capstone2/zroact-stage2/benchmark2/data/viz_shufflenet_test/test_frame_30fps/normal_plant_rgb/images/intrusion_normal_rgb_0122_cctv3/intrusion_normal_rgb_0122_cctv3_t000056.jpg,,
intrusion_normal_rgb_0122_cctv3_f000066,intrusion_normal_rgb_0122_cctv3_f000046_000056_000066,normal_plant_rgb,intrusion_normal_rgb_0122_cctv3,normal_candidate,[66],[2.2],"{""start_frame"": 66, ""end_frame"": 66}","[""walk, carry/hold (an object)""]","[""normal""]",normal,1,"{""normal"": 1, ""unsafe"": 0, ""danger"": 0}","{""normal"": 1.0, ""unsafe"": 0.0, ""danger"": 0.0}",normal,normal,normal,True,False,labeling_yolo_single_frame,single_frame_gt_from_sampled_frame_label,/home/capstone2/zroact-stage2/benchmark2/data/viz_shufflenet_test/test_frame_30fps/normal_plant_rgb/images/intrusion_normal_rgb_0122_cctv3/intrusion_normal_rgb_0122_cctv3_t000066.jpg,,
intrusion_normal_rgb_0122_cctv3_f000076,intrusion_normal_rgb_0122_cctv3_f000076_000086_000096,normal_plant_rgb,intrusion_normal_rgb_0122_cctv3,normal_candidate,[76],[2.533],"{""start_frame"": 76, ""end_frame"": 76}","[""walk, carry/hold (an object)""]","[""normal""]",normal,1,"{""normal"": 1, ""unsafe"": 0, ""danger"": 0}","{""normal"": 1.0, ""unsafe"": 0.0, ""danger"": 0.0}",normal,normal,normal,True,False,labeling_yolo_single_frame,single_frame_gt_from_sampled_frame_label,/home/capstone2/zroact-stage2/benchmark2/data/viz_shufflenet_test/test_frame_30fps/normal_plant_rgb/images/intrusion_normal_rgb_0122_cctv3/intrusion_normal_rgb_0122_cctv3_t000076.jpg,,
intrusion_normal_rgb_0122_cctv3_f000086,intrusion_normal_rgb_0122_cctv3_f000076_000086_000096,normal_plant_rgb,intrusion_normal_rgb_0122_cctv3,normal_candidate,[86],[2.867],"{""start_frame"": 86, ""end_frame"": 86}","[""walk, carry/hold (an object)""]","[""normal""]",normal,1,"{""normal"": 1, ""unsafe"": 0, ""danger"": 0}","{""normal"": 1.0, ""unsafe"": 0.0, ""danger"": 0.0}",normal,normal,normal,True,False,labeling_yolo_single_frame,single_frame_gt_from_sampled_frame_label,/home/capstone2/zroact-stage2/benchmark2/data/viz_shufflenet_test/test_frame_30fps/normal_plant_rgb/images/intrusion_normal_rgb_0122_cctv3/intrusion_normal_rgb_0122_cctv3_t000086.jpg,,
intrusion_normal_rgb_0122_cctv3_f000096,intrusion_normal_rgb_0122_cctv3_f000076_000086_000096,normal_plant_rgb,intrusion_normal_rgb_0122_cctv3,normal_candidate,[96],[3.2],"{""start_frame"": 96, ""end_frame"": 96}","[""walk, carry/hold (an object)""]","[""normal""]",normal,1,"{""normal"": 1, ""unsafe"": 0, ""danger"": 0}","{""normal"": 1.0, ""unsafe"": 0.0, ""danger"": 0.0}",normal,normal,normal,True,False,labeling_yolo_single_frame,single_frame_gt_from_sampled_frame_label,/home/capstone2/zroact-stage2/benchmark2/data/viz_shufflenet_test/test_frame_30fps/normal_plant_rgb/images/intrusion_normal_rgb_0122_cctv3/intrusion_normal_rgb_0122_cctv3_t000096.jpg,,
intrusion_normal_rgb_0122_cctv3_f000106,intrusion_normal_rgb_0122_cctv3_f000106_000116_000126,normal_plant_rgb,intrusion_normal_rgb_0122_cctv3,normal_candidate,[106],[3.533],"{""start_frame"": 106, ""end_frame"": 106}","[""stand, carry/hold (an object)""]","[""normal""]",normal,1,"{""normal"": 1, ""unsafe"": 0, ""danger"": 0}","{""normal"": 1.0, ""unsafe"": 0.0, ""danger"": 0.0}",normal,normal,normal,True,False,labeling_yolo_single_frame,single_frame_gt_from_sampled_frame_label,/home/capstone2/zroact-stage2/benchmark2/data/viz_shufflenet_test/test_frame_30fps/normal_plant_rgb/images/intrusion_normal_rgb_0122_cctv3/intrusion_normal_rgb_0122_cctv3_t000106.jpg,,
intrusion_normal_rgb_0122_cctv3_f000116,intrusion_normal_rgb_0122_cctv3_f000106_000116_000126,normal_plant_rgb,intrusion_normal_rgb_0122_cctv3,normal_candidate,[116],[3.867],"{""start_frame"": 116, ""end_frame"": 116}","[""walk, carry/hold (an object)""]","[""normal""]",normal,1,"{""normal"": 1, ""unsafe"": 0, ""danger"": 0}","{""normal"": 1.0, ""unsafe"": 0.0, ""danger"": 0.0}",normal,normal,normal,True,False,labeling_yolo_single_frame,single_frame_gt_from_sampled_frame_label,/home/capstone2/zroact-stage2/benchmark2/data/viz_shufflenet_test/test_frame_30fps/normal_plant_rgb/images/intrusion_normal_rgb_0122_cctv3/intrusion_normal_rgb_0122_cctv3_t000116.jpg,,
intrusion_normal_rgb_0122_cctv3_f000126,intrusion_normal_rgb_0122_cctv3_f000106_000116_000126,normal_plant_rgb,intrusion_normal_rgb_0122_cctv3,normal_candidate,[126],[4.2],"{""start_frame"": 126, ""end_frame"": 126}","[""walk, carry/hold (an object)""]","[""normal""]",normal,1,"{""normal"": 1, ""unsafe"": 0, ""danger"": 0}","{""normal"": 1.0, ""unsafe"": 0.0, ""danger"": 0.0}",normal,normal,normal,True,False,labeling_yolo_single_frame,single_frame_gt_from_sampled_frame_label,/home/capstone2/zroact-stage2/benchmark2/data/viz_shufflenet_test/test_frame_30fps/normal_plant_rgb/images/intrusion_normal_rgb_0122_cctv3/intrusion_normal_rgb_0122_cctv3_t000126.jpg,,
intrusion_normal_rgb_0125_cctv2_f000016,intrusion_normal_rgb_0125_cctv2_f000016_000026_000036,normal_plant_rgb,intrusion_normal_rgb_0125_cctv2,normal_candidate,[16],[0.533],"{""start_frame"": 16, ""end_frame"": 16}","[""walk, carry/hold (an object)""]","[""normal""]",normal,1,"{""normal"": 1, ""unsafe"": 0, ""danger"": 0}","{""normal"": 1.0, ""unsafe"": 0.0, ""danger"": 0.0}",normal,normal,normal,True,False,labeling_yolo_single_frame,single_frame_gt_from_sampled_frame_label,/home/capstone2/zroact-stage2/benchmark2/data/viz_shufflenet_test/test_frame_30fps/normal_plant_rgb/images/intrusion_normal_rgb_0125_cctv2/intrusion_normal_rgb_0125_cctv2_t000016.jpg,,
intrusion_normal_rgb_0125_cctv2_f000026,intrusion_normal_rgb_0125_cctv2_f000016_000026_000036,normal_plant_rgb,intrusion_normal_rgb_0125_cctv2,normal_candidate,[26],[0.867],"{""start_frame"": 26, ""end_frame"": 26}","[""walk, carry/hold (an object)""]","[""normal""]",normal,1,"{""normal"": 1, ""unsafe"": 0, ""danger"": 0}","{""normal"": 1.0, ""unsafe"": 0.0, ""danger"": 0.0}",normal,normal,normal,True,False,labeling_yolo_single_frame,single_frame_gt_from_sampled_frame_label,/home/capstone2/zroact-stage2/benchmark2/data/viz_shufflenet_test/test_frame_30fps/normal_plant_rgb/images/intrusion_normal_rgb_0125_cctv2/intrusion_normal_rgb_0125_cctv2_t000026.jpg,,
intrusion_normal_rgb_0125_cctv2_f000036,intrusion_normal_rgb_0125_cctv2_f000016_000026_000036,normal_plant_rgb,intrusion_normal_rgb_0125_cctv2,normal_candidate,[36],[1.2],"{""start_frame"": 36, ""end_frame"": 36}","[""walk, carry/hold (an object)""]","[""normal""]",normal,1,"{""normal"": 1, ""unsafe"": 0, ""danger"": 0}","{""normal"": 1.0, ""unsafe"": 0.0, ""danger"": 0.0}",normal,normal,normal,True,False,labeling_yolo_single_frame,single_frame_gt_from_sampled_frame_label,/home/capstone2/zroact-stage2/benchmark2/data/viz_shufflenet_test/test_frame_30fps/normal_plant_rgb/images/intrusion_normal_rgb_0125_cctv2/intrusion_normal_rgb_0125_cctv2_t000036.jpg,,
intrusion_normal_rgb_0125_cctv2_f000046,intrusion_normal_rgb_0125_cctv2_f000046_000056_000066,normal_plant_rgb,intrusion_normal_rgb_0125_cctv2,normal_candidate,[46],[1.533],"{""start_frame"": 46, ""end_frame"": 46}","[""walk, carry/hold (an object)""]","[""normal""]",normal,1,"{""normal"": 1, ""unsafe"": 0, ""danger"": 0}","{""normal"": 1.0, ""unsafe"": 0.0, ""danger"": 0.0}",normal,normal,normal,True,False,labeling_yolo_single_frame,single_frame_gt_from_sampled_frame_label,/home/capstone2/zroact-stage2/benchmark2/data/viz_shufflenet_test/test_frame_30fps/normal_plant_rgb/images/intrusion_normal_rgb_0125_cctv2/intrusion_normal_rgb_0125_cctv2_t000046.jpg,,
intrusion_normal_rgb_0125_cctv2_f000056,intrusion_normal_rgb_0125_cctv2_f000046_000056_000066,normal_plant_rgb,intrusion_normal_rgb_0125_cctv2,normal_candidate,[56],[1.867],"{""start_frame"": 56, ""end_frame"": 56}","[""walk, carry/hold (an object)""]","[""normal""]",normal,1,"{""normal"": 1, ""unsafe"": 0, ""danger"": 0}","{""normal"": 1.0, ""unsafe"": 0.0, ""danger"": 0.0}",normal,normal,normal,True,False,labeling_yolo_single_frame,single_frame_gt_from_sampled_frame_label,/home/capstone2/zroact-stage2/benchmark2/data/viz_shufflenet_test/test_frame_30fps/normal_plant_rgb/images/intrusion_normal_rgb_0125_cctv2/intrusion_normal_rgb_0125_cctv2_t000056.jpg,,
intrusion_normal_rgb_0125_cctv2_f000066,intrusion_normal_rgb_0125_cctv2_f000046_000056_000066,normal_plant_rgb,intrusion_normal_rgb_0125_cctv2,normal_candidate,[66],[2.2],"{""start_frame"": 66, ""end_frame"": 66}","[""walk, carry/hold (an object)""]","[""normal""]",normal,1,"{""normal"": 1, ""unsafe"": 0, ""danger"": 0}","{""normal"": 1.0, ""unsafe"": 0.0, ""danger"": 0.0}",normal,normal,normal,True,False,labeling_yolo_single_frame,single_frame_gt_from_sampled_frame_label,/home/capstone2/zroact-stage2/benchmark2/data/viz_shufflenet_test/test_frame_30fps/normal_plant_rgb/images/intrusion_normal_rgb_0125_cctv2/intrusion_normal_rgb_0125_cctv2_t000066.jpg,,
intrusion_normal_rgb_0125_cctv2_f000076,intrusion_normal_rgb_0125_cctv2_f000076_000086_000096,normal_plant_rgb,intrusion_normal_rgb_0125_cctv2,normal_candidate,[76],[2.533],"{""start_frame"": 76, ""end_frame"": 76}","[""walk, carry/hold (an object)""]","[""normal""]",normal,1,"{""normal"": 1, ""unsafe"": 0, ""danger"": 0}","{""normal"": 1.0, ""unsafe"": 0.0, ""danger"": 0.0}",normal,normal,normal,True,False,labeling_yolo_single_frame,single_frame_gt_from_sampled_frame_label,/home/capstone2/zroact-stage2/benchmark2/data/viz_shufflenet_test/test_frame_30fps/normal_plant_rgb/images/intrusion_normal_rgb_0125_cctv2/intrusion_normal_rgb_0125_cctv2_t000076.jpg,,
intrusion_normal_rgb_0125_cctv2_f000086,intrusion_normal_rgb_0125_cctv2_f000076_000086_000096,normal_plant_rgb,intrusion_normal_rgb_0125_cctv2,normal_candidate,[86],[2.867],"{""start_frame"": 86, ""end_frame"": 86}","[""walk, carry/hold (an object)""]","[""normal""]",normal,1,"{""normal"": 1, ""unsafe"": 0, ""danger"": 0}","{""normal"": 1.0, ""unsafe"": 0.0, ""danger"": 0.0}",normal,normal,normal,True,False,labeling_yolo_single_frame,single_frame_gt_from_sampled_frame_label,/home/capstone2/zroact-stage2/benchmark2/data/viz_shufflenet_test/test_frame_30fps/normal_plant_rgb/images/intrusion_normal_rgb_0125_cctv2/intrusion_normal_rgb_0125_cctv2_t000086.jpg,,
intrusion_normal_rgb_0125_cctv2_f000096,intrusion_normal_rgb_0125_cctv2_f000076_000086_000096,normal_plant_rgb,intrusion_normal_rgb_0125_cctv2,normal_candidate,[96],[3.2],"{""start_frame"": 96, ""end_frame"": 96}","[""walk, carry/hold (an object)""]","[""normal""]",normal,1,"{""normal"": 1, ""unsafe"": 0, ""danger"": 0}","{""normal"": 1.0, ""unsafe"": 0.0, ""danger"": 0.0}",normal,normal,normal,True,False,labeling_yolo_single_frame,single_frame_gt_from_sampled_frame_label,/home/capstone2/zroact-stage2/benchmark2/data/viz_shufflenet_test/test_frame_30fps/normal_plant_rgb/images/intrusion_normal_rgb_0125_cctv2/intrusion_normal_rgb_0125_cctv2_t000096.jpg,,
intrusion_normal_rgb_0125_cctv2_f000106,intrusion_normal_rgb_0125_cctv2_f000106_000116_000126,normal_plant_rgb,intrusion_normal_rgb_0125_cctv2,normal_candidate,[106],[3.533],"{""start_frame"": 106, ""end_frame"": 106}","[""walk, carry/hold (an object)""]","[""normal""]",normal,1,"{""normal"": 1, ""unsafe"": 0, ""danger"": 0}","{""normal"": 1.0, ""unsafe"": 0.0, ""danger"": 0.0}",normal,normal,normal,True,False,labeling_yolo_single_frame,single_frame_gt_from_sampled_frame_label,/home/capstone2/zroact-stage2/benchmark2/data/viz_shufflenet_test/test_frame_30fps/normal_plant_rgb/images/intrusion_normal_rgb_0125_cctv2/intrusion_normal_rgb_0125_cctv2_t000106.jpg,,
intrusion_normal_rgb_0125_cctv2_f000116,intrusion_normal_rgb_0125_cctv2_f000106_000116_000126,normal_plant_rgb,intrusion_normal_rgb_0125_cctv2,normal_candidate,[116],[3.867],"{""start_frame"": 116, ""end_frame"": 116}","[""walk, carry/hold (an object)""]","[""normal""]",normal,1,"{""normal"": 1, ""unsafe"": 0, ""danger"": 0}","{""normal"": 1.0, ""unsafe"": 0.0, ""danger"": 0.0}",normal,normal,normal,True,False,labeling_yolo_single_frame,single_frame_gt_from_sampled_frame_label,/home/capstone2/zroact-stage2/benchmark2/data/viz_shufflenet_test/test_frame_30fps/normal_plant_rgb/images/intrusion_normal_rgb_0125_cctv2/intrusion_normal_rgb_0125_cctv2_t000116.jpg,,
intrusion_normal_rgb_0125_cctv2_f000126,intrusion_normal_rgb_0125_cctv2_f000106_000116_000126,normal_plant_rgb,intrusion_normal_rgb_0125_cctv2,normal_candidate,[126],[4.2],"{""start_frame"": 126, ""end_frame"": 126}","[""walk, carry/hold (an object)""]","[""normal""]",normal,1,"{""normal"": 1, ""unsafe"": 0, ""danger"": 0}","{""normal"": 1.0, ""unsafe"": 0.0, ""danger"": 0.0}",normal,normal,normal,True,False,labeling_yolo_single_frame,single_frame_gt_from_sampled_frame_label,/home/capstone2/zroact-stage2/benchmark2/data/viz_shufflenet_test/test_frame_30fps/normal_plant_rgb/images/intrusion_normal_rgb_0125_cctv2/intrusion_normal_rgb_0125_cctv2_t000126.jpg,,
intrusion_normal_rgb_0125_cctv2_f000136,intrusion_normal_rgb_0125_cctv2_f000136_000146_000156,normal_plant_rgb,intrusion_normal_rgb_0125_cctv2,normal_candidate,[136],[4.533],"{""start_frame"": 136, ""end_frame"": 136}","[""walk, carry/hold (an object)""]","[""normal""]",normal,1,"{""normal"": 1, ""unsafe"": 0, ""danger"": 0}","{""normal"": 1.0, ""unsafe"": 0.0, ""danger"": 0.0}",normal,normal,normal,True,False,labeling_yolo_single_frame,single_frame_gt_from_sampled_frame_label,/home/capstone2/zroact-stage2/benchmark2/data/viz_shufflenet_test/test_frame_30fps/normal_plant_rgb/images/intrusion_normal_rgb_0125_cctv2/intrusion_normal_rgb_0125_cctv2_t000136.jpg,,
intrusion_normal_rgb_0125_cctv2_f000146,intrusion_normal_rgb_0125_cctv2_f000136_000146_000156,normal_plant_rgb,intrusion_normal_rgb_0125_cctv2,normal_candidate,[146],[4.867],"{""start_frame"": 146, ""end_frame"": 146}","[""walk, carry/hold (an object)""]","[""normal""]",normal,1,"{""normal"": 1, ""unsafe"": 0, ""danger"": 0}","{""normal"": 1.0, ""unsafe"": 0.0, ""danger"": 0.0}",normal,normal,normal,True,False,labeling_yolo_single_frame,single_frame_gt_from_sampled_frame_label,/home/capstone2/zroact-stage2/benchmark2/data/viz_shufflenet_test/test_frame_30fps/normal_plant_rgb/images/intrusion_normal_rgb_0125_cctv2/intrusion_normal_rgb_0125_cctv2_t000146.jpg,,
intrusion_normal_rgb_0125_cctv2_f000156,intrusion_normal_rgb_0125_cctv2_f000136_000146_000156,normal_plant_rgb,intrusion_normal_rgb_0125_cctv2,normal_candidate,[156],[5.2],"{""start_frame"": 156, ""end_frame"": 156}","[""walk, carry/hold (an object)""]","[""normal""]",normal,1,"{""normal"": 1, ""unsafe"": 0, ""danger"": 0}","{""normal"": 1.0, ""unsafe"": 0.0, ""danger"": 0.0}",normal,normal,normal,True,False,labeling_yolo_single_frame,single_frame_gt_from_sampled_frame_label,/home/capstone2/zroact-stage2/benchmark2/data/viz_shufflenet_test/test_frame_30fps/normal_plant_rgb/images/intrusion_normal_rgb_0125_cctv2/intrusion_normal_rgb_0125_cctv2_t000156.jpg,,
intrusion_normal_rgb_0128_cctv1_f000016,intrusion_normal_rgb_0128_cctv1_f000016_000026_000036,normal_plant_rgb,intrusion_normal_rgb_0128_cctv1,normal_candidate,[16],[0.533],"{""start_frame"": 16, ""end_frame"": 16}","[""walk, carry/hold (an object)""]","[""normal""]",normal,1,"{""normal"": 1, ""unsafe"": 0, ""danger"": 0}","{""normal"": 1.0, ""unsafe"": 0.0, ""danger"": 0.0}",normal,normal,normal,True,False,labeling_yolo_single_frame,single_frame_gt_from_sampled_frame_label,/home/capstone2/zroact-stage2/benchmark2/data/viz_shufflenet_test/test_frame_30fps/normal_plant_rgb/images/intrusion_normal_rgb_0128_cctv1/intrusion_normal_rgb_0128_cctv1_t000016.jpg,,
intrusion_normal_rgb_0128_cctv1_f000026,intrusion_normal_rgb_0128_cctv1_f000016_000026_000036,normal_plant_rgb,intrusion_normal_rgb_0128_cctv1,normal_candidate,[26],[0.867],"{""start_frame"": 26, ""end_frame"": 26}","[""walk, carry/hold (an object)""]","[""normal""]",normal,1,"{""normal"": 1, ""unsafe"": 0, ""danger"": 0}","{""normal"": 1.0, ""unsafe"": 0.0, ""danger"": 0.0}",normal,normal,normal,True,False,labeling_yolo_single_frame,single_frame_gt_from_sampled_frame_label,/home/capstone2/zroact-stage2/benchmark2/data/viz_shufflenet_test/test_frame_30fps/normal_plant_rgb/images/intrusion_normal_rgb_0128_cctv1/intrusion_normal_rgb_0128_cctv1_t000026.jpg,,
intrusion_normal_rgb_0128_cctv1_f000036,intrusion_normal_rgb_0128_cctv1_f000016_000026_000036,normal_plant_rgb,intrusion_normal_rgb_0128_cctv1,normal_candidate,[36],[1.2],"{""start_frame"": 36, ""end_frame"": 36}","[""walk, carry/hold (an object)""]","[""normal""]",normal,1,"{""normal"": 1, ""unsafe"": 0, ""danger"": 0}","{""normal"": 1.0, ""unsafe"": 0.0, ""danger"": 0.0}",normal,normal,normal,True,False,labeling_yolo_single_frame,single_frame_gt_from_sampled_frame_label,/home/capstone2/zroact-stage2/benchmark2/data/viz_shufflenet_test/test_frame_30fps/normal_plant_rgb/images/intrusion_normal_rgb_0128_cctv1/intrusion_normal_rgb_0128_cctv1_t000036.jpg,,
intrusion_normal_rgb_0128_cctv1_f000046,intrusion_normal_rgb_0128_cctv1_f000046_000056_000066,normal_plant_rgb,intrusion_normal_rgb_0128_cctv1,normal_candidate,[46],[1.533],"{""start_frame"": 46, ""end_frame"": 46}","[""walk, carry/hold (an object)""]","[""normal""]",normal,1,"{""normal"": 1, ""unsafe"": 0, ""danger"": 0}","{""normal"": 1.0, ""unsafe"": 0.0, ""danger"": 0.0}",normal,normal,normal,True,False,labeling_yolo_single_frame,single_frame_gt_from_sampled_frame_label,/home/capstone2/zroact-stage2/benchmark2/data/viz_shufflenet_test/test_frame_30fps/normal_plant_rgb/images/intrusion_normal_rgb_0128_cctv1/intrusion_normal_rgb_0128_cctv1_t000046.jpg,,
intrusion_normal_rgb_0128_cctv1_f000056,intrusion_normal_rgb_0128_cctv1_f000046_000056_000066,normal_plant_rgb,intrusion_normal_rgb_0128_cctv1,normal_candidate,[56],[1.867],"{""start_frame"": 56, ""end_frame"": 56}","[""walk, carry/hold (an object)""]","[""normal""]",normal,1,"{""normal"": 1, ""unsafe"": 0, ""danger"": 0}","{""normal"": 1.0, ""unsafe"": 0.0, ""danger"": 0.0}",normal,normal,normal,True,False,labeling_yolo_single_frame,single_frame_gt_from_sampled_frame_label,/home/capstone2/zroact-stage2/benchmark2/data/viz_shufflenet_test/test_frame_30fps/normal_plant_rgb/images/intrusion_normal_rgb_0128_cctv1/intrusion_normal_rgb_0128_cctv1_t000056.jpg,,
intrusion_normal_rgb_0128_cctv1_f000066,intrusion_normal_rgb_0128_cctv1_f000046_000056_000066,normal_plant_rgb,intrusion_normal_rgb_0128_cctv1,normal_candidate,[66],[2.2],"{""start_frame"": 66, ""end_frame"": 66}","[""walk, carry/hold (an object)""]","[""normal""]",normal,1,"{""normal"": 1, ""unsafe"": 0, ""danger"": 0}","{""normal"": 1.0, ""unsafe"": 0.0, ""danger"": 0.0}",normal,normal,normal,True,False,labeling_yolo_single_frame,single_frame_gt_from_sampled_frame_label,/home/capstone2/zroact-stage2/benchmark2/data/viz_shufflenet_test/test_frame_30fps/normal_plant_rgb/images/intrusion_normal_rgb_0128_cctv1/intrusion_normal_rgb_0128_cctv1_t000066.jpg,,
intrusion_normal_rgb_0128_cctv1_f000076,intrusion_normal_rgb_0128_cctv1_f000076_000086_000096,normal_plant_rgb,intrusion_normal_rgb_0128_cctv1,normal_candidate,[76],[2.533],"{""start_frame"": 76, ""end_frame"": 76}","[""walk, stand""]","[""normal""]",normal,1,"{""normal"": 1, ""unsafe"": 0, ""danger"": 0}","{""normal"": 1.0, ""unsafe"": 0.0, ""danger"": 0.0}",normal,normal,normal,True,False,labeling_yolo_single_frame,single_frame_gt_from_sampled_frame_label,/home/capstone2/zroact-stage2/benchmark2/data/viz_shufflenet_test/test_frame_30fps/normal_plant_rgb/images/intrusion_normal_rgb_0128_cctv1/intrusion_normal_rgb_0128_cctv1_t000076.jpg,,
intrusion_normal_rgb_0128_cctv1_f000086,intrusion_normal_rgb_0128_cctv1_f000076_000086_000096,normal_plant_rgb,intrusion_normal_rgb_0128_cctv1,normal_candidate,[86],[2.867],"{""start_frame"": 86, ""end_frame"": 86}","[""walk, stand""]","[""normal""]",normal,1,"{""normal"": 1, ""unsafe"": 0, ""danger"": 0}","{""normal"": 1.0, ""unsafe"": 0.0, ""danger"": 0.0}",normal,normal,normal,True,False,labeling_yolo_single_frame,single_frame_gt_from_sampled_frame_label,/home/capstone2/zroact-stage2/benchmark2/data/viz_shufflenet_test/test_frame_30fps/normal_plant_rgb/images/intrusion_normal_rgb_0128_cctv1/intrusion_normal_rgb_0128_cctv1_t000086.jpg,,
intrusion_normal_rgb_0128_cctv1_f000096,intrusion_normal_rgb_0128_cctv1_f000076_000086_000096,normal_plant_rgb,intrusion_normal_rgb_0128_cctv1,normal_candidate,[96],[3.2],"{""start_frame"": 96, ""end_frame"": 96}","[""walk, carry/hold (an object)""]","[""normal""]",normal,1,"{""normal"": 1, ""unsafe"": 0, ""danger"": 0}","{""normal"": 1.0, ""unsafe"": 0.0, ""danger"": 0.0}",normal,normal,normal,True,False,labeling_yolo_single_frame,single_frame_gt_from_sampled_frame_label,/home/capstone2/zroact-stage2/benchmark2/data/viz_shufflenet_test/test_frame_30fps/normal_plant_rgb/images/intrusion_normal_rgb_0128_cctv1/intrusion_normal_rgb_0128_cctv1_t000096.jpg,,
intrusion_normal_rgb_0128_cctv1_f000106,intrusion_normal_rgb_0128_cctv1_f000106_000116_000126,normal_plant_rgb,intrusion_normal_rgb_0128_cctv1,normal_candidate,[106],[3.533],"{""start_frame"": 106, ""end_frame"": 106}","[""walk, carry/hold (an object)""]","[""normal""]",normal,1,"{""normal"": 1, ""unsafe"": 0, ""danger"": 0}","{""normal"": 1.0, ""unsafe"": 0.0, ""danger"": 0.0}",normal,normal,normal,True,False,labeling_yolo_single_frame,single_frame_gt_from_sampled_frame_label,/home/capstone2/zroact-stage2/benchmark2/data/viz_shufflenet_test/test_frame_30fps/normal_plant_rgb/images/intrusion_normal_rgb_0128_cctv1/intrusion_normal_rgb_0128_cctv1_t000106.jpg,,
intrusion_normal_rgb_0128_cctv1_f000116,intrusion_normal_rgb_0128_cctv1_f000106_000116_000126,normal_plant_rgb,intrusion_normal_rgb_0128_cctv1,normal_candidate,[116],[3.867],"{""start_frame"": 116, ""end_frame"": 116}","[""walk, carry/hold (an object)""]","[""normal""]",normal,1,"{""normal"": 1, ""unsafe"": 0, ""danger"": 0}","{""normal"": 1.0, ""unsafe"": 0.0, ""danger"": 0.0}",normal,normal,normal,True,False,labeling_yolo_single_frame,single_frame_gt_from_sampled_frame_label,/home/capstone2/zroact-stage2/benchmark2/data/viz_shufflenet_test/test_frame_30fps/normal_plant_rgb/images/intrusion_normal_rgb_0128_cctv1/intrusion_normal_rgb_0128_cctv1_t000116.jpg,,
intrusion_normal_rgb_0128_cctv1_f000126,intrusion_normal_rgb_0128_cctv1_f000106_000116_000126,normal_plant_rgb,intrusion_normal_rgb_0128_cctv1,normal_candidate,[126],[4.2],"{""start_frame"": 126, ""end_frame"": 126}","[""walk, carry/hold (an object)""]","[""normal""]",normal,1,"{""normal"": 1, ""unsafe"": 0, ""danger"": 0}","{""normal"": 1.0, ""unsafe"": 0.0, ""danger"": 0.0}",normal,normal,normal,True,False,labeling_yolo_single_frame,single_frame_gt_from_sampled_frame_label,/home/capstone2/zroact-stage2/benchmark2/data/viz_shufflenet_test/test_frame_30fps/normal_plant_rgb/images/intrusion_normal_rgb_0128_cctv1/intrusion_normal_rgb_0128_cctv1_t000126.jpg,,
intrusion_normal_rgb_0128_cctv1_f000136,intrusion_normal_rgb_0128_cctv1_f000136_000146_000156,normal_plant_rgb,intrusion_normal_rgb_0128_cctv1,normal_candidate,[136],[4.533],"{""start_frame"": 136, ""end_frame"": 136}","[""walk, carry/hold (an object)""]","[""normal""]",normal,1,"{""normal"": 1, ""unsafe"": 0, ""danger"": 0}","{""normal"": 1.0, ""unsafe"": 0.0, ""danger"": 0.0}",normal,normal,normal,True,False,labeling_yolo_single_frame,single_frame_gt_from_sampled_frame_label,/home/capstone2/zroact-stage2/benchmark2/data/viz_shufflenet_test/test_frame_30fps/normal_plant_rgb/images/intrusion_normal_rgb_0128_cctv1/intrusion_normal_rgb_0128_cctv1_t000136.jpg,,
intrusion_normal_rgb_0128_cctv1_f000146,intrusion_normal_rgb_0128_cctv1_f000136_000146_000156,normal_plant_rgb,intrusion_normal_rgb_0128_cctv1,normal_candidate,[146],[4.867],"{""start_frame"": 146, ""end_frame"": 146}","[""walk, carry/hold (an object)""]","[""normal""]",normal,1,"{""normal"": 1, ""unsafe"": 0, ""danger"": 0}","{""normal"": 1.0, ""unsafe"": 0.0, ""danger"": 0.0}",normal,normal,normal,True,False,labeling_yolo_single_frame,single_frame_gt_from_sampled_frame_label,/home/capstone2/zroact-stage2/benchmark2/data/viz_shufflenet_test/test_frame_30fps/normal_plant_rgb/images/intrusion_normal_rgb_0128_cctv1/intrusion_normal_rgb_0128_cctv1_t000146.jpg,,
intrusion_normal_rgb_0128_cctv1_f000156,intrusion_normal_rgb_0128_cctv1_f000136_000146_000156,normal_plant_rgb,intrusion_normal_rgb_0128_cctv1,normal_candidate,[156],[5.2],"{""start_frame"": 156, ""end_frame"": 156}","[""walk, carry/hold (an object)""]","[""normal""]",normal,1,"{""normal"": 1, ""unsafe"": 0, ""danger"": 0}","{""normal"": 1.0, ""unsafe"": 0.0, ""danger"": 0.0}",normal,normal,normal,True,False,labeling_yolo_single_frame,single_frame_gt_from_sampled_frame_label,/home/capstone2/zroact-stage2/benchmark2/data/viz_shufflenet_test/test_frame_30fps/normal_plant_rgb/images/intrusion_normal_rgb_0128_cctv1/intrusion_normal_rgb_0128_cctv1_t000156.jpg,,
intrusion_normal_rgb_0133_cctv1_f000016,intrusion_normal_rgb_0133_cctv1_f000016_000026_000036,normal_plant_rgb,intrusion_normal_rgb_0133_cctv1,normal_candidate,[16],[0.533],"{""start_frame"": 16, ""end_frame"": 16}","[""walk, carry/hold (an object)""]","[""normal""]",normal,1,"{""normal"": 1, ""unsafe"": 0, ""danger"": 0}","{""normal"": 1.0, ""unsafe"": 0.0, ""danger"": 0.0}",normal,normal,normal,True,False,labeling_yolo_single_frame,single_frame_gt_from_sampled_frame_label,/home/capstone2/zroact-stage2/benchmark2/data/viz_shufflenet_test/test_frame_30fps/normal_plant_rgb/images/intrusion_normal_rgb_0133_cctv1/intrusion_normal_rgb_0133_cctv1_t000016.jpg,,
intrusion_normal_rgb_0133_cctv1_f000026,intrusion_normal_rgb_0133_cctv1_f000016_000026_000036,normal_plant_rgb,intrusion_normal_rgb_0133_cctv1,normal_candidate,[26],[0.867],"{""start_frame"": 26, ""end_frame"": 26}","[""walk, carry/hold (an object)""]","[""normal""]",normal,1,"{""normal"": 1, ""unsafe"": 0, ""danger"": 0}","{""normal"": 1.0, ""unsafe"": 0.0, ""danger"": 0.0}",normal,normal,normal,True,False,labeling_yolo_single_frame,single_frame_gt_from_sampled_frame_label,/home/capstone2/zroact-stage2/benchmark2/data/viz_shufflenet_test/test_frame_30fps/normal_plant_rgb/images/intrusion_normal_rgb_0133_cctv1/intrusion_normal_rgb_0133_cctv1_t000026.jpg,,
intrusion_normal_rgb_0133_cctv1_f000036,intrusion_normal_rgb_0133_cctv1_f000016_000026_000036,normal_plant_rgb,intrusion_normal_rgb_0133_cctv1,normal_candidate,[36],[1.2],"{""start_frame"": 36, ""end_frame"": 36}","[""walk, carry/hold (an object)""]","[""normal""]",normal,1,"{""normal"": 1, ""unsafe"": 0, ""danger"": 0}","{""normal"": 1.0, ""unsafe"": 0.0, ""danger"": 0.0}",normal,normal,normal,True,False,labeling_yolo_single_frame,single_frame_gt_from_sampled_frame_label,/home/capstone2/zroact-stage2/benchmark2/data/viz_shufflenet_test/test_frame_30fps/normal_plant_rgb/images/intrusion_normal_rgb_0133_cctv1/intrusion_normal_rgb_0133_cctv1_t000036.jpg,,
intrusion_normal_rgb_0133_cctv1_f000046,intrusion_normal_rgb_0133_cctv1_f000046_000056_000066,normal_plant_rgb,intrusion_normal_rgb_0133_cctv1,normal_candidate,[46],[1.533],"{""start_frame"": 46, ""end_frame"": 46}","[""walk, carry/hold (an object)""]","[""normal""]",normal,1,"{""normal"": 1, ""unsafe"": 0, ""danger"": 0}","{""normal"": 1.0, ""unsafe"": 0.0, ""danger"": 0.0}",normal,normal,normal,True,False,labeling_yolo_single_frame,single_frame_gt_from_sampled_frame_label,/home/capstone2/zroact-stage2/benchmark2/data/viz_shufflenet_test/test_frame_30fps/normal_plant_rgb/images/intrusion_normal_rgb_0133_cctv1/intrusion_normal_rgb_0133_cctv1_t000046.jpg,,
intrusion_normal_rgb_0133_cctv1_f000056,intrusion_normal_rgb_0133_cctv1_f000046_000056_000066,normal_plant_rgb,intrusion_normal_rgb_0133_cctv1,normal_candidate,[56],[1.867],"{""start_frame"": 56, ""end_frame"": 56}","[""walk, carry/hold (an object)""]","[""normal""]",normal,1,"{""normal"": 1, ""unsafe"": 0, ""danger"": 0}","{""normal"": 1.0, ""unsafe"": 0.0, ""danger"": 0.0}",normal,normal,normal,True,False,labeling_yolo_single_frame,single_frame_gt_from_sampled_frame_label,/home/capstone2/zroact-stage2/benchmark2/data/viz_shufflenet_test/test_frame_30fps/normal_plant_rgb/images/intrusion_normal_rgb_0133_cctv1/intrusion_normal_rgb_0133_cctv1_t000056.jpg,,
intrusion_normal_rgb_0133_cctv1_f000066,intrusion_normal_rgb_0133_cctv1_f000046_000056_000066,normal_plant_rgb,intrusion_normal_rgb_0133_cctv1,normal_candidate,[66],[2.2],"{""start_frame"": 66, ""end_frame"": 66}","[""walk, carry/hold (an object)""]","[""normal""]",normal,1,"{""normal"": 1, ""unsafe"": 0, ""danger"": 0}","{""normal"": 1.0, ""unsafe"": 0.0, ""danger"": 0.0}",normal,normal,normal,True,False,labeling_yolo_single_frame,single_frame_gt_from_sampled_frame_label,/home/capstone2/zroact-stage2/benchmark2/data/viz_shufflenet_test/test_frame_30fps/normal_plant_rgb/images/intrusion_normal_rgb_0133_cctv1/intrusion_normal_rgb_0133_cctv1_t000066.jpg,,
intrusion_normal_rgb_0133_cctv1_f000076,intrusion_normal_rgb_0133_cctv1_f000076_000086_000096,normal_plant_rgb,intrusion_normal_rgb_0133_cctv1,normal_candidate,[76],[2.533],"{""start_frame"": 76, ""end_frame"": 76}","[""walk, carry/hold (an object)""]","[""normal""]",normal,1,"{""normal"": 1, ""unsafe"": 0, ""danger"": 0}","{""normal"": 1.0, ""unsafe"": 0.0, ""danger"": 0.0}",normal,normal,normal,True,False,labeling_yolo_single_frame,single_frame_gt_from_sampled_frame_label,/home/capstone2/zroact-stage2/benchmark2/data/viz_shufflenet_test/test_frame_30fps/normal_plant_rgb/images/intrusion_normal_rgb_0133_cctv1/intrusion_normal_rgb_0133_cctv1_t000076.jpg,,
intrusion_normal_rgb_0133_cctv1_f000086,intrusion_normal_rgb_0133_cctv1_f000076_000086_000096,normal_plant_rgb,intrusion_normal_rgb_0133_cctv1,normal_candidate,[86],[2.867],"{""start_frame"": 86, ""end_frame"": 86}","[""walk, carry/hold (an object)""]","[""normal""]",normal,1,"{""normal"": 1, ""unsafe"": 0, ""danger"": 0}","{""normal"": 1.0, ""unsafe"": 0.0, ""danger"": 0.0}",normal,normal,normal,True,False,labeling_yolo_single_frame,single_frame_gt_from_sampled_frame_label,/home/capstone2/zroact-stage2/benchmark2/data/viz_shufflenet_test/test_frame_30fps/normal_plant_rgb/images/intrusion_normal_rgb_0133_cctv1/intrusion_normal_rgb_0133_cctv1_t000086.jpg,,
intrusion_normal_rgb_0133_cctv1_f000096,intrusion_normal_rgb_0133_cctv1_f000076_000086_000096,normal_plant_rgb,intrusion_normal_rgb_0133_cctv1,normal_candidate,[96],[3.2],"{""start_frame"": 96, ""end_frame"": 96}","[""walk, carry/hold (an object)""]","[""normal""]",normal,1,"{""normal"": 1, ""unsafe"": 0, ""danger"": 0}","{""normal"": 1.0, ""unsafe"": 0.0, ""danger"": 0.0}",normal,normal,normal,True,False,labeling_yolo_single_frame,single_frame_gt_from_sampled_frame_label,/home/capstone2/zroact-stage2/benchmark2/data/viz_shufflenet_test/test_frame_30fps/normal_plant_rgb/images/intrusion_normal_rgb_0133_cctv1/intrusion_normal_rgb_0133_cctv1_t000096.jpg,,
intrusion_normal_rgb_0133_cctv1_f000106,intrusion_normal_rgb_0133_cctv1_f000106_000116_000126,normal_plant_rgb,intrusion_normal_rgb_0133_cctv1,normal_candidate,[106],[3.533],"{""start_frame"": 106, ""end_frame"": 106}","[""walk, carry/hold (an object)""]","[""normal""]",normal,1,"{""normal"": 1, ""unsafe"": 0, ""danger"": 0}","{""normal"": 1.0, ""unsafe"": 0.0, ""danger"": 0.0}",normal,normal,normal,True,False,labeling_yolo_single_frame,single_frame_gt_from_sampled_frame_label,/home/capstone2/zroact-stage2/benchmark2/data/viz_shufflenet_test/test_frame_30fps/normal_plant_rgb/images/intrusion_normal_rgb_0133_cctv1/intrusion_normal_rgb_0133_cctv1_t000106.jpg,,
intrusion_normal_rgb_0133_cctv1_f000116,intrusion_normal_rgb_0133_cctv1_f000106_000116_000126,normal_plant_rgb,intrusion_normal_rgb_0133_cctv1,normal_candidate,[116],[3.867],"{""start_frame"": 116, ""end_frame"": 116}","[""walk, carry/hold (an object)""]","[""normal""]",normal,1,"{""normal"": 1, ""unsafe"": 0, ""danger"": 0}","{""normal"": 1.0, ""unsafe"": 0.0, ""danger"": 0.0}",normal,normal,normal,True,False,labeling_yolo_single_frame,single_frame_gt_from_sampled_frame_label,/home/capstone2/zroact-stage2/benchmark2/data/viz_shufflenet_test/test_frame_30fps/normal_plant_rgb/images/intrusion_normal_rgb_0133_cctv1/intrusion_normal_rgb_0133_cctv1_t000116.jpg,,
intrusion_normal_rgb_0133_cctv1_f000126,intrusion_normal_rgb_0133_cctv1_f000106_000116_000126,normal_plant_rgb,intrusion_normal_rgb_0133_cctv1,normal_candidate,[126],[4.2],"{""start_frame"": 126, ""end_frame"": 126}","[""walk, carry/hold (an object)""]","[""normal""]",normal,1,"{""normal"": 1, ""unsafe"": 0, ""danger"": 0}","{""normal"": 1.0, ""unsafe"": 0.0, ""danger"": 0.0}",normal,normal,normal,True,False,labeling_yolo_single_frame,single_frame_gt_from_sampled_frame_label,/home/capstone2/zroact-stage2/benchmark2/data/viz_shufflenet_test/test_frame_30fps/normal_plant_rgb/images/intrusion_normal_rgb_0133_cctv1/intrusion_normal_rgb_0133_cctv1_t000126.jpg,,
intrusion_normal_rgb_0133_cctv1_f000136,intrusion_normal_rgb_0133_cctv1_f000136_000146_000156,normal_plant_rgb,intrusion_normal_rgb_0133_cctv1,normal_candidate,[136],[4.533],"{""start_frame"": 136, ""end_frame"": 136}","[""walk, carry/hold (an object)""]","[""normal""]",normal,1,"{""normal"": 1, ""unsafe"": 0, ""danger"": 0}","{""normal"": 1.0, ""unsafe"": 0.0, ""danger"": 0.0}",normal,normal,normal,True,False,labeling_yolo_single_frame,single_frame_gt_from_sampled_frame_label,/home/capstone2/zroact-stage2/benchmark2/data/viz_shufflenet_test/test_frame_30fps/normal_plant_rgb/images/intrusion_normal_rgb_0133_cctv1/intrusion_normal_rgb_0133_cctv1_t000136.jpg,,
intrusion_normal_rgb_0133_cctv1_f000146,intrusion_normal_rgb_0133_cctv1_f000136_000146_000156,normal_plant_rgb,intrusion_normal_rgb_0133_cctv1,normal_candidate,[146],[4.867],"{""start_frame"": 146, ""end_frame"": 146}","[""walk, carry/hold (an object)""]","[""normal""]",normal,1,"{""normal"": 1, ""unsafe"": 0, ""danger"": 0}","{""normal"": 1.0, ""unsafe"": 0.0, ""danger"": 0.0}",normal,normal,normal,True,False,labeling_yolo_single_frame,single_frame_gt_from_sampled_frame_label,/home/capstone2/zroact-stage2/benchmark2/data/viz_shufflenet_test/test_frame_30fps/normal_plant_rgb/images/intrusion_normal_rgb_0133_cctv1/intrusion_normal_rgb_0133_cctv1_t000146.jpg,,
intrusion_normal_rgb_0133_cctv1_f000156,intrusion_normal_rgb_0133_cctv1_f000136_000146_000156,normal_plant_rgb,intrusion_normal_rgb_0133_cctv1,normal_candidate,[156],[5.2],"{""start_frame"": 156, ""end_frame"": 156}","[""stand, carry/hold (an object)""]","[""normal""]",normal,1,"{""normal"": 1, ""unsafe"": 0, ""danger"": 0}","{""normal"": 1.0, ""unsafe"": 0.0, ""danger"": 0.0}",normal,normal,normal,True,False,labeling_yolo_single_frame,single_frame_gt_from_sampled_frame_label,/home/capstone2/zroact-stage2/benchmark2/data/viz_shufflenet_test/test_frame_30fps/normal_plant_rgb/images/intrusion_normal_rgb_0133_cctv1/intrusion_normal_rgb_0133_cctv1_t000156.jpg,,
intrusion_normal_rgb_0138_cctv2_f000016,intrusion_normal_rgb_0138_cctv2_f000016_000026_000036,normal_plant_rgb,intrusion_normal_rgb_0138_cctv2,normal_candidate,[16],[0.533],"{""start_frame"": 16, ""end_frame"": 16}","[""walk, carry/hold (an object)""]","[""normal""]",normal,1,"{""normal"": 1, ""unsafe"": 0, ""danger"": 0}","{""normal"": 1.0, ""unsafe"": 0.0, ""danger"": 0.0}",normal,normal,normal,True,False,labeling_yolo_single_frame,single_frame_gt_from_sampled_frame_label,/home/capstone2/zroact-stage2/benchmark2/data/viz_shufflenet_test/test_frame_30fps/normal_plant_rgb/images/intrusion_normal_rgb_0138_cctv2/intrusion_normal_rgb_0138_cctv2_t000016.jpg,,
intrusion_normal_rgb_0138_cctv2_f000026,intrusion_normal_rgb_0138_cctv2_f000016_000026_000036,normal_plant_rgb,intrusion_normal_rgb_0138_cctv2,normal_candidate,[26],[0.867],"{""start_frame"": 26, ""end_frame"": 26}","[""walk, carry/hold (an object)""]","[""normal""]",normal,1,"{""normal"": 1, ""unsafe"": 0, ""danger"": 0}","{""normal"": 1.0, ""unsafe"": 0.0, ""danger"": 0.0}",normal,normal,normal,True,False,labeling_yolo_single_frame,single_frame_gt_from_sampled_frame_label,/home/capstone2/zroact-stage2/benchmark2/data/viz_shufflenet_test/test_frame_30fps/normal_plant_rgb/images/intrusion_normal_rgb_0138_cctv2/intrusion_normal_rgb_0138_cctv2_t000026.jpg,,
intrusion_normal_rgb_0138_cctv2_f000036,intrusion_normal_rgb_0138_cctv2_f000016_000026_000036,normal_plant_rgb,intrusion_normal_rgb_0138_cctv2,normal_candidate,[36],[1.2],"{""start_frame"": 36, ""end_frame"": 36}","[""walk, carry/hold (an object)""]","[""normal""]",normal,1,"{""normal"": 1, ""unsafe"": 0, ""danger"": 0}","{""normal"": 1.0, ""unsafe"": 0.0, ""danger"": 0.0}",normal,normal,normal,True,False,labeling_yolo_single_frame,single_frame_gt_from_sampled_frame_label,/home/capstone2/zroact-stage2/benchmark2/data/viz_shufflenet_test/test_frame_30fps/normal_plant_rgb/images/intrusion_normal_rgb_0138_cctv2/intrusion_normal_rgb_0138_cctv2_t000036.jpg,,
intrusion_normal_rgb_0138_cctv2_f000046,intrusion_normal_rgb_0138_cctv2_f000046_000056_000066,normal_plant_rgb,intrusion_normal_rgb_0138_cctv2,normal_candidate,[46],[1.533],"{""start_frame"": 46, ""end_frame"": 46}","[""walk, carry/hold (an object)""]","[""normal""]",normal,1,"{""normal"": 1, ""unsafe"": 0, ""danger"": 0}","{""normal"": 1.0, ""unsafe"": 0.0, ""danger"": 0.0}",normal,normal,normal,True,False,labeling_yolo_single_frame,single_frame_gt_from_sampled_frame_label,/home/capstone2/zroact-stage2/benchmark2/data/viz_shufflenet_test/test_frame_30fps/normal_plant_rgb/images/intrusion_normal_rgb_0138_cctv2/intrusion_normal_rgb_0138_cctv2_t000046.jpg,,
intrusion_normal_rgb_0138_cctv2_f000056,intrusion_normal_rgb_0138_cctv2_f000046_000056_000066,normal_plant_rgb,intrusion_normal_rgb_0138_cctv2,normal_candidate,[56],[1.867],"{""start_frame"": 56, ""end_frame"": 56}","[""walk, carry/hold (an object)""]","[""normal""]",normal,1,"{""normal"": 1, ""unsafe"": 0, ""danger"": 0}","{""normal"": 1.0, ""unsafe"": 0.0, ""danger"": 0.0}",normal,normal,normal,True,False,labeling_yolo_single_frame,single_frame_gt_from_sampled_frame_label,/home/capstone2/zroact-stage2/benchmark2/data/viz_shufflenet_test/test_frame_30fps/normal_plant_rgb/images/intrusion_normal_rgb_0138_cctv2/intrusion_normal_rgb_0138_cctv2_t000056.jpg,,
intrusion_normal_rgb_0138_cctv2_f000066,intrusion_normal_rgb_0138_cctv2_f000046_000056_000066,normal_plant_rgb,intrusion_normal_rgb_0138_cctv2,normal_candidate,[66],[2.2],"{""start_frame"": 66, ""end_frame"": 66}","[""walk, carry/hold (an object)""]","[""normal""]",normal,1,"{""normal"": 1, ""unsafe"": 0, ""danger"": 0}","{""normal"": 1.0, ""unsafe"": 0.0, ""danger"": 0.0}",normal,normal,normal,True,False,labeling_yolo_single_frame,single_frame_gt_from_sampled_frame_label,/home/capstone2/zroact-stage2/benchmark2/data/viz_shufflenet_test/test_frame_30fps/normal_plant_rgb/images/intrusion_normal_rgb_0138_cctv2/intrusion_normal_rgb_0138_cctv2_t000066.jpg,,
intrusion_normal_rgb_0138_cctv2_f000076,intrusion_normal_rgb_0138_cctv2_f000076_000086_000096,normal_plant_rgb,intrusion_normal_rgb_0138_cctv2,normal_candidate,[76],[2.533],"{""start_frame"": 76, ""end_frame"": 76}","[""walk, carry/hold (an object)""]","[""normal""]",normal,1,"{""normal"": 1, ""unsafe"": 0, ""danger"": 0}","{""normal"": 1.0, ""unsafe"": 0.0, ""danger"": 0.0}",normal,normal,normal,True,False,labeling_yolo_single_frame,single_frame_gt_from_sampled_frame_label,/home/capstone2/zroact-stage2/benchmark2/data/viz_shufflenet_test/test_frame_30fps/normal_plant_rgb/images/intrusion_normal_rgb_0138_cctv2/intrusion_normal_rgb_0138_cctv2_t000076.jpg,,
intrusion_normal_rgb_0138_cctv2_f000086,intrusion_normal_rgb_0138_cctv2_f000076_000086_000096,normal_plant_rgb,intrusion_normal_rgb_0138_cctv2,normal_candidate,[86],[2.867],"{""start_frame"": 86, ""end_frame"": 86}","[""walk, carry/hold (an object)""]","[""normal""]",normal,1,"{""normal"": 1, ""unsafe"": 0, ""danger"": 0}","{""normal"": 1.0, ""unsafe"": 0.0, ""danger"": 0.0}",normal,normal,normal,True,False,labeling_yolo_single_frame,single_frame_gt_from_sampled_frame_label,/home/capstone2/zroact-stage2/benchmark2/data/viz_shufflenet_test/test_frame_30fps/normal_plant_rgb/images/intrusion_normal_rgb_0138_cctv2/intrusion_normal_rgb_0138_cctv2_t000086.jpg,,
intrusion_normal_rgb_0138_cctv2_f000096,intrusion_normal_rgb_0138_cctv2_f000076_000086_000096,normal_plant_rgb,intrusion_normal_rgb_0138_cctv2,normal_candidate,[96],[3.2],"{""start_frame"": 96, ""end_frame"": 96}","[""walk, carry/hold (an object)""]","[""normal""]",normal,1,"{""normal"": 1, ""unsafe"": 0, ""danger"": 0}","{""normal"": 1.0, ""unsafe"": 0.0, ""danger"": 0.0}",normal,normal,normal,True,False,labeling_yolo_single_frame,single_frame_gt_from_sampled_frame_label,/home/capstone2/zroact-stage2/benchmark2/data/viz_shufflenet_test/test_frame_30fps/normal_plant_rgb/images/intrusion_normal_rgb_0138_cctv2/intrusion_normal_rgb_0138_cctv2_t000096.jpg,,
intrusion_normal_rgb_0138_cctv2_f000106,intrusion_normal_rgb_0138_cctv2_f000106_000116_000126,normal_plant_rgb,intrusion_normal_rgb_0138_cctv2,normal_candidate,[106],[3.533],"{""start_frame"": 106, ""end_frame"": 106}","[""walk, carry/hold (an object)""]","[""normal""]",normal,1,"{""normal"": 1, ""unsafe"": 0, ""danger"": 0}","{""normal"": 1.0, ""unsafe"": 0.0, ""danger"": 0.0}",normal,normal,normal,True,False,labeling_yolo_single_frame,single_frame_gt_from_sampled_frame_label,/home/capstone2/zroact-stage2/benchmark2/data/viz_shufflenet_test/test_frame_30fps/normal_plant_rgb/images/intrusion_normal_rgb_0138_cctv2/intrusion_normal_rgb_0138_cctv2_t000106.jpg,,
intrusion_normal_rgb_0138_cctv2_f000116,intrusion_normal_rgb_0138_cctv2_f000106_000116_000126,normal_plant_rgb,intrusion_normal_rgb_0138_cctv2,normal_candidate,[116],[3.867],"{""start_frame"": 116, ""end_frame"": 116}","[""walk, carry/hold (an object)""]","[""normal""]",normal,1,"{""normal"": 1, ""unsafe"": 0, ""danger"": 0}","{""normal"": 1.0, ""unsafe"": 0.0, ""danger"": 0.0}",normal,normal,normal,True,False,labeling_yolo_single_frame,single_frame_gt_from_sampled_frame_label,/home/capstone2/zroact-stage2/benchmark2/data/viz_shufflenet_test/test_frame_30fps/normal_plant_rgb/images/intrusion_normal_rgb_0138_cctv2/intrusion_normal_rgb_0138_cctv2_t000116.jpg,,
intrusion_normal_rgb_0138_cctv2_f000126,intrusion_normal_rgb_0138_cctv2_f000106_000116_000126,normal_plant_rgb,intrusion_normal_rgb_0138_cctv2,normal_candidate,[126],[4.2],"{""start_frame"": 126, ""end_frame"": 126}","[""walk, carry/hold (an object)""]","[""normal""]",normal,1,"{""normal"": 1, ""unsafe"": 0, ""danger"": 0}","{""normal"": 1.0, ""unsafe"": 0.0, ""danger"": 0.0}",normal,normal,normal,True,False,labeling_yolo_single_frame,single_frame_gt_from_sampled_frame_label,/home/capstone2/zroact-stage2/benchmark2/data/viz_shufflenet_test/test_frame_30fps/normal_plant_rgb/images/intrusion_normal_rgb_0138_cctv2/intrusion_normal_rgb_0138_cctv2_t000126.jpg,,
intrusion_normal_rgb_0138_cctv2_f000136,intrusion_normal_rgb_0138_cctv2_f000136_000146_000156,normal_plant_rgb,intrusion_normal_rgb_0138_cctv2,normal_candidate,[136],[4.533],"{""start_frame"": 136, ""end_frame"": 136}","[""carry/hold (an object), walk""]","[""normal""]",normal,1,"{""normal"": 1, ""unsafe"": 0, ""danger"": 0}","{""normal"": 1.0, ""unsafe"": 0.0, ""danger"": 0.0}",normal,normal,normal,True,False,labeling_yolo_single_frame,single_frame_gt_from_sampled_frame_label,/home/capstone2/zroact-stage2/benchmark2/data/viz_shufflenet_test/test_frame_30fps/normal_plant_rgb/images/intrusion_normal_rgb_0138_cctv2/intrusion_normal_rgb_0138_cctv2_t000136.jpg,,
intrusion_normal_rgb_0138_cctv2_f000146,intrusion_normal_rgb_0138_cctv2_f000136_000146_000156,normal_plant_rgb,intrusion_normal_rgb_0138_cctv2,normal_candidate,[146],[4.867],"{""start_frame"": 146, ""end_frame"": 146}","[""walk, stand""]","[""normal""]",normal,1,"{""normal"": 1, ""unsafe"": 0, ""danger"": 0}","{""normal"": 1.0, ""unsafe"": 0.0, ""danger"": 0.0}",normal,normal,normal,True,False,labeling_yolo_single_frame,single_frame_gt_from_sampled_frame_label,/home/capstone2/zroact-stage2/benchmark2/data/viz_shufflenet_test/test_frame_30fps/normal_plant_rgb/images/intrusion_normal_rgb_0138_cctv2/intrusion_normal_rgb_0138_cctv2_t000146.jpg,,
intrusion_normal_rgb_0138_cctv2_f000156,intrusion_normal_rgb_0138_cctv2_f000136_000146_000156,normal_plant_rgb,intrusion_normal_rgb_0138_cctv2,normal_candidate,[156],[5.2],"{""start_frame"": 156, ""end_frame"": 156}","[""walk, carry/hold (an object)""]","[""normal""]",normal,1,"{""normal"": 1, ""unsafe"": 0, ""danger"": 0}","{""normal"": 1.0, ""unsafe"": 0.0, ""danger"": 0.0}",normal,normal,normal,True,False,labeling_yolo_single_frame,single_frame_gt_from_sampled_frame_label,/home/capstone2/zroact-stage2/benchmark2/data/viz_shufflenet_test/test_frame_30fps/normal_plant_rgb/images/intrusion_normal_rgb_0138_cctv2/intrusion_normal_rgb_0138_cctv2_t000156.jpg,,
intrusion_normal_rgb_0140_cctv4_f000016,intrusion_normal_rgb_0140_cctv4_f000016_000026_000036,normal_plant_rgb,intrusion_normal_rgb_0140_cctv4,normal_candidate,[16],[0.533],"{""start_frame"": 16, ""end_frame"": 16}","[""walk, carry/hold (an object)""]","[""normal""]",normal,1,"{""normal"": 1, ""unsafe"": 0, ""danger"": 0}","{""normal"": 1.0, ""unsafe"": 0.0, ""danger"": 0.0}",normal,normal,normal,True,False,labeling_yolo_single_frame,single_frame_gt_from_sampled_frame_label,/home/capstone2/zroact-stage2/benchmark2/data/viz_shufflenet_test/test_frame_30fps/normal_plant_rgb/images/intrusion_normal_rgb_0140_cctv4/intrusion_normal_rgb_0140_cctv4_t000016.jpg,,
intrusion_normal_rgb_0140_cctv4_f000026,intrusion_normal_rgb_0140_cctv4_f000016_000026_000036,normal_plant_rgb,intrusion_normal_rgb_0140_cctv4,normal_candidate,[26],[0.867],"{""start_frame"": 26, ""end_frame"": 26}","[""walk, carry/hold (an object)""]","[""normal""]",normal,1,"{""normal"": 1, ""unsafe"": 0, ""danger"": 0}","{""normal"": 1.0, ""unsafe"": 0.0, ""danger"": 0.0}",normal,normal,normal,True,False,labeling_yolo_single_frame,single_frame_gt_from_sampled_frame_label,/home/capstone2/zroact-stage2/benchmark2/data/viz_shufflenet_test/test_frame_30fps/normal_plant_rgb/images/intrusion_normal_rgb_0140_cctv4/intrusion_normal_rgb_0140_cctv4_t000026.jpg,,
intrusion_normal_rgb_0140_cctv4_f000036,intrusion_normal_rgb_0140_cctv4_f000016_000026_000036,normal_plant_rgb,intrusion_normal_rgb_0140_cctv4,normal_candidate,[36],[1.2],"{""start_frame"": 36, ""end_frame"": 36}","[""walk, carry/hold (an object)""]","[""normal""]",normal,1,"{""normal"": 1, ""unsafe"": 0, ""danger"": 0}","{""normal"": 1.0, ""unsafe"": 0.0, ""danger"": 0.0}",normal,normal,normal,True,False,labeling_yolo_single_frame,single_frame_gt_from_sampled_frame_label,/home/capstone2/zroact-stage2/benchmark2/data/viz_shufflenet_test/test_frame_30fps/normal_plant_rgb/images/intrusion_normal_rgb_0140_cctv4/intrusion_normal_rgb_0140_cctv4_t000036.jpg,,
intrusion_normal_rgb_0140_cctv4_f000046,intrusion_normal_rgb_0140_cctv4_f000046_000056_000066,normal_plant_rgb,intrusion_normal_rgb_0140_cctv4,normal_candidate,[46],[1.533],"{""start_frame"": 46, ""end_frame"": 46}","[""walk, carry/hold (an object)""]","[""normal""]",normal,1,"{""normal"": 1, ""unsafe"": 0, ""danger"": 0}","{""normal"": 1.0, ""unsafe"": 0.0, ""danger"": 0.0}",normal,normal,normal,True,False,labeling_yolo_single_frame,single_frame_gt_from_sampled_frame_label,/home/capstone2/zroact-stage2/benchmark2/data/viz_shufflenet_test/test_frame_30fps/normal_plant_rgb/images/intrusion_normal_rgb_0140_cctv4/intrusion_normal_rgb_0140_cctv4_t000046.jpg,,
intrusion_normal_rgb_0140_cctv4_f000056,intrusion_normal_rgb_0140_cctv4_f000046_000056_000066,normal_plant_rgb,intrusion_normal_rgb_0140_cctv4,normal_candidate,[56],[1.867],"{""start_frame"": 56, ""end_frame"": 56}","[""walk, carry/hold (an object)""]","[""normal""]",normal,1,"{""normal"": 1, ""unsafe"": 0, ""danger"": 0}","{""normal"": 1.0, ""unsafe"": 0.0, ""danger"": 0.0}",normal,normal,normal,True,False,labeling_yolo_single_frame,single_frame_gt_from_sampled_frame_label,/home/capstone2/zroact-stage2/benchmark2/data/viz_shufflenet_test/test_frame_30fps/normal_plant_rgb/images/intrusion_normal_rgb_0140_cctv4/intrusion_normal_rgb_0140_cctv4_t000056.jpg,,
intrusion_normal_rgb_0140_cctv4_f000066,intrusion_normal_rgb_0140_cctv4_f000046_000056_000066,normal_plant_rgb,intrusion_normal_rgb_0140_cctv4,normal_candidate,[66],[2.2],"{""start_frame"": 66, ""end_frame"": 66}","[""walk, carry/hold (an object)""]","[""normal""]",normal,1,"{""normal"": 1, ""unsafe"": 0, ""danger"": 0}","{""normal"": 1.0, ""unsafe"": 0.0, ""danger"": 0.0}",normal,normal,normal,True,False,labeling_yolo_single_frame,single_frame_gt_from_sampled_frame_label,/home/capstone2/zroact-stage2/benchmark2/data/viz_shufflenet_test/test_frame_30fps/normal_plant_rgb/images/intrusion_normal_rgb_0140_cctv4/intrusion_normal_rgb_0140_cctv4_t000066.jpg,,
intrusion_normal_rgb_0140_cctv4_f000076,intrusion_normal_rgb_0140_cctv4_f000076_000086_000096,normal_plant_rgb,intrusion_normal_rgb_0140_cctv4,normal_candidate,[76],[2.533],"{""start_frame"": 76, ""end_frame"": 76}","[""walk, carry/hold (an object)""]","[""normal""]",normal,1,"{""normal"": 1, ""unsafe"": 0, ""danger"": 0}","{""normal"": 1.0, ""unsafe"": 0.0, ""danger"": 0.0}",normal,normal,normal,True,False,labeling_yolo_single_frame,single_frame_gt_from_sampled_frame_label,/home/capstone2/zroact-stage2/benchmark2/data/viz_shufflenet_test/test_frame_30fps/normal_plant_rgb/images/intrusion_normal_rgb_0140_cctv4/intrusion_normal_rgb_0140_cctv4_t000076.jpg,,
intrusion_normal_rgb_0140_cctv4_f000086,intrusion_normal_rgb_0140_cctv4_f000076_000086_000096,normal_plant_rgb,intrusion_normal_rgb_0140_cctv4,normal_candidate,[86],[2.867],"{""start_frame"": 86, ""end_frame"": 86}","[""walk, carry/hold (an object)""]","[""normal""]",normal,1,"{""normal"": 1, ""unsafe"": 0, ""danger"": 0}","{""normal"": 1.0, ""unsafe"": 0.0, ""danger"": 0.0}",normal,normal,normal,True,False,labeling_yolo_single_frame,single_frame_gt_from_sampled_frame_label,/home/capstone2/zroact-stage2/benchmark2/data/viz_shufflenet_test/test_frame_30fps/normal_plant_rgb/images/intrusion_normal_rgb_0140_cctv4/intrusion_normal_rgb_0140_cctv4_t000086.jpg,,
intrusion_normal_rgb_0140_cctv4_f000096,intrusion_normal_rgb_0140_cctv4_f000076_000086_000096,normal_plant_rgb,intrusion_normal_rgb_0140_cctv4,normal_candidate,[96],[3.2],"{""start_frame"": 96, ""end_frame"": 96}","[""walk, carry/hold (an object)""]","[""normal""]",normal,1,"{""normal"": 1, ""unsafe"": 0, ""danger"": 0}","{""normal"": 1.0, ""unsafe"": 0.0, ""danger"": 0.0}",normal,normal,normal,True,False,labeling_yolo_single_frame,single_frame_gt_from_sampled_frame_label,/home/capstone2/zroact-stage2/benchmark2/data/viz_shufflenet_test/test_frame_30fps/normal_plant_rgb/images/intrusion_normal_rgb_0140_cctv4/intrusion_normal_rgb_0140_cctv4_t000096.jpg,,
intrusion_normal_rgb_0140_cctv4_f000106,intrusion_normal_rgb_0140_cctv4_f000106_000116_000126,normal_plant_rgb,intrusion_normal_rgb_0140_cctv4,normal_candidate,[106],[3.533],"{""start_frame"": 106, ""end_frame"": 106}","[""walk, carry/hold (an object)""]","[""normal""]",normal,1,"{""normal"": 1, ""unsafe"": 0, ""danger"": 0}","{""normal"": 1.0, ""unsafe"": 0.0, ""danger"": 0.0}",normal,normal,normal,True,False,labeling_yolo_single_frame,single_frame_gt_from_sampled_frame_label,/home/capstone2/zroact-stage2/benchmark2/data/viz_shufflenet_test/test_frame_30fps/normal_plant_rgb/images/intrusion_normal_rgb_0140_cctv4/intrusion_normal_rgb_0140_cctv4_t000106.jpg,,
intrusion_normal_rgb_0140_cctv4_f000116,intrusion_normal_rgb_0140_cctv4_f000106_000116_000126,normal_plant_rgb,intrusion_normal_rgb_0140_cctv4,normal_candidate,[116],[3.867],"{""start_frame"": 116, ""end_frame"": 116}","[""walk, carry/hold (an object)""]","[""normal""]",normal,1,"{""normal"": 1, ""unsafe"": 0, ""danger"": 0}","{""normal"": 1.0, ""unsafe"": 0.0, ""danger"": 0.0}",normal,normal,normal,True,False,labeling_yolo_single_frame,single_frame_gt_from_sampled_frame_label,/home/capstone2/zroact-stage2/benchmark2/data/viz_shufflenet_test/test_frame_30fps/normal_plant_rgb/images/intrusion_normal_rgb_0140_cctv4/intrusion_normal_rgb_0140_cctv4_t000116.jpg,,
intrusion_normal_rgb_0140_cctv4_f000126,intrusion_normal_rgb_0140_cctv4_f000106_000116_000126,normal_plant_rgb,intrusion_normal_rgb_0140_cctv4,normal_candidate,[126],[4.2],"{""start_frame"": 126, ""end_frame"": 126}","[""walk, carry/hold (an object)""]","[""normal""]",normal,1,"{""normal"": 1, ""unsafe"": 0, ""danger"": 0}","{""normal"": 1.0, ""unsafe"": 0.0, ""danger"": 0.0}",normal,normal,normal,True,False,labeling_yolo_single_frame,single_frame_gt_from_sampled_frame_label,/home/capstone2/zroact-stage2/benchmark2/data/viz_shufflenet_test/test_frame_30fps/normal_plant_rgb/images/intrusion_normal_rgb_0140_cctv4/intrusion_normal_rgb_0140_cctv4_t000126.jpg,,
intrusion_normal_rgb_0140_cctv4_f000136,intrusion_normal_rgb_0140_cctv4_f000136_000146_000156,normal_plant_rgb,intrusion_normal_rgb_0140_cctv4,normal_candidate,[136],[4.533],"{""start_frame"": 136, ""end_frame"": 136}","[""walk, carry/hold (an object)""]","[""normal""]",normal,1,"{""normal"": 1, ""unsafe"": 0, ""danger"": 0}","{""normal"": 1.0, ""unsafe"": 0.0, ""danger"": 0.0}",normal,normal,normal,True,False,labeling_yolo_single_frame,single_frame_gt_from_sampled_frame_label,/home/capstone2/zroact-stage2/benchmark2/data/viz_shufflenet_test/test_frame_30fps/normal_plant_rgb/images/intrusion_normal_rgb_0140_cctv4/intrusion_normal_rgb_0140_cctv4_t000136.jpg,,
intrusion_normal_rgb_0140_cctv4_f000146,intrusion_normal_rgb_0140_cctv4_f000136_000146_000156,normal_plant_rgb,intrusion_normal_rgb_0140_cctv4,normal_candidate,[146],[4.867],"{""start_frame"": 146, ""end_frame"": 146}","[""walk, carry/hold (an object)""]","[""normal""]",normal,1,"{""normal"": 1, ""unsafe"": 0, ""danger"": 0}","{""normal"": 1.0, ""unsafe"": 0.0, ""danger"": 0.0}",normal,normal,normal,True,False,labeling_yolo_single_frame,single_frame_gt_from_sampled_frame_label,/home/capstone2/zroact-stage2/benchmark2/data/viz_shufflenet_test/test_frame_30fps/normal_plant_rgb/images/intrusion_normal_rgb_0140_cctv4/intrusion_normal_rgb_0140_cctv4_t000146.jpg,,
intrusion_normal_rgb_0140_cctv4_f000156,intrusion_normal_rgb_0140_cctv4_f000136_000146_000156,normal_plant_rgb,intrusion_normal_rgb_0140_cctv4,normal_candidate,[156],[5.2],"{""start_frame"": 156, ""end_frame"": 156}","[""walk, carry/hold (an object)""]","[""normal""]",normal,1,"{""normal"": 1, ""unsafe"": 0, ""danger"": 0}","{""normal"": 1.0, ""unsafe"": 0.0, ""danger"": 0.0}",normal,normal,normal,True,False,labeling_yolo_single_frame,single_frame_gt_from_sampled_frame_label,/home/capstone2/zroact-stage2/benchmark2/data/viz_shufflenet_test/test_frame_30fps/normal_plant_rgb/images/intrusion_normal_rgb_0140_cctv4/intrusion_normal_rgb_0140_cctv4_t000156.jpg,,
intrusion_normal_rgb_0156_cctv2_f000016,intrusion_normal_rgb_0156_cctv2_f000016_000026_000036,normal_plant_rgb,intrusion_normal_rgb_0156_cctv2,normal_candidate,[16],[0.533],"{""start_frame"": 16, ""end_frame"": 16}","[""walk, carry/hold (an object)""]","[""normal""]",normal,1,"{""normal"": 1, ""unsafe"": 0, ""danger"": 0}","{""normal"": 1.0, ""unsafe"": 0.0, ""danger"": 0.0}",normal,normal,normal,True,False,labeling_yolo_single_frame,single_frame_gt_from_sampled_frame_label,/home/capstone2/zroact-stage2/benchmark2/data/viz_shufflenet_test/test_frame_30fps/normal_plant_rgb/images/intrusion_normal_rgb_0156_cctv2/intrusion_normal_rgb_0156_cctv2_t000016.jpg,,
intrusion_normal_rgb_0156_cctv2_f000026,intrusion_normal_rgb_0156_cctv2_f000016_000026_000036,normal_plant_rgb,intrusion_normal_rgb_0156_cctv2,normal_candidate,[26],[0.867],"{""start_frame"": 26, ""end_frame"": 26}","[""walk, carry/hold (an object)""]","[""normal""]",normal,1,"{""normal"": 1, ""unsafe"": 0, ""danger"": 0}","{""normal"": 1.0, ""unsafe"": 0.0, ""danger"": 0.0}",normal,normal,normal,True,False,labeling_yolo_single_frame,single_frame_gt_from_sampled_frame_label,/home/capstone2/zroact-stage2/benchmark2/data/viz_shufflenet_test/test_frame_30fps/normal_plant_rgb/images/intrusion_normal_rgb_0156_cctv2/intrusion_normal_rgb_0156_cctv2_t000026.jpg,,
intrusion_normal_rgb_0156_cctv2_f000036,intrusion_normal_rgb_0156_cctv2_f000016_000026_000036,normal_plant_rgb,intrusion_normal_rgb_0156_cctv2,normal_candidate,[36],[1.2],"{""start_frame"": 36, ""end_frame"": 36}","[""walk, carry/hold (an object)""]","[""normal""]",normal,1,"{""normal"": 1, ""unsafe"": 0, ""danger"": 0}","{""normal"": 1.0, ""unsafe"": 0.0, ""danger"": 0.0}",normal,normal,normal,True,False,labeling_yolo_single_frame,single_frame_gt_from_sampled_frame_label,/home/capstone2/zroact-stage2/benchmark2/data/viz_shufflenet_test/test_frame_30fps/normal_plant_rgb/images/intrusion_normal_rgb_0156_cctv2/intrusion_normal_rgb_0156_cctv2_t000036.jpg,,
intrusion_normal_rgb_0156_cctv2_f000046,intrusion_normal_rgb_0156_cctv2_f000046_000056_000066,normal_plant_rgb,intrusion_normal_rgb_0156_cctv2,normal_candidate,[46],[1.533],"{""start_frame"": 46, ""end_frame"": 46}","[""walk, carry/hold (an object)""]","[""normal""]",normal,1,"{""normal"": 1, ""unsafe"": 0, ""danger"": 0}","{""normal"": 1.0, ""unsafe"": 0.0, ""danger"": 0.0}",normal,normal,normal,True,False,labeling_yolo_single_frame,single_frame_gt_from_sampled_frame_label,/home/capstone2/zroact-stage2/benchmark2/data/viz_shufflenet_test/test_frame_30fps/normal_plant_rgb/images/intrusion_normal_rgb_0156_cctv2/intrusion_normal_rgb_0156_cctv2_t000046.jpg,,
intrusion_normal_rgb_0156_cctv2_f000056,intrusion_normal_rgb_0156_cctv2_f000046_000056_000066,normal_plant_rgb,intrusion_normal_rgb_0156_cctv2,normal_candidate,[56],[1.867],"{""start_frame"": 56, ""end_frame"": 56}","[""walk, carry/hold (an object)""]","[""normal""]",normal,1,"{""normal"": 1, ""unsafe"": 0, ""danger"": 0}","{""normal"": 1.0, ""unsafe"": 0.0, ""danger"": 0.0}",normal,normal,normal,True,False,labeling_yolo_single_frame,single_frame_gt_from_sampled_frame_label,/home/capstone2/zroact-stage2/benchmark2/data/viz_shufflenet_test/test_frame_30fps/normal_plant_rgb/images/intrusion_normal_rgb_0156_cctv2/intrusion_normal_rgb_0156_cctv2_t000056.jpg,,
intrusion_normal_rgb_0156_cctv2_f000066,intrusion_normal_rgb_0156_cctv2_f000046_000056_000066,normal_plant_rgb,intrusion_normal_rgb_0156_cctv2,normal_candidate,[66],[2.2],"{""start_frame"": 66, ""end_frame"": 66}","[""walk, carry/hold (an object)""]","[""normal""]",normal,1,"{""normal"": 1, ""unsafe"": 0, ""danger"": 0}","{""normal"": 1.0, ""unsafe"": 0.0, ""danger"": 0.0}",normal,normal,normal,True,False,labeling_yolo_single_frame,single_frame_gt_from_sampled_frame_label,/home/capstone2/zroact-stage2/benchmark2/data/viz_shufflenet_test/test_frame_30fps/normal_plant_rgb/images/intrusion_normal_rgb_0156_cctv2/intrusion_normal_rgb_0156_cctv2_t000066.jpg,,
intrusion_normal_rgb_0156_cctv2_f000076,intrusion_normal_rgb_0156_cctv2_f000076_000086_000096,normal_plant_rgb,intrusion_normal_rgb_0156_cctv2,normal_candidate,[76],[2.533],"{""start_frame"": 76, ""end_frame"": 76}","[""walk, carry/hold (an object)""]","[""normal""]",normal,1,"{""normal"": 1, ""unsafe"": 0, ""danger"": 0}","{""normal"": 1.0, ""unsafe"": 0.0, ""danger"": 0.0}",normal,normal,normal,True,False,labeling_yolo_single_frame,single_frame_gt_from_sampled_frame_label,/home/capstone2/zroact-stage2/benchmark2/data/viz_shufflenet_test/test_frame_30fps/normal_plant_rgb/images/intrusion_normal_rgb_0156_cctv2/intrusion_normal_rgb_0156_cctv2_t000076.jpg,,
intrusion_normal_rgb_0156_cctv2_f000086,intrusion_normal_rgb_0156_cctv2_f000076_000086_000096,normal_plant_rgb,intrusion_normal_rgb_0156_cctv2,normal_candidate,[86],[2.867],"{""start_frame"": 86, ""end_frame"": 86}","[""walk, carry/hold (an object)""]","[""normal""]",normal,1,"{""normal"": 1, ""unsafe"": 0, ""danger"": 0}","{""normal"": 1.0, ""unsafe"": 0.0, ""danger"": 0.0}",normal,normal,normal,True,False,labeling_yolo_single_frame,single_frame_gt_from_sampled_frame_label,/home/capstone2/zroact-stage2/benchmark2/data/viz_shufflenet_test/test_frame_30fps/normal_plant_rgb/images/intrusion_normal_rgb_0156_cctv2/intrusion_normal_rgb_0156_cctv2_t000086.jpg,,
intrusion_normal_rgb_0156_cctv2_f000096,intrusion_normal_rgb_0156_cctv2_f000076_000086_000096,normal_plant_rgb,intrusion_normal_rgb_0156_cctv2,normal_candidate,[96],[3.2],"{""start_frame"": 96, ""end_frame"": 96}","[""walk, carry/hold (an object)""]","[""normal""]",normal,1,"{""normal"": 1, ""unsafe"": 0, ""danger"": 0}","{""normal"": 1.0, ""unsafe"": 0.0, ""danger"": 0.0}",normal,normal,normal,True,False,labeling_yolo_single_frame,single_frame_gt_from_sampled_frame_label,/home/capstone2/zroact-stage2/benchmark2/data/viz_shufflenet_test/test_frame_30fps/normal_plant_rgb/images/intrusion_normal_rgb_0156_cctv2/intrusion_normal_rgb_0156_cctv2_t000096.jpg,,
intrusion_normal_rgb_0156_cctv2_f000106,intrusion_normal_rgb_0156_cctv2_f000106_000116_000126,normal_plant_rgb,intrusion_normal_rgb_0156_cctv2,normal_candidate,[106],[3.533],"{""start_frame"": 106, ""end_frame"": 106}","[""walk, carry/hold (an object)""]","[""normal""]",normal,1,"{""normal"": 1, ""unsafe"": 0, ""danger"": 0}","{""normal"": 1.0, ""unsafe"": 0.0, ""danger"": 0.0}",normal,normal,normal,True,False,labeling_yolo_single_frame,single_frame_gt_from_sampled_frame_label,/home/capstone2/zroact-stage2/benchmark2/data/viz_shufflenet_test/test_frame_30fps/normal_plant_rgb/images/intrusion_normal_rgb_0156_cctv2/intrusion_normal_rgb_0156_cctv2_t000106.jpg,,
intrusion_normal_rgb_0156_cctv2_f000116,intrusion_normal_rgb_0156_cctv2_f000106_000116_000126,normal_plant_rgb,intrusion_normal_rgb_0156_cctv2,normal_candidate,[116],[3.867],"{""start_frame"": 116, ""end_frame"": 116}","[""walk, carry/hold (an object)""]","[""normal""]",normal,1,"{""normal"": 1, ""unsafe"": 0, ""danger"": 0}","{""normal"": 1.0, ""unsafe"": 0.0, ""danger"": 0.0}",normal,normal,normal,True,False,labeling_yolo_single_frame,single_frame_gt_from_sampled_frame_label,/home/capstone2/zroact-stage2/benchmark2/data/viz_shufflenet_test/test_frame_30fps/normal_plant_rgb/images/intrusion_normal_rgb_0156_cctv2/intrusion_normal_rgb_0156_cctv2_t000116.jpg,,
intrusion_normal_rgb_0156_cctv2_f000126,intrusion_normal_rgb_0156_cctv2_f000106_000116_000126,normal_plant_rgb,intrusion_normal_rgb_0156_cctv2,normal_candidate,[126],[4.2],"{""start_frame"": 126, ""end_frame"": 126}","[""walk, carry/hold (an object)""]","[""normal""]",normal,1,"{""normal"": 1, ""unsafe"": 0, ""danger"": 0}","{""normal"": 1.0, ""unsafe"": 0.0, ""danger"": 0.0}",normal,normal,normal,True,False,labeling_yolo_single_frame,single_frame_gt_from_sampled_frame_label,/home/capstone2/zroact-stage2/benchmark2/data/viz_shufflenet_test/test_frame_30fps/normal_plant_rgb/images/intrusion_normal_rgb_0156_cctv2/intrusion_normal_rgb_0156_cctv2_t000126.jpg,,
intrusion_normal_rgb_0156_cctv2_f000136,intrusion_normal_rgb_0156_cctv2_f000136_000146_000156,normal_plant_rgb,intrusion_normal_rgb_0156_cctv2,normal_candidate,[136],[4.533],"{""start_frame"": 136, ""end_frame"": 136}","[""walk, carry/hold (an object)""]","[""normal""]",normal,1,"{""normal"": 1, ""unsafe"": 0, ""danger"": 0}","{""normal"": 1.0, ""unsafe"": 0.0, ""danger"": 0.0}",normal,normal,normal,True,False,labeling_yolo_single_frame,single_frame_gt_from_sampled_frame_label,/home/capstone2/zroact-stage2/benchmark2/data/viz_shufflenet_test/test_frame_30fps/normal_plant_rgb/images/intrusion_normal_rgb_0156_cctv2/intrusion_normal_rgb_0156_cctv2_t000136.jpg,,
intrusion_normal_rgb_0156_cctv2_f000146,intrusion_normal_rgb_0156_cctv2_f000136_000146_000156,normal_plant_rgb,intrusion_normal_rgb_0156_cctv2,normal_candidate,[146],[4.867],"{""start_frame"": 146, ""end_frame"": 146}","[""walk, carry/hold (an object)""]","[""normal""]",normal,1,"{""normal"": 1, ""unsafe"": 0, ""danger"": 0}","{""normal"": 1.0, ""unsafe"": 0.0, ""danger"": 0.0}",normal,normal,normal,True,False,labeling_yolo_single_frame,single_frame_gt_from_sampled_frame_label,/home/capstone2/zroact-stage2/benchmark2/data/viz_shufflenet_test/test_frame_30fps/normal_plant_rgb/images/intrusion_normal_rgb_0156_cctv2/intrusion_normal_rgb_0156_cctv2_t000146.jpg,,
intrusion_normal_rgb_0156_cctv2_f000156,intrusion_normal_rgb_0156_cctv2_f000136_000146_000156,normal_plant_rgb,intrusion_normal_rgb_0156_cctv2,normal_candidate,[156],[5.2],"{""start_frame"": 156, ""end_frame"": 156}","[""walk, carry/hold (an object)""]","[""normal""]",normal,1,"{""normal"": 1, ""unsafe"": 0, ""danger"": 0}","{""normal"": 1.0, ""unsafe"": 0.0, ""danger"": 0.0}",normal,normal,normal,True,False,labeling_yolo_single_frame,single_frame_gt_from_sampled_frame_label,/home/capstone2/zroact-stage2/benchmark2/data/viz_shufflenet_test/test_frame_30fps/normal_plant_rgb/images/intrusion_normal_rgb_0156_cctv2/intrusion_normal_rgb_0156_cctv2_t000156.jpg,,
intrusion_normal_rgb_0156_cctv2_f000166,intrusion_normal_rgb_0156_cctv2_f000166_000176_000186,normal_plant_rgb,intrusion_normal_rgb_0156_cctv2,normal_candidate,[166],[5.533],"{""start_frame"": 166, ""end_frame"": 166}","[""walk, carry/hold (an object)""]","[""normal""]",normal,1,"{""normal"": 1, ""unsafe"": 0, ""danger"": 0}","{""normal"": 1.0, ""unsafe"": 0.0, ""danger"": 0.0}",normal,normal,normal,True,False,labeling_yolo_single_frame,single_frame_gt_from_sampled_frame_label,/home/capstone2/zroact-stage2/benchmark2/data/viz_shufflenet_test/test_frame_30fps/normal_plant_rgb/images/intrusion_normal_rgb_0156_cctv2/intrusion_normal_rgb_0156_cctv2_t000166.jpg,,
intrusion_normal_rgb_0156_cctv2_f000176,intrusion_normal_rgb_0156_cctv2_f000166_000176_000186,normal_plant_rgb,intrusion_normal_rgb_0156_cctv2,normal_candidate,[176],[5.867],"{""start_frame"": 176, ""end_frame"": 176}","[""walk, carry/hold (an object)""]","[""normal""]",normal,1,"{""normal"": 1, ""unsafe"": 0, ""danger"": 0}","{""normal"": 1.0, ""unsafe"": 0.0, ""danger"": 0.0}",normal,normal,normal,True,False,labeling_yolo_single_frame,single_frame_gt_from_sampled_frame_label,/home/capstone2/zroact-stage2/benchmark2/data/viz_shufflenet_test/test_frame_30fps/normal_plant_rgb/images/intrusion_normal_rgb_0156_cctv2/intrusion_normal_rgb_0156_cctv2_t000176.jpg,,
intrusion_normal_rgb_0156_cctv2_f000186,intrusion_normal_rgb_0156_cctv2_f000166_000176_000186,normal_plant_rgb,intrusion_normal_rgb_0156_cctv2,normal_candidate,[186],[6.2],"{""start_frame"": 186, ""end_frame"": 186}","[""walk, carry/hold (an object)""]","[""normal""]",normal,1,"{""normal"": 1, ""unsafe"": 0, ""danger"": 0}","{""normal"": 1.0, ""unsafe"": 0.0, ""danger"": 0.0}",normal,normal,normal,True,False,labeling_yolo_single_frame,single_frame_gt_from_sampled_frame_label,/home/capstone2/zroact-stage2/benchmark2/data/viz_shufflenet_test/test_frame_30fps/normal_plant_rgb/images/intrusion_normal_rgb_0156_cctv2/intrusion_normal_rgb_0156_cctv2_t000186.jpg,,
intrusion_normal_rgb_0156_cctv2_f000196,intrusion_normal_rgb_0156_cctv2_f000196_000206_000216,normal_plant_rgb,intrusion_normal_rgb_0156_cctv2,normal_candidate,[196],[6.533],"{""start_frame"": 196, ""end_frame"": 196}","[""walk, carry/hold (an object)""]","[""normal""]",normal,1,"{""normal"": 1, ""unsafe"": 0, ""danger"": 0}","{""normal"": 1.0, ""unsafe"": 0.0, ""danger"": 0.0}",normal,normal,normal,True,False,labeling_yolo_single_frame,single_frame_gt_from_sampled_frame_label,/home/capstone2/zroact-stage2/benchmark2/data/viz_shufflenet_test/test_frame_30fps/normal_plant_rgb/images/intrusion_normal_rgb_0156_cctv2/intrusion_normal_rgb_0156_cctv2_t000196.jpg,,
intrusion_normal_rgb_0156_cctv2_f000206,intrusion_normal_rgb_0156_cctv2_f000196_000206_000216,normal_plant_rgb,intrusion_normal_rgb_0156_cctv2,normal_candidate,[206],[6.867],"{""start_frame"": 206, ""end_frame"": 206}","[""walk, carry/hold (an object)""]","[""normal""]",normal,1,"{""normal"": 1, ""unsafe"": 0, ""danger"": 0}","{""normal"": 1.0, ""unsafe"": 0.0, ""danger"": 0.0}",normal,normal,normal,True,False,labeling_yolo_single_frame,single_frame_gt_from_sampled_frame_label,/home/capstone2/zroact-stage2/benchmark2/data/viz_shufflenet_test/test_frame_30fps/normal_plant_rgb/images/intrusion_normal_rgb_0156_cctv2/intrusion_normal_rgb_0156_cctv2_t000206.jpg,,
intrusion_normal_rgb_0156_cctv2_f000216,intrusion_normal_rgb_0156_cctv2_f000196_000206_000216,normal_plant_rgb,intrusion_normal_rgb_0156_cctv2,normal_candidate,[216],[7.2],"{""start_frame"": 216, ""end_frame"": 216}","[""walk, carry/hold (an object)""]","[""normal""]",normal,1,"{""normal"": 1, ""unsafe"": 0, ""danger"": 0}","{""normal"": 1.0, ""unsafe"": 0.0, ""danger"": 0.0}",normal,normal,normal,True,False,labeling_yolo_single_frame,single_frame_gt_from_sampled_frame_label,/home/capstone2/zroact-stage2/benchmark2/data/viz_shufflenet_test/test_frame_30fps/normal_plant_rgb/images/intrusion_normal_rgb_0156_cctv2/intrusion_normal_rgb_0156_cctv2_t000216.jpg,,
intrusion_normal_rgb_0158_cctv2_f000016,intrusion_normal_rgb_0158_cctv2_f000016_000026_000036,normal_plant_rgb,intrusion_normal_rgb_0158_cctv2,normal_candidate,[16],[0.533],"{""start_frame"": 16, ""end_frame"": 16}","[""walk, carry/hold (an object)""]","[""normal""]",normal,1,"{""normal"": 1, ""unsafe"": 0, ""danger"": 0}","{""normal"": 1.0, ""unsafe"": 0.0, ""danger"": 0.0}",normal,normal,normal,True,False,labeling_yolo_single_frame,single_frame_gt_from_sampled_frame_label,/home/capstone2/zroact-stage2/benchmark2/data/viz_shufflenet_test/test_frame_30fps/normal_plant_rgb/images/intrusion_normal_rgb_0158_cctv2/intrusion_normal_rgb_0158_cctv2_t000016.jpg,,
intrusion_normal_rgb_0158_cctv2_f000026,intrusion_normal_rgb_0158_cctv2_f000016_000026_000036,normal_plant_rgb,intrusion_normal_rgb_0158_cctv2,normal_candidate,[26],[0.867],"{""start_frame"": 26, ""end_frame"": 26}","[""walk, carry/hold (an object)""]","[""normal""]",normal,1,"{""normal"": 1, ""unsafe"": 0, ""danger"": 0}","{""normal"": 1.0, ""unsafe"": 0.0, ""danger"": 0.0}",normal,normal,normal,True,False,labeling_yolo_single_frame,single_frame_gt_from_sampled_frame_label,/home/capstone2/zroact-stage2/benchmark2/data/viz_shufflenet_test/test_frame_30fps/normal_plant_rgb/images/intrusion_normal_rgb_0158_cctv2/intrusion_normal_rgb_0158_cctv2_t000026.jpg,,
intrusion_normal_rgb_0158_cctv2_f000036,intrusion_normal_rgb_0158_cctv2_f000016_000026_000036,normal_plant_rgb,intrusion_normal_rgb_0158_cctv2,normal_candidate,[36],[1.2],"{""start_frame"": 36, ""end_frame"": 36}","[""walk, carry/hold (an object)""]","[""normal""]",normal,1,"{""normal"": 1, ""unsafe"": 0, ""danger"": 0}","{""normal"": 1.0, ""unsafe"": 0.0, ""danger"": 0.0}",normal,normal,normal,True,False,labeling_yolo_single_frame,single_frame_gt_from_sampled_frame_label,/home/capstone2/zroact-stage2/benchmark2/data/viz_shufflenet_test/test_frame_30fps/normal_plant_rgb/images/intrusion_normal_rgb_0158_cctv2/intrusion_normal_rgb_0158_cctv2_t000036.jpg,,
intrusion_normal_rgb_0158_cctv2_f000046,intrusion_normal_rgb_0158_cctv2_f000046_000056_000066,normal_plant_rgb,intrusion_normal_rgb_0158_cctv2,normal_candidate,[46],[1.533],"{""start_frame"": 46, ""end_frame"": 46}","[""walk, stand""]","[""normal""]",normal,1,"{""normal"": 1, ""unsafe"": 0, ""danger"": 0}","{""normal"": 1.0, ""unsafe"": 0.0, ""danger"": 0.0}",normal,normal,normal,True,False,labeling_yolo_single_frame,single_frame_gt_from_sampled_frame_label,/home/capstone2/zroact-stage2/benchmark2/data/viz_shufflenet_test/test_frame_30fps/normal_plant_rgb/images/intrusion_normal_rgb_0158_cctv2/intrusion_normal_rgb_0158_cctv2_t000046.jpg,,
intrusion_normal_rgb_0158_cctv2_f000056,intrusion_normal_rgb_0158_cctv2_f000046_000056_000066,normal_plant_rgb,intrusion_normal_rgb_0158_cctv2,normal_candidate,[56],[1.867],"{""start_frame"": 56, ""end_frame"": 56}","[""walk, stand""]","[""normal""]",normal,1,"{""normal"": 1, ""unsafe"": 0, ""danger"": 0}","{""normal"": 1.0, ""unsafe"": 0.0, ""danger"": 0.0}",normal,normal,normal,True,False,labeling_yolo_single_frame,single_frame_gt_from_sampled_frame_label,/home/capstone2/zroact-stage2/benchmark2/data/viz_shufflenet_test/test_frame_30fps/normal_plant_rgb/images/intrusion_normal_rgb_0158_cctv2/intrusion_normal_rgb_0158_cctv2_t000056.jpg,,
intrusion_normal_rgb_0158_cctv2_f000066,intrusion_normal_rgb_0158_cctv2_f000046_000056_000066,normal_plant_rgb,intrusion_normal_rgb_0158_cctv2,normal_candidate,[66],[2.2],"{""start_frame"": 66, ""end_frame"": 66}","[""walk, carry/hold (an object)""]","[""normal""]",normal,1,"{""normal"": 1, ""unsafe"": 0, ""danger"": 0}","{""normal"": 1.0, ""unsafe"": 0.0, ""danger"": 0.0}",normal,normal,normal,True,False,labeling_yolo_single_frame,single_frame_gt_from_sampled_frame_label,/home/capstone2/zroact-stage2/benchmark2/data/viz_shufflenet_test/test_frame_30fps/normal_plant_rgb/images/intrusion_normal_rgb_0158_cctv2/intrusion_normal_rgb_0158_cctv2_t000066.jpg,,
intrusion_normal_rgb_0158_cctv2_f000076,intrusion_normal_rgb_0158_cctv2_f000076_000086_000096,normal_plant_rgb,intrusion_normal_rgb_0158_cctv2,normal_candidate,[76],[2.533],"{""start_frame"": 76, ""end_frame"": 76}","[""walk, carry/hold (an object)""]","[""normal""]",normal,1,"{""normal"": 1, ""unsafe"": 0, ""danger"": 0}","{""normal"": 1.0, ""unsafe"": 0.0, ""danger"": 0.0}",normal,normal,normal,True,False,labeling_yolo_single_frame,single_frame_gt_from_sampled_frame_label,/home/capstone2/zroact-stage2/benchmark2/data/viz_shufflenet_test/test_frame_30fps/normal_plant_rgb/images/intrusion_normal_rgb_0158_cctv2/intrusion_normal_rgb_0158_cctv2_t000076.jpg,,
intrusion_normal_rgb_0158_cctv2_f000086,intrusion_normal_rgb_0158_cctv2_f000076_000086_000096,normal_plant_rgb,intrusion_normal_rgb_0158_cctv2,normal_candidate,[86],[2.867],"{""start_frame"": 86, ""end_frame"": 86}","[""walk, carry/hold (an object)""]","[""normal""]",normal,1,"{""normal"": 1, ""unsafe"": 0, ""danger"": 0}","{""normal"": 1.0, ""unsafe"": 0.0, ""danger"": 0.0}",normal,normal,normal,True,False,labeling_yolo_single_frame,single_frame_gt_from_sampled_frame_label,/home/capstone2/zroact-stage2/benchmark2/data/viz_shufflenet_test/test_frame_30fps/normal_plant_rgb/images/intrusion_normal_rgb_0158_cctv2/intrusion_normal_rgb_0158_cctv2_t000086.jpg,,
intrusion_normal_rgb_0158_cctv2_f000096,intrusion_normal_rgb_0158_cctv2_f000076_000086_000096,normal_plant_rgb,intrusion_normal_rgb_0158_cctv2,normal_candidate,[96],[3.2],"{""start_frame"": 96, ""end_frame"": 96}","[""walk, carry/hold (an object)""]","[""normal""]",normal,1,"{""normal"": 1, ""unsafe"": 0, ""danger"": 0}","{""normal"": 1.0, ""unsafe"": 0.0, ""danger"": 0.0}",normal,normal,normal,True,False,labeling_yolo_single_frame,single_frame_gt_from_sampled_frame_label,/home/capstone2/zroact-stage2/benchmark2/data/viz_shufflenet_test/test_frame_30fps/normal_plant_rgb/images/intrusion_normal_rgb_0158_cctv2/intrusion_normal_rgb_0158_cctv2_t000096.jpg,,
intrusion_normal_rgb_0158_cctv2_f000106,intrusion_normal_rgb_0158_cctv2_f000106_000116_000126,normal_plant_rgb,intrusion_normal_rgb_0158_cctv2,normal_candidate,[106],[3.533],"{""start_frame"": 106, ""end_frame"": 106}","[""walk, stand""]","[""normal""]",normal,1,"{""normal"": 1, ""unsafe"": 0, ""danger"": 0}","{""normal"": 1.0, ""unsafe"": 0.0, ""danger"": 0.0}",normal,normal,normal,True,False,labeling_yolo_single_frame,single_frame_gt_from_sampled_frame_label,/home/capstone2/zroact-stage2/benchmark2/data/viz_shufflenet_test/test_frame_30fps/normal_plant_rgb/images/intrusion_normal_rgb_0158_cctv2/intrusion_normal_rgb_0158_cctv2_t000106.jpg,,
intrusion_normal_rgb_0158_cctv2_f000116,intrusion_normal_rgb_0158_cctv2_f000106_000116_000126,normal_plant_rgb,intrusion_normal_rgb_0158_cctv2,normal_candidate,[116],[3.867],"{""start_frame"": 116, ""end_frame"": 116}","[""walk, carry/hold (an object)""]","[""normal""]",normal,1,"{""normal"": 1, ""unsafe"": 0, ""danger"": 0}","{""normal"": 1.0, ""unsafe"": 0.0, ""danger"": 0.0}",normal,normal,normal,True,False,labeling_yolo_single_frame,single_frame_gt_from_sampled_frame_label,/home/capstone2/zroact-stage2/benchmark2/data/viz_shufflenet_test/test_frame_30fps/normal_plant_rgb/images/intrusion_normal_rgb_0158_cctv2/intrusion_normal_rgb_0158_cctv2_t000116.jpg,,
intrusion_normal_rgb_0158_cctv2_f000126,intrusion_normal_rgb_0158_cctv2_f000106_000116_000126,normal_plant_rgb,intrusion_normal_rgb_0158_cctv2,normal_candidate,[126],[4.2],"{""start_frame"": 126, ""end_frame"": 126}","[""walk, carry/hold (an object)""]","[""normal""]",normal,1,"{""normal"": 1, ""unsafe"": 0, ""danger"": 0}","{""normal"": 1.0, ""unsafe"": 0.0, ""danger"": 0.0}",normal,normal,normal,True,False,labeling_yolo_single_frame,single_frame_gt_from_sampled_frame_label,/home/capstone2/zroact-stage2/benchmark2/data/viz_shufflenet_test/test_frame_30fps/normal_plant_rgb/images/intrusion_normal_rgb_0158_cctv2/intrusion_normal_rgb_0158_cctv2_t000126.jpg,,
intrusion_normal_rgb_0158_cctv2_f000136,intrusion_normal_rgb_0158_cctv2_f000136_000146_000156,normal_plant_rgb,intrusion_normal_rgb_0158_cctv2,normal_candidate,[136],[4.533],"{""start_frame"": 136, ""end_frame"": 136}","[""walk, carry/hold (an object)""]","[""normal""]",normal,1,"{""normal"": 1, ""unsafe"": 0, ""danger"": 0}","{""normal"": 1.0, ""unsafe"": 0.0, ""danger"": 0.0}",normal,normal,normal,True,False,labeling_yolo_single_frame,single_frame_gt_from_sampled_frame_label,/home/capstone2/zroact-stage2/benchmark2/data/viz_shufflenet_test/test_frame_30fps/normal_plant_rgb/images/intrusion_normal_rgb_0158_cctv2/intrusion_normal_rgb_0158_cctv2_t000136.jpg,,
intrusion_normal_rgb_0158_cctv2_f000146,intrusion_normal_rgb_0158_cctv2_f000136_000146_000156,normal_plant_rgb,intrusion_normal_rgb_0158_cctv2,normal_candidate,[146],[4.867],"{""start_frame"": 146, ""end_frame"": 146}","[""walk, carry/hold (an object)""]","[""normal""]",normal,1,"{""normal"": 1, ""unsafe"": 0, ""danger"": 0}","{""normal"": 1.0, ""unsafe"": 0.0, ""danger"": 0.0}",normal,normal,normal,True,False,labeling_yolo_single_frame,single_frame_gt_from_sampled_frame_label,/home/capstone2/zroact-stage2/benchmark2/data/viz_shufflenet_test/test_frame_30fps/normal_plant_rgb/images/intrusion_normal_rgb_0158_cctv2/intrusion_normal_rgb_0158_cctv2_t000146.jpg,,
intrusion_normal_rgb_0158_cctv2_f000156,intrusion_normal_rgb_0158_cctv2_f000136_000146_000156,normal_plant_rgb,intrusion_normal_rgb_0158_cctv2,normal_candidate,[156],[5.2],"{""start_frame"": 156, ""end_frame"": 156}","[""walk, carry/hold (an object)""]","[""normal""]",normal,1,"{""normal"": 1, ""unsafe"": 0, ""danger"": 0}","{""normal"": 1.0, ""unsafe"": 0.0, ""danger"": 0.0}",normal,normal,normal,True,False,labeling_yolo_single_frame,single_frame_gt_from_sampled_frame_label,/home/capstone2/zroact-stage2/benchmark2/data/viz_shufflenet_test/test_frame_30fps/normal_plant_rgb/images/intrusion_normal_rgb_0158_cctv2/intrusion_normal_rgb_0158_cctv2_t000156.jpg,,
intrusion_normal_rgb_0161_cctv4_f000016,intrusion_normal_rgb_0161_cctv4_f000016_000026_000036,normal_plant_rgb,intrusion_normal_rgb_0161_cctv4,normal_candidate,[16],[0.533],"{""start_frame"": 16, ""end_frame"": 16}","[""walk, carry/hold (an object)""]","[""normal""]",normal,1,"{""normal"": 1, ""unsafe"": 0, ""danger"": 0}","{""normal"": 1.0, ""unsafe"": 0.0, ""danger"": 0.0}",normal,normal,normal,True,False,labeling_yolo_single_frame,single_frame_gt_from_sampled_frame_label,/home/capstone2/zroact-stage2/benchmark2/data/viz_shufflenet_test/test_frame_30fps/normal_plant_rgb/images/intrusion_normal_rgb_0161_cctv4/intrusion_normal_rgb_0161_cctv4_t000016.jpg,,
intrusion_normal_rgb_0161_cctv4_f000026,intrusion_normal_rgb_0161_cctv4_f000016_000026_000036,normal_plant_rgb,intrusion_normal_rgb_0161_cctv4,normal_candidate,[26],[0.867],"{""start_frame"": 26, ""end_frame"": 26}","[""walk, carry/hold (an object)""]","[""normal""]",normal,1,"{""normal"": 1, ""unsafe"": 0, ""danger"": 0}","{""normal"": 1.0, ""unsafe"": 0.0, ""danger"": 0.0}",normal,normal,normal,True,False,labeling_yolo_single_frame,single_frame_gt_from_sampled_frame_label,/home/capstone2/zroact-stage2/benchmark2/data/viz_shufflenet_test/test_frame_30fps/normal_plant_rgb/images/intrusion_normal_rgb_0161_cctv4/intrusion_normal_rgb_0161_cctv4_t000026.jpg,,
intrusion_normal_rgb_0161_cctv4_f000036,intrusion_normal_rgb_0161_cctv4_f000016_000026_000036,normal_plant_rgb,intrusion_normal_rgb_0161_cctv4,normal_candidate,[36],[1.2],"{""start_frame"": 36, ""end_frame"": 36}","[""walk, carry/hold (an object)""]","[""normal""]",normal,1,"{""normal"": 1, ""unsafe"": 0, ""danger"": 0}","{""normal"": 1.0, ""unsafe"": 0.0, ""danger"": 0.0}",normal,normal,normal,True,False,labeling_yolo_single_frame,single_frame_gt_from_sampled_frame_label,/home/capstone2/zroact-stage2/benchmark2/data/viz_shufflenet_test/test_frame_30fps/normal_plant_rgb/images/intrusion_normal_rgb_0161_cctv4/intrusion_normal_rgb_0161_cctv4_t000036.jpg,,
intrusion_normal_rgb_0161_cctv4_f000046,intrusion_normal_rgb_0161_cctv4_f000046_000056_000066,normal_plant_rgb,intrusion_normal_rgb_0161_cctv4,normal_candidate,[46],[1.533],"{""start_frame"": 46, ""end_frame"": 46}","[""walk, carry/hold (an object)""]","[""normal""]",normal,1,"{""normal"": 1, ""unsafe"": 0, ""danger"": 0}","{""normal"": 1.0, ""unsafe"": 0.0, ""danger"": 0.0}",normal,normal,normal,True,False,labeling_yolo_single_frame,single_frame_gt_from_sampled_frame_label,/home/capstone2/zroact-stage2/benchmark2/data/viz_shufflenet_test/test_frame_30fps/normal_plant_rgb/images/intrusion_normal_rgb_0161_cctv4/intrusion_normal_rgb_0161_cctv4_t000046.jpg,,
intrusion_normal_rgb_0161_cctv4_f000056,intrusion_normal_rgb_0161_cctv4_f000046_000056_000066,normal_plant_rgb,intrusion_normal_rgb_0161_cctv4,normal_candidate,[56],[1.867],"{""start_frame"": 56, ""end_frame"": 56}","[""walk, carry/hold (an object)""]","[""normal""]",normal,1,"{""normal"": 1, ""unsafe"": 0, ""danger"": 0}","{""normal"": 1.0, ""unsafe"": 0.0, ""danger"": 0.0}",normal,normal,normal,True,False,labeling_yolo_single_frame,single_frame_gt_from_sampled_frame_label,/home/capstone2/zroact-stage2/benchmark2/data/viz_shufflenet_test/test_frame_30fps/normal_plant_rgb/images/intrusion_normal_rgb_0161_cctv4/intrusion_normal_rgb_0161_cctv4_t000056.jpg,,
intrusion_normal_rgb_0161_cctv4_f000066,intrusion_normal_rgb_0161_cctv4_f000046_000056_000066,normal_plant_rgb,intrusion_normal_rgb_0161_cctv4,normal_candidate,[66],[2.2],"{""start_frame"": 66, ""end_frame"": 66}","[""walk, carry/hold (an object)""]","[""normal""]",normal,1,"{""normal"": 1, ""unsafe"": 0, ""danger"": 0}","{""normal"": 1.0, ""unsafe"": 0.0, ""danger"": 0.0}",normal,normal,normal,True,False,labeling_yolo_single_frame,single_frame_gt_from_sampled_frame_label,/home/capstone2/zroact-stage2/benchmark2/data/viz_shufflenet_test/test_frame_30fps/normal_plant_rgb/images/intrusion_normal_rgb_0161_cctv4/intrusion_normal_rgb_0161_cctv4_t000066.jpg,,
intrusion_normal_rgb_0161_cctv4_f000076,intrusion_normal_rgb_0161_cctv4_f000076_000086_000096,normal_plant_rgb,intrusion_normal_rgb_0161_cctv4,normal_candidate,[76],[2.533],"{""start_frame"": 76, ""end_frame"": 76}","[""walk, carry/hold (an object)""]","[""normal""]",normal,1,"{""normal"": 1, ""unsafe"": 0, ""danger"": 0}","{""normal"": 1.0, ""unsafe"": 0.0, ""danger"": 0.0}",normal,normal,normal,True,False,labeling_yolo_single_frame,single_frame_gt_from_sampled_frame_label,/home/capstone2/zroact-stage2/benchmark2/data/viz_shufflenet_test/test_frame_30fps/normal_plant_rgb/images/intrusion_normal_rgb_0161_cctv4/intrusion_normal_rgb_0161_cctv4_t000076.jpg,,
intrusion_normal_rgb_0161_cctv4_f000086,intrusion_normal_rgb_0161_cctv4_f000076_000086_000096,normal_plant_rgb,intrusion_normal_rgb_0161_cctv4,normal_candidate,[86],[2.867],"{""start_frame"": 86, ""end_frame"": 86}","[""walk, carry/hold (an object)""]","[""normal""]",normal,1,"{""normal"": 1, ""unsafe"": 0, ""danger"": 0}","{""normal"": 1.0, ""unsafe"": 0.0, ""danger"": 0.0}",normal,normal,normal,True,False,labeling_yolo_single_frame,single_frame_gt_from_sampled_frame_label,/home/capstone2/zroact-stage2/benchmark2/data/viz_shufflenet_test/test_frame_30fps/normal_plant_rgb/images/intrusion_normal_rgb_0161_cctv4/intrusion_normal_rgb_0161_cctv4_t000086.jpg,,
intrusion_normal_rgb_0161_cctv4_f000096,intrusion_normal_rgb_0161_cctv4_f000076_000086_000096,normal_plant_rgb,intrusion_normal_rgb_0161_cctv4,normal_candidate,[96],[3.2],"{""start_frame"": 96, ""end_frame"": 96}","[""walk, carry/hold (an object)""]","[""normal""]",normal,1,"{""normal"": 1, ""unsafe"": 0, ""danger"": 0}","{""normal"": 1.0, ""unsafe"": 0.0, ""danger"": 0.0}",normal,normal,normal,True,False,labeling_yolo_single_frame,single_frame_gt_from_sampled_frame_label,/home/capstone2/zroact-stage2/benchmark2/data/viz_shufflenet_test/test_frame_30fps/normal_plant_rgb/images/intrusion_normal_rgb_0161_cctv4/intrusion_normal_rgb_0161_cctv4_t000096.jpg,,
intrusion_normal_rgb_0161_cctv4_f000106,intrusion_normal_rgb_0161_cctv4_f000106_000116_000126,normal_plant_rgb,intrusion_normal_rgb_0161_cctv4,normal_candidate,[106],[3.533],"{""start_frame"": 106, ""end_frame"": 106}","[""walk, carry/hold (an object)""]","[""normal""]",normal,1,"{""normal"": 1, ""unsafe"": 0, ""danger"": 0}","{""normal"": 1.0, ""unsafe"": 0.0, ""danger"": 0.0}",normal,normal,normal,True,False,labeling_yolo_single_frame,single_frame_gt_from_sampled_frame_label,/home/capstone2/zroact-stage2/benchmark2/data/viz_shufflenet_test/test_frame_30fps/normal_plant_rgb/images/intrusion_normal_rgb_0161_cctv4/intrusion_normal_rgb_0161_cctv4_t000106.jpg,,
intrusion_normal_rgb_0161_cctv4_f000116,intrusion_normal_rgb_0161_cctv4_f000106_000116_000126,normal_plant_rgb,intrusion_normal_rgb_0161_cctv4,normal_candidate,[116],[3.867],"{""start_frame"": 116, ""end_frame"": 116}","[""walk, carry/hold (an object)""]","[""normal""]",normal,1,"{""normal"": 1, ""unsafe"": 0, ""danger"": 0}","{""normal"": 1.0, ""unsafe"": 0.0, ""danger"": 0.0}",normal,normal,normal,True,False,labeling_yolo_single_frame,single_frame_gt_from_sampled_frame_label,/home/capstone2/zroact-stage2/benchmark2/data/viz_shufflenet_test/test_frame_30fps/normal_plant_rgb/images/intrusion_normal_rgb_0161_cctv4/intrusion_normal_rgb_0161_cctv4_t000116.jpg,,
intrusion_normal_rgb_0161_cctv4_f000126,intrusion_normal_rgb_0161_cctv4_f000106_000116_000126,normal_plant_rgb,intrusion_normal_rgb_0161_cctv4,normal_candidate,[126],[4.2],"{""start_frame"": 126, ""end_frame"": 126}","[""walk, carry/hold (an object)""]","[""normal""]",normal,1,"{""normal"": 1, ""unsafe"": 0, ""danger"": 0}","{""normal"": 1.0, ""unsafe"": 0.0, ""danger"": 0.0}",normal,normal,normal,True,False,labeling_yolo_single_frame,single_frame_gt_from_sampled_frame_label,/home/capstone2/zroact-stage2/benchmark2/data/viz_shufflenet_test/test_frame_30fps/normal_plant_rgb/images/intrusion_normal_rgb_0161_cctv4/intrusion_normal_rgb_0161_cctv4_t000126.jpg,,
intrusion_normal_rgb_0161_cctv4_f000136,intrusion_normal_rgb_0161_cctv4_f000136_000146_000156,normal_plant_rgb,intrusion_normal_rgb_0161_cctv4,normal_candidate,[136],[4.533],"{""start_frame"": 136, ""end_frame"": 136}","[""walk, carry/hold (an object)""]","[""normal""]",normal,1,"{""normal"": 1, ""unsafe"": 0, ""danger"": 0}","{""normal"": 1.0, ""unsafe"": 0.0, ""danger"": 0.0}",normal,normal,normal,True,False,labeling_yolo_single_frame,single_frame_gt_from_sampled_frame_label,/home/capstone2/zroact-stage2/benchmark2/data/viz_shufflenet_test/test_frame_30fps/normal_plant_rgb/images/intrusion_normal_rgb_0161_cctv4/intrusion_normal_rgb_0161_cctv4_t000136.jpg,,
intrusion_normal_rgb_0161_cctv4_f000146,intrusion_normal_rgb_0161_cctv4_f000136_000146_000156,normal_plant_rgb,intrusion_normal_rgb_0161_cctv4,normal_candidate,[146],[4.867],"{""start_frame"": 146, ""end_frame"": 146}","[""walk, carry/hold (an object)""]","[""normal""]",normal,1,"{""normal"": 1, ""unsafe"": 0, ""danger"": 0}","{""normal"": 1.0, ""unsafe"": 0.0, ""danger"": 0.0}",normal,normal,normal,True,False,labeling_yolo_single_frame,single_frame_gt_from_sampled_frame_label,/home/capstone2/zroact-stage2/benchmark2/data/viz_shufflenet_test/test_frame_30fps/normal_plant_rgb/images/intrusion_normal_rgb_0161_cctv4/intrusion_normal_rgb_0161_cctv4_t000146.jpg,,
intrusion_normal_rgb_0161_cctv4_f000156,intrusion_normal_rgb_0161_cctv4_f000136_000146_000156,normal_plant_rgb,intrusion_normal_rgb_0161_cctv4,normal_candidate,[156],[5.2],"{""start_frame"": 156, ""end_frame"": 156}","[""walk, carry/hold (an object)""]","[""normal""]",normal,1,"{""normal"": 1, ""unsafe"": 0, ""danger"": 0}","{""normal"": 1.0, ""unsafe"": 0.0, ""danger"": 0.0}",normal,normal,normal,True,False,labeling_yolo_single_frame,single_frame_gt_from_sampled_frame_label,/home/capstone2/zroact-stage2/benchmark2/data/viz_shufflenet_test/test_frame_30fps/normal_plant_rgb/images/intrusion_normal_rgb_0161_cctv4/intrusion_normal_rgb_0161_cctv4_t000156.jpg,,
intrusion_normal_rgb_0162_cctv2_f000016,intrusion_normal_rgb_0162_cctv2_f000016_000026_000036,normal_plant_rgb,intrusion_normal_rgb_0162_cctv2,normal_candidate,[16],[0.533],"{""start_frame"": 16, ""end_frame"": 16}","[""walk, carry/hold (an object)""]","[""normal""]",normal,1,"{""normal"": 1, ""unsafe"": 0, ""danger"": 0}","{""normal"": 1.0, ""unsafe"": 0.0, ""danger"": 0.0}",normal,normal,normal,True,False,labeling_yolo_single_frame,single_frame_gt_from_sampled_frame_label,/home/capstone2/zroact-stage2/benchmark2/data/viz_shufflenet_test/test_frame_30fps/normal_plant_rgb/images/intrusion_normal_rgb_0162_cctv2/intrusion_normal_rgb_0162_cctv2_t000016.jpg,,
intrusion_normal_rgb_0162_cctv2_f000026,intrusion_normal_rgb_0162_cctv2_f000016_000026_000036,normal_plant_rgb,intrusion_normal_rgb_0162_cctv2,normal_candidate,[26],[0.867],"{""start_frame"": 26, ""end_frame"": 26}","[""walk, carry/hold (an object)""]","[""normal""]",normal,1,"{""normal"": 1, ""unsafe"": 0, ""danger"": 0}","{""normal"": 1.0, ""unsafe"": 0.0, ""danger"": 0.0}",normal,normal,normal,True,False,labeling_yolo_single_frame,single_frame_gt_from_sampled_frame_label,/home/capstone2/zroact-stage2/benchmark2/data/viz_shufflenet_test/test_frame_30fps/normal_plant_rgb/images/intrusion_normal_rgb_0162_cctv2/intrusion_normal_rgb_0162_cctv2_t000026.jpg,,
intrusion_normal_rgb_0162_cctv2_f000036,intrusion_normal_rgb_0162_cctv2_f000016_000026_000036,normal_plant_rgb,intrusion_normal_rgb_0162_cctv2,normal_candidate,[36],[1.2],"{""start_frame"": 36, ""end_frame"": 36}","[""walk, carry/hold (an object)""]","[""normal""]",normal,1,"{""normal"": 1, ""unsafe"": 0, ""danger"": 0}","{""normal"": 1.0, ""unsafe"": 0.0, ""danger"": 0.0}",normal,normal,normal,True,False,labeling_yolo_single_frame,single_frame_gt_from_sampled_frame_label,/home/capstone2/zroact-stage2/benchmark2/data/viz_shufflenet_test/test_frame_30fps/normal_plant_rgb/images/intrusion_normal_rgb_0162_cctv2/intrusion_normal_rgb_0162_cctv2_t000036.jpg,,
intrusion_normal_rgb_0162_cctv2_f000046,intrusion_normal_rgb_0162_cctv2_f000046_000056_000066,normal_plant_rgb,intrusion_normal_rgb_0162_cctv2,normal_candidate,[46],[1.533],"{""start_frame"": 46, ""end_frame"": 46}","[""walk, carry/hold (an object)""]","[""normal""]",normal,1,"{""normal"": 1, ""unsafe"": 0, ""danger"": 0}","{""normal"": 1.0, ""unsafe"": 0.0, ""danger"": 0.0}",normal,normal,normal,True,False,labeling_yolo_single_frame,single_frame_gt_from_sampled_frame_label,/home/capstone2/zroact-stage2/benchmark2/data/viz_shufflenet_test/test_frame_30fps/normal_plant_rgb/images/intrusion_normal_rgb_0162_cctv2/intrusion_normal_rgb_0162_cctv2_t000046.jpg,,
intrusion_normal_rgb_0162_cctv2_f000056,intrusion_normal_rgb_0162_cctv2_f000046_000056_000066,normal_plant_rgb,intrusion_normal_rgb_0162_cctv2,normal_candidate,[56],[1.867],"{""start_frame"": 56, ""end_frame"": 56}","[""walk, carry/hold (an object)""]","[""normal""]",normal,1,"{""normal"": 1, ""unsafe"": 0, ""danger"": 0}","{""normal"": 1.0, ""unsafe"": 0.0, ""danger"": 0.0}",normal,normal,normal,True,False,labeling_yolo_single_frame,single_frame_gt_from_sampled_frame_label,/home/capstone2/zroact-stage2/benchmark2/data/viz_shufflenet_test/test_frame_30fps/normal_plant_rgb/images/intrusion_normal_rgb_0162_cctv2/intrusion_normal_rgb_0162_cctv2_t000056.jpg,,
intrusion_normal_rgb_0162_cctv2_f000066,intrusion_normal_rgb_0162_cctv2_f000046_000056_000066,normal_plant_rgb,intrusion_normal_rgb_0162_cctv2,normal_candidate,[66],[2.2],"{""start_frame"": 66, ""end_frame"": 66}","[""walk, carry/hold (an object)""]","[""normal""]",normal,1,"{""normal"": 1, ""unsafe"": 0, ""danger"": 0}","{""normal"": 1.0, ""unsafe"": 0.0, ""danger"": 0.0}",normal,normal,normal,True,False,labeling_yolo_single_frame,single_frame_gt_from_sampled_frame_label,/home/capstone2/zroact-stage2/benchmark2/data/viz_shufflenet_test/test_frame_30fps/normal_plant_rgb/images/intrusion_normal_rgb_0162_cctv2/intrusion_normal_rgb_0162_cctv2_t000066.jpg,,
intrusion_normal_rgb_0162_cctv2_f000076,intrusion_normal_rgb_0162_cctv2_f000076_000086_000096,normal_plant_rgb,intrusion_normal_rgb_0162_cctv2,normal_candidate,[76],[2.533],"{""start_frame"": 76, ""end_frame"": 76}","[""walk, carry/hold (an object)""]","[""normal""]",normal,1,"{""normal"": 1, ""unsafe"": 0, ""danger"": 0}","{""normal"": 1.0, ""unsafe"": 0.0, ""danger"": 0.0}",normal,normal,normal,True,False,labeling_yolo_single_frame,single_frame_gt_from_sampled_frame_label,/home/capstone2/zroact-stage2/benchmark2/data/viz_shufflenet_test/test_frame_30fps/normal_plant_rgb/images/intrusion_normal_rgb_0162_cctv2/intrusion_normal_rgb_0162_cctv2_t000076.jpg,,
intrusion_normal_rgb_0162_cctv2_f000086,intrusion_normal_rgb_0162_cctv2_f000076_000086_000096,normal_plant_rgb,intrusion_normal_rgb_0162_cctv2,normal_candidate,[86],[2.867],"{""start_frame"": 86, ""end_frame"": 86}","[""walk, carry/hold (an object)""]","[""normal""]",normal,1,"{""normal"": 1, ""unsafe"": 0, ""danger"": 0}","{""normal"": 1.0, ""unsafe"": 0.0, ""danger"": 0.0}",normal,normal,normal,True,False,labeling_yolo_single_frame,single_frame_gt_from_sampled_frame_label,/home/capstone2/zroact-stage2/benchmark2/data/viz_shufflenet_test/test_frame_30fps/normal_plant_rgb/images/intrusion_normal_rgb_0162_cctv2/intrusion_normal_rgb_0162_cctv2_t000086.jpg,,
intrusion_normal_rgb_0162_cctv2_f000096,intrusion_normal_rgb_0162_cctv2_f000076_000086_000096,normal_plant_rgb,intrusion_normal_rgb_0162_cctv2,normal_candidate,[96],[3.2],"{""start_frame"": 96, ""end_frame"": 96}","[""walk, carry/hold (an object)""]","[""normal""]",normal,1,"{""normal"": 1, ""unsafe"": 0, ""danger"": 0}","{""normal"": 1.0, ""unsafe"": 0.0, ""danger"": 0.0}",normal,normal,normal,True,False,labeling_yolo_single_frame,single_frame_gt_from_sampled_frame_label,/home/capstone2/zroact-stage2/benchmark2/data/viz_shufflenet_test/test_frame_30fps/normal_plant_rgb/images/intrusion_normal_rgb_0162_cctv2/intrusion_normal_rgb_0162_cctv2_t000096.jpg,,
intrusion_normal_rgb_0162_cctv2_f000106,intrusion_normal_rgb_0162_cctv2_f000106_000116_000126,normal_plant_rgb,intrusion_normal_rgb_0162_cctv2,normal_candidate,[106],[3.533],"{""start_frame"": 106, ""end_frame"": 106}","[""walk, carry/hold (an object)""]","[""normal""]",normal,1,"{""normal"": 1, ""unsafe"": 0, ""danger"": 0}","{""normal"": 1.0, ""unsafe"": 0.0, ""danger"": 0.0}",normal,normal,normal,True,False,labeling_yolo_single_frame,single_frame_gt_from_sampled_frame_label,/home/capstone2/zroact-stage2/benchmark2/data/viz_shufflenet_test/test_frame_30fps/normal_plant_rgb/images/intrusion_normal_rgb_0162_cctv2/intrusion_normal_rgb_0162_cctv2_t000106.jpg,,
intrusion_normal_rgb_0162_cctv2_f000116,intrusion_normal_rgb_0162_cctv2_f000106_000116_000126,normal_plant_rgb,intrusion_normal_rgb_0162_cctv2,normal_candidate,[116],[3.867],"{""start_frame"": 116, ""end_frame"": 116}","[""walk, carry/hold (an object)""]","[""normal""]",normal,1,"{""normal"": 1, ""unsafe"": 0, ""danger"": 0}","{""normal"": 1.0, ""unsafe"": 0.0, ""danger"": 0.0}",normal,normal,normal,True,False,labeling_yolo_single_frame,single_frame_gt_from_sampled_frame_label,/home/capstone2/zroact-stage2/benchmark2/data/viz_shufflenet_test/test_frame_30fps/normal_plant_rgb/images/intrusion_normal_rgb_0162_cctv2/intrusion_normal_rgb_0162_cctv2_t000116.jpg,,
intrusion_normal_rgb_0162_cctv2_f000126,intrusion_normal_rgb_0162_cctv2_f000106_000116_000126,normal_plant_rgb,intrusion_normal_rgb_0162_cctv2,normal_candidate,[126],[4.2],"{""start_frame"": 126, ""end_frame"": 126}","[""walk, carry/hold (an object)""]","[""normal""]",normal,1,"{""normal"": 1, ""unsafe"": 0, ""danger"": 0}","{""normal"": 1.0, ""unsafe"": 0.0, ""danger"": 0.0}",normal,normal,normal,True,False,labeling_yolo_single_frame,single_frame_gt_from_sampled_frame_label,/home/capstone2/zroact-stage2/benchmark2/data/viz_shufflenet_test/test_frame_30fps/normal_plant_rgb/images/intrusion_normal_rgb_0162_cctv2/intrusion_normal_rgb_0162_cctv2_t000126.jpg,,
intrusion_normal_rgb_0162_cctv2_f000136,intrusion_normal_rgb_0162_cctv2_f000136_000146_000156,normal_plant_rgb,intrusion_normal_rgb_0162_cctv2,normal_candidate,[136],[4.533],"{""start_frame"": 136, ""end_frame"": 136}","[""walk, carry/hold (an object)""]","[""normal""]",normal,1,"{""normal"": 1, ""unsafe"": 0, ""danger"": 0}","{""normal"": 1.0, ""unsafe"": 0.0, ""danger"": 0.0}",normal,normal,normal,True,False,labeling_yolo_single_frame,single_frame_gt_from_sampled_frame_label,/home/capstone2/zroact-stage2/benchmark2/data/viz_shufflenet_test/test_frame_30fps/normal_plant_rgb/images/intrusion_normal_rgb_0162_cctv2/intrusion_normal_rgb_0162_cctv2_t000136.jpg,,
intrusion_normal_rgb_0162_cctv2_f000146,intrusion_normal_rgb_0162_cctv2_f000136_000146_000156,normal_plant_rgb,intrusion_normal_rgb_0162_cctv2,normal_candidate,[146],[4.867],"{""start_frame"": 146, ""end_frame"": 146}","[""walk, carry/hold (an object)""]","[""normal""]",normal,1,"{""normal"": 1, ""unsafe"": 0, ""danger"": 0}","{""normal"": 1.0, ""unsafe"": 0.0, ""danger"": 0.0}",normal,normal,normal,True,False,labeling_yolo_single_frame,single_frame_gt_from_sampled_frame_label,/home/capstone2/zroact-stage2/benchmark2/data/viz_shufflenet_test/test_frame_30fps/normal_plant_rgb/images/intrusion_normal_rgb_0162_cctv2/intrusion_normal_rgb_0162_cctv2_t000146.jpg,,
intrusion_normal_rgb_0162_cctv2_f000156,intrusion_normal_rgb_0162_cctv2_f000136_000146_000156,normal_plant_rgb,intrusion_normal_rgb_0162_cctv2,normal_candidate,[156],[5.2],"{""start_frame"": 156, ""end_frame"": 156}","[""walk, carry/hold (an object)""]","[""normal""]",normal,1,"{""normal"": 1, ""unsafe"": 0, ""danger"": 0}","{""normal"": 1.0, ""unsafe"": 0.0, ""danger"": 0.0}",normal,normal,normal,True,False,labeling_yolo_single_frame,single_frame_gt_from_sampled_frame_label,/home/capstone2/zroact-stage2/benchmark2/data/viz_shufflenet_test/test_frame_30fps/normal_plant_rgb/images/intrusion_normal_rgb_0162_cctv2/intrusion_normal_rgb_0162_cctv2_t000156.jpg,,
intrusion_normal_rgb_0163_cctv2_f000016,intrusion_normal_rgb_0163_cctv2_f000016_000026_000036,normal_plant_rgb,intrusion_normal_rgb_0163_cctv2,normal_candidate,[16],[0.533],"{""start_frame"": 16, ""end_frame"": 16}","[""walk, carry/hold (an object)""]","[""normal""]",normal,1,"{""normal"": 1, ""unsafe"": 0, ""danger"": 0}","{""normal"": 1.0, ""unsafe"": 0.0, ""danger"": 0.0}",normal,normal,normal,True,False,labeling_yolo_single_frame,single_frame_gt_from_sampled_frame_label,/home/capstone2/zroact-stage2/benchmark2/data/viz_shufflenet_test/test_frame_30fps/normal_plant_rgb/images/intrusion_normal_rgb_0163_cctv2/intrusion_normal_rgb_0163_cctv2_t000016.jpg,,
intrusion_normal_rgb_0163_cctv2_f000026,intrusion_normal_rgb_0163_cctv2_f000016_000026_000036,normal_plant_rgb,intrusion_normal_rgb_0163_cctv2,normal_candidate,[26],[0.867],"{""start_frame"": 26, ""end_frame"": 26}","[""walk, carry/hold (an object)""]","[""normal""]",normal,1,"{""normal"": 1, ""unsafe"": 0, ""danger"": 0}","{""normal"": 1.0, ""unsafe"": 0.0, ""danger"": 0.0}",normal,normal,normal,True,False,labeling_yolo_single_frame,single_frame_gt_from_sampled_frame_label,/home/capstone2/zroact-stage2/benchmark2/data/viz_shufflenet_test/test_frame_30fps/normal_plant_rgb/images/intrusion_normal_rgb_0163_cctv2/intrusion_normal_rgb_0163_cctv2_t000026.jpg,,
intrusion_normal_rgb_0163_cctv2_f000036,intrusion_normal_rgb_0163_cctv2_f000016_000026_000036,normal_plant_rgb,intrusion_normal_rgb_0163_cctv2,normal_candidate,[36],[1.2],"{""start_frame"": 36, ""end_frame"": 36}","[""walk, carry/hold (an object)""]","[""normal""]",normal,1,"{""normal"": 1, ""unsafe"": 0, ""danger"": 0}","{""normal"": 1.0, ""unsafe"": 0.0, ""danger"": 0.0}",normal,normal,normal,True,False,labeling_yolo_single_frame,single_frame_gt_from_sampled_frame_label,/home/capstone2/zroact-stage2/benchmark2/data/viz_shufflenet_test/test_frame_30fps/normal_plant_rgb/images/intrusion_normal_rgb_0163_cctv2/intrusion_normal_rgb_0163_cctv2_t000036.jpg,,
intrusion_normal_rgb_0163_cctv2_f000046,intrusion_normal_rgb_0163_cctv2_f000046_000056_000066,normal_plant_rgb,intrusion_normal_rgb_0163_cctv2,normal_candidate,[46],[1.533],"{""start_frame"": 46, ""end_frame"": 46}","[""walk, carry/hold (an object)""]","[""normal""]",normal,1,"{""normal"": 1, ""unsafe"": 0, ""danger"": 0}","{""normal"": 1.0, ""unsafe"": 0.0, ""danger"": 0.0}",normal,normal,normal,True,False,labeling_yolo_single_frame,single_frame_gt_from_sampled_frame_label,/home/capstone2/zroact-stage2/benchmark2/data/viz_shufflenet_test/test_frame_30fps/normal_plant_rgb/images/intrusion_normal_rgb_0163_cctv2/intrusion_normal_rgb_0163_cctv2_t000046.jpg,,
intrusion_normal_rgb_0163_cctv2_f000056,intrusion_normal_rgb_0163_cctv2_f000046_000056_000066,normal_plant_rgb,intrusion_normal_rgb_0163_cctv2,normal_candidate,[56],[1.867],"{""start_frame"": 56, ""end_frame"": 56}","[""walk, carry/hold (an object)""]","[""normal""]",normal,1,"{""normal"": 1, ""unsafe"": 0, ""danger"": 0}","{""normal"": 1.0, ""unsafe"": 0.0, ""danger"": 0.0}",normal,normal,normal,True,False,labeling_yolo_single_frame,single_frame_gt_from_sampled_frame_label,/home/capstone2/zroact-stage2/benchmark2/data/viz_shufflenet_test/test_frame_30fps/normal_plant_rgb/images/intrusion_normal_rgb_0163_cctv2/intrusion_normal_rgb_0163_cctv2_t000056.jpg,,
intrusion_normal_rgb_0163_cctv2_f000066,intrusion_normal_rgb_0163_cctv2_f000046_000056_000066,normal_plant_rgb,intrusion_normal_rgb_0163_cctv2,normal_candidate,[66],[2.2],"{""start_frame"": 66, ""end_frame"": 66}","[""walk, carry/hold (an object)""]","[""normal""]",normal,1,"{""normal"": 1, ""unsafe"": 0, ""danger"": 0}","{""normal"": 1.0, ""unsafe"": 0.0, ""danger"": 0.0}",normal,normal,normal,True,False,labeling_yolo_single_frame,single_frame_gt_from_sampled_frame_label,/home/capstone2/zroact-stage2/benchmark2/data/viz_shufflenet_test/test_frame_30fps/normal_plant_rgb/images/intrusion_normal_rgb_0163_cctv2/intrusion_normal_rgb_0163_cctv2_t000066.jpg,,
intrusion_normal_rgb_0163_cctv2_f000076,intrusion_normal_rgb_0163_cctv2_f000076_000086_000096,normal_plant_rgb,intrusion_normal_rgb_0163_cctv2,normal_candidate,[76],[2.533],"{""start_frame"": 76, ""end_frame"": 76}","[""walk, carry/hold (an object)""]","[""normal""]",normal,1,"{""normal"": 1, ""unsafe"": 0, ""danger"": 0}","{""normal"": 1.0, ""unsafe"": 0.0, ""danger"": 0.0}",normal,normal,normal,True,False,labeling_yolo_single_frame,single_frame_gt_from_sampled_frame_label,/home/capstone2/zroact-stage2/benchmark2/data/viz_shufflenet_test/test_frame_30fps/normal_plant_rgb/images/intrusion_normal_rgb_0163_cctv2/intrusion_normal_rgb_0163_cctv2_t000076.jpg,,
intrusion_normal_rgb_0163_cctv2_f000086,intrusion_normal_rgb_0163_cctv2_f000076_000086_000096,normal_plant_rgb,intrusion_normal_rgb_0163_cctv2,normal_candidate,[86],[2.867],"{""start_frame"": 86, ""end_frame"": 86}","[""walk, carry/hold (an object)""]","[""normal""]",normal,1,"{""normal"": 1, ""unsafe"": 0, ""danger"": 0}","{""normal"": 1.0, ""unsafe"": 0.0, ""danger"": 0.0}",normal,normal,normal,True,False,labeling_yolo_single_frame,single_frame_gt_from_sampled_frame_label,/home/capstone2/zroact-stage2/benchmark2/data/viz_shufflenet_test/test_frame_30fps/normal_plant_rgb/images/intrusion_normal_rgb_0163_cctv2/intrusion_normal_rgb_0163_cctv2_t000086.jpg,,
intrusion_normal_rgb_0163_cctv2_f000096,intrusion_normal_rgb_0163_cctv2_f000076_000086_000096,normal_plant_rgb,intrusion_normal_rgb_0163_cctv2,normal_candidate,[96],[3.2],"{""start_frame"": 96, ""end_frame"": 96}","[""walk, carry/hold (an object)""]","[""normal""]",normal,1,"{""normal"": 1, ""unsafe"": 0, ""danger"": 0}","{""normal"": 1.0, ""unsafe"": 0.0, ""danger"": 0.0}",normal,normal,normal,True,False,labeling_yolo_single_frame,single_frame_gt_from_sampled_frame_label,/home/capstone2/zroact-stage2/benchmark2/data/viz_shufflenet_test/test_frame_30fps/normal_plant_rgb/images/intrusion_normal_rgb_0163_cctv2/intrusion_normal_rgb_0163_cctv2_t000096.jpg,,
intrusion_normal_rgb_0163_cctv2_f000106,intrusion_normal_rgb_0163_cctv2_f000106_000116_000126,normal_plant_rgb,intrusion_normal_rgb_0163_cctv2,normal_candidate,[106],[3.533],"{""start_frame"": 106, ""end_frame"": 106}","[""walk, carry/hold (an object)""]","[""normal""]",normal,1,"{""normal"": 1, ""unsafe"": 0, ""danger"": 0}","{""normal"": 1.0, ""unsafe"": 0.0, ""danger"": 0.0}",normal,normal,normal,True,False,labeling_yolo_single_frame,single_frame_gt_from_sampled_frame_label,/home/capstone2/zroact-stage2/benchmark2/data/viz_shufflenet_test/test_frame_30fps/normal_plant_rgb/images/intrusion_normal_rgb_0163_cctv2/intrusion_normal_rgb_0163_cctv2_t000106.jpg,,
intrusion_normal_rgb_0163_cctv2_f000116,intrusion_normal_rgb_0163_cctv2_f000106_000116_000126,normal_plant_rgb,intrusion_normal_rgb_0163_cctv2,normal_candidate,[116],[3.867],"{""start_frame"": 116, ""end_frame"": 116}","[""walk, carry/hold (an object)""]","[""normal""]",normal,1,"{""normal"": 1, ""unsafe"": 0, ""danger"": 0}","{""normal"": 1.0, ""unsafe"": 0.0, ""danger"": 0.0}",normal,normal,normal,True,False,labeling_yolo_single_frame,single_frame_gt_from_sampled_frame_label,/home/capstone2/zroact-stage2/benchmark2/data/viz_shufflenet_test/test_frame_30fps/normal_plant_rgb/images/intrusion_normal_rgb_0163_cctv2/intrusion_normal_rgb_0163_cctv2_t000116.jpg,,
intrusion_normal_rgb_0163_cctv2_f000126,intrusion_normal_rgb_0163_cctv2_f000106_000116_000126,normal_plant_rgb,intrusion_normal_rgb_0163_cctv2,normal_candidate,[126],[4.2],"{""start_frame"": 126, ""end_frame"": 126}","[""walk, carry/hold (an object)""]","[""normal""]",normal,1,"{""normal"": 1, ""unsafe"": 0, ""danger"": 0}","{""normal"": 1.0, ""unsafe"": 0.0, ""danger"": 0.0}",normal,normal,normal,True,False,labeling_yolo_single_frame,single_frame_gt_from_sampled_frame_label,/home/capstone2/zroact-stage2/benchmark2/data/viz_shufflenet_test/test_frame_30fps/normal_plant_rgb/images/intrusion_normal_rgb_0163_cctv2/intrusion_normal_rgb_0163_cctv2_t000126.jpg,,
intrusion_normal_rgb_0163_cctv2_f000136,intrusion_normal_rgb_0163_cctv2_f000136_000146_000156,normal_plant_rgb,intrusion_normal_rgb_0163_cctv2,normal_candidate,[136],[4.533],"{""start_frame"": 136, ""end_frame"": 136}","[""walk, carry/hold (an object)""]","[""normal""]",normal,1,"{""normal"": 1, ""unsafe"": 0, ""danger"": 0}","{""normal"": 1.0, ""unsafe"": 0.0, ""danger"": 0.0}",normal,normal,normal,True,False,labeling_yolo_single_frame,single_frame_gt_from_sampled_frame_label,/home/capstone2/zroact-stage2/benchmark2/data/viz_shufflenet_test/test_frame_30fps/normal_plant_rgb/images/intrusion_normal_rgb_0163_cctv2/intrusion_normal_rgb_0163_cctv2_t000136.jpg,,
intrusion_normal_rgb_0163_cctv2_f000146,intrusion_normal_rgb_0163_cctv2_f000136_000146_000156,normal_plant_rgb,intrusion_normal_rgb_0163_cctv2,normal_candidate,[146],[4.867],"{""start_frame"": 146, ""end_frame"": 146}","[""walk, carry/hold (an object)""]","[""normal""]",normal,1,"{""normal"": 1, ""unsafe"": 0, ""danger"": 0}","{""normal"": 1.0, ""unsafe"": 0.0, ""danger"": 0.0}",normal,normal,normal,True,False,labeling_yolo_single_frame,single_frame_gt_from_sampled_frame_label,/home/capstone2/zroact-stage2/benchmark2/data/viz_shufflenet_test/test_frame_30fps/normal_plant_rgb/images/intrusion_normal_rgb_0163_cctv2/intrusion_normal_rgb_0163_cctv2_t000146.jpg,,
intrusion_normal_rgb_0163_cctv2_f000156,intrusion_normal_rgb_0163_cctv2_f000136_000146_000156,normal_plant_rgb,intrusion_normal_rgb_0163_cctv2,normal_candidate,[156],[5.2],"{""start_frame"": 156, ""end_frame"": 156}","[""walk, carry/hold (an object)""]","[""normal""]",normal,1,"{""normal"": 1, ""unsafe"": 0, ""danger"": 0}","{""normal"": 1.0, ""unsafe"": 0.0, ""danger"": 0.0}",normal,normal,normal,True,False,labeling_yolo_single_frame,single_frame_gt_from_sampled_frame_label,/home/capstone2/zroact-stage2/benchmark2/data/viz_shufflenet_test/test_frame_30fps/normal_plant_rgb/images/intrusion_normal_rgb_0163_cctv2/intrusion_normal_rgb_0163_cctv2_t000156.jpg,,
intrusion_normal_rgb_0164_cctv4_f000016,intrusion_normal_rgb_0164_cctv4_f000016_000026_000036,normal_plant_rgb,intrusion_normal_rgb_0164_cctv4,normal_candidate,[16],[0.533],"{""start_frame"": 16, ""end_frame"": 16}","[""walk, carry/hold (an object)""]","[""normal""]",normal,1,"{""normal"": 1, ""unsafe"": 0, ""danger"": 0}","{""normal"": 1.0, ""unsafe"": 0.0, ""danger"": 0.0}",normal,normal,normal,True,False,labeling_yolo_single_frame,single_frame_gt_from_sampled_frame_label,/home/capstone2/zroact-stage2/benchmark2/data/viz_shufflenet_test/test_frame_30fps/normal_plant_rgb/images/intrusion_normal_rgb_0164_cctv4/intrusion_normal_rgb_0164_cctv4_t000016.jpg,,
intrusion_normal_rgb_0164_cctv4_f000026,intrusion_normal_rgb_0164_cctv4_f000016_000026_000036,normal_plant_rgb,intrusion_normal_rgb_0164_cctv4,normal_candidate,[26],[0.867],"{""start_frame"": 26, ""end_frame"": 26}","[""walk, carry/hold (an object)""]","[""normal""]",normal,1,"{""normal"": 1, ""unsafe"": 0, ""danger"": 0}","{""normal"": 1.0, ""unsafe"": 0.0, ""danger"": 0.0}",normal,normal,normal,True,False,labeling_yolo_single_frame,single_frame_gt_from_sampled_frame_label,/home/capstone2/zroact-stage2/benchmark2/data/viz_shufflenet_test/test_frame_30fps/normal_plant_rgb/images/intrusion_normal_rgb_0164_cctv4/intrusion_normal_rgb_0164_cctv4_t000026.jpg,,
intrusion_normal_rgb_0164_cctv4_f000036,intrusion_normal_rgb_0164_cctv4_f000016_000026_000036,normal_plant_rgb,intrusion_normal_rgb_0164_cctv4,normal_candidate,[36],[1.2],"{""start_frame"": 36, ""end_frame"": 36}","[""walk, carry/hold (an object)""]","[""normal""]",normal,1,"{""normal"": 1, ""unsafe"": 0, ""danger"": 0}","{""normal"": 1.0, ""unsafe"": 0.0, ""danger"": 0.0}",normal,normal,normal,True,False,labeling_yolo_single_frame,single_frame_gt_from_sampled_frame_label,/home/capstone2/zroact-stage2/benchmark2/data/viz_shufflenet_test/test_frame_30fps/normal_plant_rgb/images/intrusion_normal_rgb_0164_cctv4/intrusion_normal_rgb_0164_cctv4_t000036.jpg,,
intrusion_normal_rgb_0164_cctv4_f000046,intrusion_normal_rgb_0164_cctv4_f000046_000056_000066,normal_plant_rgb,intrusion_normal_rgb_0164_cctv4,normal_candidate,[46],[1.533],"{""start_frame"": 46, ""end_frame"": 46}","[""walk, carry/hold (an object)""]","[""normal""]",normal,1,"{""normal"": 1, ""unsafe"": 0, ""danger"": 0}","{""normal"": 1.0, ""unsafe"": 0.0, ""danger"": 0.0}",normal,normal,normal,True,False,labeling_yolo_single_frame,single_frame_gt_from_sampled_frame_label,/home/capstone2/zroact-stage2/benchmark2/data/viz_shufflenet_test/test_frame_30fps/normal_plant_rgb/images/intrusion_normal_rgb_0164_cctv4/intrusion_normal_rgb_0164_cctv4_t000046.jpg,,
intrusion_normal_rgb_0164_cctv4_f000056,intrusion_normal_rgb_0164_cctv4_f000046_000056_000066,normal_plant_rgb,intrusion_normal_rgb_0164_cctv4,normal_candidate,[56],[1.867],"{""start_frame"": 56, ""end_frame"": 56}","[""walk, carry/hold (an object)""]","[""normal""]",normal,1,"{""normal"": 1, ""unsafe"": 0, ""danger"": 0}","{""normal"": 1.0, ""unsafe"": 0.0, ""danger"": 0.0}",normal,normal,normal,True,False,labeling_yolo_single_frame,single_frame_gt_from_sampled_frame_label,/home/capstone2/zroact-stage2/benchmark2/data/viz_shufflenet_test/test_frame_30fps/normal_plant_rgb/images/intrusion_normal_rgb_0164_cctv4/intrusion_normal_rgb_0164_cctv4_t000056.jpg,,
intrusion_normal_rgb_0164_cctv4_f000066,intrusion_normal_rgb_0164_cctv4_f000046_000056_000066,normal_plant_rgb,intrusion_normal_rgb_0164_cctv4,normal_candidate,[66],[2.2],"{""start_frame"": 66, ""end_frame"": 66}","[""walk, carry/hold (an object)""]","[""normal""]",normal,1,"{""normal"": 1, ""unsafe"": 0, ""danger"": 0}","{""normal"": 1.0, ""unsafe"": 0.0, ""danger"": 0.0}",normal,normal,normal,True,False,labeling_yolo_single_frame,single_frame_gt_from_sampled_frame_label,/home/capstone2/zroact-stage2/benchmark2/data/viz_shufflenet_test/test_frame_30fps/normal_plant_rgb/images/intrusion_normal_rgb_0164_cctv4/intrusion_normal_rgb_0164_cctv4_t000066.jpg,,
intrusion_normal_rgb_0164_cctv4_f000076,intrusion_normal_rgb_0164_cctv4_f000076_000086_000096,normal_plant_rgb,intrusion_normal_rgb_0164_cctv4,normal_candidate,[76],[2.533],"{""start_frame"": 76, ""end_frame"": 76}","[""walk, carry/hold (an object)""]","[""normal""]",normal,1,"{""normal"": 1, ""unsafe"": 0, ""danger"": 0}","{""normal"": 1.0, ""unsafe"": 0.0, ""danger"": 0.0}",normal,normal,normal,True,False,labeling_yolo_single_frame,single_frame_gt_from_sampled_frame_label,/home/capstone2/zroact-stage2/benchmark2/data/viz_shufflenet_test/test_frame_30fps/normal_plant_rgb/images/intrusion_normal_rgb_0164_cctv4/intrusion_normal_rgb_0164_cctv4_t000076.jpg,,
intrusion_normal_rgb_0164_cctv4_f000086,intrusion_normal_rgb_0164_cctv4_f000076_000086_000096,normal_plant_rgb,intrusion_normal_rgb_0164_cctv4,normal_candidate,[86],[2.867],"{""start_frame"": 86, ""end_frame"": 86}","[""walk, carry/hold (an object)""]","[""normal""]",normal,1,"{""normal"": 1, ""unsafe"": 0, ""danger"": 0}","{""normal"": 1.0, ""unsafe"": 0.0, ""danger"": 0.0}",normal,normal,normal,True,False,labeling_yolo_single_frame,single_frame_gt_from_sampled_frame_label,/home/capstone2/zroact-stage2/benchmark2/data/viz_shufflenet_test/test_frame_30fps/normal_plant_rgb/images/intrusion_normal_rgb_0164_cctv4/intrusion_normal_rgb_0164_cctv4_t000086.jpg,,
intrusion_normal_rgb_0164_cctv4_f000096,intrusion_normal_rgb_0164_cctv4_f000076_000086_000096,normal_plant_rgb,intrusion_normal_rgb_0164_cctv4,normal_candidate,[96],[3.2],"{""start_frame"": 96, ""end_frame"": 96}","[""walk, carry/hold (an object)""]","[""normal""]",normal,1,"{""normal"": 1, ""unsafe"": 0, ""danger"": 0}","{""normal"": 1.0, ""unsafe"": 0.0, ""danger"": 0.0}",normal,normal,normal,True,False,labeling_yolo_single_frame,single_frame_gt_from_sampled_frame_label,/home/capstone2/zroact-stage2/benchmark2/data/viz_shufflenet_test/test_frame_30fps/normal_plant_rgb/images/intrusion_normal_rgb_0164_cctv4/intrusion_normal_rgb_0164_cctv4_t000096.jpg,,
intrusion_normal_rgb_0164_cctv4_f000106,intrusion_normal_rgb_0164_cctv4_f000106_000116_000126,normal_plant_rgb,intrusion_normal_rgb_0164_cctv4,normal_candidate,[106],[3.533],"{""start_frame"": 106, ""end_frame"": 106}","[""walk, carry/hold (an object)""]","[""normal""]",normal,1,"{""normal"": 1, ""unsafe"": 0, ""danger"": 0}","{""normal"": 1.0, ""unsafe"": 0.0, ""danger"": 0.0}",normal,normal,normal,True,False,labeling_yolo_single_frame,single_frame_gt_from_sampled_frame_label,/home/capstone2/zroact-stage2/benchmark2/data/viz_shufflenet_test/test_frame_30fps/normal_plant_rgb/images/intrusion_normal_rgb_0164_cctv4/intrusion_normal_rgb_0164_cctv4_t000106.jpg,,
intrusion_normal_rgb_0164_cctv4_f000116,intrusion_normal_rgb_0164_cctv4_f000106_000116_000126,normal_plant_rgb,intrusion_normal_rgb_0164_cctv4,normal_candidate,[116],[3.867],"{""start_frame"": 116, ""end_frame"": 116}","[""walk, carry/hold (an object)""]","[""normal""]",normal,1,"{""normal"": 1, ""unsafe"": 0, ""danger"": 0}","{""normal"": 1.0, ""unsafe"": 0.0, ""danger"": 0.0}",normal,normal,normal,True,False,labeling_yolo_single_frame,single_frame_gt_from_sampled_frame_label,/home/capstone2/zroact-stage2/benchmark2/data/viz_shufflenet_test/test_frame_30fps/normal_plant_rgb/images/intrusion_normal_rgb_0164_cctv4/intrusion_normal_rgb_0164_cctv4_t000116.jpg,,
intrusion_normal_rgb_0164_cctv4_f000126,intrusion_normal_rgb_0164_cctv4_f000106_000116_000126,normal_plant_rgb,intrusion_normal_rgb_0164_cctv4,normal_candidate,[126],[4.2],"{""start_frame"": 126, ""end_frame"": 126}","[""walk, carry/hold (an object)""]","[""normal""]",normal,1,"{""normal"": 1, ""unsafe"": 0, ""danger"": 0}","{""normal"": 1.0, ""unsafe"": 0.0, ""danger"": 0.0}",normal,normal,normal,True,False,labeling_yolo_single_frame,single_frame_gt_from_sampled_frame_label,/home/capstone2/zroact-stage2/benchmark2/data/viz_shufflenet_test/test_frame_30fps/normal_plant_rgb/images/intrusion_normal_rgb_0164_cctv4/intrusion_normal_rgb_0164_cctv4_t000126.jpg,,
intrusion_normal_rgb_0164_cctv4_f000136,intrusion_normal_rgb_0164_cctv4_f000136_000146_000156,normal_plant_rgb,intrusion_normal_rgb_0164_cctv4,normal_candidate,[136],[4.533],"{""start_frame"": 136, ""end_frame"": 136}","[""walk, carry/hold (an object)""]","[""normal""]",normal,1,"{""normal"": 1, ""unsafe"": 0, ""danger"": 0}","{""normal"": 1.0, ""unsafe"": 0.0, ""danger"": 0.0}",normal,normal,normal,True,False,labeling_yolo_single_frame,single_frame_gt_from_sampled_frame_label,/home/capstone2/zroact-stage2/benchmark2/data/viz_shufflenet_test/test_frame_30fps/normal_plant_rgb/images/intrusion_normal_rgb_0164_cctv4/intrusion_normal_rgb_0164_cctv4_t000136.jpg,,
intrusion_normal_rgb_0164_cctv4_f000146,intrusion_normal_rgb_0164_cctv4_f000136_000146_000156,normal_plant_rgb,intrusion_normal_rgb_0164_cctv4,normal_candidate,[146],[4.867],"{""start_frame"": 146, ""end_frame"": 146}","[""walk, carry/hold (an object)""]","[""normal""]",normal,1,"{""normal"": 1, ""unsafe"": 0, ""danger"": 0}","{""normal"": 1.0, ""unsafe"": 0.0, ""danger"": 0.0}",normal,normal,normal,True,False,labeling_yolo_single_frame,single_frame_gt_from_sampled_frame_label,/home/capstone2/zroact-stage2/benchmark2/data/viz_shufflenet_test/test_frame_30fps/normal_plant_rgb/images/intrusion_normal_rgb_0164_cctv4/intrusion_normal_rgb_0164_cctv4_t000146.jpg,,
intrusion_normal_rgb_0164_cctv4_f000156,intrusion_normal_rgb_0164_cctv4_f000136_000146_000156,normal_plant_rgb,intrusion_normal_rgb_0164_cctv4,normal_candidate,[156],[5.2],"{""start_frame"": 156, ""end_frame"": 156}","[""walk, carry/hold (an object)""]","[""normal""]",normal,1,"{""normal"": 1, ""unsafe"": 0, ""danger"": 0}","{""normal"": 1.0, ""unsafe"": 0.0, ""danger"": 0.0}",normal,normal,normal,True,False,labeling_yolo_single_frame,single_frame_gt_from_sampled_frame_label,/home/capstone2/zroact-stage2/benchmark2/data/viz_shufflenet_test/test_frame_30fps/normal_plant_rgb/images/intrusion_normal_rgb_0164_cctv4/intrusion_normal_rgb_0164_cctv4_t000156.jpg,,
intrusion_normal_rgb_0166_cctv1_f000016,intrusion_normal_rgb_0166_cctv1_f000016_000026_000036,normal_plant_rgb,intrusion_normal_rgb_0166_cctv1,normal_candidate,[16],[0.533],"{""start_frame"": 16, ""end_frame"": 16}","[""walk, carry/hold (an object)""]","[""normal""]",normal,1,"{""normal"": 1, ""unsafe"": 0, ""danger"": 0}","{""normal"": 1.0, ""unsafe"": 0.0, ""danger"": 0.0}",normal,normal,normal,True,False,labeling_yolo_single_frame,single_frame_gt_from_sampled_frame_label,/home/capstone2/zroact-stage2/benchmark2/data/viz_shufflenet_test/test_frame_30fps/normal_plant_rgb/images/intrusion_normal_rgb_0166_cctv1/intrusion_normal_rgb_0166_cctv1_t000016.jpg,,
intrusion_normal_rgb_0166_cctv1_f000026,intrusion_normal_rgb_0166_cctv1_f000016_000026_000036,normal_plant_rgb,intrusion_normal_rgb_0166_cctv1,normal_candidate,[26],[0.867],"{""start_frame"": 26, ""end_frame"": 26}","[""walk, carry/hold (an object)""]","[""normal""]",normal,1,"{""normal"": 1, ""unsafe"": 0, ""danger"": 0}","{""normal"": 1.0, ""unsafe"": 0.0, ""danger"": 0.0}",normal,normal,normal,True,False,labeling_yolo_single_frame,single_frame_gt_from_sampled_frame_label,/home/capstone2/zroact-stage2/benchmark2/data/viz_shufflenet_test/test_frame_30fps/normal_plant_rgb/images/intrusion_normal_rgb_0166_cctv1/intrusion_normal_rgb_0166_cctv1_t000026.jpg,,
intrusion_normal_rgb_0166_cctv1_f000036,intrusion_normal_rgb_0166_cctv1_f000016_000026_000036,normal_plant_rgb,intrusion_normal_rgb_0166_cctv1,normal_candidate,[36],[1.2],"{""start_frame"": 36, ""end_frame"": 36}","[""walk, carry/hold (an object)""]","[""normal""]",normal,1,"{""normal"": 1, ""unsafe"": 0, ""danger"": 0}","{""normal"": 1.0, ""unsafe"": 0.0, ""danger"": 0.0}",normal,normal,normal,True,False,labeling_yolo_single_frame,single_frame_gt_from_sampled_frame_label,/home/capstone2/zroact-stage2/benchmark2/data/viz_shufflenet_test/test_frame_30fps/normal_plant_rgb/images/intrusion_normal_rgb_0166_cctv1/intrusion_normal_rgb_0166_cctv1_t000036.jpg,,
intrusion_normal_rgb_0166_cctv1_f000046,intrusion_normal_rgb_0166_cctv1_f000046_000056_000066,normal_plant_rgb,intrusion_normal_rgb_0166_cctv1,normal_candidate,[46],[1.533],"{""start_frame"": 46, ""end_frame"": 46}","[""walk, carry/hold (an object)""]","[""normal""]",normal,1,"{""normal"": 1, ""unsafe"": 0, ""danger"": 0}","{""normal"": 1.0, ""unsafe"": 0.0, ""danger"": 0.0}",normal,normal,normal,True,False,labeling_yolo_single_frame,single_frame_gt_from_sampled_frame_label,/home/capstone2/zroact-stage2/benchmark2/data/viz_shufflenet_test/test_frame_30fps/normal_plant_rgb/images/intrusion_normal_rgb_0166_cctv1/intrusion_normal_rgb_0166_cctv1_t000046.jpg,,
intrusion_normal_rgb_0166_cctv1_f000056,intrusion_normal_rgb_0166_cctv1_f000046_000056_000066,normal_plant_rgb,intrusion_normal_rgb_0166_cctv1,normal_candidate,[56],[1.867],"{""start_frame"": 56, ""end_frame"": 56}","[""walk, carry/hold (an object)""]","[""normal""]",normal,1,"{""normal"": 1, ""unsafe"": 0, ""danger"": 0}","{""normal"": 1.0, ""unsafe"": 0.0, ""danger"": 0.0}",normal,normal,normal,True,False,labeling_yolo_single_frame,single_frame_gt_from_sampled_frame_label,/home/capstone2/zroact-stage2/benchmark2/data/viz_shufflenet_test/test_frame_30fps/normal_plant_rgb/images/intrusion_normal_rgb_0166_cctv1/intrusion_normal_rgb_0166_cctv1_t000056.jpg,,
intrusion_normal_rgb_0166_cctv1_f000066,intrusion_normal_rgb_0166_cctv1_f000046_000056_000066,normal_plant_rgb,intrusion_normal_rgb_0166_cctv1,normal_candidate,[66],[2.2],"{""start_frame"": 66, ""end_frame"": 66}","[""walk, carry/hold (an object)""]","[""normal""]",normal,1,"{""normal"": 1, ""unsafe"": 0, ""danger"": 0}","{""normal"": 1.0, ""unsafe"": 0.0, ""danger"": 0.0}",normal,normal,normal,True,False,labeling_yolo_single_frame,single_frame_gt_from_sampled_frame_label,/home/capstone2/zroact-stage2/benchmark2/data/viz_shufflenet_test/test_frame_30fps/normal_plant_rgb/images/intrusion_normal_rgb_0166_cctv1/intrusion_normal_rgb_0166_cctv1_t000066.jpg,,
intrusion_normal_rgb_0166_cctv1_f000076,intrusion_normal_rgb_0166_cctv1_f000076_000086_000096,normal_plant_rgb,intrusion_normal_rgb_0166_cctv1,normal_candidate,[76],[2.533],"{""start_frame"": 76, ""end_frame"": 76}","[""walk, carry/hold (an object)""]","[""normal""]",normal,1,"{""normal"": 1, ""unsafe"": 0, ""danger"": 0}","{""normal"": 1.0, ""unsafe"": 0.0, ""danger"": 0.0}",normal,normal,normal,True,False,labeling_yolo_single_frame,single_frame_gt_from_sampled_frame_label,/home/capstone2/zroact-stage2/benchmark2/data/viz_shufflenet_test/test_frame_30fps/normal_plant_rgb/images/intrusion_normal_rgb_0166_cctv1/intrusion_normal_rgb_0166_cctv1_t000076.jpg,,
intrusion_normal_rgb_0166_cctv1_f000086,intrusion_normal_rgb_0166_cctv1_f000076_000086_000096,normal_plant_rgb,intrusion_normal_rgb_0166_cctv1,normal_candidate,[86],[2.867],"{""start_frame"": 86, ""end_frame"": 86}","[""walk, carry/hold (an object)""]","[""normal""]",normal,1,"{""normal"": 1, ""unsafe"": 0, ""danger"": 0}","{""normal"": 1.0, ""unsafe"": 0.0, ""danger"": 0.0}",normal,normal,normal,True,False,labeling_yolo_single_frame,single_frame_gt_from_sampled_frame_label,/home/capstone2/zroact-stage2/benchmark2/data/viz_shufflenet_test/test_frame_30fps/normal_plant_rgb/images/intrusion_normal_rgb_0166_cctv1/intrusion_normal_rgb_0166_cctv1_t000086.jpg,,
intrusion_normal_rgb_0166_cctv1_f000096,intrusion_normal_rgb_0166_cctv1_f000076_000086_000096,normal_plant_rgb,intrusion_normal_rgb_0166_cctv1,normal_candidate,[96],[3.2],"{""start_frame"": 96, ""end_frame"": 96}","[""walk, carry/hold (an object)""]","[""normal""]",normal,1,"{""normal"": 1, ""unsafe"": 0, ""danger"": 0}","{""normal"": 1.0, ""unsafe"": 0.0, ""danger"": 0.0}",normal,normal,normal,True,False,labeling_yolo_single_frame,single_frame_gt_from_sampled_frame_label,/home/capstone2/zroact-stage2/benchmark2/data/viz_shufflenet_test/test_frame_30fps/normal_plant_rgb/images/intrusion_normal_rgb_0166_cctv1/intrusion_normal_rgb_0166_cctv1_t000096.jpg,,
intrusion_normal_rgb_0166_cctv1_f000106,intrusion_normal_rgb_0166_cctv1_f000106_000116_000126,normal_plant_rgb,intrusion_normal_rgb_0166_cctv1,normal_candidate,[106],[3.533],"{""start_frame"": 106, ""end_frame"": 106}","[""walk, carry/hold (an object)""]","[""normal""]",normal,1,"{""normal"": 1, ""unsafe"": 0, ""danger"": 0}","{""normal"": 1.0, ""unsafe"": 0.0, ""danger"": 0.0}",normal,normal,normal,True,False,labeling_yolo_single_frame,single_frame_gt_from_sampled_frame_label,/home/capstone2/zroact-stage2/benchmark2/data/viz_shufflenet_test/test_frame_30fps/normal_plant_rgb/images/intrusion_normal_rgb_0166_cctv1/intrusion_normal_rgb_0166_cctv1_t000106.jpg,,
intrusion_normal_rgb_0166_cctv1_f000116,intrusion_normal_rgb_0166_cctv1_f000106_000116_000126,normal_plant_rgb,intrusion_normal_rgb_0166_cctv1,normal_candidate,[116],[3.867],"{""start_frame"": 116, ""end_frame"": 116}","[""walk, carry/hold (an object)""]","[""normal""]",normal,1,"{""normal"": 1, ""unsafe"": 0, ""danger"": 0}","{""normal"": 1.0, ""unsafe"": 0.0, ""danger"": 0.0}",normal,normal,normal,True,False,labeling_yolo_single_frame,single_frame_gt_from_sampled_frame_label,/home/capstone2/zroact-stage2/benchmark2/data/viz_shufflenet_test/test_frame_30fps/normal_plant_rgb/images/intrusion_normal_rgb_0166_cctv1/intrusion_normal_rgb_0166_cctv1_t000116.jpg,,
intrusion_normal_rgb_0166_cctv1_f000126,intrusion_normal_rgb_0166_cctv1_f000106_000116_000126,normal_plant_rgb,intrusion_normal_rgb_0166_cctv1,normal_candidate,[126],[4.2],"{""start_frame"": 126, ""end_frame"": 126}","[""walk, carry/hold (an object)""]","[""normal""]",normal,1,"{""normal"": 1, ""unsafe"": 0, ""danger"": 0}","{""normal"": 1.0, ""unsafe"": 0.0, ""danger"": 0.0}",normal,normal,normal,True,False,labeling_yolo_single_frame,single_frame_gt_from_sampled_frame_label,/home/capstone2/zroact-stage2/benchmark2/data/viz_shufflenet_test/test_frame_30fps/normal_plant_rgb/images/intrusion_normal_rgb_0166_cctv1/intrusion_normal_rgb_0166_cctv1_t000126.jpg,,
