request_id,group,video_id,folder_coarse_label,frame_indices,frame_times_sec,sequence_coverage,stage1_actions,sampled_frame_gt,sampled_only_gt,coverage_total_frames,coverage_frame_count,coverage_ratio,coverage_unknown_frames,coverage_based_gt,sequence_gt,gt_risk_state,use_for_eval,needs_review,gt_source,gt_rule,gt_config,image_1,image_2,image_3
intrusion_climb-over-fence_rgb_0007_cctv3_f000016_000026_000036,climb-over-fence_plant_rgb,intrusion_climb-over-fence_rgb_0007_cctv3,intrusion_candidate,"[16, 26, 36]","[0.533, 0.867, 1.2]","{""start_frame"": 1, ""end_frame"": 36}","[""stand, carry/hold (an object)"", ""stand, carry/hold (an object)"", ""stand, carry/hold (an object)""]","[""danger"", ""danger"", ""danger""]",danger,36,"{""normal"": 0, ""unsafe"": 0, ""danger"": 36}","{""normal"": 0.0, ""unsafe"": 0.0, ""danger"": 1.0}",0,danger,danger,danger,True,False,labeling_yolo_sequence_coverage,sampled_danger_then_danger_ratio_sampled_unsafe_then_unsafe_ratio_else_normal,"{""danger_threshold"": 0.3, ""unsafe_threshold"": 0.3, ""missing_txt_policy"": ""normal_if_absent""}",/home/capstone2/zroact-stage2/benchmark2/data/viz_shufflenet_test/test_frame_30fps/climb-over-fence_plant_rgb/images/intrusion_climb-over-fence_rgb_0007_cctv3/intrusion_climb-over-fence_rgb_0007_cctv3_t000016.jpg,/home/capstone2/zroact-stage2/benchmark2/data/viz_shufflenet_test/test_frame_30fps/climb-over-fence_plant_rgb/images/intrusion_climb-over-fence_rgb_0007_cctv3/intrusion_climb-over-fence_rgb_0007_cctv3_t000026.jpg,/home/capstone2/zroact-stage2/benchmark2/data/viz_shufflenet_test/test_frame_30fps/climb-over-fence_plant_rgb/images/intrusion_climb-over-fence_rgb_0007_cctv3/intrusion_climb-over-fence_rgb_0007_cctv3_t000036.jpg
intrusion_climb-over-fence_rgb_0007_cctv3_f000046_000056_000066,climb-over-fence_plant_rgb,intrusion_climb-over-fence_rgb_0007_cctv3,intrusion_candidate,"[46, 56, 66]","[1.533, 1.867, 2.2]","{""start_frame"": 31, ""end_frame"": 66}","[""stand, carry/hold (an object)"", ""stand, carry/hold (an object)"", ""stand, carry/hold (an object)""]","[""danger"", ""danger"", ""danger""]",danger,36,"{""normal"": 0, ""unsafe"": 0, ""danger"": 36}","{""normal"": 0.0, ""unsafe"": 0.0, ""danger"": 1.0}",0,danger,danger,danger,True,False,labeling_yolo_sequence_coverage,sampled_danger_then_danger_ratio_sampled_unsafe_then_unsafe_ratio_else_normal,"{""danger_threshold"": 0.3, ""unsafe_threshold"": 0.3, ""missing_txt_policy"": ""normal_if_absent""}",/home/capstone2/zroact-stage2/benchmark2/data/viz_shufflenet_test/test_frame_30fps/climb-over-fence_plant_rgb/images/intrusion_climb-over-fence_rgb_0007_cctv3/intrusion_climb-over-fence_rgb_0007_cctv3_t000046.jpg,/home/capstone2/zroact-stage2/benchmark2/data/viz_shufflenet_test/test_frame_30fps/climb-over-fence_plant_rgb/images/intrusion_climb-over-fence_rgb_0007_cctv3/intrusion_climb-over-fence_rgb_0007_cctv3_t000056.jpg,/home/capstone2/zroact-stage2/benchmark2/data/viz_shufflenet_test/test_frame_30fps/climb-over-fence_plant_rgb/images/intrusion_climb-over-fence_rgb_0007_cctv3/intrusion_climb-over-fence_rgb_0007_cctv3_t000066.jpg
intrusion_climb-over-fence_rgb_0007_cctv3_f000076_000086_000096,climb-over-fence_plant_rgb,intrusion_climb-over-fence_rgb_0007_cctv3,intrusion_candidate,"[76, 86, 96]","[2.533, 2.867, 3.2]","{""start_frame"": 61, ""end_frame"": 96}","[""stand, carry/hold (an object)"", ""stand, carry/hold (an object)"", ""stand, carry/hold (an object)""]","[""danger"", ""danger"", ""danger""]",danger,36,"{""normal"": 0, ""unsafe"": 0, ""danger"": 36}","{""normal"": 0.0, ""unsafe"": 0.0, ""danger"": 1.0}",0,danger,danger,danger,True,False,labeling_yolo_sequence_coverage,sampled_danger_then_danger_ratio_sampled_unsafe_then_unsafe_ratio_else_normal,"{""danger_threshold"": 0.3, ""unsafe_threshold"": 0.3, ""missing_txt_policy"": ""normal_if_absent""}",/home/capstone2/zroact-stage2/benchmark2/data/viz_shufflenet_test/test_frame_30fps/climb-over-fence_plant_rgb/images/intrusion_climb-over-fence_rgb_0007_cctv3/intrusion_climb-over-fence_rgb_0007_cctv3_t000076.jpg,/home/capstone2/zroact-stage2/benchmark2/data/viz_shufflenet_test/test_frame_30fps/climb-over-fence_plant_rgb/images/intrusion_climb-over-fence_rgb_0007_cctv3/intrusion_climb-over-fence_rgb_0007_cctv3_t000086.jpg,/home/capstone2/zroact-stage2/benchmark2/data/viz_shufflenet_test/test_frame_30fps/climb-over-fence_plant_rgb/images/intrusion_climb-over-fence_rgb_0007_cctv3/intrusion_climb-over-fence_rgb_0007_cctv3_t000096.jpg
intrusion_climb-over-fence_rgb_0007_cctv3_f000106_000116_000126,climb-over-fence_plant_rgb,intrusion_climb-over-fence_rgb_0007_cctv3,intrusion_candidate,"[106, 116, 126]","[3.533, 3.867, 4.2]","{""start_frame"": 91, ""end_frame"": 126}","[""stand, carry/hold (an object)"", ""stand, carry/hold (an object)"", ""stand, carry/hold (an object)""]","[""danger"", ""danger"", ""danger""]",danger,36,"{""normal"": 0, ""unsafe"": 0, ""danger"": 36}","{""normal"": 0.0, ""unsafe"": 0.0, ""danger"": 1.0}",0,danger,danger,danger,True,False,labeling_yolo_sequence_coverage,sampled_danger_then_danger_ratio_sampled_unsafe_then_unsafe_ratio_else_normal,"{""danger_threshold"": 0.3, ""unsafe_threshold"": 0.3, ""missing_txt_policy"": ""normal_if_absent""}",/home/capstone2/zroact-stage2/benchmark2/data/viz_shufflenet_test/test_frame_30fps/climb-over-fence_plant_rgb/images/intrusion_climb-over-fence_rgb_0007_cctv3/intrusion_climb-over-fence_rgb_0007_cctv3_t000106.jpg,/home/capstone2/zroact-stage2/benchmark2/data/viz_shufflenet_test/test_frame_30fps/climb-over-fence_plant_rgb/images/intrusion_climb-over-fence_rgb_0007_cctv3/intrusion_climb-over-fence_rgb_0007_cctv3_t000116.jpg,/home/capstone2/zroact-stage2/benchmark2/data/viz_shufflenet_test/test_frame_30fps/climb-over-fence_plant_rgb/images/intrusion_climb-over-fence_rgb_0007_cctv3/intrusion_climb-over-fence_rgb_0007_cctv3_t000126.jpg
intrusion_climb-over-fence_rgb_0007_cctv3_f000136_000146_000156,climb-over-fence_plant_rgb,intrusion_climb-over-fence_rgb_0007_cctv3,intrusion_candidate,"[136, 146, 156]","[4.533, 4.867, 5.2]","{""start_frame"": 121, ""end_frame"": 156}","[""stand, carry/hold (an object)"", ""stand, carry/hold (an object)"", ""stand, carry/hold (an object)""]","[""danger"", ""danger"", ""danger""]",danger,36,"{""normal"": 0, ""unsafe"": 0, ""danger"": 36}","{""normal"": 0.0, ""unsafe"": 0.0, ""danger"": 1.0}",0,danger,danger,danger,True,False,labeling_yolo_sequence_coverage,sampled_danger_then_danger_ratio_sampled_unsafe_then_unsafe_ratio_else_normal,"{""danger_threshold"": 0.3, ""unsafe_threshold"": 0.3, ""missing_txt_policy"": ""normal_if_absent""}",/home/capstone2/zroact-stage2/benchmark2/data/viz_shufflenet_test/test_frame_30fps/climb-over-fence_plant_rgb/images/intrusion_climb-over-fence_rgb_0007_cctv3/intrusion_climb-over-fence_rgb_0007_cctv3_t000136.jpg,/home/capstone2/zroact-stage2/benchmark2/data/viz_shufflenet_test/test_frame_30fps/climb-over-fence_plant_rgb/images/intrusion_climb-over-fence_rgb_0007_cctv3/intrusion_climb-over-fence_rgb_0007_cctv3_t000146.jpg,/home/capstone2/zroact-stage2/benchmark2/data/viz_shufflenet_test/test_frame_30fps/climb-over-fence_plant_rgb/images/intrusion_climb-over-fence_rgb_0007_cctv3/intrusion_climb-over-fence_rgb_0007_cctv3_t000156.jpg
intrusion_climb-over-fence_rgb_0007_cctv3_f000166_000176_000186,climb-over-fence_plant_rgb,intrusion_climb-over-fence_rgb_0007_cctv3,intrusion_candidate,"[166, 176, 186]","[5.533, 5.867, 6.2]","{""start_frame"": 151, ""end_frame"": 186}","[""stand, carry/hold (an object)"", ""stand, carry/hold (an object)"", ""stand, carry/hold (an object)""]","[""danger"", ""danger"", ""danger""]",danger,36,"{""normal"": 0, ""unsafe"": 0, ""danger"": 36}","{""normal"": 0.0, ""unsafe"": 0.0, ""danger"": 1.0}",0,danger,danger,danger,True,False,labeling_yolo_sequence_coverage,sampled_danger_then_danger_ratio_sampled_unsafe_then_unsafe_ratio_else_normal,"{""danger_threshold"": 0.3, ""unsafe_threshold"": 0.3, ""missing_txt_policy"": ""normal_if_absent""}",/home/capstone2/zroact-stage2/benchmark2/data/viz_shufflenet_test/test_frame_30fps/climb-over-fence_plant_rgb/images/intrusion_climb-over-fence_rgb_0007_cctv3/intrusion_climb-over-fence_rgb_0007_cctv3_t000166.jpg,/home/capstone2/zroact-stage2/benchmark2/data/viz_shufflenet_test/test_frame_30fps/climb-over-fence_plant_rgb/images/intrusion_climb-over-fence_rgb_0007_cctv3/intrusion_climb-over-fence_rgb_0007_cctv3_t000176.jpg,/home/capstone2/zroact-stage2/benchmark2/data/viz_shufflenet_test/test_frame_30fps/climb-over-fence_plant_rgb/images/intrusion_climb-over-fence_rgb_0007_cctv3/intrusion_climb-over-fence_rgb_0007_cctv3_t000186.jpg
intrusion_climb-over-fence_rgb_0007_cctv3_f000196_000206_000216,climb-over-fence_plant_rgb,intrusion_climb-over-fence_rgb_0007_cctv3,intrusion_candidate,"[196, 206, 216]","[6.533, 6.867, 7.2]","{""start_frame"": 181, ""end_frame"": 216}","[""stand, carry/hold (an object)"", ""stand, carry/hold (an object)"", ""stand, carry/hold (an object)""]","[""danger"", ""danger"", ""danger""]",danger,36,"{""normal"": 0, ""unsafe"": 0, ""danger"": 36}","{""normal"": 0.0, ""unsafe"": 0.0, ""danger"": 1.0}",0,danger,danger,danger,True,False,labeling_yolo_sequence_coverage,sampled_danger_then_danger_ratio_sampled_unsafe_then_unsafe_ratio_else_normal,"{""danger_threshold"": 0.3, ""unsafe_threshold"": 0.3, ""missing_txt_policy"": ""normal_if_absent""}",/home/capstone2/zroact-stage2/benchmark2/data/viz_shufflenet_test/test_frame_30fps/climb-over-fence_plant_rgb/images/intrusion_climb-over-fence_rgb_0007_cctv3/intrusion_climb-over-fence_rgb_0007_cctv3_t000196.jpg,/home/capstone2/zroact-stage2/benchmark2/data/viz_shufflenet_test/test_frame_30fps/climb-over-fence_plant_rgb/images/intrusion_climb-over-fence_rgb_0007_cctv3/intrusion_climb-over-fence_rgb_0007_cctv3_t000206.jpg,/home/capstone2/zroact-stage2/benchmark2/data/viz_shufflenet_test/test_frame_30fps/climb-over-fence_plant_rgb/images/intrusion_climb-over-fence_rgb_0007_cctv3/intrusion_climb-over-fence_rgb_0007_cctv3_t000216.jpg
intrusion_climb-over-fence_rgb_0007_cctv3_f000226_000236_000246,climb-over-fence_plant_rgb,intrusion_climb-over-fence_rgb_0007_cctv3,intrusion_candidate,"[226, 236, 246]","[7.533, 7.867, 8.2]","{""start_frame"": 211, ""end_frame"": 246}","[""stand, carry/hold (an object)"", ""stand, carry/hold (an object)"", ""stand, carry/hold (an object)""]","[""danger"", ""danger"", ""danger""]",danger,36,"{""normal"": 0, ""unsafe"": 0, ""danger"": 36}","{""normal"": 0.0, ""unsafe"": 0.0, ""danger"": 1.0}",0,danger,danger,danger,True,False,labeling_yolo_sequence_coverage,sampled_danger_then_danger_ratio_sampled_unsafe_then_unsafe_ratio_else_normal,"{""danger_threshold"": 0.3, ""unsafe_threshold"": 0.3, ""missing_txt_policy"": ""normal_if_absent""}",/home/capstone2/zroact-stage2/benchmark2/data/viz_shufflenet_test/test_frame_30fps/climb-over-fence_plant_rgb/images/intrusion_climb-over-fence_rgb_0007_cctv3/intrusion_climb-over-fence_rgb_0007_cctv3_t000226.jpg,/home/capstone2/zroact-stage2/benchmark2/data/viz_shufflenet_test/test_frame_30fps/climb-over-fence_plant_rgb/images/intrusion_climb-over-fence_rgb_0007_cctv3/intrusion_climb-over-fence_rgb_0007_cctv3_t000236.jpg,/home/capstone2/zroact-stage2/benchmark2/data/viz_shufflenet_test/test_frame_30fps/climb-over-fence_plant_rgb/images/intrusion_climb-over-fence_rgb_0007_cctv3/intrusion_climb-over-fence_rgb_0007_cctv3_t000246.jpg
intrusion_climb-over-fence_rgb_0007_cctv3_f000256_000266_000276,climb-over-fence_plant_rgb,intrusion_climb-over-fence_rgb_0007_cctv3,intrusion_candidate,"[256, 266, 276]","[8.533, 8.867, 9.2]","{""start_frame"": 241, ""end_frame"": 276}","[""stand, carry/hold (an object)"", ""stand, carry/hold (an object)"", ""stand, carry/hold (an object)""]","[""danger"", ""danger"", ""danger""]",danger,36,"{""normal"": 0, ""unsafe"": 0, ""danger"": 36}","{""normal"": 0.0, ""unsafe"": 0.0, ""danger"": 1.0}",0,danger,danger,danger,True,False,labeling_yolo_sequence_coverage,sampled_danger_then_danger_ratio_sampled_unsafe_then_unsafe_ratio_else_normal,"{""danger_threshold"": 0.3, ""unsafe_threshold"": 0.3, ""missing_txt_policy"": ""normal_if_absent""}",/home/capstone2/zroact-stage2/benchmark2/data/viz_shufflenet_test/test_frame_30fps/climb-over-fence_plant_rgb/images/intrusion_climb-over-fence_rgb_0007_cctv3/intrusion_climb-over-fence_rgb_0007_cctv3_t000256.jpg,/home/capstone2/zroact-stage2/benchmark2/data/viz_shufflenet_test/test_frame_30fps/climb-over-fence_plant_rgb/images/intrusion_climb-over-fence_rgb_0007_cctv3/intrusion_climb-over-fence_rgb_0007_cctv3_t000266.jpg,/home/capstone2/zroact-stage2/benchmark2/data/viz_shufflenet_test/test_frame_30fps/climb-over-fence_plant_rgb/images/intrusion_climb-over-fence_rgb_0007_cctv3/intrusion_climb-over-fence_rgb_0007_cctv3_t000276.jpg
intrusion_climb-over-fence_rgb_0007_cctv3_f000286_000296_000306,climb-over-fence_plant_rgb,intrusion_climb-over-fence_rgb_0007_cctv3,intrusion_candidate,"[286, 296, 306]","[9.533, 9.867, 10.2]","{""start_frame"": 271, ""end_frame"": 306}","[""stand, carry/hold (an object)"", ""stand, carry/hold (an object)"", ""stand, carry/hold (an object)""]","[""danger"", ""danger"", ""danger""]",danger,36,"{""normal"": 0, ""unsafe"": 0, ""danger"": 36}","{""normal"": 0.0, ""unsafe"": 0.0, ""danger"": 1.0}",0,danger,danger,danger,True,False,labeling_yolo_sequence_coverage,sampled_danger_then_danger_ratio_sampled_unsafe_then_unsafe_ratio_else_normal,"{""danger_threshold"": 0.3, ""unsafe_threshold"": 0.3, ""missing_txt_policy"": ""normal_if_absent""}",/home/capstone2/zroact-stage2/benchmark2/data/viz_shufflenet_test/test_frame_30fps/climb-over-fence_plant_rgb/images/intrusion_climb-over-fence_rgb_0007_cctv3/intrusion_climb-over-fence_rgb_0007_cctv3_t000286.jpg,/home/capstone2/zroact-stage2/benchmark2/data/viz_shufflenet_test/test_frame_30fps/climb-over-fence_plant_rgb/images/intrusion_climb-over-fence_rgb_0007_cctv3/intrusion_climb-over-fence_rgb_0007_cctv3_t000296.jpg,/home/capstone2/zroact-stage2/benchmark2/data/viz_shufflenet_test/test_frame_30fps/climb-over-fence_plant_rgb/images/intrusion_climb-over-fence_rgb_0007_cctv3/intrusion_climb-over-fence_rgb_0007_cctv3_t000306.jpg
intrusion_climb-over-fence_rgb_0007_cctv3_f000316_000326_000336,climb-over-fence_plant_rgb,intrusion_climb-over-fence_rgb_0007_cctv3,intrusion_candidate,"[316, 326, 336]","[10.533, 10.867, 11.2]","{""start_frame"": 301, ""end_frame"": 336}","[""stand, carry/hold (an object)"", ""stand, carry/hold (an object)"", ""stand, carry/hold (an object)""]","[""danger"", ""danger"", ""danger""]",danger,36,"{""normal"": 0, ""unsafe"": 0, ""danger"": 36}","{""normal"": 0.0, ""unsafe"": 0.0, ""danger"": 1.0}",0,danger,danger,danger,True,False,labeling_yolo_sequence_coverage,sampled_danger_then_danger_ratio_sampled_unsafe_then_unsafe_ratio_else_normal,"{""danger_threshold"": 0.3, ""unsafe_threshold"": 0.3, ""missing_txt_policy"": ""normal_if_absent""}",/home/capstone2/zroact-stage2/benchmark2/data/viz_shufflenet_test/test_frame_30fps/climb-over-fence_plant_rgb/images/intrusion_climb-over-fence_rgb_0007_cctv3/intrusion_climb-over-fence_rgb_0007_cctv3_t000316.jpg,/home/capstone2/zroact-stage2/benchmark2/data/viz_shufflenet_test/test_frame_30fps/climb-over-fence_plant_rgb/images/intrusion_climb-over-fence_rgb_0007_cctv3/intrusion_climb-over-fence_rgb_0007_cctv3_t000326.jpg,/home/capstone2/zroact-stage2/benchmark2/data/viz_shufflenet_test/test_frame_30fps/climb-over-fence_plant_rgb/images/intrusion_climb-over-fence_rgb_0007_cctv3/intrusion_climb-over-fence_rgb_0007_cctv3_t000336.jpg
intrusion_climb-over-fence_rgb_0007_cctv3_f000346_000356_000366,climb-over-fence_plant_rgb,intrusion_climb-over-fence_rgb_0007_cctv3,intrusion_candidate,"[346, 356, 366]","[11.533, 11.867, 12.2]","{""start_frame"": 331, ""end_frame"": 366}","[""stand, carry/hold (an object)"", ""stand, carry/hold (an object)"", ""stand, carry/hold (an object)""]","[""danger"", ""danger"", ""danger""]",danger,36,"{""normal"": 0, ""unsafe"": 0, ""danger"": 36}","{""normal"": 0.0, ""unsafe"": 0.0, ""danger"": 1.0}",0,danger,danger,danger,True,False,labeling_yolo_sequence_coverage,sampled_danger_then_danger_ratio_sampled_unsafe_then_unsafe_ratio_else_normal,"{""danger_threshold"": 0.3, ""unsafe_threshold"": 0.3, ""missing_txt_policy"": ""normal_if_absent""}",/home/capstone2/zroact-stage2/benchmark2/data/viz_shufflenet_test/test_frame_30fps/climb-over-fence_plant_rgb/images/intrusion_climb-over-fence_rgb_0007_cctv3/intrusion_climb-over-fence_rgb_0007_cctv3_t000346.jpg,/home/capstone2/zroact-stage2/benchmark2/data/viz_shufflenet_test/test_frame_30fps/climb-over-fence_plant_rgb/images/intrusion_climb-over-fence_rgb_0007_cctv3/intrusion_climb-over-fence_rgb_0007_cctv3_t000356.jpg,/home/capstone2/zroact-stage2/benchmark2/data/viz_shufflenet_test/test_frame_30fps/climb-over-fence_plant_rgb/images/intrusion_climb-over-fence_rgb_0007_cctv3/intrusion_climb-over-fence_rgb_0007_cctv3_t000366.jpg
intrusion_climb-over-fence_rgb_0007_cctv3_f000376_000386_000396,climb-over-fence_plant_rgb,intrusion_climb-over-fence_rgb_0007_cctv3,intrusion_candidate,"[376, 386, 396]","[12.533, 12.867, 13.2]","{""start_frame"": 361, ""end_frame"": 396}","[""stand, carry/hold (an object)"", ""stand, carry/hold (an object)"", ""stand, carry/hold (an object)""]","[""danger"", ""danger"", ""danger""]",danger,36,"{""normal"": 0, ""unsafe"": 0, ""danger"": 36}","{""normal"": 0.0, ""unsafe"": 0.0, ""danger"": 1.0}",0,danger,danger,danger,True,False,labeling_yolo_sequence_coverage,sampled_danger_then_danger_ratio_sampled_unsafe_then_unsafe_ratio_else_normal,"{""danger_threshold"": 0.3, ""unsafe_threshold"": 0.3, ""missing_txt_policy"": ""normal_if_absent""}",/home/capstone2/zroact-stage2/benchmark2/data/viz_shufflenet_test/test_frame_30fps/climb-over-fence_plant_rgb/images/intrusion_climb-over-fence_rgb_0007_cctv3/intrusion_climb-over-fence_rgb_0007_cctv3_t000376.jpg,/home/capstone2/zroact-stage2/benchmark2/data/viz_shufflenet_test/test_frame_30fps/climb-over-fence_plant_rgb/images/intrusion_climb-over-fence_rgb_0007_cctv3/intrusion_climb-over-fence_rgb_0007_cctv3_t000386.jpg,/home/capstone2/zroact-stage2/benchmark2/data/viz_shufflenet_test/test_frame_30fps/climb-over-fence_plant_rgb/images/intrusion_climb-over-fence_rgb_0007_cctv3/intrusion_climb-over-fence_rgb_0007_cctv3_t000396.jpg
intrusion_climb-over-fence_rgb_0008_cctv2_f000016_000026_000036,climb-over-fence_plant_rgb,intrusion_climb-over-fence_rgb_0008_cctv2,intrusion_candidate,"[16, 26, 36]","[0.533, 0.867, 1.2]","{""start_frame"": 1, ""end_frame"": 36}","[""bend/bow (at the waist), carry/hold (an object)"", ""bend/bow (at the waist), carry/hold (an object)"", ""bend/bow (at the waist), carry/hold (an object)""]","[""unsafe"", ""unsafe"", ""unsafe""]",unsafe,36,"{""normal"": 0, ""unsafe"": 36, ""danger"": 0}","{""normal"": 0.0, ""unsafe"": 1.0, ""danger"": 0.0}",0,unsafe,unsafe,unsafe,True,False,labeling_yolo_sequence_coverage,sampled_danger_then_danger_ratio_sampled_unsafe_then_unsafe_ratio_else_normal,"{""danger_threshold"": 0.3, ""unsafe_threshold"": 0.3, ""missing_txt_policy"": ""normal_if_absent""}",/home/capstone2/zroact-stage2/benchmark2/data/viz_shufflenet_test/test_frame_30fps/climb-over-fence_plant_rgb/images/intrusion_climb-over-fence_rgb_0008_cctv2/intrusion_climb-over-fence_rgb_0008_cctv2_t000016.jpg,/home/capstone2/zroact-stage2/benchmark2/data/viz_shufflenet_test/test_frame_30fps/climb-over-fence_plant_rgb/images/intrusion_climb-over-fence_rgb_0008_cctv2/intrusion_climb-over-fence_rgb_0008_cctv2_t000026.jpg,/home/capstone2/zroact-stage2/benchmark2/data/viz_shufflenet_test/test_frame_30fps/climb-over-fence_plant_rgb/images/intrusion_climb-over-fence_rgb_0008_cctv2/intrusion_climb-over-fence_rgb_0008_cctv2_t000036.jpg
intrusion_climb-over-fence_rgb_0008_cctv2_f000046_000056_000066,climb-over-fence_plant_rgb,intrusion_climb-over-fence_rgb_0008_cctv2,intrusion_candidate,"[46, 56, 66]","[1.533, 1.867, 2.2]","{""start_frame"": 31, ""end_frame"": 66}","[""bend/bow (at the waist), carry/hold (an object)"", ""stand, carry/hold (an object)"", ""stand, carry/hold (an object)""]","[""danger"", ""danger"", ""danger""]",danger,36,"{""normal"": 0, ""unsafe"": 6, ""danger"": 30}","{""normal"": 0.0, ""unsafe"": 0.1667, ""danger"": 0.8333}",0,danger,danger,danger,True,False,labeling_yolo_sequence_coverage,sampled_danger_then_danger_ratio_sampled_unsafe_then_unsafe_ratio_else_normal,"{""danger_threshold"": 0.3, ""unsafe_threshold"": 0.3, ""missing_txt_policy"": ""normal_if_absent""}",/home/capstone2/zroact-stage2/benchmark2/data/viz_shufflenet_test/test_frame_30fps/climb-over-fence_plant_rgb/images/intrusion_climb-over-fence_rgb_0008_cctv2/intrusion_climb-over-fence_rgb_0008_cctv2_t000046.jpg,/home/capstone2/zroact-stage2/benchmark2/data/viz_shufflenet_test/test_frame_30fps/climb-over-fence_plant_rgb/images/intrusion_climb-over-fence_rgb_0008_cctv2/intrusion_climb-over-fence_rgb_0008_cctv2_t000056.jpg,/home/capstone2/zroact-stage2/benchmark2/data/viz_shufflenet_test/test_frame_30fps/climb-over-fence_plant_rgb/images/intrusion_climb-over-fence_rgb_0008_cctv2/intrusion_climb-over-fence_rgb_0008_cctv2_t000066.jpg
intrusion_climb-over-fence_rgb_0008_cctv2_f000076_000086_000096,climb-over-fence_plant_rgb,intrusion_climb-over-fence_rgb_0008_cctv2,intrusion_candidate,"[76, 86, 96]","[2.533, 2.867, 3.2]","{""start_frame"": 61, ""end_frame"": 96}","[""stand, carry/hold (an object)"", ""walk, carry/hold (an object)"", ""walk, carry/hold (an object)""]","[""danger"", ""danger"", ""danger""]",danger,36,"{""normal"": 0, ""unsafe"": 0, ""danger"": 36}","{""normal"": 0.0, ""unsafe"": 0.0, ""danger"": 1.0}",0,danger,danger,danger,True,False,labeling_yolo_sequence_coverage,sampled_danger_then_danger_ratio_sampled_unsafe_then_unsafe_ratio_else_normal,"{""danger_threshold"": 0.3, ""unsafe_threshold"": 0.3, ""missing_txt_policy"": ""normal_if_absent""}",/home/capstone2/zroact-stage2/benchmark2/data/viz_shufflenet_test/test_frame_30fps/climb-over-fence_plant_rgb/images/intrusion_climb-over-fence_rgb_0008_cctv2/intrusion_climb-over-fence_rgb_0008_cctv2_t000076.jpg,/home/capstone2/zroact-stage2/benchmark2/data/viz_shufflenet_test/test_frame_30fps/climb-over-fence_plant_rgb/images/intrusion_climb-over-fence_rgb_0008_cctv2/intrusion_climb-over-fence_rgb_0008_cctv2_t000086.jpg,/home/capstone2/zroact-stage2/benchmark2/data/viz_shufflenet_test/test_frame_30fps/climb-over-fence_plant_rgb/images/intrusion_climb-over-fence_rgb_0008_cctv2/intrusion_climb-over-fence_rgb_0008_cctv2_t000096.jpg
intrusion_climb-over-fence_rgb_0008_cctv2_f000106_000116_000126,climb-over-fence_plant_rgb,intrusion_climb-over-fence_rgb_0008_cctv2,intrusion_candidate,"[106, 116, 126]","[3.533, 3.867, 4.2]","{""start_frame"": 91, ""end_frame"": 126}","[""walk, carry/hold (an object)"", ""carry/hold (an object), walk"", ""stand, carry/hold (an object)""]","[""danger"", ""danger"", ""danger""]",danger,36,"{""normal"": 0, ""unsafe"": 0, ""danger"": 36}","{""normal"": 0.0, ""unsafe"": 0.0, ""danger"": 1.0}",0,danger,danger,danger,True,False,labeling_yolo_sequence_coverage,sampled_danger_then_danger_ratio_sampled_unsafe_then_unsafe_ratio_else_normal,"{""danger_threshold"": 0.3, ""unsafe_threshold"": 0.3, ""missing_txt_policy"": ""normal_if_absent""}",/home/capstone2/zroact-stage2/benchmark2/data/viz_shufflenet_test/test_frame_30fps/climb-over-fence_plant_rgb/images/intrusion_climb-over-fence_rgb_0008_cctv2/intrusion_climb-over-fence_rgb_0008_cctv2_t000106.jpg,/home/capstone2/zroact-stage2/benchmark2/data/viz_shufflenet_test/test_frame_30fps/climb-over-fence_plant_rgb/images/intrusion_climb-over-fence_rgb_0008_cctv2/intrusion_climb-over-fence_rgb_0008_cctv2_t000116.jpg,/home/capstone2/zroact-stage2/benchmark2/data/viz_shufflenet_test/test_frame_30fps/climb-over-fence_plant_rgb/images/intrusion_climb-over-fence_rgb_0008_cctv2/intrusion_climb-over-fence_rgb_0008_cctv2_t000126.jpg
intrusion_climb-over-fence_rgb_0008_cctv2_f000136_000146_000156,climb-over-fence_plant_rgb,intrusion_climb-over-fence_rgb_0008_cctv2,intrusion_candidate,"[136, 146, 156]","[4.533, 4.867, 5.2]","{""start_frame"": 121, ""end_frame"": 156}","[""carry/hold (an object), stand"", ""stand, carry/hold (an object)"", ""stand, carry/hold (an object)""]","[""danger"", ""danger"", ""danger""]",danger,36,"{""normal"": 0, ""unsafe"": 0, ""danger"": 36}","{""normal"": 0.0, ""unsafe"": 0.0, ""danger"": 1.0}",0,danger,danger,danger,True,False,labeling_yolo_sequence_coverage,sampled_danger_then_danger_ratio_sampled_unsafe_then_unsafe_ratio_else_normal,"{""danger_threshold"": 0.3, ""unsafe_threshold"": 0.3, ""missing_txt_policy"": ""normal_if_absent""}",/home/capstone2/zroact-stage2/benchmark2/data/viz_shufflenet_test/test_frame_30fps/climb-over-fence_plant_rgb/images/intrusion_climb-over-fence_rgb_0008_cctv2/intrusion_climb-over-fence_rgb_0008_cctv2_t000136.jpg,/home/capstone2/zroact-stage2/benchmark2/data/viz_shufflenet_test/test_frame_30fps/climb-over-fence_plant_rgb/images/intrusion_climb-over-fence_rgb_0008_cctv2/intrusion_climb-over-fence_rgb_0008_cctv2_t000146.jpg,/home/capstone2/zroact-stage2/benchmark2/data/viz_shufflenet_test/test_frame_30fps/climb-over-fence_plant_rgb/images/intrusion_climb-over-fence_rgb_0008_cctv2/intrusion_climb-over-fence_rgb_0008_cctv2_t000156.jpg
intrusion_climb-over-fence_rgb_0008_cctv2_f000166_000176_000186,climb-over-fence_plant_rgb,intrusion_climb-over-fence_rgb_0008_cctv2,intrusion_candidate,"[166, 176, 186]","[5.533, 5.867, 6.2]","{""start_frame"": 151, ""end_frame"": 186}","[""stand, carry/hold (an object)"", ""stand, carry/hold (an object)"", ""stand, carry/hold (an object)""]","[""danger"", ""danger"", ""danger""]",danger,36,"{""normal"": 0, ""unsafe"": 0, ""danger"": 36}","{""normal"": 0.0, ""unsafe"": 0.0, ""danger"": 1.0}",0,danger,danger,danger,True,False,labeling_yolo_sequence_coverage,sampled_danger_then_danger_ratio_sampled_unsafe_then_unsafe_ratio_else_normal,"{""danger_threshold"": 0.3, ""unsafe_threshold"": 0.3, ""missing_txt_policy"": ""normal_if_absent""}",/home/capstone2/zroact-stage2/benchmark2/data/viz_shufflenet_test/test_frame_30fps/climb-over-fence_plant_rgb/images/intrusion_climb-over-fence_rgb_0008_cctv2/intrusion_climb-over-fence_rgb_0008_cctv2_t000166.jpg,/home/capstone2/zroact-stage2/benchmark2/data/viz_shufflenet_test/test_frame_30fps/climb-over-fence_plant_rgb/images/intrusion_climb-over-fence_rgb_0008_cctv2/intrusion_climb-over-fence_rgb_0008_cctv2_t000176.jpg,/home/capstone2/zroact-stage2/benchmark2/data/viz_shufflenet_test/test_frame_30fps/climb-over-fence_plant_rgb/images/intrusion_climb-over-fence_rgb_0008_cctv2/intrusion_climb-over-fence_rgb_0008_cctv2_t000186.jpg
intrusion_climb-over-fence_rgb_0008_cctv2_f000196_000206_000216,climb-over-fence_plant_rgb,intrusion_climb-over-fence_rgb_0008_cctv2,intrusion_candidate,"[196, 206, 216]","[6.533, 6.867, 7.2]","{""start_frame"": 181, ""end_frame"": 216}","[""stand, carry/hold (an object)"", ""stand, carry/hold (an object)"", ""stand, carry/hold (an object)""]","[""danger"", ""danger"", ""danger""]",danger,36,"{""normal"": 0, ""unsafe"": 0, ""danger"": 36}","{""normal"": 0.0, ""unsafe"": 0.0, ""danger"": 1.0}",0,danger,danger,danger,True,False,labeling_yolo_sequence_coverage,sampled_danger_then_danger_ratio_sampled_unsafe_then_unsafe_ratio_else_normal,"{""danger_threshold"": 0.3, ""unsafe_threshold"": 0.3, ""missing_txt_policy"": ""normal_if_absent""}",/home/capstone2/zroact-stage2/benchmark2/data/viz_shufflenet_test/test_frame_30fps/climb-over-fence_plant_rgb/images/intrusion_climb-over-fence_rgb_0008_cctv2/intrusion_climb-over-fence_rgb_0008_cctv2_t000196.jpg,/home/capstone2/zroact-stage2/benchmark2/data/viz_shufflenet_test/test_frame_30fps/climb-over-fence_plant_rgb/images/intrusion_climb-over-fence_rgb_0008_cctv2/intrusion_climb-over-fence_rgb_0008_cctv2_t000206.jpg,/home/capstone2/zroact-stage2/benchmark2/data/viz_shufflenet_test/test_frame_30fps/climb-over-fence_plant_rgb/images/intrusion_climb-over-fence_rgb_0008_cctv2/intrusion_climb-over-fence_rgb_0008_cctv2_t000216.jpg
intrusion_climb-over-fence_rgb_0008_cctv2_f000226_000236_000246,climb-over-fence_plant_rgb,intrusion_climb-over-fence_rgb_0008_cctv2,intrusion_candidate,"[226, 236, 246]","[7.533, 7.867, 8.2]","{""start_frame"": 211, ""end_frame"": 246}","[""stand, carry/hold (an object)"", ""stand"", ""stand, carry/hold (an object)""]","[""danger"", ""danger"", ""danger""]",danger,36,"{""normal"": 0, ""unsafe"": 0, ""danger"": 36}","{""normal"": 0.0, ""unsafe"": 0.0, ""danger"": 1.0}",0,danger,danger,danger,True,False,labeling_yolo_sequence_coverage,sampled_danger_then_danger_ratio_sampled_unsafe_then_unsafe_ratio_else_normal,"{""danger_threshold"": 0.3, ""unsafe_threshold"": 0.3, ""missing_txt_policy"": ""normal_if_absent""}",/home/capstone2/zroact-stage2/benchmark2/data/viz_shufflenet_test/test_frame_30fps/climb-over-fence_plant_rgb/images/intrusion_climb-over-fence_rgb_0008_cctv2/intrusion_climb-over-fence_rgb_0008_cctv2_t000226.jpg,/home/capstone2/zroact-stage2/benchmark2/data/viz_shufflenet_test/test_frame_30fps/climb-over-fence_plant_rgb/images/intrusion_climb-over-fence_rgb_0008_cctv2/intrusion_climb-over-fence_rgb_0008_cctv2_t000236.jpg,/home/capstone2/zroact-stage2/benchmark2/data/viz_shufflenet_test/test_frame_30fps/climb-over-fence_plant_rgb/images/intrusion_climb-over-fence_rgb_0008_cctv2/intrusion_climb-over-fence_rgb_0008_cctv2_t000246.jpg
intrusion_climb-over-fence_rgb_0008_cctv2_f000256_000266_000276,climb-over-fence_plant_rgb,intrusion_climb-over-fence_rgb_0008_cctv2,intrusion_candidate,"[256, 266, 276]","[8.533, 8.867, 9.2]","{""start_frame"": 241, ""end_frame"": 276}","[""walk, stand"", ""stand, walk"", ""stand, carry/hold (an object)""]","[""danger"", ""danger"", ""danger""]",danger,36,"{""normal"": 0, ""unsafe"": 0, ""danger"": 36}","{""normal"": 0.0, ""unsafe"": 0.0, ""danger"": 1.0}",0,danger,danger,danger,True,False,labeling_yolo_sequence_coverage,sampled_danger_then_danger_ratio_sampled_unsafe_then_unsafe_ratio_else_normal,"{""danger_threshold"": 0.3, ""unsafe_threshold"": 0.3, ""missing_txt_policy"": ""normal_if_absent""}",/home/capstone2/zroact-stage2/benchmark2/data/viz_shufflenet_test/test_frame_30fps/climb-over-fence_plant_rgb/images/intrusion_climb-over-fence_rgb_0008_cctv2/intrusion_climb-over-fence_rgb_0008_cctv2_t000256.jpg,/home/capstone2/zroact-stage2/benchmark2/data/viz_shufflenet_test/test_frame_30fps/climb-over-fence_plant_rgb/images/intrusion_climb-over-fence_rgb_0008_cctv2/intrusion_climb-over-fence_rgb_0008_cctv2_t000266.jpg,/home/capstone2/zroact-stage2/benchmark2/data/viz_shufflenet_test/test_frame_30fps/climb-over-fence_plant_rgb/images/intrusion_climb-over-fence_rgb_0008_cctv2/intrusion_climb-over-fence_rgb_0008_cctv2_t000276.jpg
intrusion_climb-over-fence_rgb_0008_cctv2_f000286_000296_000306,climb-over-fence_plant_rgb,intrusion_climb-over-fence_rgb_0008_cctv2,intrusion_candidate,"[286, 296, 306]","[9.533, 9.867, 10.2]","{""start_frame"": 271, ""end_frame"": 306}","[""stand, carry/hold (an object)"", ""stand, carry/hold (an object)"", ""stand, carry/hold (an object)""]","[""danger"", ""danger"", ""danger""]",danger,36,"{""normal"": 0, ""unsafe"": 0, ""danger"": 36}","{""normal"": 0.0, ""unsafe"": 0.0, ""danger"": 1.0}",0,danger,danger,danger,True,False,labeling_yolo_sequence_coverage,sampled_danger_then_danger_ratio_sampled_unsafe_then_unsafe_ratio_else_normal,"{""danger_threshold"": 0.3, ""unsafe_threshold"": 0.3, ""missing_txt_policy"": ""normal_if_absent""}",/home/capstone2/zroact-stage2/benchmark2/data/viz_shufflenet_test/test_frame_30fps/climb-over-fence_plant_rgb/images/intrusion_climb-over-fence_rgb_0008_cctv2/intrusion_climb-over-fence_rgb_0008_cctv2_t000286.jpg,/home/capstone2/zroact-stage2/benchmark2/data/viz_shufflenet_test/test_frame_30fps/climb-over-fence_plant_rgb/images/intrusion_climb-over-fence_rgb_0008_cctv2/intrusion_climb-over-fence_rgb_0008_cctv2_t000296.jpg,/home/capstone2/zroact-stage2/benchmark2/data/viz_shufflenet_test/test_frame_30fps/climb-over-fence_plant_rgb/images/intrusion_climb-over-fence_rgb_0008_cctv2/intrusion_climb-over-fence_rgb_0008_cctv2_t000306.jpg
intrusion_climb-over-fence_rgb_0008_cctv2_f000316_000326_000336,climb-over-fence_plant_rgb,intrusion_climb-over-fence_rgb_0008_cctv2,intrusion_candidate,"[316, 326, 336]","[10.533, 10.867, 11.2]","{""start_frame"": 301, ""end_frame"": 336}","[""bend/bow (at the waist), stand"", ""bend/bow (at the waist), carry/hold (an object)"", ""bend/bow (at the waist), carry/hold (an object)""]","[""danger"", ""danger"", ""danger""]",danger,36,"{""normal"": 0, ""unsafe"": 0, ""danger"": 36}","{""normal"": 0.0, ""unsafe"": 0.0, ""danger"": 1.0}",0,danger,danger,danger,True,False,labeling_yolo_sequence_coverage,sampled_danger_then_danger_ratio_sampled_unsafe_then_unsafe_ratio_else_normal,"{""danger_threshold"": 0.3, ""unsafe_threshold"": 0.3, ""missing_txt_policy"": ""normal_if_absent""}",/home/capstone2/zroact-stage2/benchmark2/data/viz_shufflenet_test/test_frame_30fps/climb-over-fence_plant_rgb/images/intrusion_climb-over-fence_rgb_0008_cctv2/intrusion_climb-over-fence_rgb_0008_cctv2_t000316.jpg,/home/capstone2/zroact-stage2/benchmark2/data/viz_shufflenet_test/test_frame_30fps/climb-over-fence_plant_rgb/images/intrusion_climb-over-fence_rgb_0008_cctv2/intrusion_climb-over-fence_rgb_0008_cctv2_t000326.jpg,/home/capstone2/zroact-stage2/benchmark2/data/viz_shufflenet_test/test_frame_30fps/climb-over-fence_plant_rgb/images/intrusion_climb-over-fence_rgb_0008_cctv2/intrusion_climb-over-fence_rgb_0008_cctv2_t000336.jpg
intrusion_climb-over-fence_rgb_0008_cctv2_f000346_000356_000366,climb-over-fence_plant_rgb,intrusion_climb-over-fence_rgb_0008_cctv2,intrusion_candidate,"[346, 356, 366]","[11.533, 11.867, 12.2]","{""start_frame"": 331, ""end_frame"": 366}","[""stand, bend/bow (at the waist)"", ""stand, carry/hold (an object)"", ""stand, carry/hold (an object)""]","[""danger"", ""danger"", ""danger""]",danger,36,"{""normal"": 0, ""unsafe"": 0, ""danger"": 36}","{""normal"": 0.0, ""unsafe"": 0.0, ""danger"": 1.0}",0,danger,danger,danger,True,False,labeling_yolo_sequence_coverage,sampled_danger_then_danger_ratio_sampled_unsafe_then_unsafe_ratio_else_normal,"{""danger_threshold"": 0.3, ""unsafe_threshold"": 0.3, ""missing_txt_policy"": ""normal_if_absent""}",/home/capstone2/zroact-stage2/benchmark2/data/viz_shufflenet_test/test_frame_30fps/climb-over-fence_plant_rgb/images/intrusion_climb-over-fence_rgb_0008_cctv2/intrusion_climb-over-fence_rgb_0008_cctv2_t000346.jpg,/home/capstone2/zroact-stage2/benchmark2/data/viz_shufflenet_test/test_frame_30fps/climb-over-fence_plant_rgb/images/intrusion_climb-over-fence_rgb_0008_cctv2/intrusion_climb-over-fence_rgb_0008_cctv2_t000356.jpg,/home/capstone2/zroact-stage2/benchmark2/data/viz_shufflenet_test/test_frame_30fps/climb-over-fence_plant_rgb/images/intrusion_climb-over-fence_rgb_0008_cctv2/intrusion_climb-over-fence_rgb_0008_cctv2_t000366.jpg
intrusion_climb-over-fence_rgb_0008_cctv2_f000376_000386_000396,climb-over-fence_plant_rgb,intrusion_climb-over-fence_rgb_0008_cctv2,intrusion_candidate,"[376, 386, 396]","[12.533, 12.867, 13.2]","{""start_frame"": 361, ""end_frame"": 396}","[""stand, bend/bow (at the waist)"", ""stand, carry/hold (an object)"", ""stand, carry/hold (an object)""]","[""danger"", ""danger"", ""danger""]",danger,36,"{""normal"": 0, ""unsafe"": 0, ""danger"": 36}","{""normal"": 0.0, ""unsafe"": 0.0, ""danger"": 1.0}",0,danger,danger,danger,True,False,labeling_yolo_sequence_coverage,sampled_danger_then_danger_ratio_sampled_unsafe_then_unsafe_ratio_else_normal,"{""danger_threshold"": 0.3, ""unsafe_threshold"": 0.3, ""missing_txt_policy"": ""normal_if_absent""}",/home/capstone2/zroact-stage2/benchmark2/data/viz_shufflenet_test/test_frame_30fps/climb-over-fence_plant_rgb/images/intrusion_climb-over-fence_rgb_0008_cctv2/intrusion_climb-over-fence_rgb_0008_cctv2_t000376.jpg,/home/capstone2/zroact-stage2/benchmark2/data/viz_shufflenet_test/test_frame_30fps/climb-over-fence_plant_rgb/images/intrusion_climb-over-fence_rgb_0008_cctv2/intrusion_climb-over-fence_rgb_0008_cctv2_t000386.jpg,/home/capstone2/zroact-stage2/benchmark2/data/viz_shufflenet_test/test_frame_30fps/climb-over-fence_plant_rgb/images/intrusion_climb-over-fence_rgb_0008_cctv2/intrusion_climb-over-fence_rgb_0008_cctv2_t000396.jpg
intrusion_climb-over-fence_rgb_0017_cctv1_f000016_000026_000036,climb-over-fence_plant_rgb,intrusion_climb-over-fence_rgb_0017_cctv1,intrusion_candidate,"[16, 26, 36]","[0.533, 0.867, 1.2]","{""start_frame"": 1, ""end_frame"": 36}","[""carry/hold (an object), walk"", ""walk, carry/hold (an object)"", ""walk""]","[""danger"", ""danger"", ""danger""]",danger,36,"{""normal"": 0, ""unsafe"": 0, ""danger"": 36}","{""normal"": 0.0, ""unsafe"": 0.0, ""danger"": 1.0}",0,danger,danger,danger,True,False,labeling_yolo_sequence_coverage,sampled_danger_then_danger_ratio_sampled_unsafe_then_unsafe_ratio_else_normal,"{""danger_threshold"": 0.3, ""unsafe_threshold"": 0.3, ""missing_txt_policy"": ""normal_if_absent""}",/home/capstone2/zroact-stage2/benchmark2/data/viz_shufflenet_test/test_frame_30fps/climb-over-fence_plant_rgb/images/intrusion_climb-over-fence_rgb_0017_cctv1/intrusion_climb-over-fence_rgb_0017_cctv1_t000016.jpg,/home/capstone2/zroact-stage2/benchmark2/data/viz_shufflenet_test/test_frame_30fps/climb-over-fence_plant_rgb/images/intrusion_climb-over-fence_rgb_0017_cctv1/intrusion_climb-over-fence_rgb_0017_cctv1_t000026.jpg,/home/capstone2/zroact-stage2/benchmark2/data/viz_shufflenet_test/test_frame_30fps/climb-over-fence_plant_rgb/images/intrusion_climb-over-fence_rgb_0017_cctv1/intrusion_climb-over-fence_rgb_0017_cctv1_t000036.jpg
intrusion_climb-over-fence_rgb_0017_cctv1_f000046_000056_000066,climb-over-fence_plant_rgb,intrusion_climb-over-fence_rgb_0017_cctv1,intrusion_candidate,"[46, 56, 66]","[1.533, 1.867, 2.2]","{""start_frame"": 31, ""end_frame"": 66}","[""none"", ""stand"", ""stand""]","[""danger"", ""danger"", ""danger""]",danger,36,"{""normal"": 0, ""unsafe"": 0, ""danger"": 36}","{""normal"": 0.0, ""unsafe"": 0.0, ""danger"": 1.0}",0,danger,danger,danger,True,False,labeling_yolo_sequence_coverage,sampled_danger_then_danger_ratio_sampled_unsafe_then_unsafe_ratio_else_normal,"{""danger_threshold"": 0.3, ""unsafe_threshold"": 0.3, ""missing_txt_policy"": ""normal_if_absent""}",/home/capstone2/zroact-stage2/benchmark2/data/viz_shufflenet_test/test_frame_30fps/climb-over-fence_plant_rgb/images/intrusion_climb-over-fence_rgb_0017_cctv1/intrusion_climb-over-fence_rgb_0017_cctv1_t000046.jpg,/home/capstone2/zroact-stage2/benchmark2/data/viz_shufflenet_test/test_frame_30fps/climb-over-fence_plant_rgb/images/intrusion_climb-over-fence_rgb_0017_cctv1/intrusion_climb-over-fence_rgb_0017_cctv1_t000056.jpg,/home/capstone2/zroact-stage2/benchmark2/data/viz_shufflenet_test/test_frame_30fps/climb-over-fence_plant_rgb/images/intrusion_climb-over-fence_rgb_0017_cctv1/intrusion_climb-over-fence_rgb_0017_cctv1_t000066.jpg
intrusion_climb-over-fence_rgb_0017_cctv1_f000076_000086_000096,climb-over-fence_plant_rgb,intrusion_climb-over-fence_rgb_0017_cctv1,intrusion_candidate,"[76, 86, 96]","[2.533, 2.867, 3.2]","{""start_frame"": 61, ""end_frame"": 96}","[""stand"", ""stand"", ""stand""]","[""danger"", ""danger"", ""danger""]",danger,36,"{""normal"": 0, ""unsafe"": 0, ""danger"": 36}","{""normal"": 0.0, ""unsafe"": 0.0, ""danger"": 1.0}",0,danger,danger,danger,True,False,labeling_yolo_sequence_coverage,sampled_danger_then_danger_ratio_sampled_unsafe_then_unsafe_ratio_else_normal,"{""danger_threshold"": 0.3, ""unsafe_threshold"": 0.3, ""missing_txt_policy"": ""normal_if_absent""}",/home/capstone2/zroact-stage2/benchmark2/data/viz_shufflenet_test/test_frame_30fps/climb-over-fence_plant_rgb/images/intrusion_climb-over-fence_rgb_0017_cctv1/intrusion_climb-over-fence_rgb_0017_cctv1_t000076.jpg,/home/capstone2/zroact-stage2/benchmark2/data/viz_shufflenet_test/test_frame_30fps/climb-over-fence_plant_rgb/images/intrusion_climb-over-fence_rgb_0017_cctv1/intrusion_climb-over-fence_rgb_0017_cctv1_t000086.jpg,/home/capstone2/zroact-stage2/benchmark2/data/viz_shufflenet_test/test_frame_30fps/climb-over-fence_plant_rgb/images/intrusion_climb-over-fence_rgb_0017_cctv1/intrusion_climb-over-fence_rgb_0017_cctv1_t000096.jpg
intrusion_climb-over-fence_rgb_0017_cctv1_f000106_000116_000126,climb-over-fence_plant_rgb,intrusion_climb-over-fence_rgb_0017_cctv1,intrusion_candidate,"[106, 116, 126]","[3.533, 3.867, 4.2]","{""start_frame"": 91, ""end_frame"": 126}","[""stand"", ""stand"", ""stand""]","[""danger"", ""danger"", ""danger""]",danger,36,"{""normal"": 0, ""unsafe"": 0, ""danger"": 36}","{""normal"": 0.0, ""unsafe"": 0.0, ""danger"": 1.0}",0,danger,danger,danger,True,False,labeling_yolo_sequence_coverage,sampled_danger_then_danger_ratio_sampled_unsafe_then_unsafe_ratio_else_normal,"{""danger_threshold"": 0.3, ""unsafe_threshold"": 0.3, ""missing_txt_policy"": ""normal_if_absent""}",/home/capstone2/zroact-stage2/benchmark2/data/viz_shufflenet_test/test_frame_30fps/climb-over-fence_plant_rgb/images/intrusion_climb-over-fence_rgb_0017_cctv1/intrusion_climb-over-fence_rgb_0017_cctv1_t000106.jpg,/home/capstone2/zroact-stage2/benchmark2/data/viz_shufflenet_test/test_frame_30fps/climb-over-fence_plant_rgb/images/intrusion_climb-over-fence_rgb_0017_cctv1/intrusion_climb-over-fence_rgb_0017_cctv1_t000116.jpg,/home/capstone2/zroact-stage2/benchmark2/data/viz_shufflenet_test/test_frame_30fps/climb-over-fence_plant_rgb/images/intrusion_climb-over-fence_rgb_0017_cctv1/intrusion_climb-over-fence_rgb_0017_cctv1_t000126.jpg
intrusion_climb-over-fence_rgb_0017_cctv1_f000136_000146_000156,climb-over-fence_plant_rgb,intrusion_climb-over-fence_rgb_0017_cctv1,intrusion_candidate,"[136, 146, 156]","[4.533, 4.867, 5.2]","{""start_frame"": 121, ""end_frame"": 156}","[""stand"", ""none"", ""stand""]","[""danger"", ""danger"", ""danger""]",danger,36,"{""normal"": 0, ""unsafe"": 0, ""danger"": 36}","{""normal"": 0.0, ""unsafe"": 0.0, ""danger"": 1.0}",0,danger,danger,danger,True,False,labeling_yolo_sequence_coverage,sampled_danger_then_danger_ratio_sampled_unsafe_then_unsafe_ratio_else_normal,"{""danger_threshold"": 0.3, ""unsafe_threshold"": 0.3, ""missing_txt_policy"": ""normal_if_absent""}",/home/capstone2/zroact-stage2/benchmark2/data/viz_shufflenet_test/test_frame_30fps/climb-over-fence_plant_rgb/images/intrusion_climb-over-fence_rgb_0017_cctv1/intrusion_climb-over-fence_rgb_0017_cctv1_t000136.jpg,/home/capstone2/zroact-stage2/benchmark2/data/viz_shufflenet_test/test_frame_30fps/climb-over-fence_plant_rgb/images/intrusion_climb-over-fence_rgb_0017_cctv1/intrusion_climb-over-fence_rgb_0017_cctv1_t000146.jpg,/home/capstone2/zroact-stage2/benchmark2/data/viz_shufflenet_test/test_frame_30fps/climb-over-fence_plant_rgb/images/intrusion_climb-over-fence_rgb_0017_cctv1/intrusion_climb-over-fence_rgb_0017_cctv1_t000156.jpg
intrusion_climb-over-fence_rgb_0017_cctv1_f000166_000176_000186,climb-over-fence_plant_rgb,intrusion_climb-over-fence_rgb_0017_cctv1,intrusion_candidate,"[166, 176, 186]","[5.533, 5.867, 6.2]","{""start_frame"": 151, ""end_frame"": 186}","[""stand"", ""none"", ""stand""]","[""danger"", ""danger"", ""danger""]",danger,36,"{""normal"": 0, ""unsafe"": 0, ""danger"": 36}","{""normal"": 0.0, ""unsafe"": 0.0, ""danger"": 1.0}",0,danger,danger,danger,True,False,labeling_yolo_sequence_coverage,sampled_danger_then_danger_ratio_sampled_unsafe_then_unsafe_ratio_else_normal,"{""danger_threshold"": 0.3, ""unsafe_threshold"": 0.3, ""missing_txt_policy"": ""normal_if_absent""}",/home/capstone2/zroact-stage2/benchmark2/data/viz_shufflenet_test/test_frame_30fps/climb-over-fence_plant_rgb/images/intrusion_climb-over-fence_rgb_0017_cctv1/intrusion_climb-over-fence_rgb_0017_cctv1_t000166.jpg,/home/capstone2/zroact-stage2/benchmark2/data/viz_shufflenet_test/test_frame_30fps/climb-over-fence_plant_rgb/images/intrusion_climb-over-fence_rgb_0017_cctv1/intrusion_climb-over-fence_rgb_0017_cctv1_t000176.jpg,/home/capstone2/zroact-stage2/benchmark2/data/viz_shufflenet_test/test_frame_30fps/climb-over-fence_plant_rgb/images/intrusion_climb-over-fence_rgb_0017_cctv1/intrusion_climb-over-fence_rgb_0017_cctv1_t000186.jpg
intrusion_climb-over-fence_rgb_0017_cctv1_f000196_000206_000216,climb-over-fence_plant_rgb,intrusion_climb-over-fence_rgb_0017_cctv1,intrusion_candidate,"[196, 206, 216]","[6.533, 6.867, 7.2]","{""start_frame"": 181, ""end_frame"": 216}","[""stand"", ""stand"", ""stand""]","[""danger"", ""danger"", ""danger""]",danger,36,"{""normal"": 0, ""unsafe"": 0, ""danger"": 36}","{""normal"": 0.0, ""unsafe"": 0.0, ""danger"": 1.0}",0,danger,danger,danger,True,False,labeling_yolo_sequence_coverage,sampled_danger_then_danger_ratio_sampled_unsafe_then_unsafe_ratio_else_normal,"{""danger_threshold"": 0.3, ""unsafe_threshold"": 0.3, ""missing_txt_policy"": ""normal_if_absent""}",/home/capstone2/zroact-stage2/benchmark2/data/viz_shufflenet_test/test_frame_30fps/climb-over-fence_plant_rgb/images/intrusion_climb-over-fence_rgb_0017_cctv1/intrusion_climb-over-fence_rgb_0017_cctv1_t000196.jpg,/home/capstone2/zroact-stage2/benchmark2/data/viz_shufflenet_test/test_frame_30fps/climb-over-fence_plant_rgb/images/intrusion_climb-over-fence_rgb_0017_cctv1/intrusion_climb-over-fence_rgb_0017_cctv1_t000206.jpg,/home/capstone2/zroact-stage2/benchmark2/data/viz_shufflenet_test/test_frame_30fps/climb-over-fence_plant_rgb/images/intrusion_climb-over-fence_rgb_0017_cctv1/intrusion_climb-over-fence_rgb_0017_cctv1_t000216.jpg
intrusion_climb-over-fence_rgb_0019_cctv1_f000016_000026_000036,climb-over-fence_plant_rgb,intrusion_climb-over-fence_rgb_0019_cctv1,intrusion_candidate,"[16, 26, 36]","[0.533, 0.867, 1.2]","{""start_frame"": 1, ""end_frame"": 36}","[""stand, carry/hold (an object)"", ""stand, carry/hold (an object)"", ""stand, carry/hold (an object)""]","[""danger"", ""danger"", ""danger""]",danger,36,"{""normal"": 0, ""unsafe"": 0, ""danger"": 36}","{""normal"": 0.0, ""unsafe"": 0.0, ""danger"": 1.0}",0,danger,danger,danger,True,False,labeling_yolo_sequence_coverage,sampled_danger_then_danger_ratio_sampled_unsafe_then_unsafe_ratio_else_normal,"{""danger_threshold"": 0.3, ""unsafe_threshold"": 0.3, ""missing_txt_policy"": ""normal_if_absent""}",/home/capstone2/zroact-stage2/benchmark2/data/viz_shufflenet_test/test_frame_30fps/climb-over-fence_plant_rgb/images/intrusion_climb-over-fence_rgb_0019_cctv1/intrusion_climb-over-fence_rgb_0019_cctv1_t000016.jpg,/home/capstone2/zroact-stage2/benchmark2/data/viz_shufflenet_test/test_frame_30fps/climb-over-fence_plant_rgb/images/intrusion_climb-over-fence_rgb_0019_cctv1/intrusion_climb-over-fence_rgb_0019_cctv1_t000026.jpg,/home/capstone2/zroact-stage2/benchmark2/data/viz_shufflenet_test/test_frame_30fps/climb-over-fence_plant_rgb/images/intrusion_climb-over-fence_rgb_0019_cctv1/intrusion_climb-over-fence_rgb_0019_cctv1_t000036.jpg
intrusion_climb-over-fence_rgb_0019_cctv1_f000046_000056_000066,climb-over-fence_plant_rgb,intrusion_climb-over-fence_rgb_0019_cctv1,intrusion_candidate,"[46, 56, 66]","[1.533, 1.867, 2.2]","{""start_frame"": 31, ""end_frame"": 66}","[""stand, carry/hold (an object)"", ""stand, carry/hold (an object)"", ""stand""]","[""danger"", ""danger"", ""danger""]",danger,36,"{""normal"": 0, ""unsafe"": 0, ""danger"": 36}","{""normal"": 0.0, ""unsafe"": 0.0, ""danger"": 1.0}",0,danger,danger,danger,True,False,labeling_yolo_sequence_coverage,sampled_danger_then_danger_ratio_sampled_unsafe_then_unsafe_ratio_else_normal,"{""danger_threshold"": 0.3, ""unsafe_threshold"": 0.3, ""missing_txt_policy"": ""normal_if_absent""}",/home/capstone2/zroact-stage2/benchmark2/data/viz_shufflenet_test/test_frame_30fps/climb-over-fence_plant_rgb/images/intrusion_climb-over-fence_rgb_0019_cctv1/intrusion_climb-over-fence_rgb_0019_cctv1_t000046.jpg,/home/capstone2/zroact-stage2/benchmark2/data/viz_shufflenet_test/test_frame_30fps/climb-over-fence_plant_rgb/images/intrusion_climb-over-fence_rgb_0019_cctv1/intrusion_climb-over-fence_rgb_0019_cctv1_t000056.jpg,/home/capstone2/zroact-stage2/benchmark2/data/viz_shufflenet_test/test_frame_30fps/climb-over-fence_plant_rgb/images/intrusion_climb-over-fence_rgb_0019_cctv1/intrusion_climb-over-fence_rgb_0019_cctv1_t000066.jpg
intrusion_climb-over-fence_rgb_0019_cctv1_f000076_000086_000096,climb-over-fence_plant_rgb,intrusion_climb-over-fence_rgb_0019_cctv1,intrusion_candidate,"[76, 86, 96]","[2.533, 2.867, 3.2]","{""start_frame"": 61, ""end_frame"": 96}","[""stand"", ""stand"", ""stand""]","[""danger"", ""danger"", ""danger""]",danger,36,"{""normal"": 0, ""unsafe"": 0, ""danger"": 36}","{""normal"": 0.0, ""unsafe"": 0.0, ""danger"": 1.0}",0,danger,danger,danger,True,False,labeling_yolo_sequence_coverage,sampled_danger_then_danger_ratio_sampled_unsafe_then_unsafe_ratio_else_normal,"{""danger_threshold"": 0.3, ""unsafe_threshold"": 0.3, ""missing_txt_policy"": ""normal_if_absent""}",/home/capstone2/zroact-stage2/benchmark2/data/viz_shufflenet_test/test_frame_30fps/climb-over-fence_plant_rgb/images/intrusion_climb-over-fence_rgb_0019_cctv1/intrusion_climb-over-fence_rgb_0019_cctv1_t000076.jpg,/home/capstone2/zroact-stage2/benchmark2/data/viz_shufflenet_test/test_frame_30fps/climb-over-fence_plant_rgb/images/intrusion_climb-over-fence_rgb_0019_cctv1/intrusion_climb-over-fence_rgb_0019_cctv1_t000086.jpg,/home/capstone2/zroact-stage2/benchmark2/data/viz_shufflenet_test/test_frame_30fps/climb-over-fence_plant_rgb/images/intrusion_climb-over-fence_rgb_0019_cctv1/intrusion_climb-over-fence_rgb_0019_cctv1_t000096.jpg
intrusion_climb-over-fence_rgb_0019_cctv1_f000106_000116_000126,climb-over-fence_plant_rgb,intrusion_climb-over-fence_rgb_0019_cctv1,intrusion_candidate,"[106, 116, 126]","[3.533, 3.867, 4.2]","{""start_frame"": 91, ""end_frame"": 126}","[""stand, carry/hold (an object)"", ""stand"", ""stand""]","[""danger"", ""danger"", ""danger""]",danger,36,"{""normal"": 0, ""unsafe"": 0, ""danger"": 36}","{""normal"": 0.0, ""unsafe"": 0.0, ""danger"": 1.0}",0,danger,danger,danger,True,False,labeling_yolo_sequence_coverage,sampled_danger_then_danger_ratio_sampled_unsafe_then_unsafe_ratio_else_normal,"{""danger_threshold"": 0.3, ""unsafe_threshold"": 0.3, ""missing_txt_policy"": ""normal_if_absent""}",/home/capstone2/zroact-stage2/benchmark2/data/viz_shufflenet_test/test_frame_30fps/climb-over-fence_plant_rgb/images/intrusion_climb-over-fence_rgb_0019_cctv1/intrusion_climb-over-fence_rgb_0019_cctv1_t000106.jpg,/home/capstone2/zroact-stage2/benchmark2/data/viz_shufflenet_test/test_frame_30fps/climb-over-fence_plant_rgb/images/intrusion_climb-over-fence_rgb_0019_cctv1/intrusion_climb-over-fence_rgb_0019_cctv1_t000116.jpg,/home/capstone2/zroact-stage2/benchmark2/data/viz_shufflenet_test/test_frame_30fps/climb-over-fence_plant_rgb/images/intrusion_climb-over-fence_rgb_0019_cctv1/intrusion_climb-over-fence_rgb_0019_cctv1_t000126.jpg
intrusion_climb-over-fence_rgb_0019_cctv1_f000136_000146_000156,climb-over-fence_plant_rgb,intrusion_climb-over-fence_rgb_0019_cctv1,intrusion_candidate,"[136, 146, 156]","[4.533, 4.867, 5.2]","{""start_frame"": 121, ""end_frame"": 156}","[""stand"", ""stand"", ""stand""]","[""danger"", ""danger"", ""danger""]",danger,36,"{""normal"": 0, ""unsafe"": 0, ""danger"": 36}","{""normal"": 0.0, ""unsafe"": 0.0, ""danger"": 1.0}",0,danger,danger,danger,True,False,labeling_yolo_sequence_coverage,sampled_danger_then_danger_ratio_sampled_unsafe_then_unsafe_ratio_else_normal,"{""danger_threshold"": 0.3, ""unsafe_threshold"": 0.3, ""missing_txt_policy"": ""normal_if_absent""}",/home/capstone2/zroact-stage2/benchmark2/data/viz_shufflenet_test/test_frame_30fps/climb-over-fence_plant_rgb/images/intrusion_climb-over-fence_rgb_0019_cctv1/intrusion_climb-over-fence_rgb_0019_cctv1_t000136.jpg,/home/capstone2/zroact-stage2/benchmark2/data/viz_shufflenet_test/test_frame_30fps/climb-over-fence_plant_rgb/images/intrusion_climb-over-fence_rgb_0019_cctv1/intrusion_climb-over-fence_rgb_0019_cctv1_t000146.jpg,/home/capstone2/zroact-stage2/benchmark2/data/viz_shufflenet_test/test_frame_30fps/climb-over-fence_plant_rgb/images/intrusion_climb-over-fence_rgb_0019_cctv1/intrusion_climb-over-fence_rgb_0019_cctv1_t000156.jpg
intrusion_climb-over-fence_rgb_0019_cctv1_f000166_000176_000186,climb-over-fence_plant_rgb,intrusion_climb-over-fence_rgb_0019_cctv1,intrusion_candidate,"[166, 176, 186]","[5.533, 5.867, 6.2]","{""start_frame"": 151, ""end_frame"": 186}","[""stand, carry/hold (an object)"", ""stand, carry/hold (an object)"", ""stand, carry/hold (an object)""]","[""danger"", ""danger"", ""danger""]",danger,36,"{""normal"": 0, ""unsafe"": 0, ""danger"": 36}","{""normal"": 0.0, ""unsafe"": 0.0, ""danger"": 1.0}",0,danger,danger,danger,True,False,labeling_yolo_sequence_coverage,sampled_danger_then_danger_ratio_sampled_unsafe_then_unsafe_ratio_else_normal,"{""danger_threshold"": 0.3, ""unsafe_threshold"": 0.3, ""missing_txt_policy"": ""normal_if_absent""}",/home/capstone2/zroact-stage2/benchmark2/data/viz_shufflenet_test/test_frame_30fps/climb-over-fence_plant_rgb/images/intrusion_climb-over-fence_rgb_0019_cctv1/intrusion_climb-over-fence_rgb_0019_cctv1_t000166.jpg,/home/capstone2/zroact-stage2/benchmark2/data/viz_shufflenet_test/test_frame_30fps/climb-over-fence_plant_rgb/images/intrusion_climb-over-fence_rgb_0019_cctv1/intrusion_climb-over-fence_rgb_0019_cctv1_t000176.jpg,/home/capstone2/zroact-stage2/benchmark2/data/viz_shufflenet_test/test_frame_30fps/climb-over-fence_plant_rgb/images/intrusion_climb-over-fence_rgb_0019_cctv1/intrusion_climb-over-fence_rgb_0019_cctv1_t000186.jpg
intrusion_climb-over-fence_rgb_0019_cctv1_f000196_000206_000216,climb-over-fence_plant_rgb,intrusion_climb-over-fence_rgb_0019_cctv1,intrusion_candidate,"[196, 206, 216]","[6.533, 6.867, 7.2]","{""start_frame"": 181, ""end_frame"": 216}","[""stand"", ""stand"", ""stand""]","[""danger"", ""danger"", ""danger""]",danger,36,"{""normal"": 0, ""unsafe"": 0, ""danger"": 36}","{""normal"": 0.0, ""unsafe"": 0.0, ""danger"": 1.0}",0,danger,danger,danger,True,False,labeling_yolo_sequence_coverage,sampled_danger_then_danger_ratio_sampled_unsafe_then_unsafe_ratio_else_normal,"{""danger_threshold"": 0.3, ""unsafe_threshold"": 0.3, ""missing_txt_policy"": ""normal_if_absent""}",/home/capstone2/zroact-stage2/benchmark2/data/viz_shufflenet_test/test_frame_30fps/climb-over-fence_plant_rgb/images/intrusion_climb-over-fence_rgb_0019_cctv1/intrusion_climb-over-fence_rgb_0019_cctv1_t000196.jpg,/home/capstone2/zroact-stage2/benchmark2/data/viz_shufflenet_test/test_frame_30fps/climb-over-fence_plant_rgb/images/intrusion_climb-over-fence_rgb_0019_cctv1/intrusion_climb-over-fence_rgb_0019_cctv1_t000206.jpg,/home/capstone2/zroact-stage2/benchmark2/data/viz_shufflenet_test/test_frame_30fps/climb-over-fence_plant_rgb/images/intrusion_climb-over-fence_rgb_0019_cctv1/intrusion_climb-over-fence_rgb_0019_cctv1_t000216.jpg
intrusion_climb-over-fence_rgb_0024_cctv3_f000016_000026_000036,climb-over-fence_plant_rgb,intrusion_climb-over-fence_rgb_0024_cctv3,intrusion_candidate,"[16, 26, 36]","[0.533, 0.867, 1.2]","{""start_frame"": 1, ""end_frame"": 36}","[""carry/hold (an object), walk"", ""walk, carry/hold (an object)"", ""walk, carry/hold (an object)""]","[""danger"", ""danger"", ""danger""]",danger,36,"{""normal"": 0, ""unsafe"": 0, ""danger"": 36}","{""normal"": 0.0, ""unsafe"": 0.0, ""danger"": 1.0}",0,danger,danger,danger,True,False,labeling_yolo_sequence_coverage,sampled_danger_then_danger_ratio_sampled_unsafe_then_unsafe_ratio_else_normal,"{""danger_threshold"": 0.3, ""unsafe_threshold"": 0.3, ""missing_txt_policy"": ""normal_if_absent""}",/home/capstone2/zroact-stage2/benchmark2/data/viz_shufflenet_test/test_frame_30fps/climb-over-fence_plant_rgb/images/intrusion_climb-over-fence_rgb_0024_cctv3/intrusion_climb-over-fence_rgb_0024_cctv3_t000016.jpg,/home/capstone2/zroact-stage2/benchmark2/data/viz_shufflenet_test/test_frame_30fps/climb-over-fence_plant_rgb/images/intrusion_climb-over-fence_rgb_0024_cctv3/intrusion_climb-over-fence_rgb_0024_cctv3_t000026.jpg,/home/capstone2/zroact-stage2/benchmark2/data/viz_shufflenet_test/test_frame_30fps/climb-over-fence_plant_rgb/images/intrusion_climb-over-fence_rgb_0024_cctv3/intrusion_climb-over-fence_rgb_0024_cctv3_t000036.jpg
intrusion_climb-over-fence_rgb_0024_cctv3_f000046_000056_000066,climb-over-fence_plant_rgb,intrusion_climb-over-fence_rgb_0024_cctv3,intrusion_candidate,"[46, 56, 66]","[1.533, 1.867, 2.2]","{""start_frame"": 31, ""end_frame"": 66}","[""walk, carry/hold (an object)"", ""walk, carry/hold (an object)"", ""walk, carry/hold (an object)""]","[""danger"", ""danger"", ""danger""]",danger,36,"{""normal"": 0, ""unsafe"": 0, ""danger"": 36}","{""normal"": 0.0, ""unsafe"": 0.0, ""danger"": 1.0}",0,danger,danger,danger,True,False,labeling_yolo_sequence_coverage,sampled_danger_then_danger_ratio_sampled_unsafe_then_unsafe_ratio_else_normal,"{""danger_threshold"": 0.3, ""unsafe_threshold"": 0.3, ""missing_txt_policy"": ""normal_if_absent""}",/home/capstone2/zroact-stage2/benchmark2/data/viz_shufflenet_test/test_frame_30fps/climb-over-fence_plant_rgb/images/intrusion_climb-over-fence_rgb_0024_cctv3/intrusion_climb-over-fence_rgb_0024_cctv3_t000046.jpg,/home/capstone2/zroact-stage2/benchmark2/data/viz_shufflenet_test/test_frame_30fps/climb-over-fence_plant_rgb/images/intrusion_climb-over-fence_rgb_0024_cctv3/intrusion_climb-over-fence_rgb_0024_cctv3_t000056.jpg,/home/capstone2/zroact-stage2/benchmark2/data/viz_shufflenet_test/test_frame_30fps/climb-over-fence_plant_rgb/images/intrusion_climb-over-fence_rgb_0024_cctv3/intrusion_climb-over-fence_rgb_0024_cctv3_t000066.jpg
intrusion_climb-over-fence_rgb_0024_cctv3_f000076_000086_000096,climb-over-fence_plant_rgb,intrusion_climb-over-fence_rgb_0024_cctv3,intrusion_candidate,"[76, 86, 96]","[2.533, 2.867, 3.2]","{""start_frame"": 61, ""end_frame"": 96}","[""stand, walk"", ""carry/hold (an object), stand"", ""bend/bow (at the waist), carry/hold (an object)""]","[""danger"", ""danger"", ""danger""]",danger,36,"{""normal"": 0, ""unsafe"": 0, ""danger"": 36}","{""normal"": 0.0, ""unsafe"": 0.0, ""danger"": 1.0}",0,danger,danger,danger,True,False,labeling_yolo_sequence_coverage,sampled_danger_then_danger_ratio_sampled_unsafe_then_unsafe_ratio_else_normal,"{""danger_threshold"": 0.3, ""unsafe_threshold"": 0.3, ""missing_txt_policy"": ""normal_if_absent""}",/home/capstone2/zroact-stage2/benchmark2/data/viz_shufflenet_test/test_frame_30fps/climb-over-fence_plant_rgb/images/intrusion_climb-over-fence_rgb_0024_cctv3/intrusion_climb-over-fence_rgb_0024_cctv3_t000076.jpg,/home/capstone2/zroact-stage2/benchmark2/data/viz_shufflenet_test/test_frame_30fps/climb-over-fence_plant_rgb/images/intrusion_climb-over-fence_rgb_0024_cctv3/intrusion_climb-over-fence_rgb_0024_cctv3_t000086.jpg,/home/capstone2/zroact-stage2/benchmark2/data/viz_shufflenet_test/test_frame_30fps/climb-over-fence_plant_rgb/images/intrusion_climb-over-fence_rgb_0024_cctv3/intrusion_climb-over-fence_rgb_0024_cctv3_t000096.jpg
intrusion_climb-over-fence_rgb_0024_cctv3_f000106_000116_000126,climb-over-fence_plant_rgb,intrusion_climb-over-fence_rgb_0024_cctv3,intrusion_candidate,"[106, 116, 126]","[3.533, 3.867, 4.2]","{""start_frame"": 91, ""end_frame"": 126}","[""bend/bow (at the waist), carry/hold (an object)"", ""bend/bow (at the waist), carry/hold (an object)"", ""bend/bow (at the waist), carry/hold (an object)""]","[""danger"", ""danger"", ""danger""]",danger,36,"{""normal"": 0, ""unsafe"": 0, ""danger"": 36}","{""normal"": 0.0, ""unsafe"": 0.0, ""danger"": 1.0}",0,danger,danger,danger,True,False,labeling_yolo_sequence_coverage,sampled_danger_then_danger_ratio_sampled_unsafe_then_unsafe_ratio_else_normal,"{""danger_threshold"": 0.3, ""unsafe_threshold"": 0.3, ""missing_txt_policy"": ""normal_if_absent""}",/home/capstone2/zroact-stage2/benchmark2/data/viz_shufflenet_test/test_frame_30fps/climb-over-fence_plant_rgb/images/intrusion_climb-over-fence_rgb_0024_cctv3/intrusion_climb-over-fence_rgb_0024_cctv3_t000106.jpg,/home/capstone2/zroact-stage2/benchmark2/data/viz_shufflenet_test/test_frame_30fps/climb-over-fence_plant_rgb/images/intrusion_climb-over-fence_rgb_0024_cctv3/intrusion_climb-over-fence_rgb_0024_cctv3_t000116.jpg,/home/capstone2/zroact-stage2/benchmark2/data/viz_shufflenet_test/test_frame_30fps/climb-over-fence_plant_rgb/images/intrusion_climb-over-fence_rgb_0024_cctv3/intrusion_climb-over-fence_rgb_0024_cctv3_t000126.jpg
intrusion_climb-over-fence_rgb_0024_cctv3_f000136_000146_000156,climb-over-fence_plant_rgb,intrusion_climb-over-fence_rgb_0024_cctv3,intrusion_candidate,"[136, 146, 156]","[4.533, 4.867, 5.2]","{""start_frame"": 121, ""end_frame"": 156}","[""bend/bow (at the waist), carry/hold (an object)"", ""bend/bow (at the waist)"", ""bend/bow (at the waist), carry/hold (an object)""]","[""danger"", ""danger"", ""danger""]",danger,36,"{""normal"": 0, ""unsafe"": 0, ""danger"": 36}","{""normal"": 0.0, ""unsafe"": 0.0, ""danger"": 1.0}",0,danger,danger,danger,True,False,labeling_yolo_sequence_coverage,sampled_danger_then_danger_ratio_sampled_unsafe_then_unsafe_ratio_else_normal,"{""danger_threshold"": 0.3, ""unsafe_threshold"": 0.3, ""missing_txt_policy"": ""normal_if_absent""}",/home/capstone2/zroact-stage2/benchmark2/data/viz_shufflenet_test/test_frame_30fps/climb-over-fence_plant_rgb/images/intrusion_climb-over-fence_rgb_0024_cctv3/intrusion_climb-over-fence_rgb_0024_cctv3_t000136.jpg,/home/capstone2/zroact-stage2/benchmark2/data/viz_shufflenet_test/test_frame_30fps/climb-over-fence_plant_rgb/images/intrusion_climb-over-fence_rgb_0024_cctv3/intrusion_climb-over-fence_rgb_0024_cctv3_t000146.jpg,/home/capstone2/zroact-stage2/benchmark2/data/viz_shufflenet_test/test_frame_30fps/climb-over-fence_plant_rgb/images/intrusion_climb-over-fence_rgb_0024_cctv3/intrusion_climb-over-fence_rgb_0024_cctv3_t000156.jpg
intrusion_climb-over-fence_rgb_0024_cctv3_f000166_000176_000186,climb-over-fence_plant_rgb,intrusion_climb-over-fence_rgb_0024_cctv3,intrusion_candidate,"[166, 176, 186]","[5.533, 5.867, 6.2]","{""start_frame"": 151, ""end_frame"": 186}","[""bend/bow (at the waist), carry/hold (an object)"", ""bend/bow (at the waist)"", ""bend/bow (at the waist)""]","[""danger"", ""danger"", ""danger""]",danger,36,"{""normal"": 0, ""unsafe"": 0, ""danger"": 36}","{""normal"": 0.0, ""unsafe"": 0.0, ""danger"": 1.0}",0,danger,danger,danger,True,False,labeling_yolo_sequence_coverage,sampled_danger_then_danger_ratio_sampled_unsafe_then_unsafe_ratio_else_normal,"{""danger_threshold"": 0.3, ""unsafe_threshold"": 0.3, ""missing_txt_policy"": ""normal_if_absent""}",/home/capstone2/zroact-stage2/benchmark2/data/viz_shufflenet_test/test_frame_30fps/climb-over-fence_plant_rgb/images/intrusion_climb-over-fence_rgb_0024_cctv3/intrusion_climb-over-fence_rgb_0024_cctv3_t000166.jpg,/home/capstone2/zroact-stage2/benchmark2/data/viz_shufflenet_test/test_frame_30fps/climb-over-fence_plant_rgb/images/intrusion_climb-over-fence_rgb_0024_cctv3/intrusion_climb-over-fence_rgb_0024_cctv3_t000176.jpg,/home/capstone2/zroact-stage2/benchmark2/data/viz_shufflenet_test/test_frame_30fps/climb-over-fence_plant_rgb/images/intrusion_climb-over-fence_rgb_0024_cctv3/intrusion_climb-over-fence_rgb_0024_cctv3_t000186.jpg
intrusion_climb-over-fence_rgb_0024_cctv3_f000196_000206_000216,climb-over-fence_plant_rgb,intrusion_climb-over-fence_rgb_0024_cctv3,intrusion_candidate,"[196, 206, 216]","[6.533, 6.867, 7.2]","{""start_frame"": 181, ""end_frame"": 216}","[""bend/bow (at the waist)"", ""bend/bow (at the waist)"", ""bend/bow (at the waist), carry/hold (an object)""]","[""danger"", ""danger"", ""danger""]",danger,36,"{""normal"": 0, ""unsafe"": 0, ""danger"": 36}","{""normal"": 0.0, ""unsafe"": 0.0, ""danger"": 1.0}",0,danger,danger,danger,True,False,labeling_yolo_sequence_coverage,sampled_danger_then_danger_ratio_sampled_unsafe_then_unsafe_ratio_else_normal,"{""danger_threshold"": 0.3, ""unsafe_threshold"": 0.3, ""missing_txt_policy"": ""normal_if_absent""}",/home/capstone2/zroact-stage2/benchmark2/data/viz_shufflenet_test/test_frame_30fps/climb-over-fence_plant_rgb/images/intrusion_climb-over-fence_rgb_0024_cctv3/intrusion_climb-over-fence_rgb_0024_cctv3_t000196.jpg,/home/capstone2/zroact-stage2/benchmark2/data/viz_shufflenet_test/test_frame_30fps/climb-over-fence_plant_rgb/images/intrusion_climb-over-fence_rgb_0024_cctv3/intrusion_climb-over-fence_rgb_0024_cctv3_t000206.jpg,/home/capstone2/zroact-stage2/benchmark2/data/viz_shufflenet_test/test_frame_30fps/climb-over-fence_plant_rgb/images/intrusion_climb-over-fence_rgb_0024_cctv3/intrusion_climb-over-fence_rgb_0024_cctv3_t000216.jpg
intrusion_climb-over-fence_rgb_0024_cctv3_f000226_000236_000246,climb-over-fence_plant_rgb,intrusion_climb-over-fence_rgb_0024_cctv3,intrusion_candidate,"[226, 236, 246]","[7.533, 7.867, 8.2]","{""start_frame"": 211, ""end_frame"": 246}","[""bend/bow (at the waist), carry/hold (an object)"", ""bend/bow (at the waist), carry/hold (an object)"", ""bend/bow (at the waist), carry/hold (an object)""]","[""danger"", ""danger"", ""danger""]",danger,36,"{""normal"": 0, ""unsafe"": 0, ""danger"": 36}","{""normal"": 0.0, ""unsafe"": 0.0, ""danger"": 1.0}",0,danger,danger,danger,True,False,labeling_yolo_sequence_coverage,sampled_danger_then_danger_ratio_sampled_unsafe_then_unsafe_ratio_else_normal,"{""danger_threshold"": 0.3, ""unsafe_threshold"": 0.3, ""missing_txt_policy"": ""normal_if_absent""}",/home/capstone2/zroact-stage2/benchmark2/data/viz_shufflenet_test/test_frame_30fps/climb-over-fence_plant_rgb/images/intrusion_climb-over-fence_rgb_0024_cctv3/intrusion_climb-over-fence_rgb_0024_cctv3_t000226.jpg,/home/capstone2/zroact-stage2/benchmark2/data/viz_shufflenet_test/test_frame_30fps/climb-over-fence_plant_rgb/images/intrusion_climb-over-fence_rgb_0024_cctv3/intrusion_climb-over-fence_rgb_0024_cctv3_t000236.jpg,/home/capstone2/zroact-stage2/benchmark2/data/viz_shufflenet_test/test_frame_30fps/climb-over-fence_plant_rgb/images/intrusion_climb-over-fence_rgb_0024_cctv3/intrusion_climb-over-fence_rgb_0024_cctv3_t000246.jpg
intrusion_climb-over-fence_rgb_0025_cctv2_f000016_000026_000036,climb-over-fence_plant_rgb,intrusion_climb-over-fence_rgb_0025_cctv2,intrusion_candidate,"[16, 26, 36]","[0.533, 0.867, 1.2]","{""start_frame"": 1, ""end_frame"": 36}","[""walk, carry/hold (an object)"", ""bend/bow (at the waist), carry/hold (an object)"", ""bend/bow (at the waist), carry/hold (an object)""]","[""danger"", ""danger"", ""danger""]",danger,36,"{""normal"": 0, ""unsafe"": 0, ""danger"": 36}","{""normal"": 0.0, ""unsafe"": 0.0, ""danger"": 1.0}",0,danger,danger,danger,True,False,labeling_yolo_sequence_coverage,sampled_danger_then_danger_ratio_sampled_unsafe_then_unsafe_ratio_else_normal,"{""danger_threshold"": 0.3, ""unsafe_threshold"": 0.3, ""missing_txt_policy"": ""normal_if_absent""}",/home/capstone2/zroact-stage2/benchmark2/data/viz_shufflenet_test/test_frame_30fps/climb-over-fence_plant_rgb/images/intrusion_climb-over-fence_rgb_0025_cctv2/intrusion_climb-over-fence_rgb_0025_cctv2_t000016.jpg,/home/capstone2/zroact-stage2/benchmark2/data/viz_shufflenet_test/test_frame_30fps/climb-over-fence_plant_rgb/images/intrusion_climb-over-fence_rgb_0025_cctv2/intrusion_climb-over-fence_rgb_0025_cctv2_t000026.jpg,/home/capstone2/zroact-stage2/benchmark2/data/viz_shufflenet_test/test_frame_30fps/climb-over-fence_plant_rgb/images/intrusion_climb-over-fence_rgb_0025_cctv2/intrusion_climb-over-fence_rgb_0025_cctv2_t000036.jpg
intrusion_climb-over-fence_rgb_0025_cctv2_f000046_000056_000066,climb-over-fence_plant_rgb,intrusion_climb-over-fence_rgb_0025_cctv2,intrusion_candidate,"[46, 56, 66]","[1.533, 1.867, 2.2]","{""start_frame"": 31, ""end_frame"": 66}","[""bend/bow (at the waist), carry/hold (an object)"", ""bend/bow (at the waist), carry/hold (an object)"", ""bend/bow (at the waist), carry/hold (an object)""]","[""danger"", ""danger"", ""danger""]",danger,36,"{""normal"": 0, ""unsafe"": 0, ""danger"": 36}","{""normal"": 0.0, ""unsafe"": 0.0, ""danger"": 1.0}",0,danger,danger,danger,True,False,labeling_yolo_sequence_coverage,sampled_danger_then_danger_ratio_sampled_unsafe_then_unsafe_ratio_else_normal,"{""danger_threshold"": 0.3, ""unsafe_threshold"": 0.3, ""missing_txt_policy"": ""normal_if_absent""}",/home/capstone2/zroact-stage2/benchmark2/data/viz_shufflenet_test/test_frame_30fps/climb-over-fence_plant_rgb/images/intrusion_climb-over-fence_rgb_0025_cctv2/intrusion_climb-over-fence_rgb_0025_cctv2_t000046.jpg,/home/capstone2/zroact-stage2/benchmark2/data/viz_shufflenet_test/test_frame_30fps/climb-over-fence_plant_rgb/images/intrusion_climb-over-fence_rgb_0025_cctv2/intrusion_climb-over-fence_rgb_0025_cctv2_t000056.jpg,/home/capstone2/zroact-stage2/benchmark2/data/viz_shufflenet_test/test_frame_30fps/climb-over-fence_plant_rgb/images/intrusion_climb-over-fence_rgb_0025_cctv2/intrusion_climb-over-fence_rgb_0025_cctv2_t000066.jpg
intrusion_climb-over-fence_rgb_0025_cctv2_f000076_000086_000096,climb-over-fence_plant_rgb,intrusion_climb-over-fence_rgb_0025_cctv2,intrusion_candidate,"[76, 86, 96]","[2.533, 2.867, 3.2]","{""start_frame"": 61, ""end_frame"": 96}","[""bend/bow (at the waist), carry/hold (an object)"", ""bend/bow (at the waist), carry/hold (an object)"", ""bend/bow (at the waist), carry/hold (an object)""]","[""danger"", ""danger"", ""danger""]",danger,36,"{""normal"": 0, ""unsafe"": 0, ""danger"": 36}","{""normal"": 0.0, ""unsafe"": 0.0, ""danger"": 1.0}",0,danger,danger,danger,True,False,labeling_yolo_sequence_coverage,sampled_danger_then_danger_ratio_sampled_unsafe_then_unsafe_ratio_else_normal,"{""danger_threshold"": 0.3, ""unsafe_threshold"": 0.3, ""missing_txt_policy"": ""normal_if_absent""}",/home/capstone2/zroact-stage2/benchmark2/data/viz_shufflenet_test/test_frame_30fps/climb-over-fence_plant_rgb/images/intrusion_climb-over-fence_rgb_0025_cctv2/intrusion_climb-over-fence_rgb_0025_cctv2_t000076.jpg,/home/capstone2/zroact-stage2/benchmark2/data/viz_shufflenet_test/test_frame_30fps/climb-over-fence_plant_rgb/images/intrusion_climb-over-fence_rgb_0025_cctv2/intrusion_climb-over-fence_rgb_0025_cctv2_t000086.jpg,/home/capstone2/zroact-stage2/benchmark2/data/viz_shufflenet_test/test_frame_30fps/climb-over-fence_plant_rgb/images/intrusion_climb-over-fence_rgb_0025_cctv2/intrusion_climb-over-fence_rgb_0025_cctv2_t000096.jpg
intrusion_climb-over-fence_rgb_0025_cctv2_f000106_000116_000126,climb-over-fence_plant_rgb,intrusion_climb-over-fence_rgb_0025_cctv2,intrusion_candidate,"[106, 116, 126]","[3.533, 3.867, 4.2]","{""start_frame"": 91, ""end_frame"": 126}","[""bend/bow (at the waist), carry/hold (an object)"", ""bend/bow (at the waist), carry/hold (an object)"", ""bend/bow (at the waist), carry/hold (an object)""]","[""danger"", ""danger"", ""danger""]",danger,36,"{""normal"": 0, ""unsafe"": 0, ""danger"": 36}","{""normal"": 0.0, ""unsafe"": 0.0, ""danger"": 1.0}",0,danger,danger,danger,True,False,labeling_yolo_sequence_coverage,sampled_danger_then_danger_ratio_sampled_unsafe_then_unsafe_ratio_else_normal,"{""danger_threshold"": 0.3, ""unsafe_threshold"": 0.3, ""missing_txt_policy"": ""normal_if_absent""}",/home/capstone2/zroact-stage2/benchmark2/data/viz_shufflenet_test/test_frame_30fps/climb-over-fence_plant_rgb/images/intrusion_climb-over-fence_rgb_0025_cctv2/intrusion_climb-over-fence_rgb_0025_cctv2_t000106.jpg,/home/capstone2/zroact-stage2/benchmark2/data/viz_shufflenet_test/test_frame_30fps/climb-over-fence_plant_rgb/images/intrusion_climb-over-fence_rgb_0025_cctv2/intrusion_climb-over-fence_rgb_0025_cctv2_t000116.jpg,/home/capstone2/zroact-stage2/benchmark2/data/viz_shufflenet_test/test_frame_30fps/climb-over-fence_plant_rgb/images/intrusion_climb-over-fence_rgb_0025_cctv2/intrusion_climb-over-fence_rgb_0025_cctv2_t000126.jpg
intrusion_climb-over-fence_rgb_0025_cctv2_f000136_000146_000156,climb-over-fence_plant_rgb,intrusion_climb-over-fence_rgb_0025_cctv2,intrusion_candidate,"[136, 146, 156]","[4.533, 4.867, 5.2]","{""start_frame"": 121, ""end_frame"": 156}","[""bend/bow (at the waist), carry/hold (an object)"", ""bend/bow (at the waist), carry/hold (an object)"", ""bend/bow (at the waist), carry/hold (an object)""]","[""danger"", ""danger"", ""danger""]",danger,36,"{""normal"": 0, ""unsafe"": 0, ""danger"": 36}","{""normal"": 0.0, ""unsafe"": 0.0, ""danger"": 1.0}",0,danger,danger,danger,True,False,labeling_yolo_sequence_coverage,sampled_danger_then_danger_ratio_sampled_unsafe_then_unsafe_ratio_else_normal,"{""danger_threshold"": 0.3, ""unsafe_threshold"": 0.3, ""missing_txt_policy"": ""normal_if_absent""}",/home/capstone2/zroact-stage2/benchmark2/data/viz_shufflenet_test/test_frame_30fps/climb-over-fence_plant_rgb/images/intrusion_climb-over-fence_rgb_0025_cctv2/intrusion_climb-over-fence_rgb_0025_cctv2_t000136.jpg,/home/capstone2/zroact-stage2/benchmark2/data/viz_shufflenet_test/test_frame_30fps/climb-over-fence_plant_rgb/images/intrusion_climb-over-fence_rgb_0025_cctv2/intrusion_climb-over-fence_rgb_0025_cctv2_t000146.jpg,/home/capstone2/zroact-stage2/benchmark2/data/viz_shufflenet_test/test_frame_30fps/climb-over-fence_plant_rgb/images/intrusion_climb-over-fence_rgb_0025_cctv2/intrusion_climb-over-fence_rgb_0025_cctv2_t000156.jpg
intrusion_climb-over-fence_rgb_0025_cctv2_f000166_000176_000186,climb-over-fence_plant_rgb,intrusion_climb-over-fence_rgb_0025_cctv2,intrusion_candidate,"[166, 176, 186]","[5.533, 5.867, 6.2]","{""start_frame"": 151, ""end_frame"": 186}","[""bend/bow (at the waist), carry/hold (an object)"", ""bend/bow (at the waist), carry/hold (an object)"", ""bend/bow (at the waist), carry/hold (an object)""]","[""danger"", ""danger"", ""danger""]",danger,36,"{""normal"": 0, ""unsafe"": 0, ""danger"": 36}","{""normal"": 0.0, ""unsafe"": 0.0, ""danger"": 1.0}",0,danger,danger,danger,True,False,labeling_yolo_sequence_coverage,sampled_danger_then_danger_ratio_sampled_unsafe_then_unsafe_ratio_else_normal,"{""danger_threshold"": 0.3, ""unsafe_threshold"": 0.3, ""missing_txt_policy"": ""normal_if_absent""}",/home/capstone2/zroact-stage2/benchmark2/data/viz_shufflenet_test/test_frame_30fps/climb-over-fence_plant_rgb/images/intrusion_climb-over-fence_rgb_0025_cctv2/intrusion_climb-over-fence_rgb_0025_cctv2_t000166.jpg,/home/capstone2/zroact-stage2/benchmark2/data/viz_shufflenet_test/test_frame_30fps/climb-over-fence_plant_rgb/images/intrusion_climb-over-fence_rgb_0025_cctv2/intrusion_climb-over-fence_rgb_0025_cctv2_t000176.jpg,/home/capstone2/zroact-stage2/benchmark2/data/viz_shufflenet_test/test_frame_30fps/climb-over-fence_plant_rgb/images/intrusion_climb-over-fence_rgb_0025_cctv2/intrusion_climb-over-fence_rgb_0025_cctv2_t000186.jpg
intrusion_climb-over-fence_rgb_0025_cctv2_f000196_000206_000216,climb-over-fence_plant_rgb,intrusion_climb-over-fence_rgb_0025_cctv2,intrusion_candidate,"[196, 206, 216]","[6.533, 6.867, 7.2]","{""start_frame"": 181, ""end_frame"": 216}","[""bend/bow (at the waist), carry/hold (an object)"", ""bend/bow (at the waist), carry/hold (an object)"", ""bend/bow (at the waist), carry/hold (an object)""]","[""danger"", ""danger"", ""danger""]",danger,36,"{""normal"": 0, ""unsafe"": 0, ""danger"": 36}","{""normal"": 0.0, ""unsafe"": 0.0, ""danger"": 1.0}",0,danger,danger,danger,True,False,labeling_yolo_sequence_coverage,sampled_danger_then_danger_ratio_sampled_unsafe_then_unsafe_ratio_else_normal,"{""danger_threshold"": 0.3, ""unsafe_threshold"": 0.3, ""missing_txt_policy"": ""normal_if_absent""}",/home/capstone2/zroact-stage2/benchmark2/data/viz_shufflenet_test/test_frame_30fps/climb-over-fence_plant_rgb/images/intrusion_climb-over-fence_rgb_0025_cctv2/intrusion_climb-over-fence_rgb_0025_cctv2_t000196.jpg,/home/capstone2/zroact-stage2/benchmark2/data/viz_shufflenet_test/test_frame_30fps/climb-over-fence_plant_rgb/images/intrusion_climb-over-fence_rgb_0025_cctv2/intrusion_climb-over-fence_rgb_0025_cctv2_t000206.jpg,/home/capstone2/zroact-stage2/benchmark2/data/viz_shufflenet_test/test_frame_30fps/climb-over-fence_plant_rgb/images/intrusion_climb-over-fence_rgb_0025_cctv2/intrusion_climb-over-fence_rgb_0025_cctv2_t000216.jpg
intrusion_climb-over-fence_rgb_0034_cctv3_f000016_000026_000036,climb-over-fence_plant_rgb,intrusion_climb-over-fence_rgb_0034_cctv3,intrusion_candidate,"[16, 26, 36]","[0.533, 0.867, 1.2]","{""start_frame"": 1, ""end_frame"": 36}","[""walk, carry/hold (an object)"", ""walk, carry/hold (an object)"", ""walk, carry/hold (an object)""]","[""danger"", ""danger"", ""danger""]",danger,36,"{""normal"": 0, ""unsafe"": 0, ""danger"": 36}","{""normal"": 0.0, ""unsafe"": 0.0, ""danger"": 1.0}",0,danger,danger,danger,True,False,labeling_yolo_sequence_coverage,sampled_danger_then_danger_ratio_sampled_unsafe_then_unsafe_ratio_else_normal,"{""danger_threshold"": 0.3, ""unsafe_threshold"": 0.3, ""missing_txt_policy"": ""normal_if_absent""}",/home/capstone2/zroact-stage2/benchmark2/data/viz_shufflenet_test/test_frame_30fps/climb-over-fence_plant_rgb/images/intrusion_climb-over-fence_rgb_0034_cctv3/intrusion_climb-over-fence_rgb_0034_cctv3_t000016.jpg,/home/capstone2/zroact-stage2/benchmark2/data/viz_shufflenet_test/test_frame_30fps/climb-over-fence_plant_rgb/images/intrusion_climb-over-fence_rgb_0034_cctv3/intrusion_climb-over-fence_rgb_0034_cctv3_t000026.jpg,/home/capstone2/zroact-stage2/benchmark2/data/viz_shufflenet_test/test_frame_30fps/climb-over-fence_plant_rgb/images/intrusion_climb-over-fence_rgb_0034_cctv3/intrusion_climb-over-fence_rgb_0034_cctv3_t000036.jpg
intrusion_climb-over-fence_rgb_0034_cctv3_f000046_000056_000066,climb-over-fence_plant_rgb,intrusion_climb-over-fence_rgb_0034_cctv3,intrusion_candidate,"[46, 56, 66]","[1.533, 1.867, 2.2]","{""start_frame"": 31, ""end_frame"": 66}","[""carry/hold (an object), walk"", ""carry/hold (an object), walk"", ""carry/hold (an object), stand""]","[""danger"", ""danger"", ""danger""]",danger,36,"{""normal"": 0, ""unsafe"": 0, ""danger"": 36}","{""normal"": 0.0, ""unsafe"": 0.0, ""danger"": 1.0}",0,danger,danger,danger,True,False,labeling_yolo_sequence_coverage,sampled_danger_then_danger_ratio_sampled_unsafe_then_unsafe_ratio_else_normal,"{""danger_threshold"": 0.3, ""unsafe_threshold"": 0.3, ""missing_txt_policy"": ""normal_if_absent""}",/home/capstone2/zroact-stage2/benchmark2/data/viz_shufflenet_test/test_frame_30fps/climb-over-fence_plant_rgb/images/intrusion_climb-over-fence_rgb_0034_cctv3/intrusion_climb-over-fence_rgb_0034_cctv3_t000046.jpg,/home/capstone2/zroact-stage2/benchmark2/data/viz_shufflenet_test/test_frame_30fps/climb-over-fence_plant_rgb/images/intrusion_climb-over-fence_rgb_0034_cctv3/intrusion_climb-over-fence_rgb_0034_cctv3_t000056.jpg,/home/capstone2/zroact-stage2/benchmark2/data/viz_shufflenet_test/test_frame_30fps/climb-over-fence_plant_rgb/images/intrusion_climb-over-fence_rgb_0034_cctv3/intrusion_climb-over-fence_rgb_0034_cctv3_t000066.jpg
intrusion_climb-over-fence_rgb_0034_cctv3_f000076_000086_000096,climb-over-fence_plant_rgb,intrusion_climb-over-fence_rgb_0034_cctv3,intrusion_candidate,"[76, 86, 96]","[2.533, 2.867, 3.2]","{""start_frame"": 61, ""end_frame"": 96}","[""bend/bow (at the waist), carry/hold (an object)"", ""bend/bow (at the waist), carry/hold (an object)"", ""bend/bow (at the waist), carry/hold (an object)""]","[""danger"", ""danger"", ""danger""]",danger,36,"{""normal"": 0, ""unsafe"": 0, ""danger"": 36}","{""normal"": 0.0, ""unsafe"": 0.0, ""danger"": 1.0}",0,danger,danger,danger,True,False,labeling_yolo_sequence_coverage,sampled_danger_then_danger_ratio_sampled_unsafe_then_unsafe_ratio_else_normal,"{""danger_threshold"": 0.3, ""unsafe_threshold"": 0.3, ""missing_txt_policy"": ""normal_if_absent""}",/home/capstone2/zroact-stage2/benchmark2/data/viz_shufflenet_test/test_frame_30fps/climb-over-fence_plant_rgb/images/intrusion_climb-over-fence_rgb_0034_cctv3/intrusion_climb-over-fence_rgb_0034_cctv3_t000076.jpg,/home/capstone2/zroact-stage2/benchmark2/data/viz_shufflenet_test/test_frame_30fps/climb-over-fence_plant_rgb/images/intrusion_climb-over-fence_rgb_0034_cctv3/intrusion_climb-over-fence_rgb_0034_cctv3_t000086.jpg,/home/capstone2/zroact-stage2/benchmark2/data/viz_shufflenet_test/test_frame_30fps/climb-over-fence_plant_rgb/images/intrusion_climb-over-fence_rgb_0034_cctv3/intrusion_climb-over-fence_rgb_0034_cctv3_t000096.jpg
intrusion_climb-over-fence_rgb_0034_cctv3_f000106_000116_000126,climb-over-fence_plant_rgb,intrusion_climb-over-fence_rgb_0034_cctv3,intrusion_candidate,"[106, 116, 126]","[3.533, 3.867, 4.2]","{""start_frame"": 91, ""end_frame"": 126}","[""bend/bow (at the waist), carry/hold (an object)"", ""bend/bow (at the waist), carry/hold (an object)"", ""bend/bow (at the waist), carry/hold (an object)""]","[""danger"", ""danger"", ""danger""]",danger,36,"{""normal"": 0, ""unsafe"": 0, ""danger"": 36}","{""normal"": 0.0, ""unsafe"": 0.0, ""danger"": 1.0}",0,danger,danger,danger,True,False,labeling_yolo_sequence_coverage,sampled_danger_then_danger_ratio_sampled_unsafe_then_unsafe_ratio_else_normal,"{""danger_threshold"": 0.3, ""unsafe_threshold"": 0.3, ""missing_txt_policy"": ""normal_if_absent""}",/home/capstone2/zroact-stage2/benchmark2/data/viz_shufflenet_test/test_frame_30fps/climb-over-fence_plant_rgb/images/intrusion_climb-over-fence_rgb_0034_cctv3/intrusion_climb-over-fence_rgb_0034_cctv3_t000106.jpg,/home/capstone2/zroact-stage2/benchmark2/data/viz_shufflenet_test/test_frame_30fps/climb-over-fence_plant_rgb/images/intrusion_climb-over-fence_rgb_0034_cctv3/intrusion_climb-over-fence_rgb_0034_cctv3_t000116.jpg,/home/capstone2/zroact-stage2/benchmark2/data/viz_shufflenet_test/test_frame_30fps/climb-over-fence_plant_rgb/images/intrusion_climb-over-fence_rgb_0034_cctv3/intrusion_climb-over-fence_rgb_0034_cctv3_t000126.jpg
intrusion_climb-over-fence_rgb_0034_cctv3_f000136_000146_000156,climb-over-fence_plant_rgb,intrusion_climb-over-fence_rgb_0034_cctv3,intrusion_candidate,"[136, 146, 156]","[4.533, 4.867, 5.2]","{""start_frame"": 121, ""end_frame"": 156}","[""bend/bow (at the waist), carry/hold (an object)"", ""bend/bow (at the waist), carry/hold (an object)"", ""bend/bow (at the waist), carry/hold (an object)""]","[""danger"", ""danger"", ""danger""]",danger,36,"{""normal"": 0, ""unsafe"": 0, ""danger"": 36}","{""normal"": 0.0, ""unsafe"": 0.0, ""danger"": 1.0}",0,danger,danger,danger,True,False,labeling_yolo_sequence_coverage,sampled_danger_then_danger_ratio_sampled_unsafe_then_unsafe_ratio_else_normal,"{""danger_threshold"": 0.3, ""unsafe_threshold"": 0.3, ""missing_txt_policy"": ""normal_if_absent""}",/home/capstone2/zroact-stage2/benchmark2/data/viz_shufflenet_test/test_frame_30fps/climb-over-fence_plant_rgb/images/intrusion_climb-over-fence_rgb_0034_cctv3/intrusion_climb-over-fence_rgb_0034_cctv3_t000136.jpg,/home/capstone2/zroact-stage2/benchmark2/data/viz_shufflenet_test/test_frame_30fps/climb-over-fence_plant_rgb/images/intrusion_climb-over-fence_rgb_0034_cctv3/intrusion_climb-over-fence_rgb_0034_cctv3_t000146.jpg,/home/capstone2/zroact-stage2/benchmark2/data/viz_shufflenet_test/test_frame_30fps/climb-over-fence_plant_rgb/images/intrusion_climb-over-fence_rgb_0034_cctv3/intrusion_climb-over-fence_rgb_0034_cctv3_t000156.jpg
intrusion_climb-over-fence_rgb_0034_cctv3_f000166_000176_000186,climb-over-fence_plant_rgb,intrusion_climb-over-fence_rgb_0034_cctv3,intrusion_candidate,"[166, 176, 186]","[5.533, 5.867, 6.2]","{""start_frame"": 151, ""end_frame"": 186}","[""bend/bow (at the waist), carry/hold (an object)"", ""bend/bow (at the waist), carry/hold (an object)"", ""bend/bow (at the waist), carry/hold (an object)""]","[""danger"", ""danger"", ""danger""]",danger,36,"{""normal"": 0, ""unsafe"": 0, ""danger"": 36}","{""normal"": 0.0, ""unsafe"": 0.0, ""danger"": 1.0}",0,danger,danger,danger,True,False,labeling_yolo_sequence_coverage,sampled_danger_then_danger_ratio_sampled_unsafe_then_unsafe_ratio_else_normal,"{""danger_threshold"": 0.3, ""unsafe_threshold"": 0.3, ""missing_txt_policy"": ""normal_if_absent""}",/home/capstone2/zroact-stage2/benchmark2/data/viz_shufflenet_test/test_frame_30fps/climb-over-fence_plant_rgb/images/intrusion_climb-over-fence_rgb_0034_cctv3/intrusion_climb-over-fence_rgb_0034_cctv3_t000166.jpg,/home/capstone2/zroact-stage2/benchmark2/data/viz_shufflenet_test/test_frame_30fps/climb-over-fence_plant_rgb/images/intrusion_climb-over-fence_rgb_0034_cctv3/intrusion_climb-over-fence_rgb_0034_cctv3_t000176.jpg,/home/capstone2/zroact-stage2/benchmark2/data/viz_shufflenet_test/test_frame_30fps/climb-over-fence_plant_rgb/images/intrusion_climb-over-fence_rgb_0034_cctv3/intrusion_climb-over-fence_rgb_0034_cctv3_t000186.jpg
intrusion_climb-over-fence_rgb_0034_cctv3_f000196_000206_000216,climb-over-fence_plant_rgb,intrusion_climb-over-fence_rgb_0034_cctv3,intrusion_candidate,"[196, 206, 216]","[6.533, 6.867, 7.2]","{""start_frame"": 181, ""end_frame"": 216}","[""bend/bow (at the waist), carry/hold (an object)"", ""bend/bow (at the waist), carry/hold (an object)"", ""bend/bow (at the waist), carry/hold (an object)""]","[""danger"", ""danger"", ""danger""]",danger,36,"{""normal"": 0, ""unsafe"": 0, ""danger"": 36}","{""normal"": 0.0, ""unsafe"": 0.0, ""danger"": 1.0}",0,danger,danger,danger,True,False,labeling_yolo_sequence_coverage,sampled_danger_then_danger_ratio_sampled_unsafe_then_unsafe_ratio_else_normal,"{""danger_threshold"": 0.3, ""unsafe_threshold"": 0.3, ""missing_txt_policy"": ""normal_if_absent""}",/home/capstone2/zroact-stage2/benchmark2/data/viz_shufflenet_test/test_frame_30fps/climb-over-fence_plant_rgb/images/intrusion_climb-over-fence_rgb_0034_cctv3/intrusion_climb-over-fence_rgb_0034_cctv3_t000196.jpg,/home/capstone2/zroact-stage2/benchmark2/data/viz_shufflenet_test/test_frame_30fps/climb-over-fence_plant_rgb/images/intrusion_climb-over-fence_rgb_0034_cctv3/intrusion_climb-over-fence_rgb_0034_cctv3_t000206.jpg,/home/capstone2/zroact-stage2/benchmark2/data/viz_shufflenet_test/test_frame_30fps/climb-over-fence_plant_rgb/images/intrusion_climb-over-fence_rgb_0034_cctv3/intrusion_climb-over-fence_rgb_0034_cctv3_t000216.jpg
intrusion_climb-over-fence_rgb_0038_cctv3_f000016_000026_000036,climb-over-fence_plant_rgb,intrusion_climb-over-fence_rgb_0038_cctv3,intrusion_candidate,"[16, 26, 36]","[0.533, 0.867, 1.2]","{""start_frame"": 1, ""end_frame"": 36}","[""walk, carry/hold (an object)"", ""stand, carry/hold (an object)"", ""walk, carry/hold (an object)""]","[""danger"", ""danger"", ""danger""]",danger,36,"{""normal"": 0, ""unsafe"": 0, ""danger"": 36}","{""normal"": 0.0, ""unsafe"": 0.0, ""danger"": 1.0}",0,danger,danger,danger,True,False,labeling_yolo_sequence_coverage,sampled_danger_then_danger_ratio_sampled_unsafe_then_unsafe_ratio_else_normal,"{""danger_threshold"": 0.3, ""unsafe_threshold"": 0.3, ""missing_txt_policy"": ""normal_if_absent""}",/home/capstone2/zroact-stage2/benchmark2/data/viz_shufflenet_test/test_frame_30fps/climb-over-fence_plant_rgb/images/intrusion_climb-over-fence_rgb_0038_cctv3/intrusion_climb-over-fence_rgb_0038_cctv3_t000016.jpg,/home/capstone2/zroact-stage2/benchmark2/data/viz_shufflenet_test/test_frame_30fps/climb-over-fence_plant_rgb/images/intrusion_climb-over-fence_rgb_0038_cctv3/intrusion_climb-over-fence_rgb_0038_cctv3_t000026.jpg,/home/capstone2/zroact-stage2/benchmark2/data/viz_shufflenet_test/test_frame_30fps/climb-over-fence_plant_rgb/images/intrusion_climb-over-fence_rgb_0038_cctv3/intrusion_climb-over-fence_rgb_0038_cctv3_t000036.jpg
intrusion_climb-over-fence_rgb_0038_cctv3_f000046_000056_000066,climb-over-fence_plant_rgb,intrusion_climb-over-fence_rgb_0038_cctv3,intrusion_candidate,"[46, 56, 66]","[1.533, 1.867, 2.2]","{""start_frame"": 31, ""end_frame"": 66}","[""carry/hold (an object), run/jog"", ""walk, carry/hold (an object)"", ""walk, carry/hold (an object)""]","[""danger"", ""danger"", ""danger""]",danger,36,"{""normal"": 0, ""unsafe"": 0, ""danger"": 36}","{""normal"": 0.0, ""unsafe"": 0.0, ""danger"": 1.0}",0,danger,danger,danger,True,False,labeling_yolo_sequence_coverage,sampled_danger_then_danger_ratio_sampled_unsafe_then_unsafe_ratio_else_normal,"{""danger_threshold"": 0.3, ""unsafe_threshold"": 0.3, ""missing_txt_policy"": ""normal_if_absent""}",/home/capstone2/zroact-stage2/benchmark2/data/viz_shufflenet_test/test_frame_30fps/climb-over-fence_plant_rgb/images/intrusion_climb-over-fence_rgb_0038_cctv3/intrusion_climb-over-fence_rgb_0038_cctv3_t000046.jpg,/home/capstone2/zroact-stage2/benchmark2/data/viz_shufflenet_test/test_frame_30fps/climb-over-fence_plant_rgb/images/intrusion_climb-over-fence_rgb_0038_cctv3/intrusion_climb-over-fence_rgb_0038_cctv3_t000056.jpg,/home/capstone2/zroact-stage2/benchmark2/data/viz_shufflenet_test/test_frame_30fps/climb-over-fence_plant_rgb/images/intrusion_climb-over-fence_rgb_0038_cctv3/intrusion_climb-over-fence_rgb_0038_cctv3_t000066.jpg
intrusion_climb-over-fence_rgb_0038_cctv3_f000076_000086_000096,climb-over-fence_plant_rgb,intrusion_climb-over-fence_rgb_0038_cctv3,intrusion_candidate,"[76, 86, 96]","[2.533, 2.867, 3.2]","{""start_frame"": 61, ""end_frame"": 96}","[""walk, carry/hold (an object)"", ""walk, stand"", ""walk, carry/hold (an object)""]","[""danger"", ""danger"", ""danger""]",danger,36,"{""normal"": 0, ""unsafe"": 0, ""danger"": 36}","{""normal"": 0.0, ""unsafe"": 0.0, ""danger"": 1.0}",0,danger,danger,danger,True,False,labeling_yolo_sequence_coverage,sampled_danger_then_danger_ratio_sampled_unsafe_then_unsafe_ratio_else_normal,"{""danger_threshold"": 0.3, ""unsafe_threshold"": 0.3, ""missing_txt_policy"": ""normal_if_absent""}",/home/capstone2/zroact-stage2/benchmark2/data/viz_shufflenet_test/test_frame_30fps/climb-over-fence_plant_rgb/images/intrusion_climb-over-fence_rgb_0038_cctv3/intrusion_climb-over-fence_rgb_0038_cctv3_t000076.jpg,/home/capstone2/zroact-stage2/benchmark2/data/viz_shufflenet_test/test_frame_30fps/climb-over-fence_plant_rgb/images/intrusion_climb-over-fence_rgb_0038_cctv3/intrusion_climb-over-fence_rgb_0038_cctv3_t000086.jpg,/home/capstone2/zroact-stage2/benchmark2/data/viz_shufflenet_test/test_frame_30fps/climb-over-fence_plant_rgb/images/intrusion_climb-over-fence_rgb_0038_cctv3/intrusion_climb-over-fence_rgb_0038_cctv3_t000096.jpg
intrusion_climb-over-fence_rgb_0038_cctv3_f000106_000116_000126,climb-over-fence_plant_rgb,intrusion_climb-over-fence_rgb_0038_cctv3,intrusion_candidate,"[106, 116, 126]","[3.533, 3.867, 4.2]","{""start_frame"": 91, ""end_frame"": 126}","[""stand, carry/hold (an object)"", ""stand, walk"", ""walk, carry/hold (an object)""]","[""danger"", ""danger"", ""danger""]",danger,36,"{""normal"": 0, ""unsafe"": 0, ""danger"": 36}","{""normal"": 0.0, ""unsafe"": 0.0, ""danger"": 1.0}",0,danger,danger,danger,True,False,labeling_yolo_sequence_coverage,sampled_danger_then_danger_ratio_sampled_unsafe_then_unsafe_ratio_else_normal,"{""danger_threshold"": 0.3, ""unsafe_threshold"": 0.3, ""missing_txt_policy"": ""normal_if_absent""}",/home/capstone2/zroact-stage2/benchmark2/data/viz_shufflenet_test/test_frame_30fps/climb-over-fence_plant_rgb/images/intrusion_climb-over-fence_rgb_0038_cctv3/intrusion_climb-over-fence_rgb_0038_cctv3_t000106.jpg,/home/capstone2/zroact-stage2/benchmark2/data/viz_shufflenet_test/test_frame_30fps/climb-over-fence_plant_rgb/images/intrusion_climb-over-fence_rgb_0038_cctv3/intrusion_climb-over-fence_rgb_0038_cctv3_t000116.jpg,/home/capstone2/zroact-stage2/benchmark2/data/viz_shufflenet_test/test_frame_30fps/climb-over-fence_plant_rgb/images/intrusion_climb-over-fence_rgb_0038_cctv3/intrusion_climb-over-fence_rgb_0038_cctv3_t000126.jpg
intrusion_climb-over-fence_rgb_0038_cctv3_f000136_000146_000156,climb-over-fence_plant_rgb,intrusion_climb-over-fence_rgb_0038_cctv3,intrusion_candidate,"[136, 146, 156]","[4.533, 4.867, 5.2]","{""start_frame"": 121, ""end_frame"": 156}","[""carry/hold (an object), walk"", ""carry/hold (an object), stand"", ""stand, carry/hold (an object)""]","[""danger"", ""danger"", ""danger""]",danger,36,"{""normal"": 0, ""unsafe"": 0, ""danger"": 36}","{""normal"": 0.0, ""unsafe"": 0.0, ""danger"": 1.0}",0,danger,danger,danger,True,False,labeling_yolo_sequence_coverage,sampled_danger_then_danger_ratio_sampled_unsafe_then_unsafe_ratio_else_normal,"{""danger_threshold"": 0.3, ""unsafe_threshold"": 0.3, ""missing_txt_policy"": ""normal_if_absent""}",/home/capstone2/zroact-stage2/benchmark2/data/viz_shufflenet_test/test_frame_30fps/climb-over-fence_plant_rgb/images/intrusion_climb-over-fence_rgb_0038_cctv3/intrusion_climb-over-fence_rgb_0038_cctv3_t000136.jpg,/home/capstone2/zroact-stage2/benchmark2/data/viz_shufflenet_test/test_frame_30fps/climb-over-fence_plant_rgb/images/intrusion_climb-over-fence_rgb_0038_cctv3/intrusion_climb-over-fence_rgb_0038_cctv3_t000146.jpg,/home/capstone2/zroact-stage2/benchmark2/data/viz_shufflenet_test/test_frame_30fps/climb-over-fence_plant_rgb/images/intrusion_climb-over-fence_rgb_0038_cctv3/intrusion_climb-over-fence_rgb_0038_cctv3_t000156.jpg
intrusion_climb-over-fence_rgb_0038_cctv3_f000166_000176_000186,climb-over-fence_plant_rgb,intrusion_climb-over-fence_rgb_0038_cctv3,intrusion_candidate,"[166, 176, 186]","[5.533, 5.867, 6.2]","{""start_frame"": 151, ""end_frame"": 186}","[""stand, carry/hold (an object)"", ""bend/bow (at the waist), carry/hold (an object)"", ""bend/bow (at the waist)""]","[""danger"", ""danger"", ""danger""]",danger,36,"{""normal"": 0, ""unsafe"": 0, ""danger"": 36}","{""normal"": 0.0, ""unsafe"": 0.0, ""danger"": 1.0}",0,danger,danger,danger,True,False,labeling_yolo_sequence_coverage,sampled_danger_then_danger_ratio_sampled_unsafe_then_unsafe_ratio_else_normal,"{""danger_threshold"": 0.3, ""unsafe_threshold"": 0.3, ""missing_txt_policy"": ""normal_if_absent""}",/home/capstone2/zroact-stage2/benchmark2/data/viz_shufflenet_test/test_frame_30fps/climb-over-fence_plant_rgb/images/intrusion_climb-over-fence_rgb_0038_cctv3/intrusion_climb-over-fence_rgb_0038_cctv3_t000166.jpg,/home/capstone2/zroact-stage2/benchmark2/data/viz_shufflenet_test/test_frame_30fps/climb-over-fence_plant_rgb/images/intrusion_climb-over-fence_rgb_0038_cctv3/intrusion_climb-over-fence_rgb_0038_cctv3_t000176.jpg,/home/capstone2/zroact-stage2/benchmark2/data/viz_shufflenet_test/test_frame_30fps/climb-over-fence_plant_rgb/images/intrusion_climb-over-fence_rgb_0038_cctv3/intrusion_climb-over-fence_rgb_0038_cctv3_t000186.jpg
intrusion_climb-over-fence_rgb_0038_cctv3_f000196_000206_000216,climb-over-fence_plant_rgb,intrusion_climb-over-fence_rgb_0038_cctv3,intrusion_candidate,"[196, 206, 216]","[6.533, 6.867, 7.2]","{""start_frame"": 181, ""end_frame"": 216}","[""bend/bow (at the waist), carry/hold (an object)"", ""bend/bow (at the waist), carry/hold (an object)"", ""bend/bow (at the waist), carry/hold (an object)""]","[""danger"", ""danger"", ""danger""]",danger,36,"{""normal"": 0, ""unsafe"": 0, ""danger"": 36}","{""normal"": 0.0, ""unsafe"": 0.0, ""danger"": 1.0}",0,danger,danger,danger,True,False,labeling_yolo_sequence_coverage,sampled_danger_then_danger_ratio_sampled_unsafe_then_unsafe_ratio_else_normal,"{""danger_threshold"": 0.3, ""unsafe_threshold"": 0.3, ""missing_txt_policy"": ""normal_if_absent""}",/home/capstone2/zroact-stage2/benchmark2/data/viz_shufflenet_test/test_frame_30fps/climb-over-fence_plant_rgb/images/intrusion_climb-over-fence_rgb_0038_cctv3/intrusion_climb-over-fence_rgb_0038_cctv3_t000196.jpg,/home/capstone2/zroact-stage2/benchmark2/data/viz_shufflenet_test/test_frame_30fps/climb-over-fence_plant_rgb/images/intrusion_climb-over-fence_rgb_0038_cctv3/intrusion_climb-over-fence_rgb_0038_cctv3_t000206.jpg,/home/capstone2/zroact-stage2/benchmark2/data/viz_shufflenet_test/test_frame_30fps/climb-over-fence_plant_rgb/images/intrusion_climb-over-fence_rgb_0038_cctv3/intrusion_climb-over-fence_rgb_0038_cctv3_t000216.jpg
intrusion_climb-over-fence_rgb_0038_cctv3_f000226_000236_000246,climb-over-fence_plant_rgb,intrusion_climb-over-fence_rgb_0038_cctv3,intrusion_candidate,"[226, 236, 246]","[7.533, 7.867, 8.2]","{""start_frame"": 211, ""end_frame"": 246}","[""bend/bow (at the waist), carry/hold (an object)"", ""bend/bow (at the waist), carry/hold (an object)"", ""bend/bow (at the waist), carry/hold (an object)""]","[""danger"", ""danger"", ""danger""]",danger,36,"{""normal"": 0, ""unsafe"": 0, ""danger"": 36}","{""normal"": 0.0, ""unsafe"": 0.0, ""danger"": 1.0}",0,danger,danger,danger,True,False,labeling_yolo_sequence_coverage,sampled_danger_then_danger_ratio_sampled_unsafe_then_unsafe_ratio_else_normal,"{""danger_threshold"": 0.3, ""unsafe_threshold"": 0.3, ""missing_txt_policy"": ""normal_if_absent""}",/home/capstone2/zroact-stage2/benchmark2/data/viz_shufflenet_test/test_frame_30fps/climb-over-fence_plant_rgb/images/intrusion_climb-over-fence_rgb_0038_cctv3/intrusion_climb-over-fence_rgb_0038_cctv3_t000226.jpg,/home/capstone2/zroact-stage2/benchmark2/data/viz_shufflenet_test/test_frame_30fps/climb-over-fence_plant_rgb/images/intrusion_climb-over-fence_rgb_0038_cctv3/intrusion_climb-over-fence_rgb_0038_cctv3_t000236.jpg,/home/capstone2/zroact-stage2/benchmark2/data/viz_shufflenet_test/test_frame_30fps/climb-over-fence_plant_rgb/images/intrusion_climb-over-fence_rgb_0038_cctv3/intrusion_climb-over-fence_rgb_0038_cctv3_t000246.jpg
intrusion_climb-over-fence_rgb_0052_cctv1_f000016_000026_000036,climb-over-fence_plant_rgb,intrusion_climb-over-fence_rgb_0052_cctv1,intrusion_candidate,"[16, 26, 36]","[0.533, 0.867, 1.2]","{""start_frame"": 1, ""end_frame"": 36}","[""carry/hold (an object), walk"", ""bend/bow (at the waist), carry/hold (an object)"", ""bend/bow (at the waist), carry/hold (an object)""]","[""danger"", ""danger"", ""danger""]",danger,36,"{""normal"": 0, ""unsafe"": 0, ""danger"": 36}","{""normal"": 0.0, ""unsafe"": 0.0, ""danger"": 1.0}",0,danger,danger,danger,True,False,labeling_yolo_sequence_coverage,sampled_danger_then_danger_ratio_sampled_unsafe_then_unsafe_ratio_else_normal,"{""danger_threshold"": 0.3, ""unsafe_threshold"": 0.3, ""missing_txt_policy"": ""normal_if_absent""}",/home/capstone2/zroact-stage2/benchmark2/data/viz_shufflenet_test/test_frame_30fps/climb-over-fence_plant_rgb/images/intrusion_climb-over-fence_rgb_0052_cctv1/intrusion_climb-over-fence_rgb_0052_cctv1_t000016.jpg,/home/capstone2/zroact-stage2/benchmark2/data/viz_shufflenet_test/test_frame_30fps/climb-over-fence_plant_rgb/images/intrusion_climb-over-fence_rgb_0052_cctv1/intrusion_climb-over-fence_rgb_0052_cctv1_t000026.jpg,/home/capstone2/zroact-stage2/benchmark2/data/viz_shufflenet_test/test_frame_30fps/climb-over-fence_plant_rgb/images/intrusion_climb-over-fence_rgb_0052_cctv1/intrusion_climb-over-fence_rgb_0052_cctv1_t000036.jpg
intrusion_climb-over-fence_rgb_0052_cctv1_f000046_000056_000066,climb-over-fence_plant_rgb,intrusion_climb-over-fence_rgb_0052_cctv1,intrusion_candidate,"[46, 56, 66]","[1.533, 1.867, 2.2]","{""start_frame"": 31, ""end_frame"": 66}","[""bend/bow (at the waist), carry/hold (an object)"", ""bend/bow (at the waist)"", ""bend/bow (at the waist)""]","[""danger"", ""danger"", ""danger""]",danger,36,"{""normal"": 0, ""unsafe"": 0, ""danger"": 36}","{""normal"": 0.0, ""unsafe"": 0.0, ""danger"": 1.0}",0,danger,danger,danger,True,False,labeling_yolo_sequence_coverage,sampled_danger_then_danger_ratio_sampled_unsafe_then_unsafe_ratio_else_normal,"{""danger_threshold"": 0.3, ""unsafe_threshold"": 0.3, ""missing_txt_policy"": ""normal_if_absent""}",/home/capstone2/zroact-stage2/benchmark2/data/viz_shufflenet_test/test_frame_30fps/climb-over-fence_plant_rgb/images/intrusion_climb-over-fence_rgb_0052_cctv1/intrusion_climb-over-fence_rgb_0052_cctv1_t000046.jpg,/home/capstone2/zroact-stage2/benchmark2/data/viz_shufflenet_test/test_frame_30fps/climb-over-fence_plant_rgb/images/intrusion_climb-over-fence_rgb_0052_cctv1/intrusion_climb-over-fence_rgb_0052_cctv1_t000056.jpg,/home/capstone2/zroact-stage2/benchmark2/data/viz_shufflenet_test/test_frame_30fps/climb-over-fence_plant_rgb/images/intrusion_climb-over-fence_rgb_0052_cctv1/intrusion_climb-over-fence_rgb_0052_cctv1_t000066.jpg
intrusion_climb-over-fence_rgb_0052_cctv1_f000076_000086_000096,climb-over-fence_plant_rgb,intrusion_climb-over-fence_rgb_0052_cctv1,intrusion_candidate,"[76, 86, 96]","[2.533, 2.867, 3.2]","{""start_frame"": 61, ""end_frame"": 96}","[""bend/bow (at the waist), carry/hold (an object)"", ""bend/bow (at the waist), stand"", ""bend/bow (at the waist), carry/hold (an object)""]","[""danger"", ""danger"", ""danger""]",danger,36,"{""normal"": 0, ""unsafe"": 0, ""danger"": 36}","{""normal"": 0.0, ""unsafe"": 0.0, ""danger"": 1.0}",0,danger,danger,danger,True,False,labeling_yolo_sequence_coverage,sampled_danger_then_danger_ratio_sampled_unsafe_then_unsafe_ratio_else_normal,"{""danger_threshold"": 0.3, ""unsafe_threshold"": 0.3, ""missing_txt_policy"": ""normal_if_absent""}",/home/capstone2/zroact-stage2/benchmark2/data/viz_shufflenet_test/test_frame_30fps/climb-over-fence_plant_rgb/images/intrusion_climb-over-fence_rgb_0052_cctv1/intrusion_climb-over-fence_rgb_0052_cctv1_t000076.jpg,/home/capstone2/zroact-stage2/benchmark2/data/viz_shufflenet_test/test_frame_30fps/climb-over-fence_plant_rgb/images/intrusion_climb-over-fence_rgb_0052_cctv1/intrusion_climb-over-fence_rgb_0052_cctv1_t000086.jpg,/home/capstone2/zroact-stage2/benchmark2/data/viz_shufflenet_test/test_frame_30fps/climb-over-fence_plant_rgb/images/intrusion_climb-over-fence_rgb_0052_cctv1/intrusion_climb-over-fence_rgb_0052_cctv1_t000096.jpg
intrusion_climb-over-fence_rgb_0052_cctv1_f000106_000116_000126,climb-over-fence_plant_rgb,intrusion_climb-over-fence_rgb_0052_cctv1,intrusion_candidate,"[106, 116, 126]","[3.533, 3.867, 4.2]","{""start_frame"": 91, ""end_frame"": 126}","[""stand, carry/hold (an object)"", ""stand, carry/hold (an object)"", ""stand, bend/bow (at the waist)""]","[""danger"", ""danger"", ""danger""]",danger,36,"{""normal"": 0, ""unsafe"": 0, ""danger"": 36}","{""normal"": 0.0, ""unsafe"": 0.0, ""danger"": 1.0}",0,danger,danger,danger,True,False,labeling_yolo_sequence_coverage,sampled_danger_then_danger_ratio_sampled_unsafe_then_unsafe_ratio_else_normal,"{""danger_threshold"": 0.3, ""unsafe_threshold"": 0.3, ""missing_txt_policy"": ""normal_if_absent""}",/home/capstone2/zroact-stage2/benchmark2/data/viz_shufflenet_test/test_frame_30fps/climb-over-fence_plant_rgb/images/intrusion_climb-over-fence_rgb_0052_cctv1/intrusion_climb-over-fence_rgb_0052_cctv1_t000106.jpg,/home/capstone2/zroact-stage2/benchmark2/data/viz_shufflenet_test/test_frame_30fps/climb-over-fence_plant_rgb/images/intrusion_climb-over-fence_rgb_0052_cctv1/intrusion_climb-over-fence_rgb_0052_cctv1_t000116.jpg,/home/capstone2/zroact-stage2/benchmark2/data/viz_shufflenet_test/test_frame_30fps/climb-over-fence_plant_rgb/images/intrusion_climb-over-fence_rgb_0052_cctv1/intrusion_climb-over-fence_rgb_0052_cctv1_t000126.jpg
intrusion_climb-over-fence_rgb_0052_cctv1_f000136_000146_000156,climb-over-fence_plant_rgb,intrusion_climb-over-fence_rgb_0052_cctv1,intrusion_candidate,"[136, 146, 156]","[4.533, 4.867, 5.2]","{""start_frame"": 121, ""end_frame"": 156}","[""stand, carry/hold (an object)"", ""bend/bow (at the waist), carry/hold (an object)"", ""bend/bow (at the waist), carry/hold (an object)""]","[""danger"", ""danger"", ""danger""]",danger,36,"{""normal"": 0, ""unsafe"": 0, ""danger"": 36}","{""normal"": 0.0, ""unsafe"": 0.0, ""danger"": 1.0}",0,danger,danger,danger,True,False,labeling_yolo_sequence_coverage,sampled_danger_then_danger_ratio_sampled_unsafe_then_unsafe_ratio_else_normal,"{""danger_threshold"": 0.3, ""unsafe_threshold"": 0.3, ""missing_txt_policy"": ""normal_if_absent""}",/home/capstone2/zroact-stage2/benchmark2/data/viz_shufflenet_test/test_frame_30fps/climb-over-fence_plant_rgb/images/intrusion_climb-over-fence_rgb_0052_cctv1/intrusion_climb-over-fence_rgb_0052_cctv1_t000136.jpg,/home/capstone2/zroact-stage2/benchmark2/data/viz_shufflenet_test/test_frame_30fps/climb-over-fence_plant_rgb/images/intrusion_climb-over-fence_rgb_0052_cctv1/intrusion_climb-over-fence_rgb_0052_cctv1_t000146.jpg,/home/capstone2/zroact-stage2/benchmark2/data/viz_shufflenet_test/test_frame_30fps/climb-over-fence_plant_rgb/images/intrusion_climb-over-fence_rgb_0052_cctv1/intrusion_climb-over-fence_rgb_0052_cctv1_t000156.jpg
intrusion_climb-over-fence_rgb_0052_cctv1_f000166_000176_000186,climb-over-fence_plant_rgb,intrusion_climb-over-fence_rgb_0052_cctv1,intrusion_candidate,"[166, 176, 186]","[5.533, 5.867, 6.2]","{""start_frame"": 151, ""end_frame"": 186}","[""bend/bow (at the waist)"", ""bend/bow (at the waist), stand"", ""stand, carry/hold (an object)""]","[""danger"", ""danger"", ""danger""]",danger,36,"{""normal"": 0, ""unsafe"": 0, ""danger"": 36}","{""normal"": 0.0, ""unsafe"": 0.0, ""danger"": 1.0}",0,danger,danger,danger,True,False,labeling_yolo_sequence_coverage,sampled_danger_then_danger_ratio_sampled_unsafe_then_unsafe_ratio_else_normal,"{""danger_threshold"": 0.3, ""unsafe_threshold"": 0.3, ""missing_txt_policy"": ""normal_if_absent""}",/home/capstone2/zroact-stage2/benchmark2/data/viz_shufflenet_test/test_frame_30fps/climb-over-fence_plant_rgb/images/intrusion_climb-over-fence_rgb_0052_cctv1/intrusion_climb-over-fence_rgb_0052_cctv1_t000166.jpg,/home/capstone2/zroact-stage2/benchmark2/data/viz_shufflenet_test/test_frame_30fps/climb-over-fence_plant_rgb/images/intrusion_climb-over-fence_rgb_0052_cctv1/intrusion_climb-over-fence_rgb_0052_cctv1_t000176.jpg,/home/capstone2/zroact-stage2/benchmark2/data/viz_shufflenet_test/test_frame_30fps/climb-over-fence_plant_rgb/images/intrusion_climb-over-fence_rgb_0052_cctv1/intrusion_climb-over-fence_rgb_0052_cctv1_t000186.jpg
intrusion_climb-over-fence_rgb_0052_cctv1_f000196_000206_000216,climb-over-fence_plant_rgb,intrusion_climb-over-fence_rgb_0052_cctv1,intrusion_candidate,"[196, 206, 216]","[6.533, 6.867, 7.2]","{""start_frame"": 181, ""end_frame"": 216}","[""stand, carry/hold (an object)"", ""stand, carry/hold (an object)"", ""none""]","[""danger"", ""danger"", ""danger""]",danger,36,"{""normal"": 0, ""unsafe"": 0, ""danger"": 36}","{""normal"": 0.0, ""unsafe"": 0.0, ""danger"": 1.0}",0,danger,danger,danger,True,False,labeling_yolo_sequence_coverage,sampled_danger_then_danger_ratio_sampled_unsafe_then_unsafe_ratio_else_normal,"{""danger_threshold"": 0.3, ""unsafe_threshold"": 0.3, ""missing_txt_policy"": ""normal_if_absent""}",/home/capstone2/zroact-stage2/benchmark2/data/viz_shufflenet_test/test_frame_30fps/climb-over-fence_plant_rgb/images/intrusion_climb-over-fence_rgb_0052_cctv1/intrusion_climb-over-fence_rgb_0052_cctv1_t000196.jpg,/home/capstone2/zroact-stage2/benchmark2/data/viz_shufflenet_test/test_frame_30fps/climb-over-fence_plant_rgb/images/intrusion_climb-over-fence_rgb_0052_cctv1/intrusion_climb-over-fence_rgb_0052_cctv1_t000206.jpg,/home/capstone2/zroact-stage2/benchmark2/data/viz_shufflenet_test/test_frame_30fps/climb-over-fence_plant_rgb/images/intrusion_climb-over-fence_rgb_0052_cctv1/intrusion_climb-over-fence_rgb_0052_cctv1_t000216.jpg
intrusion_climb-over-fence_rgb_0052_cctv1_f000226_000236_000246,climb-over-fence_plant_rgb,intrusion_climb-over-fence_rgb_0052_cctv1,intrusion_candidate,"[226, 236, 246]","[7.533, 7.867, 8.2]","{""start_frame"": 211, ""end_frame"": 246}","[""stand, carry/hold (an object)"", ""stand, carry/hold (an object)"", ""stand, carry/hold (an object)""]","[""danger"", ""danger"", ""danger""]",danger,36,"{""normal"": 0, ""unsafe"": 0, ""danger"": 36}","{""normal"": 0.0, ""unsafe"": 0.0, ""danger"": 1.0}",0,danger,danger,danger,True,False,labeling_yolo_sequence_coverage,sampled_danger_then_danger_ratio_sampled_unsafe_then_unsafe_ratio_else_normal,"{""danger_threshold"": 0.3, ""unsafe_threshold"": 0.3, ""missing_txt_policy"": ""normal_if_absent""}",/home/capstone2/zroact-stage2/benchmark2/data/viz_shufflenet_test/test_frame_30fps/climb-over-fence_plant_rgb/images/intrusion_climb-over-fence_rgb_0052_cctv1/intrusion_climb-over-fence_rgb_0052_cctv1_t000226.jpg,/home/capstone2/zroact-stage2/benchmark2/data/viz_shufflenet_test/test_frame_30fps/climb-over-fence_plant_rgb/images/intrusion_climb-over-fence_rgb_0052_cctv1/intrusion_climb-over-fence_rgb_0052_cctv1_t000236.jpg,/home/capstone2/zroact-stage2/benchmark2/data/viz_shufflenet_test/test_frame_30fps/climb-over-fence_plant_rgb/images/intrusion_climb-over-fence_rgb_0052_cctv1/intrusion_climb-over-fence_rgb_0052_cctv1_t000246.jpg
intrusion_climb-over-fence_rgb_0054_cctv1_f000016_000026_000036,climb-over-fence_plant_rgb,intrusion_climb-over-fence_rgb_0054_cctv1,intrusion_candidate,"[16, 26, 36]","[0.533, 0.867, 1.2]","{""start_frame"": 1, ""end_frame"": 36}","[""bend/bow (at the waist), carry/hold (an object)"", ""bend/bow (at the waist), carry/hold (an object)"", ""bend/bow (at the waist), carry/hold (an object)""]","[""danger"", ""danger"", ""danger""]",danger,36,"{""normal"": 0, ""unsafe"": 0, ""danger"": 36}","{""normal"": 0.0, ""unsafe"": 0.0, ""danger"": 1.0}",0,danger,danger,danger,True,False,labeling_yolo_sequence_coverage,sampled_danger_then_danger_ratio_sampled_unsafe_then_unsafe_ratio_else_normal,"{""danger_threshold"": 0.3, ""unsafe_threshold"": 0.3, ""missing_txt_policy"": ""normal_if_absent""}",/home/capstone2/zroact-stage2/benchmark2/data/viz_shufflenet_test/test_frame_30fps/climb-over-fence_plant_rgb/images/intrusion_climb-over-fence_rgb_0054_cctv1/intrusion_climb-over-fence_rgb_0054_cctv1_t000016.jpg,/home/capstone2/zroact-stage2/benchmark2/data/viz_shufflenet_test/test_frame_30fps/climb-over-fence_plant_rgb/images/intrusion_climb-over-fence_rgb_0054_cctv1/intrusion_climb-over-fence_rgb_0054_cctv1_t000026.jpg,/home/capstone2/zroact-stage2/benchmark2/data/viz_shufflenet_test/test_frame_30fps/climb-over-fence_plant_rgb/images/intrusion_climb-over-fence_rgb_0054_cctv1/intrusion_climb-over-fence_rgb_0054_cctv1_t000036.jpg
intrusion_climb-over-fence_rgb_0054_cctv1_f000046_000056_000066,climb-over-fence_plant_rgb,intrusion_climb-over-fence_rgb_0054_cctv1,intrusion_candidate,"[46, 56, 66]","[1.533, 1.867, 2.2]","{""start_frame"": 31, ""end_frame"": 66}","[""bend/bow (at the waist), carry/hold (an object)"", ""bend/bow (at the waist), stand"", ""bend/bow (at the waist), stand""]","[""danger"", ""danger"", ""danger""]",danger,36,"{""normal"": 0, ""unsafe"": 0, ""danger"": 36}","{""normal"": 0.0, ""unsafe"": 0.0, ""danger"": 1.0}",0,danger,danger,danger,True,False,labeling_yolo_sequence_coverage,sampled_danger_then_danger_ratio_sampled_unsafe_then_unsafe_ratio_else_normal,"{""danger_threshold"": 0.3, ""unsafe_threshold"": 0.3, ""missing_txt_policy"": ""normal_if_absent""}",/home/capstone2/zroact-stage2/benchmark2/data/viz_shufflenet_test/test_frame_30fps/climb-over-fence_plant_rgb/images/intrusion_climb-over-fence_rgb_0054_cctv1/intrusion_climb-over-fence_rgb_0054_cctv1_t000046.jpg,/home/capstone2/zroact-stage2/benchmark2/data/viz_shufflenet_test/test_frame_30fps/climb-over-fence_plant_rgb/images/intrusion_climb-over-fence_rgb_0054_cctv1/intrusion_climb-over-fence_rgb_0054_cctv1_t000056.jpg,/home/capstone2/zroact-stage2/benchmark2/data/viz_shufflenet_test/test_frame_30fps/climb-over-fence_plant_rgb/images/intrusion_climb-over-fence_rgb_0054_cctv1/intrusion_climb-over-fence_rgb_0054_cctv1_t000066.jpg
intrusion_climb-over-fence_rgb_0054_cctv1_f000076_000086_000096,climb-over-fence_plant_rgb,intrusion_climb-over-fence_rgb_0054_cctv1,intrusion_candidate,"[76, 86, 96]","[2.533, 2.867, 3.2]","{""start_frame"": 61, ""end_frame"": 96}","[""stand, carry/hold (an object)"", ""stand, carry/hold (an object)"", ""stand, carry/hold (an object)""]","[""danger"", ""danger"", ""danger""]",danger,36,"{""normal"": 0, ""unsafe"": 0, ""danger"": 36}","{""normal"": 0.0, ""unsafe"": 0.0, ""danger"": 1.0}",0,danger,danger,danger,True,False,labeling_yolo_sequence_coverage,sampled_danger_then_danger_ratio_sampled_unsafe_then_unsafe_ratio_else_normal,"{""danger_threshold"": 0.3, ""unsafe_threshold"": 0.3, ""missing_txt_policy"": ""normal_if_absent""}",/home/capstone2/zroact-stage2/benchmark2/data/viz_shufflenet_test/test_frame_30fps/climb-over-fence_plant_rgb/images/intrusion_climb-over-fence_rgb_0054_cctv1/intrusion_climb-over-fence_rgb_0054_cctv1_t000076.jpg,/home/capstone2/zroact-stage2/benchmark2/data/viz_shufflenet_test/test_frame_30fps/climb-over-fence_plant_rgb/images/intrusion_climb-over-fence_rgb_0054_cctv1/intrusion_climb-over-fence_rgb_0054_cctv1_t000086.jpg,/home/capstone2/zroact-stage2/benchmark2/data/viz_shufflenet_test/test_frame_30fps/climb-over-fence_plant_rgb/images/intrusion_climb-over-fence_rgb_0054_cctv1/intrusion_climb-over-fence_rgb_0054_cctv1_t000096.jpg
intrusion_climb-over-fence_rgb_0054_cctv1_f000106_000116_000126,climb-over-fence_plant_rgb,intrusion_climb-over-fence_rgb_0054_cctv1,intrusion_candidate,"[106, 116, 126]","[3.533, 3.867, 4.2]","{""start_frame"": 91, ""end_frame"": 126}","[""stand, carry/hold (an object)"", ""carry/hold (an object), stand"", ""carry/hold (an object), bend/bow (at the waist)""]","[""danger"", ""danger"", ""danger""]",danger,36,"{""normal"": 0, ""unsafe"": 0, ""danger"": 36}","{""normal"": 0.0, ""unsafe"": 0.0, ""danger"": 1.0}",0,danger,danger,danger,True,False,labeling_yolo_sequence_coverage,sampled_danger_then_danger_ratio_sampled_unsafe_then_unsafe_ratio_else_normal,"{""danger_threshold"": 0.3, ""unsafe_threshold"": 0.3, ""missing_txt_policy"": ""normal_if_absent""}",/home/capstone2/zroact-stage2/benchmark2/data/viz_shufflenet_test/test_frame_30fps/climb-over-fence_plant_rgb/images/intrusion_climb-over-fence_rgb_0054_cctv1/intrusion_climb-over-fence_rgb_0054_cctv1_t000106.jpg,/home/capstone2/zroact-stage2/benchmark2/data/viz_shufflenet_test/test_frame_30fps/climb-over-fence_plant_rgb/images/intrusion_climb-over-fence_rgb_0054_cctv1/intrusion_climb-over-fence_rgb_0054_cctv1_t000116.jpg,/home/capstone2/zroact-stage2/benchmark2/data/viz_shufflenet_test/test_frame_30fps/climb-over-fence_plant_rgb/images/intrusion_climb-over-fence_rgb_0054_cctv1/intrusion_climb-over-fence_rgb_0054_cctv1_t000126.jpg
intrusion_climb-over-fence_rgb_0054_cctv1_f000136_000146_000156,climb-over-fence_plant_rgb,intrusion_climb-over-fence_rgb_0054_cctv1,intrusion_candidate,"[136, 146, 156]","[4.533, 4.867, 5.2]","{""start_frame"": 121, ""end_frame"": 156}","[""stand, carry/hold (an object)"", ""stand, carry/hold (an object)"", ""stand, carry/hold (an object)""]","[""danger"", ""danger"", ""danger""]",danger,36,"{""normal"": 0, ""unsafe"": 0, ""danger"": 36}","{""normal"": 0.0, ""unsafe"": 0.0, ""danger"": 1.0}",0,danger,danger,danger,True,False,labeling_yolo_sequence_coverage,sampled_danger_then_danger_ratio_sampled_unsafe_then_unsafe_ratio_else_normal,"{""danger_threshold"": 0.3, ""unsafe_threshold"": 0.3, ""missing_txt_policy"": ""normal_if_absent""}",/home/capstone2/zroact-stage2/benchmark2/data/viz_shufflenet_test/test_frame_30fps/climb-over-fence_plant_rgb/images/intrusion_climb-over-fence_rgb_0054_cctv1/intrusion_climb-over-fence_rgb_0054_cctv1_t000136.jpg,/home/capstone2/zroact-stage2/benchmark2/data/viz_shufflenet_test/test_frame_30fps/climb-over-fence_plant_rgb/images/intrusion_climb-over-fence_rgb_0054_cctv1/intrusion_climb-over-fence_rgb_0054_cctv1_t000146.jpg,/home/capstone2/zroact-stage2/benchmark2/data/viz_shufflenet_test/test_frame_30fps/climb-over-fence_plant_rgb/images/intrusion_climb-over-fence_rgb_0054_cctv1/intrusion_climb-over-fence_rgb_0054_cctv1_t000156.jpg
intrusion_climb-over-fence_rgb_0004_cctv1_f000016_000026_000036,climb-over-fence_smart_rgb,intrusion_climb-over-fence_rgb_0004_cctv1,intrusion_candidate,"[16, 26, 36]","[0.533, 0.867, 1.2]","{""start_frame"": 1, ""end_frame"": 36}","[""walk, carry/hold (an object)"", ""walk, carry/hold (an object)"", ""walk, carry/hold (an object)""]","[""normal"", ""normal"", ""unsafe""]",unsafe,36,"{""normal"": 28, ""unsafe"": 8, ""danger"": 0}","{""normal"": 0.7778, ""unsafe"": 0.2222, ""danger"": 0.0}",0,normal,unsafe,unsafe,True,False,labeling_yolo_sequence_coverage,sampled_danger_then_danger_ratio_sampled_unsafe_then_unsafe_ratio_else_normal,"{""danger_threshold"": 0.3, ""unsafe_threshold"": 0.3, ""missing_txt_policy"": ""normal_if_absent""}",/home/capstone2/zroact-stage2/benchmark2/data/viz_shufflenet_test/test_frame_30fps/climb-over-fence_smart_rgb/images/intrusion_climb-over-fence_rgb_0004_cctv1/intrusion_climb-over-fence_rgb_0004_cctv1_t000016.jpg,/home/capstone2/zroact-stage2/benchmark2/data/viz_shufflenet_test/test_frame_30fps/climb-over-fence_smart_rgb/images/intrusion_climb-over-fence_rgb_0004_cctv1/intrusion_climb-over-fence_rgb_0004_cctv1_t000026.jpg,/home/capstone2/zroact-stage2/benchmark2/data/viz_shufflenet_test/test_frame_30fps/climb-over-fence_smart_rgb/images/intrusion_climb-over-fence_rgb_0004_cctv1/intrusion_climb-over-fence_rgb_0004_cctv1_t000036.jpg
intrusion_climb-over-fence_rgb_0004_cctv1_f000046_000056_000066,climb-over-fence_smart_rgb,intrusion_climb-over-fence_rgb_0004_cctv1,intrusion_candidate,"[46, 56, 66]","[1.533, 1.867, 2.2]","{""start_frame"": 31, ""end_frame"": 66}","[""run/jog, carry/hold (an object)"", ""carry/hold (an object), walk"", ""walk, carry/hold (an object)""]","[""danger"", ""danger"", ""danger""]",danger,36,"{""normal"": 0, ""unsafe"": 10, ""danger"": 26}","{""normal"": 0.0, ""unsafe"": 0.2778, ""danger"": 0.7222}",0,danger,danger,danger,True,False,labeling_yolo_sequence_coverage,sampled_danger_then_danger_ratio_sampled_unsafe_then_unsafe_ratio_else_normal,"{""danger_threshold"": 0.3, ""unsafe_threshold"": 0.3, ""missing_txt_policy"": ""normal_if_absent""}",/home/capstone2/zroact-stage2/benchmark2/data/viz_shufflenet_test/test_frame_30fps/climb-over-fence_smart_rgb/images/intrusion_climb-over-fence_rgb_0004_cctv1/intrusion_climb-over-fence_rgb_0004_cctv1_t000046.jpg,/home/capstone2/zroact-stage2/benchmark2/data/viz_shufflenet_test/test_frame_30fps/climb-over-fence_smart_rgb/images/intrusion_climb-over-fence_rgb_0004_cctv1/intrusion_climb-over-fence_rgb_0004_cctv1_t000056.jpg,/home/capstone2/zroact-stage2/benchmark2/data/viz_shufflenet_test/test_frame_30fps/climb-over-fence_smart_rgb/images/intrusion_climb-over-fence_rgb_0004_cctv1/intrusion_climb-over-fence_rgb_0004_cctv1_t000066.jpg
intrusion_climb-over-fence_rgb_0004_cctv1_f000076_000086_000096,climb-over-fence_smart_rgb,intrusion_climb-over-fence_rgb_0004_cctv1,intrusion_candidate,"[76, 86, 96]","[2.533, 2.867, 3.2]","{""start_frame"": 61, ""end_frame"": 96}","[""walk, carry/hold (an object)"", ""stand, carry/hold (an object)"", ""stand, answer phone""]","[""danger"", ""danger"", ""danger""]",danger,36,"{""normal"": 0, ""unsafe"": 0, ""danger"": 36}","{""normal"": 0.0, ""unsafe"": 0.0, ""danger"": 1.0}",0,danger,danger,danger,True,False,labeling_yolo_sequence_coverage,sampled_danger_then_danger_ratio_sampled_unsafe_then_unsafe_ratio_else_normal,"{""danger_threshold"": 0.3, ""unsafe_threshold"": 0.3, ""missing_txt_policy"": ""normal_if_absent""}",/home/capstone2/zroact-stage2/benchmark2/data/viz_shufflenet_test/test_frame_30fps/climb-over-fence_smart_rgb/images/intrusion_climb-over-fence_rgb_0004_cctv1/intrusion_climb-over-fence_rgb_0004_cctv1_t000076.jpg,/home/capstone2/zroact-stage2/benchmark2/data/viz_shufflenet_test/test_frame_30fps/climb-over-fence_smart_rgb/images/intrusion_climb-over-fence_rgb_0004_cctv1/intrusion_climb-over-fence_rgb_0004_cctv1_t000086.jpg,/home/capstone2/zroact-stage2/benchmark2/data/viz_shufflenet_test/test_frame_30fps/climb-over-fence_smart_rgb/images/intrusion_climb-over-fence_rgb_0004_cctv1/intrusion_climb-over-fence_rgb_0004_cctv1_t000096.jpg
intrusion_climb-over-fence_rgb_0004_cctv1_f000106_000116_000126,climb-over-fence_smart_rgb,intrusion_climb-over-fence_rgb_0004_cctv1,intrusion_candidate,"[106, 116, 126]","[3.533, 3.867, 4.2]","{""start_frame"": 91, ""end_frame"": 126}","[""stand"", ""stand, answer phone"", ""stand, answer phone""]","[""danger"", ""danger"", ""danger""]",danger,36,"{""normal"": 0, ""unsafe"": 0, ""danger"": 36}","{""normal"": 0.0, ""unsafe"": 0.0, ""danger"": 1.0}",0,danger,danger,danger,True,False,labeling_yolo_sequence_coverage,sampled_danger_then_danger_ratio_sampled_unsafe_then_unsafe_ratio_else_normal,"{""danger_threshold"": 0.3, ""unsafe_threshold"": 0.3, ""missing_txt_policy"": ""normal_if_absent""}",/home/capstone2/zroact-stage2/benchmark2/data/viz_shufflenet_test/test_frame_30fps/climb-over-fence_smart_rgb/images/intrusion_climb-over-fence_rgb_0004_cctv1/intrusion_climb-over-fence_rgb_0004_cctv1_t000106.jpg,/home/capstone2/zroact-stage2/benchmark2/data/viz_shufflenet_test/test_frame_30fps/climb-over-fence_smart_rgb/images/intrusion_climb-over-fence_rgb_0004_cctv1/intrusion_climb-over-fence_rgb_0004_cctv1_t000116.jpg,/home/capstone2/zroact-stage2/benchmark2/data/viz_shufflenet_test/test_frame_30fps/climb-over-fence_smart_rgb/images/intrusion_climb-over-fence_rgb_0004_cctv1/intrusion_climb-over-fence_rgb_0004_cctv1_t000126.jpg
intrusion_climb-over-fence_rgb_0004_cctv1_f000136_000146_000156,climb-over-fence_smart_rgb,intrusion_climb-over-fence_rgb_0004_cctv1,intrusion_candidate,"[136, 146, 156]","[4.533, 4.867, 5.2]","{""start_frame"": 121, ""end_frame"": 156}","[""stand, answer phone"", ""stand, answer phone"", ""stand, answer phone""]","[""danger"", ""danger"", ""danger""]",danger,36,"{""normal"": 0, ""unsafe"": 0, ""danger"": 36}","{""normal"": 0.0, ""unsafe"": 0.0, ""danger"": 1.0}",0,danger,danger,danger,True,False,labeling_yolo_sequence_coverage,sampled_danger_then_danger_ratio_sampled_unsafe_then_unsafe_ratio_else_normal,"{""danger_threshold"": 0.3, ""unsafe_threshold"": 0.3, ""missing_txt_policy"": ""normal_if_absent""}",/home/capstone2/zroact-stage2/benchmark2/data/viz_shufflenet_test/test_frame_30fps/climb-over-fence_smart_rgb/images/intrusion_climb-over-fence_rgb_0004_cctv1/intrusion_climb-over-fence_rgb_0004_cctv1_t000136.jpg,/home/capstone2/zroact-stage2/benchmark2/data/viz_shufflenet_test/test_frame_30fps/climb-over-fence_smart_rgb/images/intrusion_climb-over-fence_rgb_0004_cctv1/intrusion_climb-over-fence_rgb_0004_cctv1_t000146.jpg,/home/capstone2/zroact-stage2/benchmark2/data/viz_shufflenet_test/test_frame_30fps/climb-over-fence_smart_rgb/images/intrusion_climb-over-fence_rgb_0004_cctv1/intrusion_climb-over-fence_rgb_0004_cctv1_t000156.jpg
intrusion_climb-over-fence_rgb_0004_cctv1_f000166_000176_000186,climb-over-fence_smart_rgb,intrusion_climb-over-fence_rgb_0004_cctv1,intrusion_candidate,"[166, 176, 186]","[5.533, 5.867, 6.2]","{""start_frame"": 151, ""end_frame"": 186}","[""stand, carry/hold (an object)"", ""walk, carry/hold (an object)"", ""stand, carry/hold (an object)""]","[""danger"", ""danger"", ""danger""]",danger,36,"{""normal"": 0, ""unsafe"": 0, ""danger"": 36}","{""normal"": 0.0, ""unsafe"": 0.0, ""danger"": 1.0}",0,danger,danger,danger,True,False,labeling_yolo_sequence_coverage,sampled_danger_then_danger_ratio_sampled_unsafe_then_unsafe_ratio_else_normal,"{""danger_threshold"": 0.3, ""unsafe_threshold"": 0.3, ""missing_txt_policy"": ""normal_if_absent""}",/home/capstone2/zroact-stage2/benchmark2/data/viz_shufflenet_test/test_frame_30fps/climb-over-fence_smart_rgb/images/intrusion_climb-over-fence_rgb_0004_cctv1/intrusion_climb-over-fence_rgb_0004_cctv1_t000166.jpg,/home/capstone2/zroact-stage2/benchmark2/data/viz_shufflenet_test/test_frame_30fps/climb-over-fence_smart_rgb/images/intrusion_climb-over-fence_rgb_0004_cctv1/intrusion_climb-over-fence_rgb_0004_cctv1_t000176.jpg,/home/capstone2/zroact-stage2/benchmark2/data/viz_shufflenet_test/test_frame_30fps/climb-over-fence_smart_rgb/images/intrusion_climb-over-fence_rgb_0004_cctv1/intrusion_climb-over-fence_rgb_0004_cctv1_t000186.jpg
intrusion_climb-over-fence_rgb_0004_cctv1_f000196_000206_000216,climb-over-fence_smart_rgb,intrusion_climb-over-fence_rgb_0004_cctv1,intrusion_candidate,"[196, 206, 216]","[6.533, 6.867, 7.2]","{""start_frame"": 181, ""end_frame"": 216}","[""stand, carry/hold (an object)"", ""stand, walk"", ""bend/bow (at the waist), carry/hold (an object)""]","[""danger"", ""danger"", ""danger""]",danger,36,"{""normal"": 0, ""unsafe"": 0, ""danger"": 36}","{""normal"": 0.0, ""unsafe"": 0.0, ""danger"": 1.0}",0,danger,danger,danger,True,False,labeling_yolo_sequence_coverage,sampled_danger_then_danger_ratio_sampled_unsafe_then_unsafe_ratio_else_normal,"{""danger_threshold"": 0.3, ""unsafe_threshold"": 0.3, ""missing_txt_policy"": ""normal_if_absent""}",/home/capstone2/zroact-stage2/benchmark2/data/viz_shufflenet_test/test_frame_30fps/climb-over-fence_smart_rgb/images/intrusion_climb-over-fence_rgb_0004_cctv1/intrusion_climb-over-fence_rgb_0004_cctv1_t000196.jpg,/home/capstone2/zroact-stage2/benchmark2/data/viz_shufflenet_test/test_frame_30fps/climb-over-fence_smart_rgb/images/intrusion_climb-over-fence_rgb_0004_cctv1/intrusion_climb-over-fence_rgb_0004_cctv1_t000206.jpg,/home/capstone2/zroact-stage2/benchmark2/data/viz_shufflenet_test/test_frame_30fps/climb-over-fence_smart_rgb/images/intrusion_climb-over-fence_rgb_0004_cctv1/intrusion_climb-over-fence_rgb_0004_cctv1_t000216.jpg
intrusion_climb-over-fence_rgb_0004_cctv1_f000226_000236_000246,climb-over-fence_smart_rgb,intrusion_climb-over-fence_rgb_0004_cctv1,intrusion_candidate,"[226, 236, 246]","[7.533, 7.867, 8.2]","{""start_frame"": 211, ""end_frame"": 246}","[""bend/bow (at the waist), carry/hold (an object)"", ""bend/bow (at the waist), carry/hold (an object)"", ""stand, carry/hold (an object)""]","[""danger"", ""danger"", ""danger""]",danger,36,"{""normal"": 0, ""unsafe"": 0, ""danger"": 36}","{""normal"": 0.0, ""unsafe"": 0.0, ""danger"": 1.0}",0,danger,danger,danger,True,False,labeling_yolo_sequence_coverage,sampled_danger_then_danger_ratio_sampled_unsafe_then_unsafe_ratio_else_normal,"{""danger_threshold"": 0.3, ""unsafe_threshold"": 0.3, ""missing_txt_policy"": ""normal_if_absent""}",/home/capstone2/zroact-stage2/benchmark2/data/viz_shufflenet_test/test_frame_30fps/climb-over-fence_smart_rgb/images/intrusion_climb-over-fence_rgb_0004_cctv1/intrusion_climb-over-fence_rgb_0004_cctv1_t000226.jpg,/home/capstone2/zroact-stage2/benchmark2/data/viz_shufflenet_test/test_frame_30fps/climb-over-fence_smart_rgb/images/intrusion_climb-over-fence_rgb_0004_cctv1/intrusion_climb-over-fence_rgb_0004_cctv1_t000236.jpg,/home/capstone2/zroact-stage2/benchmark2/data/viz_shufflenet_test/test_frame_30fps/climb-over-fence_smart_rgb/images/intrusion_climb-over-fence_rgb_0004_cctv1/intrusion_climb-over-fence_rgb_0004_cctv1_t000246.jpg
intrusion_climb-over-fence_rgb_0004_cctv1_f000256_000266_000276,climb-over-fence_smart_rgb,intrusion_climb-over-fence_rgb_0004_cctv1,intrusion_candidate,"[256, 266, 276]","[8.533, 8.867, 9.2]","{""start_frame"": 241, ""end_frame"": 276}","[""stand, answer phone"", ""stand, answer phone"", ""stand, answer phone""]","[""danger"", ""danger"", ""danger""]",danger,36,"{""normal"": 0, ""unsafe"": 0, ""danger"": 36}","{""normal"": 0.0, ""unsafe"": 0.0, ""danger"": 1.0}",0,danger,danger,danger,True,False,labeling_yolo_sequence_coverage,sampled_danger_then_danger_ratio_sampled_unsafe_then_unsafe_ratio_else_normal,"{""danger_threshold"": 0.3, ""unsafe_threshold"": 0.3, ""missing_txt_policy"": ""normal_if_absent""}",/home/capstone2/zroact-stage2/benchmark2/data/viz_shufflenet_test/test_frame_30fps/climb-over-fence_smart_rgb/images/intrusion_climb-over-fence_rgb_0004_cctv1/intrusion_climb-over-fence_rgb_0004_cctv1_t000256.jpg,/home/capstone2/zroact-stage2/benchmark2/data/viz_shufflenet_test/test_frame_30fps/climb-over-fence_smart_rgb/images/intrusion_climb-over-fence_rgb_0004_cctv1/intrusion_climb-over-fence_rgb_0004_cctv1_t000266.jpg,/home/capstone2/zroact-stage2/benchmark2/data/viz_shufflenet_test/test_frame_30fps/climb-over-fence_smart_rgb/images/intrusion_climb-over-fence_rgb_0004_cctv1/intrusion_climb-over-fence_rgb_0004_cctv1_t000276.jpg
intrusion_climb-over-fence_rgb_0004_cctv1_f000286_000296_000306,climb-over-fence_smart_rgb,intrusion_climb-over-fence_rgb_0004_cctv1,intrusion_candidate,"[286, 296, 306]","[9.533, 9.867, 10.2]","{""start_frame"": 271, ""end_frame"": 306}","[""stand, carry/hold (an object)"", ""bend/bow (at the waist), carry/hold (an object)"", ""stand, carry/hold (an object)""]","[""danger"", ""danger"", ""danger""]",danger,36,"{""normal"": 0, ""unsafe"": 0, ""danger"": 36}","{""normal"": 0.0, ""unsafe"": 0.0, ""danger"": 1.0}",0,danger,danger,danger,True,False,labeling_yolo_sequence_coverage,sampled_danger_then_danger_ratio_sampled_unsafe_then_unsafe_ratio_else_normal,"{""danger_threshold"": 0.3, ""unsafe_threshold"": 0.3, ""missing_txt_policy"": ""normal_if_absent""}",/home/capstone2/zroact-stage2/benchmark2/data/viz_shufflenet_test/test_frame_30fps/climb-over-fence_smart_rgb/images/intrusion_climb-over-fence_rgb_0004_cctv1/intrusion_climb-over-fence_rgb_0004_cctv1_t000286.jpg,/home/capstone2/zroact-stage2/benchmark2/data/viz_shufflenet_test/test_frame_30fps/climb-over-fence_smart_rgb/images/intrusion_climb-over-fence_rgb_0004_cctv1/intrusion_climb-over-fence_rgb_0004_cctv1_t000296.jpg,/home/capstone2/zroact-stage2/benchmark2/data/viz_shufflenet_test/test_frame_30fps/climb-over-fence_smart_rgb/images/intrusion_climb-over-fence_rgb_0004_cctv1/intrusion_climb-over-fence_rgb_0004_cctv1_t000306.jpg
intrusion_climb-over-fence_rgb_0004_cctv1_f000316_000326_000336,climb-over-fence_smart_rgb,intrusion_climb-over-fence_rgb_0004_cctv1,intrusion_candidate,"[316, 326, 336]","[10.533, 10.867, 11.2]","{""start_frame"": 301, ""end_frame"": 336}","[""stand, carry/hold (an object)"", ""bend/bow (at the waist), carry/hold (an object)"", ""stand, answer phone""]","[""danger"", ""danger"", ""danger""]",danger,36,"{""normal"": 0, ""unsafe"": 0, ""danger"": 36}","{""normal"": 0.0, ""unsafe"": 0.0, ""danger"": 1.0}",0,danger,danger,danger,True,False,labeling_yolo_sequence_coverage,sampled_danger_then_danger_ratio_sampled_unsafe_then_unsafe_ratio_else_normal,"{""danger_threshold"": 0.3, ""unsafe_threshold"": 0.3, ""missing_txt_policy"": ""normal_if_absent""}",/home/capstone2/zroact-stage2/benchmark2/data/viz_shufflenet_test/test_frame_30fps/climb-over-fence_smart_rgb/images/intrusion_climb-over-fence_rgb_0004_cctv1/intrusion_climb-over-fence_rgb_0004_cctv1_t000316.jpg,/home/capstone2/zroact-stage2/benchmark2/data/viz_shufflenet_test/test_frame_30fps/climb-over-fence_smart_rgb/images/intrusion_climb-over-fence_rgb_0004_cctv1/intrusion_climb-over-fence_rgb_0004_cctv1_t000326.jpg,/home/capstone2/zroact-stage2/benchmark2/data/viz_shufflenet_test/test_frame_30fps/climb-over-fence_smart_rgb/images/intrusion_climb-over-fence_rgb_0004_cctv1/intrusion_climb-over-fence_rgb_0004_cctv1_t000336.jpg
intrusion_climb-over-fence_rgb_0004_cctv1_f000346_000356_000366,climb-over-fence_smart_rgb,intrusion_climb-over-fence_rgb_0004_cctv1,intrusion_candidate,"[346, 356, 366]","[11.533, 11.867, 12.2]","{""start_frame"": 331, ""end_frame"": 366}","[""stand, answer phone"", ""bend/bow (at the waist), stand"", ""bend/bow (at the waist), carry/hold (an object)""]","[""danger"", ""danger"", ""danger""]",danger,36,"{""normal"": 0, ""unsafe"": 0, ""danger"": 36}","{""normal"": 0.0, ""unsafe"": 0.0, ""danger"": 1.0}",0,danger,danger,danger,True,False,labeling_yolo_sequence_coverage,sampled_danger_then_danger_ratio_sampled_unsafe_then_unsafe_ratio_else_normal,"{""danger_threshold"": 0.3, ""unsafe_threshold"": 0.3, ""missing_txt_policy"": ""normal_if_absent""}",/home/capstone2/zroact-stage2/benchmark2/data/viz_shufflenet_test/test_frame_30fps/climb-over-fence_smart_rgb/images/intrusion_climb-over-fence_rgb_0004_cctv1/intrusion_climb-over-fence_rgb_0004_cctv1_t000346.jpg,/home/capstone2/zroact-stage2/benchmark2/data/viz_shufflenet_test/test_frame_30fps/climb-over-fence_smart_rgb/images/intrusion_climb-over-fence_rgb_0004_cctv1/intrusion_climb-over-fence_rgb_0004_cctv1_t000356.jpg,/home/capstone2/zroact-stage2/benchmark2/data/viz_shufflenet_test/test_frame_30fps/climb-over-fence_smart_rgb/images/intrusion_climb-over-fence_rgb_0004_cctv1/intrusion_climb-over-fence_rgb_0004_cctv1_t000366.jpg
intrusion_climb-over-fence_rgb_0004_cctv1_f000376_000386_000396,climb-over-fence_smart_rgb,intrusion_climb-over-fence_rgb_0004_cctv1,intrusion_candidate,"[376, 386, 396]","[12.533, 12.867, 13.2]","{""start_frame"": 361, ""end_frame"": 396}","[""bend/bow (at the waist), stand"", ""bend/bow (at the waist), stand"", ""sit, stand""]","[""danger"", ""danger"", ""danger""]",danger,36,"{""normal"": 0, ""unsafe"": 0, ""danger"": 36}","{""normal"": 0.0, ""unsafe"": 0.0, ""danger"": 1.0}",0,danger,danger,danger,True,False,labeling_yolo_sequence_coverage,sampled_danger_then_danger_ratio_sampled_unsafe_then_unsafe_ratio_else_normal,"{""danger_threshold"": 0.3, ""unsafe_threshold"": 0.3, ""missing_txt_policy"": ""normal_if_absent""}",/home/capstone2/zroact-stage2/benchmark2/data/viz_shufflenet_test/test_frame_30fps/climb-over-fence_smart_rgb/images/intrusion_climb-over-fence_rgb_0004_cctv1/intrusion_climb-over-fence_rgb_0004_cctv1_t000376.jpg,/home/capstone2/zroact-stage2/benchmark2/data/viz_shufflenet_test/test_frame_30fps/climb-over-fence_smart_rgb/images/intrusion_climb-over-fence_rgb_0004_cctv1/intrusion_climb-over-fence_rgb_0004_cctv1_t000386.jpg,/home/capstone2/zroact-stage2/benchmark2/data/viz_shufflenet_test/test_frame_30fps/climb-over-fence_smart_rgb/images/intrusion_climb-over-fence_rgb_0004_cctv1/intrusion_climb-over-fence_rgb_0004_cctv1_t000396.jpg
intrusion_climb-over-fence_rgb_0004_cctv1_f000406_000416_000426,climb-over-fence_smart_rgb,intrusion_climb-over-fence_rgb_0004_cctv1,intrusion_candidate,"[406, 416, 426]","[13.533, 13.867, 14.2]","{""start_frame"": 391, ""end_frame"": 426}","[""stand, sit"", ""stand"", ""stand""]","[""danger"", ""danger"", ""danger""]",danger,36,"{""normal"": 0, ""unsafe"": 0, ""danger"": 36}","{""normal"": 0.0, ""unsafe"": 0.0, ""danger"": 1.0}",0,danger,danger,danger,True,False,labeling_yolo_sequence_coverage,sampled_danger_then_danger_ratio_sampled_unsafe_then_unsafe_ratio_else_normal,"{""danger_threshold"": 0.3, ""unsafe_threshold"": 0.3, ""missing_txt_policy"": ""normal_if_absent""}",/home/capstone2/zroact-stage2/benchmark2/data/viz_shufflenet_test/test_frame_30fps/climb-over-fence_smart_rgb/images/intrusion_climb-over-fence_rgb_0004_cctv1/intrusion_climb-over-fence_rgb_0004_cctv1_t000406.jpg,/home/capstone2/zroact-stage2/benchmark2/data/viz_shufflenet_test/test_frame_30fps/climb-over-fence_smart_rgb/images/intrusion_climb-over-fence_rgb_0004_cctv1/intrusion_climb-over-fence_rgb_0004_cctv1_t000416.jpg,/home/capstone2/zroact-stage2/benchmark2/data/viz_shufflenet_test/test_frame_30fps/climb-over-fence_smart_rgb/images/intrusion_climb-over-fence_rgb_0004_cctv1/intrusion_climb-over-fence_rgb_0004_cctv1_t000426.jpg
intrusion_climb-over-fence_rgb_0004_cctv1_f000436_000446_000456,climb-over-fence_smart_rgb,intrusion_climb-over-fence_rgb_0004_cctv1,intrusion_candidate,"[436, 446, 456]","[14.533, 14.867, 15.2]","{""start_frame"": 421, ""end_frame"": 456}","[""bend/bow (at the waist), stand"", ""bend/bow (at the waist), carry/hold (an object)"", ""bend/bow (at the waist), carry/hold (an object)""]","[""danger"", ""danger"", ""danger""]",danger,36,"{""normal"": 0, ""unsafe"": 0, ""danger"": 36}","{""normal"": 0.0, ""unsafe"": 0.0, ""danger"": 1.0}",0,danger,danger,danger,True,False,labeling_yolo_sequence_coverage,sampled_danger_then_danger_ratio_sampled_unsafe_then_unsafe_ratio_else_normal,"{""danger_threshold"": 0.3, ""unsafe_threshold"": 0.3, ""missing_txt_policy"": ""normal_if_absent""}",/home/capstone2/zroact-stage2/benchmark2/data/viz_shufflenet_test/test_frame_30fps/climb-over-fence_smart_rgb/images/intrusion_climb-over-fence_rgb_0004_cctv1/intrusion_climb-over-fence_rgb_0004_cctv1_t000436.jpg,/home/capstone2/zroact-stage2/benchmark2/data/viz_shufflenet_test/test_frame_30fps/climb-over-fence_smart_rgb/images/intrusion_climb-over-fence_rgb_0004_cctv1/intrusion_climb-over-fence_rgb_0004_cctv1_t000446.jpg,/home/capstone2/zroact-stage2/benchmark2/data/viz_shufflenet_test/test_frame_30fps/climb-over-fence_smart_rgb/images/intrusion_climb-over-fence_rgb_0004_cctv1/intrusion_climb-over-fence_rgb_0004_cctv1_t000456.jpg
intrusion_climb-over-fence_rgb_0005_cctv2_f000016_000026_000036,climb-over-fence_smart_rgb,intrusion_climb-over-fence_rgb_0005_cctv2,intrusion_candidate,"[16, 26, 36]","[0.533, 0.867, 1.2]","{""start_frame"": 1, ""end_frame"": 36}","[""walk, carry/hold (an object)"", ""walk, carry/hold (an object)"", ""walk, carry/hold (an object)""]","[""normal"", ""normal"", ""normal""]",normal,36,"{""normal"": 36, ""unsafe"": 0, ""danger"": 0}","{""normal"": 1.0, ""unsafe"": 0.0, ""danger"": 0.0}",0,normal,normal,normal,True,False,labeling_yolo_sequence_coverage,sampled_danger_then_danger_ratio_sampled_unsafe_then_unsafe_ratio_else_normal,"{""danger_threshold"": 0.3, ""unsafe_threshold"": 0.3, ""missing_txt_policy"": ""normal_if_absent""}",/home/capstone2/zroact-stage2/benchmark2/data/viz_shufflenet_test/test_frame_30fps/climb-over-fence_smart_rgb/images/intrusion_climb-over-fence_rgb_0005_cctv2/intrusion_climb-over-fence_rgb_0005_cctv2_t000016.jpg,/home/capstone2/zroact-stage2/benchmark2/data/viz_shufflenet_test/test_frame_30fps/climb-over-fence_smart_rgb/images/intrusion_climb-over-fence_rgb_0005_cctv2/intrusion_climb-over-fence_rgb_0005_cctv2_t000026.jpg,/home/capstone2/zroact-stage2/benchmark2/data/viz_shufflenet_test/test_frame_30fps/climb-over-fence_smart_rgb/images/intrusion_climb-over-fence_rgb_0005_cctv2/intrusion_climb-over-fence_rgb_0005_cctv2_t000036.jpg
intrusion_climb-over-fence_rgb_0005_cctv2_f000046_000056_000066,climb-over-fence_smart_rgb,intrusion_climb-over-fence_rgb_0005_cctv2,intrusion_candidate,"[46, 56, 66]","[1.533, 1.867, 2.2]","{""start_frame"": 31, ""end_frame"": 66}","[""walk, carry/hold (an object)"", ""walk, carry/hold (an object)"", ""walk, carry/hold (an object)""]","[""normal"", ""normal"", ""unsafe""]",unsafe,36,"{""normal"": 28, ""unsafe"": 8, ""danger"": 0}","{""normal"": 0.7778, ""unsafe"": 0.2222, ""danger"": 0.0}",0,normal,unsafe,unsafe,True,False,labeling_yolo_sequence_coverage,sampled_danger_then_danger_ratio_sampled_unsafe_then_unsafe_ratio_else_normal,"{""danger_threshold"": 0.3, ""unsafe_threshold"": 0.3, ""missing_txt_policy"": ""normal_if_absent""}",/home/capstone2/zroact-stage2/benchmark2/data/viz_shufflenet_test/test_frame_30fps/climb-over-fence_smart_rgb/images/intrusion_climb-over-fence_rgb_0005_cctv2/intrusion_climb-over-fence_rgb_0005_cctv2_t000046.jpg,/home/capstone2/zroact-stage2/benchmark2/data/viz_shufflenet_test/test_frame_30fps/climb-over-fence_smart_rgb/images/intrusion_climb-over-fence_rgb_0005_cctv2/intrusion_climb-over-fence_rgb_0005_cctv2_t000056.jpg,/home/capstone2/zroact-stage2/benchmark2/data/viz_shufflenet_test/test_frame_30fps/climb-over-fence_smart_rgb/images/intrusion_climb-over-fence_rgb_0005_cctv2/intrusion_climb-over-fence_rgb_0005_cctv2_t000066.jpg
intrusion_climb-over-fence_rgb_0005_cctv2_f000076_000086_000096,climb-over-fence_smart_rgb,intrusion_climb-over-fence_rgb_0005_cctv2,intrusion_candidate,"[76, 86, 96]","[2.533, 2.867, 3.2]","{""start_frame"": 61, ""end_frame"": 96}","[""walk, carry/hold (an object)"", ""carry/hold (an object), stand"", ""carry/hold (an object), walk""]","[""unsafe"", ""danger"", ""danger""]",danger,36,"{""normal"": 0, ""unsafe"": 25, ""danger"": 11}","{""normal"": 0.0, ""unsafe"": 0.6944, ""danger"": 0.3056}",0,danger,danger,danger,True,False,labeling_yolo_sequence_coverage,sampled_danger_then_danger_ratio_sampled_unsafe_then_unsafe_ratio_else_normal,"{""danger_threshold"": 0.3, ""unsafe_threshold"": 0.3, ""missing_txt_policy"": ""normal_if_absent""}",/home/capstone2/zroact-stage2/benchmark2/data/viz_shufflenet_test/test_frame_30fps/climb-over-fence_smart_rgb/images/intrusion_climb-over-fence_rgb_0005_cctv2/intrusion_climb-over-fence_rgb_0005_cctv2_t000076.jpg,/home/capstone2/zroact-stage2/benchmark2/data/viz_shufflenet_test/test_frame_30fps/climb-over-fence_smart_rgb/images/intrusion_climb-over-fence_rgb_0005_cctv2/intrusion_climb-over-fence_rgb_0005_cctv2_t000086.jpg,/home/capstone2/zroact-stage2/benchmark2/data/viz_shufflenet_test/test_frame_30fps/climb-over-fence_smart_rgb/images/intrusion_climb-over-fence_rgb_0005_cctv2/intrusion_climb-over-fence_rgb_0005_cctv2_t000096.jpg
intrusion_climb-over-fence_rgb_0005_cctv2_f000106_000116_000126,climb-over-fence_smart_rgb,intrusion_climb-over-fence_rgb_0005_cctv2,intrusion_candidate,"[106, 116, 126]","[3.533, 3.867, 4.2]","{""start_frame"": 91, ""end_frame"": 126}","[""carry/hold (an object), stand"", ""carry/hold (an object), stand"", ""carry/hold (an object), walk""]","[""danger"", ""danger"", ""danger""]",danger,36,"{""normal"": 0, ""unsafe"": 0, ""danger"": 36}","{""normal"": 0.0, ""unsafe"": 0.0, ""danger"": 1.0}",0,danger,danger,danger,True,False,labeling_yolo_sequence_coverage,sampled_danger_then_danger_ratio_sampled_unsafe_then_unsafe_ratio_else_normal,"{""danger_threshold"": 0.3, ""unsafe_threshold"": 0.3, ""missing_txt_policy"": ""normal_if_absent""}",/home/capstone2/zroact-stage2/benchmark2/data/viz_shufflenet_test/test_frame_30fps/climb-over-fence_smart_rgb/images/intrusion_climb-over-fence_rgb_0005_cctv2/intrusion_climb-over-fence_rgb_0005_cctv2_t000106.jpg,/home/capstone2/zroact-stage2/benchmark2/data/viz_shufflenet_test/test_frame_30fps/climb-over-fence_smart_rgb/images/intrusion_climb-over-fence_rgb_0005_cctv2/intrusion_climb-over-fence_rgb_0005_cctv2_t000116.jpg,/home/capstone2/zroact-stage2/benchmark2/data/viz_shufflenet_test/test_frame_30fps/climb-over-fence_smart_rgb/images/intrusion_climb-over-fence_rgb_0005_cctv2/intrusion_climb-over-fence_rgb_0005_cctv2_t000126.jpg
intrusion_climb-over-fence_rgb_0005_cctv2_f000136_000146_000156,climb-over-fence_smart_rgb,intrusion_climb-over-fence_rgb_0005_cctv2,intrusion_candidate,"[136, 146, 156]","[4.533, 4.867, 5.2]","{""start_frame"": 121, ""end_frame"": 156}","[""run/jog, walk"", ""stand, walk"", ""stand, carry/hold (an object)""]","[""danger"", ""danger"", ""danger""]",danger,36,"{""normal"": 0, ""unsafe"": 0, ""danger"": 36}","{""normal"": 0.0, ""unsafe"": 0.0, ""danger"": 1.0}",0,danger,danger,danger,True,False,labeling_yolo_sequence_coverage,sampled_danger_then_danger_ratio_sampled_unsafe_then_unsafe_ratio_else_normal,"{""danger_threshold"": 0.3, ""unsafe_threshold"": 0.3, ""missing_txt_policy"": ""normal_if_absent""}",/home/capstone2/zroact-stage2/benchmark2/data/viz_shufflenet_test/test_frame_30fps/climb-over-fence_smart_rgb/images/intrusion_climb-over-fence_rgb_0005_cctv2/intrusion_climb-over-fence_rgb_0005_cctv2_t000136.jpg,/home/capstone2/zroact-stage2/benchmark2/data/viz_shufflenet_test/test_frame_30fps/climb-over-fence_smart_rgb/images/intrusion_climb-over-fence_rgb_0005_cctv2/intrusion_climb-over-fence_rgb_0005_cctv2_t000146.jpg,/home/capstone2/zroact-stage2/benchmark2/data/viz_shufflenet_test/test_frame_30fps/climb-over-fence_smart_rgb/images/intrusion_climb-over-fence_rgb_0005_cctv2/intrusion_climb-over-fence_rgb_0005_cctv2_t000156.jpg
intrusion_climb-over-fence_rgb_0005_cctv2_f000166_000176_000186,climb-over-fence_smart_rgb,intrusion_climb-over-fence_rgb_0005_cctv2,intrusion_candidate,"[166, 176, 186]","[5.533, 5.867, 6.2]","{""start_frame"": 151, ""end_frame"": 186}","[""stand, carry/hold (an object)"", ""stand, carry/hold (an object)"", ""stand, carry/hold (an object)""]","[""danger"", ""danger"", ""danger""]",danger,36,"{""normal"": 0, ""unsafe"": 0, ""danger"": 36}","{""normal"": 0.0, ""unsafe"": 0.0, ""danger"": 1.0}",0,danger,danger,danger,True,False,labeling_yolo_sequence_coverage,sampled_danger_then_danger_ratio_sampled_unsafe_then_unsafe_ratio_else_normal,"{""danger_threshold"": 0.3, ""unsafe_threshold"": 0.3, ""missing_txt_policy"": ""normal_if_absent""}",/home/capstone2/zroact-stage2/benchmark2/data/viz_shufflenet_test/test_frame_30fps/climb-over-fence_smart_rgb/images/intrusion_climb-over-fence_rgb_0005_cctv2/intrusion_climb-over-fence_rgb_0005_cctv2_t000166.jpg,/home/capstone2/zroact-stage2/benchmark2/data/viz_shufflenet_test/test_frame_30fps/climb-over-fence_smart_rgb/images/intrusion_climb-over-fence_rgb_0005_cctv2/intrusion_climb-over-fence_rgb_0005_cctv2_t000176.jpg,/home/capstone2/zroact-stage2/benchmark2/data/viz_shufflenet_test/test_frame_30fps/climb-over-fence_smart_rgb/images/intrusion_climb-over-fence_rgb_0005_cctv2/intrusion_climb-over-fence_rgb_0005_cctv2_t000186.jpg
intrusion_climb-over-fence_rgb_0005_cctv2_f000196_000206_000216,climb-over-fence_smart_rgb,intrusion_climb-over-fence_rgb_0005_cctv2,intrusion_candidate,"[196, 206, 216]","[6.533, 6.867, 7.2]","{""start_frame"": 181, ""end_frame"": 216}","[""stand, carry/hold (an object)"", ""stand, carry/hold (an object)"", ""carry/hold (an object), stand""]","[""danger"", ""danger"", ""danger""]",danger,36,"{""normal"": 0, ""unsafe"": 0, ""danger"": 36}","{""normal"": 0.0, ""unsafe"": 0.0, ""danger"": 1.0}",0,danger,danger,danger,True,False,labeling_yolo_sequence_coverage,sampled_danger_then_danger_ratio_sampled_unsafe_then_unsafe_ratio_else_normal,"{""danger_threshold"": 0.3, ""unsafe_threshold"": 0.3, ""missing_txt_policy"": ""normal_if_absent""}",/home/capstone2/zroact-stage2/benchmark2/data/viz_shufflenet_test/test_frame_30fps/climb-over-fence_smart_rgb/images/intrusion_climb-over-fence_rgb_0005_cctv2/intrusion_climb-over-fence_rgb_0005_cctv2_t000196.jpg,/home/capstone2/zroact-stage2/benchmark2/data/viz_shufflenet_test/test_frame_30fps/climb-over-fence_smart_rgb/images/intrusion_climb-over-fence_rgb_0005_cctv2/intrusion_climb-over-fence_rgb_0005_cctv2_t000206.jpg,/home/capstone2/zroact-stage2/benchmark2/data/viz_shufflenet_test/test_frame_30fps/climb-over-fence_smart_rgb/images/intrusion_climb-over-fence_rgb_0005_cctv2/intrusion_climb-over-fence_rgb_0005_cctv2_t000216.jpg
intrusion_climb-over-fence_rgb_0005_cctv2_f000226_000236_000246,climb-over-fence_smart_rgb,intrusion_climb-over-fence_rgb_0005_cctv2,intrusion_candidate,"[226, 236, 246]","[7.533, 7.867, 8.2]","{""start_frame"": 211, ""end_frame"": 246}","[""stand, carry/hold (an object)"", ""stand, carry/hold (an object)"", ""stand, carry/hold (an object)""]","[""danger"", ""danger"", ""danger""]",danger,36,"{""normal"": 0, ""unsafe"": 0, ""danger"": 36}","{""normal"": 0.0, ""unsafe"": 0.0, ""danger"": 1.0}",0,danger,danger,danger,True,False,labeling_yolo_sequence_coverage,sampled_danger_then_danger_ratio_sampled_unsafe_then_unsafe_ratio_else_normal,"{""danger_threshold"": 0.3, ""unsafe_threshold"": 0.3, ""missing_txt_policy"": ""normal_if_absent""}",/home/capstone2/zroact-stage2/benchmark2/data/viz_shufflenet_test/test_frame_30fps/climb-over-fence_smart_rgb/images/intrusion_climb-over-fence_rgb_0005_cctv2/intrusion_climb-over-fence_rgb_0005_cctv2_t000226.jpg,/home/capstone2/zroact-stage2/benchmark2/data/viz_shufflenet_test/test_frame_30fps/climb-over-fence_smart_rgb/images/intrusion_climb-over-fence_rgb_0005_cctv2/intrusion_climb-over-fence_rgb_0005_cctv2_t000236.jpg,/home/capstone2/zroact-stage2/benchmark2/data/viz_shufflenet_test/test_frame_30fps/climb-over-fence_smart_rgb/images/intrusion_climb-over-fence_rgb_0005_cctv2/intrusion_climb-over-fence_rgb_0005_cctv2_t000246.jpg
intrusion_climb-over-fence_rgb_0005_cctv2_f000256_000266_000276,climb-over-fence_smart_rgb,intrusion_climb-over-fence_rgb_0005_cctv2,intrusion_candidate,"[256, 266, 276]","[8.533, 8.867, 9.2]","{""start_frame"": 241, ""end_frame"": 276}","[""walk, stand"", ""stand, carry/hold (an object)"", ""stand, carry/hold (an object)""]","[""danger"", ""danger"", ""danger""]",danger,36,"{""normal"": 0, ""unsafe"": 0, ""danger"": 36}","{""normal"": 0.0, ""unsafe"": 0.0, ""danger"": 1.0}",0,danger,danger,danger,True,False,labeling_yolo_sequence_coverage,sampled_danger_then_danger_ratio_sampled_unsafe_then_unsafe_ratio_else_normal,"{""danger_threshold"": 0.3, ""unsafe_threshold"": 0.3, ""missing_txt_policy"": ""normal_if_absent""}",/home/capstone2/zroact-stage2/benchmark2/data/viz_shufflenet_test/test_frame_30fps/climb-over-fence_smart_rgb/images/intrusion_climb-over-fence_rgb_0005_cctv2/intrusion_climb-over-fence_rgb_0005_cctv2_t000256.jpg,/home/capstone2/zroact-stage2/benchmark2/data/viz_shufflenet_test/test_frame_30fps/climb-over-fence_smart_rgb/images/intrusion_climb-over-fence_rgb_0005_cctv2/intrusion_climb-over-fence_rgb_0005_cctv2_t000266.jpg,/home/capstone2/zroact-stage2/benchmark2/data/viz_shufflenet_test/test_frame_30fps/climb-over-fence_smart_rgb/images/intrusion_climb-over-fence_rgb_0005_cctv2/intrusion_climb-over-fence_rgb_0005_cctv2_t000276.jpg
intrusion_climb-over-fence_rgb_0005_cctv2_f000286_000296_000306,climb-over-fence_smart_rgb,intrusion_climb-over-fence_rgb_0005_cctv2,intrusion_candidate,"[286, 296, 306]","[9.533, 9.867, 10.2]","{""start_frame"": 271, ""end_frame"": 306}","[""bend/bow (at the waist), carry/hold (an object)"", ""bend/bow (at the waist), stand"", ""stand, bend/bow (at the waist)""]","[""danger"", ""danger"", ""danger""]",danger,36,"{""normal"": 0, ""unsafe"": 0, ""danger"": 36}","{""normal"": 0.0, ""unsafe"": 0.0, ""danger"": 1.0}",0,danger,danger,danger,True,False,labeling_yolo_sequence_coverage,sampled_danger_then_danger_ratio_sampled_unsafe_then_unsafe_ratio_else_normal,"{""danger_threshold"": 0.3, ""unsafe_threshold"": 0.3, ""missing_txt_policy"": ""normal_if_absent""}",/home/capstone2/zroact-stage2/benchmark2/data/viz_shufflenet_test/test_frame_30fps/climb-over-fence_smart_rgb/images/intrusion_climb-over-fence_rgb_0005_cctv2/intrusion_climb-over-fence_rgb_0005_cctv2_t000286.jpg,/home/capstone2/zroact-stage2/benchmark2/data/viz_shufflenet_test/test_frame_30fps/climb-over-fence_smart_rgb/images/intrusion_climb-over-fence_rgb_0005_cctv2/intrusion_climb-over-fence_rgb_0005_cctv2_t000296.jpg,/home/capstone2/zroact-stage2/benchmark2/data/viz_shufflenet_test/test_frame_30fps/climb-over-fence_smart_rgb/images/intrusion_climb-over-fence_rgb_0005_cctv2/intrusion_climb-over-fence_rgb_0005_cctv2_t000306.jpg
intrusion_climb-over-fence_rgb_0005_cctv2_f000316_000326_000336,climb-over-fence_smart_rgb,intrusion_climb-over-fence_rgb_0005_cctv2,intrusion_candidate,"[316, 326, 336]","[10.533, 10.867, 11.2]","{""start_frame"": 301, ""end_frame"": 336}","[""bend/bow (at the waist), carry/hold (an object)"", ""bend/bow (at the waist), stand"", ""stand, bend/bow (at the waist)""]","[""danger"", ""danger"", ""danger""]",danger,36,"{""normal"": 0, ""unsafe"": 0, ""danger"": 36}","{""normal"": 0.0, ""unsafe"": 0.0, ""danger"": 1.0}",0,danger,danger,danger,True,False,labeling_yolo_sequence_coverage,sampled_danger_then_danger_ratio_sampled_unsafe_then_unsafe_ratio_else_normal,"{""danger_threshold"": 0.3, ""unsafe_threshold"": 0.3, ""missing_txt_policy"": ""normal_if_absent""}",/home/capstone2/zroact-stage2/benchmark2/data/viz_shufflenet_test/test_frame_30fps/climb-over-fence_smart_rgb/images/intrusion_climb-over-fence_rgb_0005_cctv2/intrusion_climb-over-fence_rgb_0005_cctv2_t000316.jpg,/home/capstone2/zroact-stage2/benchmark2/data/viz_shufflenet_test/test_frame_30fps/climb-over-fence_smart_rgb/images/intrusion_climb-over-fence_rgb_0005_cctv2/intrusion_climb-over-fence_rgb_0005_cctv2_t000326.jpg,/home/capstone2/zroact-stage2/benchmark2/data/viz_shufflenet_test/test_frame_30fps/climb-over-fence_smart_rgb/images/intrusion_climb-over-fence_rgb_0005_cctv2/intrusion_climb-over-fence_rgb_0005_cctv2_t000336.jpg
intrusion_climb-over-fence_rgb_0005_cctv2_f000346_000356_000366,climb-over-fence_smart_rgb,intrusion_climb-over-fence_rgb_0005_cctv2,intrusion_candidate,"[346, 356, 366]","[11.533, 11.867, 12.2]","{""start_frame"": 331, ""end_frame"": 366}","[""stand, bend/bow (at the waist)"", ""stand, walk"", ""stand, walk""]","[""danger"", ""danger"", ""danger""]",danger,36,"{""normal"": 0, ""unsafe"": 0, ""danger"": 36}","{""normal"": 0.0, ""unsafe"": 0.0, ""danger"": 1.0}",0,danger,danger,danger,True,False,labeling_yolo_sequence_coverage,sampled_danger_then_danger_ratio_sampled_unsafe_then_unsafe_ratio_else_normal,"{""danger_threshold"": 0.3, ""unsafe_threshold"": 0.3, ""missing_txt_policy"": ""normal_if_absent""}",/home/capstone2/zroact-stage2/benchmark2/data/viz_shufflenet_test/test_frame_30fps/climb-over-fence_smart_rgb/images/intrusion_climb-over-fence_rgb_0005_cctv2/intrusion_climb-over-fence_rgb_0005_cctv2_t000346.jpg,/home/capstone2/zroact-stage2/benchmark2/data/viz_shufflenet_test/test_frame_30fps/climb-over-fence_smart_rgb/images/intrusion_climb-over-fence_rgb_0005_cctv2/intrusion_climb-over-fence_rgb_0005_cctv2_t000356.jpg,/home/capstone2/zroact-stage2/benchmark2/data/viz_shufflenet_test/test_frame_30fps/climb-over-fence_smart_rgb/images/intrusion_climb-over-fence_rgb_0005_cctv2/intrusion_climb-over-fence_rgb_0005_cctv2_t000366.jpg
intrusion_climb-over-fence_rgb_0005_cctv2_f000376_000386_000396,climb-over-fence_smart_rgb,intrusion_climb-over-fence_rgb_0005_cctv2,intrusion_candidate,"[376, 386, 396]","[12.533, 12.867, 13.2]","{""start_frame"": 361, ""end_frame"": 396}","[""stand, walk"", ""stand, walk"", ""stand, bend/bow (at the waist)""]","[""danger"", ""danger"", ""danger""]",danger,36,"{""normal"": 0, ""unsafe"": 0, ""danger"": 36}","{""normal"": 0.0, ""unsafe"": 0.0, ""danger"": 1.0}",0,danger,danger,danger,True,False,labeling_yolo_sequence_coverage,sampled_danger_then_danger_ratio_sampled_unsafe_then_unsafe_ratio_else_normal,"{""danger_threshold"": 0.3, ""unsafe_threshold"": 0.3, ""missing_txt_policy"": ""normal_if_absent""}",/home/capstone2/zroact-stage2/benchmark2/data/viz_shufflenet_test/test_frame_30fps/climb-over-fence_smart_rgb/images/intrusion_climb-over-fence_rgb_0005_cctv2/intrusion_climb-over-fence_rgb_0005_cctv2_t000376.jpg,/home/capstone2/zroact-stage2/benchmark2/data/viz_shufflenet_test/test_frame_30fps/climb-over-fence_smart_rgb/images/intrusion_climb-over-fence_rgb_0005_cctv2/intrusion_climb-over-fence_rgb_0005_cctv2_t000386.jpg,/home/capstone2/zroact-stage2/benchmark2/data/viz_shufflenet_test/test_frame_30fps/climb-over-fence_smart_rgb/images/intrusion_climb-over-fence_rgb_0005_cctv2/intrusion_climb-over-fence_rgb_0005_cctv2_t000396.jpg
intrusion_climb-over-fence_rgb_0005_cctv2_f000406_000416_000426,climb-over-fence_smart_rgb,intrusion_climb-over-fence_rgb_0005_cctv2,intrusion_candidate,"[406, 416, 426]","[13.533, 13.867, 14.2]","{""start_frame"": 391, ""end_frame"": 426}","[""bend/bow (at the waist), stand"", ""bend/bow (at the waist), stand"", ""bend/bow (at the waist), carry/hold (an object)""]","[""danger"", ""danger"", ""danger""]",danger,36,"{""normal"": 0, ""unsafe"": 0, ""danger"": 36}","{""normal"": 0.0, ""unsafe"": 0.0, ""danger"": 1.0}",0,danger,danger,danger,True,False,labeling_yolo_sequence_coverage,sampled_danger_then_danger_ratio_sampled_unsafe_then_unsafe_ratio_else_normal,"{""danger_threshold"": 0.3, ""unsafe_threshold"": 0.3, ""missing_txt_policy"": ""normal_if_absent""}",/home/capstone2/zroact-stage2/benchmark2/data/viz_shufflenet_test/test_frame_30fps/climb-over-fence_smart_rgb/images/intrusion_climb-over-fence_rgb_0005_cctv2/intrusion_climb-over-fence_rgb_0005_cctv2_t000406.jpg,/home/capstone2/zroact-stage2/benchmark2/data/viz_shufflenet_test/test_frame_30fps/climb-over-fence_smart_rgb/images/intrusion_climb-over-fence_rgb_0005_cctv2/intrusion_climb-over-fence_rgb_0005_cctv2_t000416.jpg,/home/capstone2/zroact-stage2/benchmark2/data/viz_shufflenet_test/test_frame_30fps/climb-over-fence_smart_rgb/images/intrusion_climb-over-fence_rgb_0005_cctv2/intrusion_climb-over-fence_rgb_0005_cctv2_t000426.jpg
intrusion_climb-over-fence_rgb_0005_cctv2_f000436_000446_000456,climb-over-fence_smart_rgb,intrusion_climb-over-fence_rgb_0005_cctv2,intrusion_candidate,"[436, 446, 456]","[14.533, 14.867, 15.2]","{""start_frame"": 421, ""end_frame"": 456}","[""bend/bow (at the waist), stand"", ""bend/bow (at the waist), stand"", ""stand""]","[""danger"", ""danger"", ""danger""]",danger,36,"{""normal"": 0, ""unsafe"": 0, ""danger"": 36}","{""normal"": 0.0, ""unsafe"": 0.0, ""danger"": 1.0}",0,danger,danger,danger,True,False,labeling_yolo_sequence_coverage,sampled_danger_then_danger_ratio_sampled_unsafe_then_unsafe_ratio_else_normal,"{""danger_threshold"": 0.3, ""unsafe_threshold"": 0.3, ""missing_txt_policy"": ""normal_if_absent""}",/home/capstone2/zroact-stage2/benchmark2/data/viz_shufflenet_test/test_frame_30fps/climb-over-fence_smart_rgb/images/intrusion_climb-over-fence_rgb_0005_cctv2/intrusion_climb-over-fence_rgb_0005_cctv2_t000436.jpg,/home/capstone2/zroact-stage2/benchmark2/data/viz_shufflenet_test/test_frame_30fps/climb-over-fence_smart_rgb/images/intrusion_climb-over-fence_rgb_0005_cctv2/intrusion_climb-over-fence_rgb_0005_cctv2_t000446.jpg,/home/capstone2/zroact-stage2/benchmark2/data/viz_shufflenet_test/test_frame_30fps/climb-over-fence_smart_rgb/images/intrusion_climb-over-fence_rgb_0005_cctv2/intrusion_climb-over-fence_rgb_0005_cctv2_t000456.jpg
intrusion_climb-over-fence_rgb_0005_cctv2_f000466_000476_000486,climb-over-fence_smart_rgb,intrusion_climb-over-fence_rgb_0005_cctv2,intrusion_candidate,"[466, 476, 486]","[15.533, 15.867, 16.2]","{""start_frame"": 451, ""end_frame"": 486}","[""stand, bend/bow (at the waist)"", ""stand"", ""stand""]","[""danger"", ""danger"", ""danger""]",danger,36,"{""normal"": 0, ""unsafe"": 0, ""danger"": 36}","{""normal"": 0.0, ""unsafe"": 0.0, ""danger"": 1.0}",0,danger,danger,danger,True,False,labeling_yolo_sequence_coverage,sampled_danger_then_danger_ratio_sampled_unsafe_then_unsafe_ratio_else_normal,"{""danger_threshold"": 0.3, ""unsafe_threshold"": 0.3, ""missing_txt_policy"": ""normal_if_absent""}",/home/capstone2/zroact-stage2/benchmark2/data/viz_shufflenet_test/test_frame_30fps/climb-over-fence_smart_rgb/images/intrusion_climb-over-fence_rgb_0005_cctv2/intrusion_climb-over-fence_rgb_0005_cctv2_t000466.jpg,/home/capstone2/zroact-stage2/benchmark2/data/viz_shufflenet_test/test_frame_30fps/climb-over-fence_smart_rgb/images/intrusion_climb-over-fence_rgb_0005_cctv2/intrusion_climb-over-fence_rgb_0005_cctv2_t000476.jpg,/home/capstone2/zroact-stage2/benchmark2/data/viz_shufflenet_test/test_frame_30fps/climb-over-fence_smart_rgb/images/intrusion_climb-over-fence_rgb_0005_cctv2/intrusion_climb-over-fence_rgb_0005_cctv2_t000486.jpg
intrusion_climb-over-fence_rgb_0053_cctv1_f000016_000026_000036,climb-over-fence_smart_rgb,intrusion_climb-over-fence_rgb_0053_cctv1,intrusion_candidate,"[16, 26, 36]","[0.533, 0.867, 1.2]","{""start_frame"": 1, ""end_frame"": 36}","[""walk, carry/hold (an object)"", ""walk, run/jog"", ""walk, carry/hold (an object)""]","[""normal"", ""normal"", ""unsafe""]",unsafe,36,"{""normal"": 33, ""unsafe"": 3, ""danger"": 0}","{""normal"": 0.9167, ""unsafe"": 0.0833, ""danger"": 0.0}",0,normal,unsafe,unsafe,True,False,labeling_yolo_sequence_coverage,sampled_danger_then_danger_ratio_sampled_unsafe_then_unsafe_ratio_else_normal,"{""danger_threshold"": 0.3, ""unsafe_threshold"": 0.3, ""missing_txt_policy"": ""normal_if_absent""}",/home/capstone2/zroact-stage2/benchmark2/data/viz_shufflenet_test/test_frame_30fps/climb-over-fence_smart_rgb/images/intrusion_climb-over-fence_rgb_0053_cctv1/intrusion_climb-over-fence_rgb_0053_cctv1_t000016.jpg,/home/capstone2/zroact-stage2/benchmark2/data/viz_shufflenet_test/test_frame_30fps/climb-over-fence_smart_rgb/images/intrusion_climb-over-fence_rgb_0053_cctv1/intrusion_climb-over-fence_rgb_0053_cctv1_t000026.jpg,/home/capstone2/zroact-stage2/benchmark2/data/viz_shufflenet_test/test_frame_30fps/climb-over-fence_smart_rgb/images/intrusion_climb-over-fence_rgb_0053_cctv1/intrusion_climb-over-fence_rgb_0053_cctv1_t000036.jpg
intrusion_climb-over-fence_rgb_0053_cctv1_f000046_000056_000066,climb-over-fence_smart_rgb,intrusion_climb-over-fence_rgb_0053_cctv1,intrusion_candidate,"[46, 56, 66]","[1.533, 1.867, 2.2]","{""start_frame"": 31, ""end_frame"": 66}","[""walk, carry/hold (an object)"", ""walk, carry/hold (an object)"", ""walk, carry/hold (an object)""]","[""unsafe"", ""unsafe"", ""unsafe""]",unsafe,36,"{""normal"": 3, ""unsafe"": 33, ""danger"": 0}","{""normal"": 0.0833, ""unsafe"": 0.9167, ""danger"": 0.0}",0,unsafe,unsafe,unsafe,True,False,labeling_yolo_sequence_coverage,sampled_danger_then_danger_ratio_sampled_unsafe_then_unsafe_ratio_else_normal,"{""danger_threshold"": 0.3, ""unsafe_threshold"": 0.3, ""missing_txt_policy"": ""normal_if_absent""}",/home/capstone2/zroact-stage2/benchmark2/data/viz_shufflenet_test/test_frame_30fps/climb-over-fence_smart_rgb/images/intrusion_climb-over-fence_rgb_0053_cctv1/intrusion_climb-over-fence_rgb_0053_cctv1_t000046.jpg,/home/capstone2/zroact-stage2/benchmark2/data/viz_shufflenet_test/test_frame_30fps/climb-over-fence_smart_rgb/images/intrusion_climb-over-fence_rgb_0053_cctv1/intrusion_climb-over-fence_rgb_0053_cctv1_t000056.jpg,/home/capstone2/zroact-stage2/benchmark2/data/viz_shufflenet_test/test_frame_30fps/climb-over-fence_smart_rgb/images/intrusion_climb-over-fence_rgb_0053_cctv1/intrusion_climb-over-fence_rgb_0053_cctv1_t000066.jpg
intrusion_climb-over-fence_rgb_0053_cctv1_f000076_000086_000096,climb-over-fence_smart_rgb,intrusion_climb-over-fence_rgb_0053_cctv1,intrusion_candidate,"[76, 86, 96]","[2.533, 2.867, 3.2]","{""start_frame"": 61, ""end_frame"": 96}","[""stand, walk"", ""stand, walk"", ""walk, carry/hold (an object)""]","[""unsafe"", ""unsafe"", ""danger""]",danger,36,"{""normal"": 0, ""unsafe"": 32, ""danger"": 4}","{""normal"": 0.0, ""unsafe"": 0.8889, ""danger"": 0.1111}",0,unsafe,danger,danger,True,False,labeling_yolo_sequence_coverage,sampled_danger_then_danger_ratio_sampled_unsafe_then_unsafe_ratio_else_normal,"{""danger_threshold"": 0.3, ""unsafe_threshold"": 0.3, ""missing_txt_policy"": ""normal_if_absent""}",/home/capstone2/zroact-stage2/benchmark2/data/viz_shufflenet_test/test_frame_30fps/climb-over-fence_smart_rgb/images/intrusion_climb-over-fence_rgb_0053_cctv1/intrusion_climb-over-fence_rgb_0053_cctv1_t000076.jpg,/home/capstone2/zroact-stage2/benchmark2/data/viz_shufflenet_test/test_frame_30fps/climb-over-fence_smart_rgb/images/intrusion_climb-over-fence_rgb_0053_cctv1/intrusion_climb-over-fence_rgb_0053_cctv1_t000086.jpg,/home/capstone2/zroact-stage2/benchmark2/data/viz_shufflenet_test/test_frame_30fps/climb-over-fence_smart_rgb/images/intrusion_climb-over-fence_rgb_0053_cctv1/intrusion_climb-over-fence_rgb_0053_cctv1_t000096.jpg
intrusion_climb-over-fence_rgb_0053_cctv1_f000106_000116_000126,climb-over-fence_smart_rgb,intrusion_climb-over-fence_rgb_0053_cctv1,intrusion_candidate,"[106, 116, 126]","[3.533, 3.867, 4.2]","{""start_frame"": 91, ""end_frame"": 126}","[""walk, carry/hold (an object)"", ""stand, carry/hold (an object)"", ""walk, stand""]","[""danger"", ""danger"", ""danger""]",danger,36,"{""normal"": 0, ""unsafe"": 2, ""danger"": 34}","{""normal"": 0.0, ""unsafe"": 0.0556, ""danger"": 0.9444}",0,danger,danger,danger,True,False,labeling_yolo_sequence_coverage,sampled_danger_then_danger_ratio_sampled_unsafe_then_unsafe_ratio_else_normal,"{""danger_threshold"": 0.3, ""unsafe_threshold"": 0.3, ""missing_txt_policy"": ""normal_if_absent""}",/home/capstone2/zroact-stage2/benchmark2/data/viz_shufflenet_test/test_frame_30fps/climb-over-fence_smart_rgb/images/intrusion_climb-over-fence_rgb_0053_cctv1/intrusion_climb-over-fence_rgb_0053_cctv1_t000106.jpg,/home/capstone2/zroact-stage2/benchmark2/data/viz_shufflenet_test/test_frame_30fps/climb-over-fence_smart_rgb/images/intrusion_climb-over-fence_rgb_0053_cctv1/intrusion_climb-over-fence_rgb_0053_cctv1_t000116.jpg,/home/capstone2/zroact-stage2/benchmark2/data/viz_shufflenet_test/test_frame_30fps/climb-over-fence_smart_rgb/images/intrusion_climb-over-fence_rgb_0053_cctv1/intrusion_climb-over-fence_rgb_0053_cctv1_t000126.jpg
intrusion_climb-over-fence_rgb_0053_cctv1_f000136_000146_000156,climb-over-fence_smart_rgb,intrusion_climb-over-fence_rgb_0053_cctv1,intrusion_candidate,"[136, 146, 156]","[4.533, 4.867, 5.2]","{""start_frame"": 121, ""end_frame"": 156}","[""stand, carry/hold (an object)"", ""stand, carry/hold (an object)"", ""bend/bow (at the waist), carry/hold (an object)""]","[""danger"", ""danger"", ""danger""]",danger,36,"{""normal"": 0, ""unsafe"": 0, ""danger"": 36}","{""normal"": 0.0, ""unsafe"": 0.0, ""danger"": 1.0}",0,danger,danger,danger,True,False,labeling_yolo_sequence_coverage,sampled_danger_then_danger_ratio_sampled_unsafe_then_unsafe_ratio_else_normal,"{""danger_threshold"": 0.3, ""unsafe_threshold"": 0.3, ""missing_txt_policy"": ""normal_if_absent""}",/home/capstone2/zroact-stage2/benchmark2/data/viz_shufflenet_test/test_frame_30fps/climb-over-fence_smart_rgb/images/intrusion_climb-over-fence_rgb_0053_cctv1/intrusion_climb-over-fence_rgb_0053_cctv1_t000136.jpg,/home/capstone2/zroact-stage2/benchmark2/data/viz_shufflenet_test/test_frame_30fps/climb-over-fence_smart_rgb/images/intrusion_climb-over-fence_rgb_0053_cctv1/intrusion_climb-over-fence_rgb_0053_cctv1_t000146.jpg,/home/capstone2/zroact-stage2/benchmark2/data/viz_shufflenet_test/test_frame_30fps/climb-over-fence_smart_rgb/images/intrusion_climb-over-fence_rgb_0053_cctv1/intrusion_climb-over-fence_rgb_0053_cctv1_t000156.jpg
intrusion_climb-over-fence_rgb_0053_cctv1_f000166_000176_000186,climb-over-fence_smart_rgb,intrusion_climb-over-fence_rgb_0053_cctv1,intrusion_candidate,"[166, 176, 186]","[5.533, 5.867, 6.2]","{""start_frame"": 151, ""end_frame"": 186}","[""bend/bow (at the waist), carry/hold (an object)"", ""stand, carry/hold (an object)"", ""stand, carry/hold (an object)""]","[""danger"", ""danger"", ""danger""]",danger,36,"{""normal"": 0, ""unsafe"": 0, ""danger"": 36}","{""normal"": 0.0, ""unsafe"": 0.0, ""danger"": 1.0}",0,danger,danger,danger,True,False,labeling_yolo_sequence_coverage,sampled_danger_then_danger_ratio_sampled_unsafe_then_unsafe_ratio_else_normal,"{""danger_threshold"": 0.3, ""unsafe_threshold"": 0.3, ""missing_txt_policy"": ""normal_if_absent""}",/home/capstone2/zroact-stage2/benchmark2/data/viz_shufflenet_test/test_frame_30fps/climb-over-fence_smart_rgb/images/intrusion_climb-over-fence_rgb_0053_cctv1/intrusion_climb-over-fence_rgb_0053_cctv1_t000166.jpg,/home/capstone2/zroact-stage2/benchmark2/data/viz_shufflenet_test/test_frame_30fps/climb-over-fence_smart_rgb/images/intrusion_climb-over-fence_rgb_0053_cctv1/intrusion_climb-over-fence_rgb_0053_cctv1_t000176.jpg,/home/capstone2/zroact-stage2/benchmark2/data/viz_shufflenet_test/test_frame_30fps/climb-over-fence_smart_rgb/images/intrusion_climb-over-fence_rgb_0053_cctv1/intrusion_climb-over-fence_rgb_0053_cctv1_t000186.jpg
intrusion_climb-over-fence_rgb_0053_cctv1_f000196_000206_000216,climb-over-fence_smart_rgb,intrusion_climb-over-fence_rgb_0053_cctv1,intrusion_candidate,"[196, 206, 216]","[6.533, 6.867, 7.2]","{""start_frame"": 181, ""end_frame"": 216}","[""stand, carry/hold (an object)"", ""stand, carry/hold (an object)"", ""stand, carry/hold (an object)""]","[""danger"", ""danger"", ""danger""]",danger,36,"{""normal"": 0, ""unsafe"": 0, ""danger"": 36}","{""normal"": 0.0, ""unsafe"": 0.0, ""danger"": 1.0}",0,danger,danger,danger,True,False,labeling_yolo_sequence_coverage,sampled_danger_then_danger_ratio_sampled_unsafe_then_unsafe_ratio_else_normal,"{""danger_threshold"": 0.3, ""unsafe_threshold"": 0.3, ""missing_txt_policy"": ""normal_if_absent""}",/home/capstone2/zroact-stage2/benchmark2/data/viz_shufflenet_test/test_frame_30fps/climb-over-fence_smart_rgb/images/intrusion_climb-over-fence_rgb_0053_cctv1/intrusion_climb-over-fence_rgb_0053_cctv1_t000196.jpg,/home/capstone2/zroact-stage2/benchmark2/data/viz_shufflenet_test/test_frame_30fps/climb-over-fence_smart_rgb/images/intrusion_climb-over-fence_rgb_0053_cctv1/intrusion_climb-over-fence_rgb_0053_cctv1_t000206.jpg,/home/capstone2/zroact-stage2/benchmark2/data/viz_shufflenet_test/test_frame_30fps/climb-over-fence_smart_rgb/images/intrusion_climb-over-fence_rgb_0053_cctv1/intrusion_climb-over-fence_rgb_0053_cctv1_t000216.jpg
intrusion_climb-over-fence_rgb_0053_cctv1_f000226_000236_000246,climb-over-fence_smart_rgb,intrusion_climb-over-fence_rgb_0053_cctv1,intrusion_candidate,"[226, 236, 246]","[7.533, 7.867, 8.2]","{""start_frame"": 211, ""end_frame"": 246}","[""stand, carry/hold (an object)"", ""stand, carry/hold (an object)"", ""stand, answer phone""]","[""danger"", ""danger"", ""danger""]",danger,36,"{""normal"": 0, ""unsafe"": 0, ""danger"": 36}","{""normal"": 0.0, ""unsafe"": 0.0, ""danger"": 1.0}",0,danger,danger,danger,True,False,labeling_yolo_sequence_coverage,sampled_danger_then_danger_ratio_sampled_unsafe_then_unsafe_ratio_else_normal,"{""danger_threshold"": 0.3, ""unsafe_threshold"": 0.3, ""missing_txt_policy"": ""normal_if_absent""}",/home/capstone2/zroact-stage2/benchmark2/data/viz_shufflenet_test/test_frame_30fps/climb-over-fence_smart_rgb/images/intrusion_climb-over-fence_rgb_0053_cctv1/intrusion_climb-over-fence_rgb_0053_cctv1_t000226.jpg,/home/capstone2/zroact-stage2/benchmark2/data/viz_shufflenet_test/test_frame_30fps/climb-over-fence_smart_rgb/images/intrusion_climb-over-fence_rgb_0053_cctv1/intrusion_climb-over-fence_rgb_0053_cctv1_t000236.jpg,/home/capstone2/zroact-stage2/benchmark2/data/viz_shufflenet_test/test_frame_30fps/climb-over-fence_smart_rgb/images/intrusion_climb-over-fence_rgb_0053_cctv1/intrusion_climb-over-fence_rgb_0053_cctv1_t000246.jpg
intrusion_climb-over-fence_rgb_0053_cctv1_f000256_000266_000276,climb-over-fence_smart_rgb,intrusion_climb-over-fence_rgb_0053_cctv1,intrusion_candidate,"[256, 266, 276]","[8.533, 8.867, 9.2]","{""start_frame"": 241, ""end_frame"": 276}","[""stand, answer phone"", ""stand, answer phone"", ""stand, carry/hold (an object)""]","[""danger"", ""danger"", ""danger""]",danger,36,"{""normal"": 0, ""unsafe"": 0, ""danger"": 36}","{""normal"": 0.0, ""unsafe"": 0.0, ""danger"": 1.0}",0,danger,danger,danger,True,False,labeling_yolo_sequence_coverage,sampled_danger_then_danger_ratio_sampled_unsafe_then_unsafe_ratio_else_normal,"{""danger_threshold"": 0.3, ""unsafe_threshold"": 0.3, ""missing_txt_policy"": ""normal_if_absent""}",/home/capstone2/zroact-stage2/benchmark2/data/viz_shufflenet_test/test_frame_30fps/climb-over-fence_smart_rgb/images/intrusion_climb-over-fence_rgb_0053_cctv1/intrusion_climb-over-fence_rgb_0053_cctv1_t000256.jpg,/home/capstone2/zroact-stage2/benchmark2/data/viz_shufflenet_test/test_frame_30fps/climb-over-fence_smart_rgb/images/intrusion_climb-over-fence_rgb_0053_cctv1/intrusion_climb-over-fence_rgb_0053_cctv1_t000266.jpg,/home/capstone2/zroact-stage2/benchmark2/data/viz_shufflenet_test/test_frame_30fps/climb-over-fence_smart_rgb/images/intrusion_climb-over-fence_rgb_0053_cctv1/intrusion_climb-over-fence_rgb_0053_cctv1_t000276.jpg
intrusion_climb-over-fence_rgb_0053_cctv1_f000286_000296_000306,climb-over-fence_smart_rgb,intrusion_climb-over-fence_rgb_0053_cctv1,intrusion_candidate,"[286, 296, 306]","[9.533, 9.867, 10.2]","{""start_frame"": 271, ""end_frame"": 306}","[""stand, carry/hold (an object)"", ""stand, carry/hold (an object)"", ""stand, carry/hold (an object)""]","[""danger"", ""danger"", ""danger""]",danger,36,"{""normal"": 0, ""unsafe"": 0, ""danger"": 36}","{""normal"": 0.0, ""unsafe"": 0.0, ""danger"": 1.0}",0,danger,danger,danger,True,False,labeling_yolo_sequence_coverage,sampled_danger_then_danger_ratio_sampled_unsafe_then_unsafe_ratio_else_normal,"{""danger_threshold"": 0.3, ""unsafe_threshold"": 0.3, ""missing_txt_policy"": ""normal_if_absent""}",/home/capstone2/zroact-stage2/benchmark2/data/viz_shufflenet_test/test_frame_30fps/climb-over-fence_smart_rgb/images/intrusion_climb-over-fence_rgb_0053_cctv1/intrusion_climb-over-fence_rgb_0053_cctv1_t000286.jpg,/home/capstone2/zroact-stage2/benchmark2/data/viz_shufflenet_test/test_frame_30fps/climb-over-fence_smart_rgb/images/intrusion_climb-over-fence_rgb_0053_cctv1/intrusion_climb-over-fence_rgb_0053_cctv1_t000296.jpg,/home/capstone2/zroact-stage2/benchmark2/data/viz_shufflenet_test/test_frame_30fps/climb-over-fence_smart_rgb/images/intrusion_climb-over-fence_rgb_0053_cctv1/intrusion_climb-over-fence_rgb_0053_cctv1_t000306.jpg
intrusion_climb-over-fence_rgb_0053_cctv1_f000316_000326_000336,climb-over-fence_smart_rgb,intrusion_climb-over-fence_rgb_0053_cctv1,intrusion_candidate,"[316, 326, 336]","[10.533, 10.867, 11.2]","{""start_frame"": 301, ""end_frame"": 336}","[""stand, carry/hold (an object)"", ""stand, bend/bow (at the waist)"", ""stand, carry/hold (an object)""]","[""danger"", ""danger"", ""danger""]",danger,36,"{""normal"": 0, ""unsafe"": 0, ""danger"": 36}","{""normal"": 0.0, ""unsafe"": 0.0, ""danger"": 1.0}",0,danger,danger,danger,True,False,labeling_yolo_sequence_coverage,sampled_danger_then_danger_ratio_sampled_unsafe_then_unsafe_ratio_else_normal,"{""danger_threshold"": 0.3, ""unsafe_threshold"": 0.3, ""missing_txt_policy"": ""normal_if_absent""}",/home/capstone2/zroact-stage2/benchmark2/data/viz_shufflenet_test/test_frame_30fps/climb-over-fence_smart_rgb/images/intrusion_climb-over-fence_rgb_0053_cctv1/intrusion_climb-over-fence_rgb_0053_cctv1_t000316.jpg,/home/capstone2/zroact-stage2/benchmark2/data/viz_shufflenet_test/test_frame_30fps/climb-over-fence_smart_rgb/images/intrusion_climb-over-fence_rgb_0053_cctv1/intrusion_climb-over-fence_rgb_0053_cctv1_t000326.jpg,/home/capstone2/zroact-stage2/benchmark2/data/viz_shufflenet_test/test_frame_30fps/climb-over-fence_smart_rgb/images/intrusion_climb-over-fence_rgb_0053_cctv1/intrusion_climb-over-fence_rgb_0053_cctv1_t000336.jpg
intrusion_climb-over-fence_rgb_0053_cctv1_f000346_000356_000366,climb-over-fence_smart_rgb,intrusion_climb-over-fence_rgb_0053_cctv1,intrusion_candidate,"[346, 356, 366]","[11.533, 11.867, 12.2]","{""start_frame"": 331, ""end_frame"": 366}","[""stand, carry/hold (an object)"", ""stand, carry/hold (an object)"", ""stand, bend/bow (at the waist)""]","[""danger"", ""danger"", ""danger""]",danger,36,"{""normal"": 0, ""unsafe"": 0, ""danger"": 36}","{""normal"": 0.0, ""unsafe"": 0.0, ""danger"": 1.0}",0,danger,danger,danger,True,False,labeling_yolo_sequence_coverage,sampled_danger_then_danger_ratio_sampled_unsafe_then_unsafe_ratio_else_normal,"{""danger_threshold"": 0.3, ""unsafe_threshold"": 0.3, ""missing_txt_policy"": ""normal_if_absent""}",/home/capstone2/zroact-stage2/benchmark2/data/viz_shufflenet_test/test_frame_30fps/climb-over-fence_smart_rgb/images/intrusion_climb-over-fence_rgb_0053_cctv1/intrusion_climb-over-fence_rgb_0053_cctv1_t000346.jpg,/home/capstone2/zroact-stage2/benchmark2/data/viz_shufflenet_test/test_frame_30fps/climb-over-fence_smart_rgb/images/intrusion_climb-over-fence_rgb_0053_cctv1/intrusion_climb-over-fence_rgb_0053_cctv1_t000356.jpg,/home/capstone2/zroact-stage2/benchmark2/data/viz_shufflenet_test/test_frame_30fps/climb-over-fence_smart_rgb/images/intrusion_climb-over-fence_rgb_0053_cctv1/intrusion_climb-over-fence_rgb_0053_cctv1_t000366.jpg
intrusion_climb-over-fence_rgb_0053_cctv1_f000376_000386_000396,climb-over-fence_smart_rgb,intrusion_climb-over-fence_rgb_0053_cctv1,intrusion_candidate,"[376, 386, 396]","[12.533, 12.867, 13.2]","{""start_frame"": 361, ""end_frame"": 396}","[""stand, bend/bow (at the waist)"", ""stand, bend/bow (at the waist)"", ""bend/bow (at the waist), stand""]","[""danger"", ""danger"", ""danger""]",danger,36,"{""normal"": 0, ""unsafe"": 0, ""danger"": 36}","{""normal"": 0.0, ""unsafe"": 0.0, ""danger"": 1.0}",0,danger,danger,danger,True,False,labeling_yolo_sequence_coverage,sampled_danger_then_danger_ratio_sampled_unsafe_then_unsafe_ratio_else_normal,"{""danger_threshold"": 0.3, ""unsafe_threshold"": 0.3, ""missing_txt_policy"": ""normal_if_absent""}",/home/capstone2/zroact-stage2/benchmark2/data/viz_shufflenet_test/test_frame_30fps/climb-over-fence_smart_rgb/images/intrusion_climb-over-fence_rgb_0053_cctv1/intrusion_climb-over-fence_rgb_0053_cctv1_t000376.jpg,/home/capstone2/zroact-stage2/benchmark2/data/viz_shufflenet_test/test_frame_30fps/climb-over-fence_smart_rgb/images/intrusion_climb-over-fence_rgb_0053_cctv1/intrusion_climb-over-fence_rgb_0053_cctv1_t000386.jpg,/home/capstone2/zroact-stage2/benchmark2/data/viz_shufflenet_test/test_frame_30fps/climb-over-fence_smart_rgb/images/intrusion_climb-over-fence_rgb_0053_cctv1/intrusion_climb-over-fence_rgb_0053_cctv1_t000396.jpg
intrusion_climb-over-fence_rgb_0053_cctv1_f000406_000416_000426,climb-over-fence_smart_rgb,intrusion_climb-over-fence_rgb_0053_cctv1,intrusion_candidate,"[406, 416, 426]","[13.533, 13.867, 14.2]","{""start_frame"": 391, ""end_frame"": 426}","[""bend/bow (at the waist), stand"", ""bend/bow (at the waist), stand"", ""bend/bow (at the waist), stand""]","[""danger"", ""danger"", ""danger""]",danger,36,"{""normal"": 0, ""unsafe"": 0, ""danger"": 36}","{""normal"": 0.0, ""unsafe"": 0.0, ""danger"": 1.0}",0,danger,danger,danger,True,False,labeling_yolo_sequence_coverage,sampled_danger_then_danger_ratio_sampled_unsafe_then_unsafe_ratio_else_normal,"{""danger_threshold"": 0.3, ""unsafe_threshold"": 0.3, ""missing_txt_policy"": ""normal_if_absent""}",/home/capstone2/zroact-stage2/benchmark2/data/viz_shufflenet_test/test_frame_30fps/climb-over-fence_smart_rgb/images/intrusion_climb-over-fence_rgb_0053_cctv1/intrusion_climb-over-fence_rgb_0053_cctv1_t000406.jpg,/home/capstone2/zroact-stage2/benchmark2/data/viz_shufflenet_test/test_frame_30fps/climb-over-fence_smart_rgb/images/intrusion_climb-over-fence_rgb_0053_cctv1/intrusion_climb-over-fence_rgb_0053_cctv1_t000416.jpg,/home/capstone2/zroact-stage2/benchmark2/data/viz_shufflenet_test/test_frame_30fps/climb-over-fence_smart_rgb/images/intrusion_climb-over-fence_rgb_0053_cctv1/intrusion_climb-over-fence_rgb_0053_cctv1_t000426.jpg
intrusion_climb-over-fence_rgb_0078_cctv3_f000016_000026_000036,climb-over-fence_smart_rgb,intrusion_climb-over-fence_rgb_0078_cctv3,intrusion_candidate,"[16, 26, 36]","[0.533, 0.867, 1.2]","{""start_frame"": 1, ""end_frame"": 36}","[""walk, carry/hold (an object)"", ""walk, carry/hold (an object)"", ""walk, carry/hold (an object)""]","[""unsafe"", ""unsafe"", ""unsafe""]",unsafe,36,"{""normal"": 0, ""unsafe"": 36, ""danger"": 0}","{""normal"": 0.0, ""unsafe"": 1.0, ""danger"": 0.0}",0,unsafe,unsafe,unsafe,True,False,labeling_yolo_sequence_coverage,sampled_danger_then_danger_ratio_sampled_unsafe_then_unsafe_ratio_else_normal,"{""danger_threshold"": 0.3, ""unsafe_threshold"": 0.3, ""missing_txt_policy"": ""normal_if_absent""}",/home/capstone2/zroact-stage2/benchmark2/data/viz_shufflenet_test/test_frame_30fps/climb-over-fence_smart_rgb/images/intrusion_climb-over-fence_rgb_0078_cctv3/intrusion_climb-over-fence_rgb_0078_cctv3_t000016.jpg,/home/capstone2/zroact-stage2/benchmark2/data/viz_shufflenet_test/test_frame_30fps/climb-over-fence_smart_rgb/images/intrusion_climb-over-fence_rgb_0078_cctv3/intrusion_climb-over-fence_rgb_0078_cctv3_t000026.jpg,/home/capstone2/zroact-stage2/benchmark2/data/viz_shufflenet_test/test_frame_30fps/climb-over-fence_smart_rgb/images/intrusion_climb-over-fence_rgb_0078_cctv3/intrusion_climb-over-fence_rgb_0078_cctv3_t000036.jpg
intrusion_climb-over-fence_rgb_0078_cctv3_f000046_000056_000066,climb-over-fence_smart_rgb,intrusion_climb-over-fence_rgb_0078_cctv3,intrusion_candidate,"[46, 56, 66]","[1.533, 1.867, 2.2]","{""start_frame"": 31, ""end_frame"": 66}","[""walk, carry/hold (an object)"", ""walk, carry/hold (an object)"", ""walk, carry/hold (an object)""]","[""unsafe"", ""danger"", ""danger""]",danger,36,"{""normal"": 0, ""unsafe"": 16, ""danger"": 20}","{""normal"": 0.0, ""unsafe"": 0.4444, ""danger"": 0.5556}",0,danger,danger,danger,True,False,labeling_yolo_sequence_coverage,sampled_danger_then_danger_ratio_sampled_unsafe_then_unsafe_ratio_else_normal,"{""danger_threshold"": 0.3, ""unsafe_threshold"": 0.3, ""missing_txt_policy"": ""normal_if_absent""}",/home/capstone2/zroact-stage2/benchmark2/data/viz_shufflenet_test/test_frame_30fps/climb-over-fence_smart_rgb/images/intrusion_climb-over-fence_rgb_0078_cctv3/intrusion_climb-over-fence_rgb_0078_cctv3_t000046.jpg,/home/capstone2/zroact-stage2/benchmark2/data/viz_shufflenet_test/test_frame_30fps/climb-over-fence_smart_rgb/images/intrusion_climb-over-fence_rgb_0078_cctv3/intrusion_climb-over-fence_rgb_0078_cctv3_t000056.jpg,/home/capstone2/zroact-stage2/benchmark2/data/viz_shufflenet_test/test_frame_30fps/climb-over-fence_smart_rgb/images/intrusion_climb-over-fence_rgb_0078_cctv3/intrusion_climb-over-fence_rgb_0078_cctv3_t000066.jpg
intrusion_climb-over-fence_rgb_0078_cctv3_f000076_000086_000096,climb-over-fence_smart_rgb,intrusion_climb-over-fence_rgb_0078_cctv3,intrusion_candidate,"[76, 86, 96]","[2.533, 2.867, 3.2]","{""start_frame"": 61, ""end_frame"": 96}","[""walk, carry/hold (an object)"", ""carry/hold (an object), walk"", ""walk, carry/hold (an object)""]","[""danger"", ""danger"", ""danger""]",danger,36,"{""normal"": 0, ""unsafe"": 0, ""danger"": 36}","{""normal"": 0.0, ""unsafe"": 0.0, ""danger"": 1.0}",0,danger,danger,danger,True,False,labeling_yolo_sequence_coverage,sampled_danger_then_danger_ratio_sampled_unsafe_then_unsafe_ratio_else_normal,"{""danger_threshold"": 0.3, ""unsafe_threshold"": 0.3, ""missing_txt_policy"": ""normal_if_absent""}",/home/capstone2/zroact-stage2/benchmark2/data/viz_shufflenet_test/test_frame_30fps/climb-over-fence_smart_rgb/images/intrusion_climb-over-fence_rgb_0078_cctv3/intrusion_climb-over-fence_rgb_0078_cctv3_t000076.jpg,/home/capstone2/zroact-stage2/benchmark2/data/viz_shufflenet_test/test_frame_30fps/climb-over-fence_smart_rgb/images/intrusion_climb-over-fence_rgb_0078_cctv3/intrusion_climb-over-fence_rgb_0078_cctv3_t000086.jpg,/home/capstone2/zroact-stage2/benchmark2/data/viz_shufflenet_test/test_frame_30fps/climb-over-fence_smart_rgb/images/intrusion_climb-over-fence_rgb_0078_cctv3/intrusion_climb-over-fence_rgb_0078_cctv3_t000096.jpg
intrusion_climb-over-fence_rgb_0078_cctv3_f000106_000116_000126,climb-over-fence_smart_rgb,intrusion_climb-over-fence_rgb_0078_cctv3,intrusion_candidate,"[106, 116, 126]","[3.533, 3.867, 4.2]","{""start_frame"": 91, ""end_frame"": 126}","[""walk, carry/hold (an object)"", ""walk, stand"", ""stand, carry/hold (an object)""]","[""danger"", ""danger"", ""danger""]",danger,36,"{""normal"": 0, ""unsafe"": 0, ""danger"": 36}","{""normal"": 0.0, ""unsafe"": 0.0, ""danger"": 1.0}",0,danger,danger,danger,True,False,labeling_yolo_sequence_coverage,sampled_danger_then_danger_ratio_sampled_unsafe_then_unsafe_ratio_else_normal,"{""danger_threshold"": 0.3, ""unsafe_threshold"": 0.3, ""missing_txt_policy"": ""normal_if_absent""}",/home/capstone2/zroact-stage2/benchmark2/data/viz_shufflenet_test/test_frame_30fps/climb-over-fence_smart_rgb/images/intrusion_climb-over-fence_rgb_0078_cctv3/intrusion_climb-over-fence_rgb_0078_cctv3_t000106.jpg,/home/capstone2/zroact-stage2/benchmark2/data/viz_shufflenet_test/test_frame_30fps/climb-over-fence_smart_rgb/images/intrusion_climb-over-fence_rgb_0078_cctv3/intrusion_climb-over-fence_rgb_0078_cctv3_t000116.jpg,/home/capstone2/zroact-stage2/benchmark2/data/viz_shufflenet_test/test_frame_30fps/climb-over-fence_smart_rgb/images/intrusion_climb-over-fence_rgb_0078_cctv3/intrusion_climb-over-fence_rgb_0078_cctv3_t000126.jpg
intrusion_climb-over-fence_rgb_0078_cctv3_f000136_000146_000156,climb-over-fence_smart_rgb,intrusion_climb-over-fence_rgb_0078_cctv3,intrusion_candidate,"[136, 146, 156]","[4.533, 4.867, 5.2]","{""start_frame"": 121, ""end_frame"": 156}","[""walk, carry/hold (an object)"", ""walk, carry/hold (an object)"", ""walk, stand""]","[""danger"", ""danger"", ""danger""]",danger,36,"{""normal"": 0, ""unsafe"": 0, ""danger"": 36}","{""normal"": 0.0, ""unsafe"": 0.0, ""danger"": 1.0}",0,danger,danger,danger,True,False,labeling_yolo_sequence_coverage,sampled_danger_then_danger_ratio_sampled_unsafe_then_unsafe_ratio_else_normal,"{""danger_threshold"": 0.3, ""unsafe_threshold"": 0.3, ""missing_txt_policy"": ""normal_if_absent""}",/home/capstone2/zroact-stage2/benchmark2/data/viz_shufflenet_test/test_frame_30fps/climb-over-fence_smart_rgb/images/intrusion_climb-over-fence_rgb_0078_cctv3/intrusion_climb-over-fence_rgb_0078_cctv3_t000136.jpg,/home/capstone2/zroact-stage2/benchmark2/data/viz_shufflenet_test/test_frame_30fps/climb-over-fence_smart_rgb/images/intrusion_climb-over-fence_rgb_0078_cctv3/intrusion_climb-over-fence_rgb_0078_cctv3_t000146.jpg,/home/capstone2/zroact-stage2/benchmark2/data/viz_shufflenet_test/test_frame_30fps/climb-over-fence_smart_rgb/images/intrusion_climb-over-fence_rgb_0078_cctv3/intrusion_climb-over-fence_rgb_0078_cctv3_t000156.jpg
intrusion_climb-over-fence_rgb_0078_cctv3_f000166_000176_000186,climb-over-fence_smart_rgb,intrusion_climb-over-fence_rgb_0078_cctv3,intrusion_candidate,"[166, 176, 186]","[5.533, 5.867, 6.2]","{""start_frame"": 151, ""end_frame"": 186}","[""stand, carry/hold (an object)"", ""stand, carry/hold (an object)"", ""stand, carry/hold (an object)""]","[""danger"", ""danger"", ""danger""]",danger,36,"{""normal"": 0, ""unsafe"": 0, ""danger"": 36}","{""normal"": 0.0, ""unsafe"": 0.0, ""danger"": 1.0}",0,danger,danger,danger,True,False,labeling_yolo_sequence_coverage,sampled_danger_then_danger_ratio_sampled_unsafe_then_unsafe_ratio_else_normal,"{""danger_threshold"": 0.3, ""unsafe_threshold"": 0.3, ""missing_txt_policy"": ""normal_if_absent""}",/home/capstone2/zroact-stage2/benchmark2/data/viz_shufflenet_test/test_frame_30fps/climb-over-fence_smart_rgb/images/intrusion_climb-over-fence_rgb_0078_cctv3/intrusion_climb-over-fence_rgb_0078_cctv3_t000166.jpg,/home/capstone2/zroact-stage2/benchmark2/data/viz_shufflenet_test/test_frame_30fps/climb-over-fence_smart_rgb/images/intrusion_climb-over-fence_rgb_0078_cctv3/intrusion_climb-over-fence_rgb_0078_cctv3_t000176.jpg,/home/capstone2/zroact-stage2/benchmark2/data/viz_shufflenet_test/test_frame_30fps/climb-over-fence_smart_rgb/images/intrusion_climb-over-fence_rgb_0078_cctv3/intrusion_climb-over-fence_rgb_0078_cctv3_t000186.jpg
intrusion_climb-over-fence_rgb_0078_cctv3_f000196_000206_000216,climb-over-fence_smart_rgb,intrusion_climb-over-fence_rgb_0078_cctv3,intrusion_candidate,"[196, 206, 216]","[6.533, 6.867, 7.2]","{""start_frame"": 181, ""end_frame"": 216}","[""stand, answer phone"", ""walk, carry/hold (an object)"", ""walk, carry/hold (an object)""]","[""danger"", ""danger"", ""danger""]",danger,36,"{""normal"": 0, ""unsafe"": 0, ""danger"": 36}","{""normal"": 0.0, ""unsafe"": 0.0, ""danger"": 1.0}",0,danger,danger,danger,True,False,labeling_yolo_sequence_coverage,sampled_danger_then_danger_ratio_sampled_unsafe_then_unsafe_ratio_else_normal,"{""danger_threshold"": 0.3, ""unsafe_threshold"": 0.3, ""missing_txt_policy"": ""normal_if_absent""}",/home/capstone2/zroact-stage2/benchmark2/data/viz_shufflenet_test/test_frame_30fps/climb-over-fence_smart_rgb/images/intrusion_climb-over-fence_rgb_0078_cctv3/intrusion_climb-over-fence_rgb_0078_cctv3_t000196.jpg,/home/capstone2/zroact-stage2/benchmark2/data/viz_shufflenet_test/test_frame_30fps/climb-over-fence_smart_rgb/images/intrusion_climb-over-fence_rgb_0078_cctv3/intrusion_climb-over-fence_rgb_0078_cctv3_t000206.jpg,/home/capstone2/zroact-stage2/benchmark2/data/viz_shufflenet_test/test_frame_30fps/climb-over-fence_smart_rgb/images/intrusion_climb-over-fence_rgb_0078_cctv3/intrusion_climb-over-fence_rgb_0078_cctv3_t000216.jpg
intrusion_climb-over-fence_rgb_0078_cctv3_f000226_000236_000246,climb-over-fence_smart_rgb,intrusion_climb-over-fence_rgb_0078_cctv3,intrusion_candidate,"[226, 236, 246]","[7.533, 7.867, 8.2]","{""start_frame"": 211, ""end_frame"": 246}","[""stand, walk"", ""stand, carry/hold (an object)"", ""stand, answer phone""]","[""danger"", ""danger"", ""danger""]",danger,36,"{""normal"": 0, ""unsafe"": 0, ""danger"": 36}","{""normal"": 0.0, ""unsafe"": 0.0, ""danger"": 1.0}",0,danger,danger,danger,True,False,labeling_yolo_sequence_coverage,sampled_danger_then_danger_ratio_sampled_unsafe_then_unsafe_ratio_else_normal,"{""danger_threshold"": 0.3, ""unsafe_threshold"": 0.3, ""missing_txt_policy"": ""normal_if_absent""}",/home/capstone2/zroact-stage2/benchmark2/data/viz_shufflenet_test/test_frame_30fps/climb-over-fence_smart_rgb/images/intrusion_climb-over-fence_rgb_0078_cctv3/intrusion_climb-over-fence_rgb_0078_cctv3_t000226.jpg,/home/capstone2/zroact-stage2/benchmark2/data/viz_shufflenet_test/test_frame_30fps/climb-over-fence_smart_rgb/images/intrusion_climb-over-fence_rgb_0078_cctv3/intrusion_climb-over-fence_rgb_0078_cctv3_t000236.jpg,/home/capstone2/zroact-stage2/benchmark2/data/viz_shufflenet_test/test_frame_30fps/climb-over-fence_smart_rgb/images/intrusion_climb-over-fence_rgb_0078_cctv3/intrusion_climb-over-fence_rgb_0078_cctv3_t000246.jpg
intrusion_climb-over-fence_rgb_0078_cctv3_f000256_000266_000276,climb-over-fence_smart_rgb,intrusion_climb-over-fence_rgb_0078_cctv3,intrusion_candidate,"[256, 266, 276]","[8.533, 8.867, 9.2]","{""start_frame"": 241, ""end_frame"": 276}","[""stand, carry/hold (an object)"", ""stand, carry/hold (an object)"", ""bend/bow (at the waist), stand""]","[""danger"", ""danger"", ""danger""]",danger,36,"{""normal"": 0, ""unsafe"": 0, ""danger"": 36}","{""normal"": 0.0, ""unsafe"": 0.0, ""danger"": 1.0}",0,danger,danger,danger,True,False,labeling_yolo_sequence_coverage,sampled_danger_then_danger_ratio_sampled_unsafe_then_unsafe_ratio_else_normal,"{""danger_threshold"": 0.3, ""unsafe_threshold"": 0.3, ""missing_txt_policy"": ""normal_if_absent""}",/home/capstone2/zroact-stage2/benchmark2/data/viz_shufflenet_test/test_frame_30fps/climb-over-fence_smart_rgb/images/intrusion_climb-over-fence_rgb_0078_cctv3/intrusion_climb-over-fence_rgb_0078_cctv3_t000256.jpg,/home/capstone2/zroact-stage2/benchmark2/data/viz_shufflenet_test/test_frame_30fps/climb-over-fence_smart_rgb/images/intrusion_climb-over-fence_rgb_0078_cctv3/intrusion_climb-over-fence_rgb_0078_cctv3_t000266.jpg,/home/capstone2/zroact-stage2/benchmark2/data/viz_shufflenet_test/test_frame_30fps/climb-over-fence_smart_rgb/images/intrusion_climb-over-fence_rgb_0078_cctv3/intrusion_climb-over-fence_rgb_0078_cctv3_t000276.jpg
intrusion_climb-over-fence_rgb_0078_cctv3_f000286_000296_000306,climb-over-fence_smart_rgb,intrusion_climb-over-fence_rgb_0078_cctv3,intrusion_candidate,"[286, 296, 306]","[9.533, 9.867, 10.2]","{""start_frame"": 271, ""end_frame"": 306}","[""stand, carry/hold (an object)"", ""stand, carry/hold (an object)"", ""stand, carry/hold (an object)""]","[""danger"", ""danger"", ""danger""]",danger,36,"{""normal"": 0, ""unsafe"": 0, ""danger"": 36}","{""normal"": 0.0, ""unsafe"": 0.0, ""danger"": 1.0}",0,danger,danger,danger,True,False,labeling_yolo_sequence_coverage,sampled_danger_then_danger_ratio_sampled_unsafe_then_unsafe_ratio_else_normal,"{""danger_threshold"": 0.3, ""unsafe_threshold"": 0.3, ""missing_txt_policy"": ""normal_if_absent""}",/home/capstone2/zroact-stage2/benchmark2/data/viz_shufflenet_test/test_frame_30fps/climb-over-fence_smart_rgb/images/intrusion_climb-over-fence_rgb_0078_cctv3/intrusion_climb-over-fence_rgb_0078_cctv3_t000286.jpg,/home/capstone2/zroact-stage2/benchmark2/data/viz_shufflenet_test/test_frame_30fps/climb-over-fence_smart_rgb/images/intrusion_climb-over-fence_rgb_0078_cctv3/intrusion_climb-over-fence_rgb_0078_cctv3_t000296.jpg,/home/capstone2/zroact-stage2/benchmark2/data/viz_shufflenet_test/test_frame_30fps/climb-over-fence_smart_rgb/images/intrusion_climb-over-fence_rgb_0078_cctv3/intrusion_climb-over-fence_rgb_0078_cctv3_t000306.jpg
intrusion_climb-over-fence_rgb_0078_cctv3_f000316_000326_000336,climb-over-fence_smart_rgb,intrusion_climb-over-fence_rgb_0078_cctv3,intrusion_candidate,"[316, 326, 336]","[10.533, 10.867, 11.2]","{""start_frame"": 301, ""end_frame"": 336}","[""stand, carry/hold (an object)"", ""stand, carry/hold (an object)"", ""stand, carry/hold (an object)""]","[""danger"", ""danger"", ""danger""]",danger,36,"{""normal"": 0, ""unsafe"": 0, ""danger"": 36}","{""normal"": 0.0, ""unsafe"": 0.0, ""danger"": 1.0}",0,danger,danger,danger,True,False,labeling_yolo_sequence_coverage,sampled_danger_then_danger_ratio_sampled_unsafe_then_unsafe_ratio_else_normal,"{""danger_threshold"": 0.3, ""unsafe_threshold"": 0.3, ""missing_txt_policy"": ""normal_if_absent""}",/home/capstone2/zroact-stage2/benchmark2/data/viz_shufflenet_test/test_frame_30fps/climb-over-fence_smart_rgb/images/intrusion_climb-over-fence_rgb_0078_cctv3/intrusion_climb-over-fence_rgb_0078_cctv3_t000316.jpg,/home/capstone2/zroact-stage2/benchmark2/data/viz_shufflenet_test/test_frame_30fps/climb-over-fence_smart_rgb/images/intrusion_climb-over-fence_rgb_0078_cctv3/intrusion_climb-over-fence_rgb_0078_cctv3_t000326.jpg,/home/capstone2/zroact-stage2/benchmark2/data/viz_shufflenet_test/test_frame_30fps/climb-over-fence_smart_rgb/images/intrusion_climb-over-fence_rgb_0078_cctv3/intrusion_climb-over-fence_rgb_0078_cctv3_t000336.jpg
intrusion_climb-over-fence_rgb_0078_cctv3_f000346_000356_000366,climb-over-fence_smart_rgb,intrusion_climb-over-fence_rgb_0078_cctv3,intrusion_candidate,"[346, 356, 366]","[11.533, 11.867, 12.2]","{""start_frame"": 331, ""end_frame"": 366}","[""stand, carry/hold (an object)"", ""stand, carry/hold (an object)"", ""stand, walk""]","[""danger"", ""danger"", ""danger""]",danger,36,"{""normal"": 0, ""unsafe"": 0, ""danger"": 36}","{""normal"": 0.0, ""unsafe"": 0.0, ""danger"": 1.0}",0,danger,danger,danger,True,False,labeling_yolo_sequence_coverage,sampled_danger_then_danger_ratio_sampled_unsafe_then_unsafe_ratio_else_normal,"{""danger_threshold"": 0.3, ""unsafe_threshold"": 0.3, ""missing_txt_policy"": ""normal_if_absent""}",/home/capstone2/zroact-stage2/benchmark2/data/viz_shufflenet_test/test_frame_30fps/climb-over-fence_smart_rgb/images/intrusion_climb-over-fence_rgb_0078_cctv3/intrusion_climb-over-fence_rgb_0078_cctv3_t000346.jpg,/home/capstone2/zroact-stage2/benchmark2/data/viz_shufflenet_test/test_frame_30fps/climb-over-fence_smart_rgb/images/intrusion_climb-over-fence_rgb_0078_cctv3/intrusion_climb-over-fence_rgb_0078_cctv3_t000356.jpg,/home/capstone2/zroact-stage2/benchmark2/data/viz_shufflenet_test/test_frame_30fps/climb-over-fence_smart_rgb/images/intrusion_climb-over-fence_rgb_0078_cctv3/intrusion_climb-over-fence_rgb_0078_cctv3_t000366.jpg
intrusion_climb-over-fence_rgb_0078_cctv3_f000376_000386_000396,climb-over-fence_smart_rgb,intrusion_climb-over-fence_rgb_0078_cctv3,intrusion_candidate,"[376, 386, 396]","[12.533, 12.867, 13.2]","{""start_frame"": 361, ""end_frame"": 396}","[""walk, stand"", ""stand, walk"", ""stand, walk""]","[""danger"", ""danger"", ""danger""]",danger,36,"{""normal"": 0, ""unsafe"": 0, ""danger"": 36}","{""normal"": 0.0, ""unsafe"": 0.0, ""danger"": 1.0}",0,danger,danger,danger,True,False,labeling_yolo_sequence_coverage,sampled_danger_then_danger_ratio_sampled_unsafe_then_unsafe_ratio_else_normal,"{""danger_threshold"": 0.3, ""unsafe_threshold"": 0.3, ""missing_txt_policy"": ""normal_if_absent""}",/home/capstone2/zroact-stage2/benchmark2/data/viz_shufflenet_test/test_frame_30fps/climb-over-fence_smart_rgb/images/intrusion_climb-over-fence_rgb_0078_cctv3/intrusion_climb-over-fence_rgb_0078_cctv3_t000376.jpg,/home/capstone2/zroact-stage2/benchmark2/data/viz_shufflenet_test/test_frame_30fps/climb-over-fence_smart_rgb/images/intrusion_climb-over-fence_rgb_0078_cctv3/intrusion_climb-over-fence_rgb_0078_cctv3_t000386.jpg,/home/capstone2/zroact-stage2/benchmark2/data/viz_shufflenet_test/test_frame_30fps/climb-over-fence_smart_rgb/images/intrusion_climb-over-fence_rgb_0078_cctv3/intrusion_climb-over-fence_rgb_0078_cctv3_t000396.jpg
intrusion_climb-over-fence_rgb_0078_cctv3_f000406_000416_000426,climb-over-fence_smart_rgb,intrusion_climb-over-fence_rgb_0078_cctv3,intrusion_candidate,"[406, 416, 426]","[13.533, 13.867, 14.2]","{""start_frame"": 391, ""end_frame"": 426}","[""stand"", ""walk, stand"", ""stand, walk""]","[""danger"", ""danger"", ""danger""]",danger,36,"{""normal"": 0, ""unsafe"": 0, ""danger"": 36}","{""normal"": 0.0, ""unsafe"": 0.0, ""danger"": 1.0}",0,danger,danger,danger,True,False,labeling_yolo_sequence_coverage,sampled_danger_then_danger_ratio_sampled_unsafe_then_unsafe_ratio_else_normal,"{""danger_threshold"": 0.3, ""unsafe_threshold"": 0.3, ""missing_txt_policy"": ""normal_if_absent""}",/home/capstone2/zroact-stage2/benchmark2/data/viz_shufflenet_test/test_frame_30fps/climb-over-fence_smart_rgb/images/intrusion_climb-over-fence_rgb_0078_cctv3/intrusion_climb-over-fence_rgb_0078_cctv3_t000406.jpg,/home/capstone2/zroact-stage2/benchmark2/data/viz_shufflenet_test/test_frame_30fps/climb-over-fence_smart_rgb/images/intrusion_climb-over-fence_rgb_0078_cctv3/intrusion_climb-over-fence_rgb_0078_cctv3_t000416.jpg,/home/capstone2/zroact-stage2/benchmark2/data/viz_shufflenet_test/test_frame_30fps/climb-over-fence_smart_rgb/images/intrusion_climb-over-fence_rgb_0078_cctv3/intrusion_climb-over-fence_rgb_0078_cctv3_t000426.jpg
intrusion_climb-over-fence_rgb_0078_cctv3_f000436_000446_000456,climb-over-fence_smart_rgb,intrusion_climb-over-fence_rgb_0078_cctv3,intrusion_candidate,"[436, 446, 456]","[14.533, 14.867, 15.2]","{""start_frame"": 421, ""end_frame"": 456}","[""stand, walk"", ""stand, carry/hold (an object)"", ""stand, carry/hold (an object)""]","[""danger"", ""danger"", ""danger""]",danger,36,"{""normal"": 0, ""unsafe"": 0, ""danger"": 36}","{""normal"": 0.0, ""unsafe"": 0.0, ""danger"": 1.0}",0,danger,danger,danger,True,False,labeling_yolo_sequence_coverage,sampled_danger_then_danger_ratio_sampled_unsafe_then_unsafe_ratio_else_normal,"{""danger_threshold"": 0.3, ""unsafe_threshold"": 0.3, ""missing_txt_policy"": ""normal_if_absent""}",/home/capstone2/zroact-stage2/benchmark2/data/viz_shufflenet_test/test_frame_30fps/climb-over-fence_smart_rgb/images/intrusion_climb-over-fence_rgb_0078_cctv3/intrusion_climb-over-fence_rgb_0078_cctv3_t000436.jpg,/home/capstone2/zroact-stage2/benchmark2/data/viz_shufflenet_test/test_frame_30fps/climb-over-fence_smart_rgb/images/intrusion_climb-over-fence_rgb_0078_cctv3/intrusion_climb-over-fence_rgb_0078_cctv3_t000446.jpg,/home/capstone2/zroact-stage2/benchmark2/data/viz_shufflenet_test/test_frame_30fps/climb-over-fence_smart_rgb/images/intrusion_climb-over-fence_rgb_0078_cctv3/intrusion_climb-over-fence_rgb_0078_cctv3_t000456.jpg
intrusion_climb-over-fence_rgb_0079_cctv3_f000016_000026_000036,climb-over-fence_smart_rgb,intrusion_climb-over-fence_rgb_0079_cctv3,intrusion_candidate,"[16, 26, 36]","[0.533, 0.867, 1.2]","{""start_frame"": 1, ""end_frame"": 36}","[""walk, stand"", ""walk, carry/hold (an object)"", ""walk, carry/hold (an object)""]","[""unsafe"", ""danger"", ""danger""]",danger,36,"{""normal"": 0, ""unsafe"": 21, ""danger"": 15}","{""normal"": 0.0, ""unsafe"": 0.5833, ""danger"": 0.4167}",0,danger,danger,danger,True,False,labeling_yolo_sequence_coverage,sampled_danger_then_danger_ratio_sampled_unsafe_then_unsafe_ratio_else_normal,"{""danger_threshold"": 0.3, ""unsafe_threshold"": 0.3, ""missing_txt_policy"": ""normal_if_absent""}",/home/capstone2/zroact-stage2/benchmark2/data/viz_shufflenet_test/test_frame_30fps/climb-over-fence_smart_rgb/images/intrusion_climb-over-fence_rgb_0079_cctv3/intrusion_climb-over-fence_rgb_0079_cctv3_t000016.jpg,/home/capstone2/zroact-stage2/benchmark2/data/viz_shufflenet_test/test_frame_30fps/climb-over-fence_smart_rgb/images/intrusion_climb-over-fence_rgb_0079_cctv3/intrusion_climb-over-fence_rgb_0079_cctv3_t000026.jpg,/home/capstone2/zroact-stage2/benchmark2/data/viz_shufflenet_test/test_frame_30fps/climb-over-fence_smart_rgb/images/intrusion_climb-over-fence_rgb_0079_cctv3/intrusion_climb-over-fence_rgb_0079_cctv3_t000036.jpg
intrusion_climb-over-fence_rgb_0079_cctv3_f000046_000056_000066,climb-over-fence_smart_rgb,intrusion_climb-over-fence_rgb_0079_cctv3,intrusion_candidate,"[46, 56, 66]","[1.533, 1.867, 2.2]","{""start_frame"": 31, ""end_frame"": 66}","[""walk, carry/hold (an object)"", ""walk, carry/hold (an object)"", ""walk, carry/hold (an object)""]","[""danger"", ""danger"", ""danger""]",danger,36,"{""normal"": 0, ""unsafe"": 0, ""danger"": 36}","{""normal"": 0.0, ""unsafe"": 0.0, ""danger"": 1.0}",0,danger,danger,danger,True,False,labeling_yolo_sequence_coverage,sampled_danger_then_danger_ratio_sampled_unsafe_then_unsafe_ratio_else_normal,"{""danger_threshold"": 0.3, ""unsafe_threshold"": 0.3, ""missing_txt_policy"": ""normal_if_absent""}",/home/capstone2/zroact-stage2/benchmark2/data/viz_shufflenet_test/test_frame_30fps/climb-over-fence_smart_rgb/images/intrusion_climb-over-fence_rgb_0079_cctv3/intrusion_climb-over-fence_rgb_0079_cctv3_t000046.jpg,/home/capstone2/zroact-stage2/benchmark2/data/viz_shufflenet_test/test_frame_30fps/climb-over-fence_smart_rgb/images/intrusion_climb-over-fence_rgb_0079_cctv3/intrusion_climb-over-fence_rgb_0079_cctv3_t000056.jpg,/home/capstone2/zroact-stage2/benchmark2/data/viz_shufflenet_test/test_frame_30fps/climb-over-fence_smart_rgb/images/intrusion_climb-over-fence_rgb_0079_cctv3/intrusion_climb-over-fence_rgb_0079_cctv3_t000066.jpg
intrusion_climb-over-fence_rgb_0079_cctv3_f000076_000086_000096,climb-over-fence_smart_rgb,intrusion_climb-over-fence_rgb_0079_cctv3,intrusion_candidate,"[76, 86, 96]","[2.533, 2.867, 3.2]","{""start_frame"": 61, ""end_frame"": 96}","[""walk, carry/hold (an object)"", ""carry/hold (an object), walk"", ""carry/hold (an object), stand""]","[""danger"", ""danger"", ""danger""]",danger,36,"{""normal"": 0, ""unsafe"": 0, ""danger"": 36}","{""normal"": 0.0, ""unsafe"": 0.0, ""danger"": 1.0}",0,danger,danger,danger,True,False,labeling_yolo_sequence_coverage,sampled_danger_then_danger_ratio_sampled_unsafe_then_unsafe_ratio_else_normal,"{""danger_threshold"": 0.3, ""unsafe_threshold"": 0.3, ""missing_txt_policy"": ""normal_if_absent""}",/home/capstone2/zroact-stage2/benchmark2/data/viz_shufflenet_test/test_frame_30fps/climb-over-fence_smart_rgb/images/intrusion_climb-over-fence_rgb_0079_cctv3/intrusion_climb-over-fence_rgb_0079_cctv3_t000076.jpg,/home/capstone2/zroact-stage2/benchmark2/data/viz_shufflenet_test/test_frame_30fps/climb-over-fence_smart_rgb/images/intrusion_climb-over-fence_rgb_0079_cctv3/intrusion_climb-over-fence_rgb_0079_cctv3_t000086.jpg,/home/capstone2/zroact-stage2/benchmark2/data/viz_shufflenet_test/test_frame_30fps/climb-over-fence_smart_rgb/images/intrusion_climb-over-fence_rgb_0079_cctv3/intrusion_climb-over-fence_rgb_0079_cctv3_t000096.jpg
intrusion_climb-over-fence_rgb_0079_cctv3_f000106_000116_000126,climb-over-fence_smart_rgb,intrusion_climb-over-fence_rgb_0079_cctv3,intrusion_candidate,"[106, 116, 126]","[3.533, 3.867, 4.2]","{""start_frame"": 91, ""end_frame"": 126}","[""carry/hold (an object), walk"", ""carry/hold (an object), walk"", ""stand, carry/hold (an object)""]","[""danger"", ""danger"", ""danger""]",danger,36,"{""normal"": 0, ""unsafe"": 0, ""danger"": 36}","{""normal"": 0.0, ""unsafe"": 0.0, ""danger"": 1.0}",0,danger,danger,danger,True,False,labeling_yolo_sequence_coverage,sampled_danger_then_danger_ratio_sampled_unsafe_then_unsafe_ratio_else_normal,"{""danger_threshold"": 0.3, ""unsafe_threshold"": 0.3, ""missing_txt_policy"": ""normal_if_absent""}",/home/capstone2/zroact-stage2/benchmark2/data/viz_shufflenet_test/test_frame_30fps/climb-over-fence_smart_rgb/images/intrusion_climb-over-fence_rgb_0079_cctv3/intrusion_climb-over-fence_rgb_0079_cctv3_t000106.jpg,/home/capstone2/zroact-stage2/benchmark2/data/viz_shufflenet_test/test_frame_30fps/climb-over-fence_smart_rgb/images/intrusion_climb-over-fence_rgb_0079_cctv3/intrusion_climb-over-fence_rgb_0079_cctv3_t000116.jpg,/home/capstone2/zroact-stage2/benchmark2/data/viz_shufflenet_test/test_frame_30fps/climb-over-fence_smart_rgb/images/intrusion_climb-over-fence_rgb_0079_cctv3/intrusion_climb-over-fence_rgb_0079_cctv3_t000126.jpg
intrusion_climb-over-fence_rgb_0079_cctv3_f000136_000146_000156,climb-over-fence_smart_rgb,intrusion_climb-over-fence_rgb_0079_cctv3,intrusion_candidate,"[136, 146, 156]","[4.533, 4.867, 5.2]","{""start_frame"": 121, ""end_frame"": 156}","[""stand, carry/hold (an object)"", ""stand, carry/hold (an object)"", ""stand, carry/hold (an object)""]","[""danger"", ""danger"", ""danger""]",danger,36,"{""normal"": 0, ""unsafe"": 0, ""danger"": 36}","{""normal"": 0.0, ""unsafe"": 0.0, ""danger"": 1.0}",0,danger,danger,danger,True,False,labeling_yolo_sequence_coverage,sampled_danger_then_danger_ratio_sampled_unsafe_then_unsafe_ratio_else_normal,"{""danger_threshold"": 0.3, ""unsafe_threshold"": 0.3, ""missing_txt_policy"": ""normal_if_absent""}",/home/capstone2/zroact-stage2/benchmark2/data/viz_shufflenet_test/test_frame_30fps/climb-over-fence_smart_rgb/images/intrusion_climb-over-fence_rgb_0079_cctv3/intrusion_climb-over-fence_rgb_0079_cctv3_t000136.jpg,/home/capstone2/zroact-stage2/benchmark2/data/viz_shufflenet_test/test_frame_30fps/climb-over-fence_smart_rgb/images/intrusion_climb-over-fence_rgb_0079_cctv3/intrusion_climb-over-fence_rgb_0079_cctv3_t000146.jpg,/home/capstone2/zroact-stage2/benchmark2/data/viz_shufflenet_test/test_frame_30fps/climb-over-fence_smart_rgb/images/intrusion_climb-over-fence_rgb_0079_cctv3/intrusion_climb-over-fence_rgb_0079_cctv3_t000156.jpg
intrusion_climb-over-fence_rgb_0079_cctv3_f000166_000176_000186,climb-over-fence_smart_rgb,intrusion_climb-over-fence_rgb_0079_cctv3,intrusion_candidate,"[166, 176, 186]","[5.533, 5.867, 6.2]","{""start_frame"": 151, ""end_frame"": 186}","[""stand, carry/hold (an object)"", ""stand, carry/hold (an object)"", ""stand, carry/hold (an object)""]","[""danger"", ""danger"", ""danger""]",danger,36,"{""normal"": 0, ""unsafe"": 0, ""danger"": 36}","{""normal"": 0.0, ""unsafe"": 0.0, ""danger"": 1.0}",0,danger,danger,danger,True,False,labeling_yolo_sequence_coverage,sampled_danger_then_danger_ratio_sampled_unsafe_then_unsafe_ratio_else_normal,"{""danger_threshold"": 0.3, ""unsafe_threshold"": 0.3, ""missing_txt_policy"": ""normal_if_absent""}",/home/capstone2/zroact-stage2/benchmark2/data/viz_shufflenet_test/test_frame_30fps/climb-over-fence_smart_rgb/images/intrusion_climb-over-fence_rgb_0079_cctv3/intrusion_climb-over-fence_rgb_0079_cctv3_t000166.jpg,/home/capstone2/zroact-stage2/benchmark2/data/viz_shufflenet_test/test_frame_30fps/climb-over-fence_smart_rgb/images/intrusion_climb-over-fence_rgb_0079_cctv3/intrusion_climb-over-fence_rgb_0079_cctv3_t000176.jpg,/home/capstone2/zroact-stage2/benchmark2/data/viz_shufflenet_test/test_frame_30fps/climb-over-fence_smart_rgb/images/intrusion_climb-over-fence_rgb_0079_cctv3/intrusion_climb-over-fence_rgb_0079_cctv3_t000186.jpg
intrusion_climb-over-fence_rgb_0079_cctv3_f000196_000206_000216,climb-over-fence_smart_rgb,intrusion_climb-over-fence_rgb_0079_cctv3,intrusion_candidate,"[196, 206, 216]","[6.533, 6.867, 7.2]","{""start_frame"": 181, ""end_frame"": 216}","[""stand, carry/hold (an object)"", ""stand, carry/hold (an object)"", ""stand, carry/hold (an object)""]","[""danger"", ""danger"", ""danger""]",danger,36,"{""normal"": 0, ""unsafe"": 0, ""danger"": 36}","{""normal"": 0.0, ""unsafe"": 0.0, ""danger"": 1.0}",0,danger,danger,danger,True,False,labeling_yolo_sequence_coverage,sampled_danger_then_danger_ratio_sampled_unsafe_then_unsafe_ratio_else_normal,"{""danger_threshold"": 0.3, ""unsafe_threshold"": 0.3, ""missing_txt_policy"": ""normal_if_absent""}",/home/capstone2/zroact-stage2/benchmark2/data/viz_shufflenet_test/test_frame_30fps/climb-over-fence_smart_rgb/images/intrusion_climb-over-fence_rgb_0079_cctv3/intrusion_climb-over-fence_rgb_0079_cctv3_t000196.jpg,/home/capstone2/zroact-stage2/benchmark2/data/viz_shufflenet_test/test_frame_30fps/climb-over-fence_smart_rgb/images/intrusion_climb-over-fence_rgb_0079_cctv3/intrusion_climb-over-fence_rgb_0079_cctv3_t000206.jpg,/home/capstone2/zroact-stage2/benchmark2/data/viz_shufflenet_test/test_frame_30fps/climb-over-fence_smart_rgb/images/intrusion_climb-over-fence_rgb_0079_cctv3/intrusion_climb-over-fence_rgb_0079_cctv3_t000216.jpg
intrusion_climb-over-fence_rgb_0079_cctv3_f000226_000236_000246,climb-over-fence_smart_rgb,intrusion_climb-over-fence_rgb_0079_cctv3,intrusion_candidate,"[226, 236, 246]","[7.533, 7.867, 8.2]","{""start_frame"": 211, ""end_frame"": 246}","[""stand, carry/hold (an object)"", ""stand, carry/hold (an object)"", ""walk, carry/hold (an object)""]","[""danger"", ""danger"", ""danger""]",danger,36,"{""normal"": 0, ""unsafe"": 0, ""danger"": 36}","{""normal"": 0.0, ""unsafe"": 0.0, ""danger"": 1.0}",0,danger,danger,danger,True,False,labeling_yolo_sequence_coverage,sampled_danger_then_danger_ratio_sampled_unsafe_then_unsafe_ratio_else_normal,"{""danger_threshold"": 0.3, ""unsafe_threshold"": 0.3, ""missing_txt_policy"": ""normal_if_absent""}",/home/capstone2/zroact-stage2/benchmark2/data/viz_shufflenet_test/test_frame_30fps/climb-over-fence_smart_rgb/images/intrusion_climb-over-fence_rgb_0079_cctv3/intrusion_climb-over-fence_rgb_0079_cctv3_t000226.jpg,/home/capstone2/zroact-stage2/benchmark2/data/viz_shufflenet_test/test_frame_30fps/climb-over-fence_smart_rgb/images/intrusion_climb-over-fence_rgb_0079_cctv3/intrusion_climb-over-fence_rgb_0079_cctv3_t000236.jpg,/home/capstone2/zroact-stage2/benchmark2/data/viz_shufflenet_test/test_frame_30fps/climb-over-fence_smart_rgb/images/intrusion_climb-over-fence_rgb_0079_cctv3/intrusion_climb-over-fence_rgb_0079_cctv3_t000246.jpg
intrusion_climb-over-fence_rgb_0079_cctv3_f000256_000266_000276,climb-over-fence_smart_rgb,intrusion_climb-over-fence_rgb_0079_cctv3,intrusion_candidate,"[256, 266, 276]","[8.533, 8.867, 9.2]","{""start_frame"": 241, ""end_frame"": 276}","[""walk, carry/hold (an object)"", ""stand, carry/hold (an object)"", ""stand, carry/hold (an object)""]","[""danger"", ""danger"", ""danger""]",danger,36,"{""normal"": 0, ""unsafe"": 0, ""danger"": 36}","{""normal"": 0.0, ""unsafe"": 0.0, ""danger"": 1.0}",0,danger,danger,danger,True,False,labeling_yolo_sequence_coverage,sampled_danger_then_danger_ratio_sampled_unsafe_then_unsafe_ratio_else_normal,"{""danger_threshold"": 0.3, ""unsafe_threshold"": 0.3, ""missing_txt_policy"": ""normal_if_absent""}",/home/capstone2/zroact-stage2/benchmark2/data/viz_shufflenet_test/test_frame_30fps/climb-over-fence_smart_rgb/images/intrusion_climb-over-fence_rgb_0079_cctv3/intrusion_climb-over-fence_rgb_0079_cctv3_t000256.jpg,/home/capstone2/zroact-stage2/benchmark2/data/viz_shufflenet_test/test_frame_30fps/climb-over-fence_smart_rgb/images/intrusion_climb-over-fence_rgb_0079_cctv3/intrusion_climb-over-fence_rgb_0079_cctv3_t000266.jpg,/home/capstone2/zroact-stage2/benchmark2/data/viz_shufflenet_test/test_frame_30fps/climb-over-fence_smart_rgb/images/intrusion_climb-over-fence_rgb_0079_cctv3/intrusion_climb-over-fence_rgb_0079_cctv3_t000276.jpg
intrusion_climb-over-fence_rgb_0079_cctv3_f000286_000296_000306,climb-over-fence_smart_rgb,intrusion_climb-over-fence_rgb_0079_cctv3,intrusion_candidate,"[286, 296, 306]","[9.533, 9.867, 10.2]","{""start_frame"": 271, ""end_frame"": 306}","[""walk, carry/hold (an object)"", ""walk, stand"", ""stand, carry/hold (an object)""]","[""danger"", ""danger"", ""danger""]",danger,36,"{""normal"": 0, ""unsafe"": 0, ""danger"": 36}","{""normal"": 0.0, ""unsafe"": 0.0, ""danger"": 1.0}",0,danger,danger,danger,True,False,labeling_yolo_sequence_coverage,sampled_danger_then_danger_ratio_sampled_unsafe_then_unsafe_ratio_else_normal,"{""danger_threshold"": 0.3, ""unsafe_threshold"": 0.3, ""missing_txt_policy"": ""normal_if_absent""}",/home/capstone2/zroact-stage2/benchmark2/data/viz_shufflenet_test/test_frame_30fps/climb-over-fence_smart_rgb/images/intrusion_climb-over-fence_rgb_0079_cctv3/intrusion_climb-over-fence_rgb_0079_cctv3_t000286.jpg,/home/capstone2/zroact-stage2/benchmark2/data/viz_shufflenet_test/test_frame_30fps/climb-over-fence_smart_rgb/images/intrusion_climb-over-fence_rgb_0079_cctv3/intrusion_climb-over-fence_rgb_0079_cctv3_t000296.jpg,/home/capstone2/zroact-stage2/benchmark2/data/viz_shufflenet_test/test_frame_30fps/climb-over-fence_smart_rgb/images/intrusion_climb-over-fence_rgb_0079_cctv3/intrusion_climb-over-fence_rgb_0079_cctv3_t000306.jpg
intrusion_climb-over-fence_rgb_0079_cctv3_f000316_000326_000336,climb-over-fence_smart_rgb,intrusion_climb-over-fence_rgb_0079_cctv3,intrusion_candidate,"[316, 326, 336]","[10.533, 10.867, 11.2]","{""start_frame"": 301, ""end_frame"": 336}","[""stand, carry/hold (an object)"", ""stand, carry/hold (an object)"", ""stand, carry/hold (an object)""]","[""danger"", ""danger"", ""danger""]",danger,36,"{""normal"": 0, ""unsafe"": 0, ""danger"": 36}","{""normal"": 0.0, ""unsafe"": 0.0, ""danger"": 1.0}",0,danger,danger,danger,True,False,labeling_yolo_sequence_coverage,sampled_danger_then_danger_ratio_sampled_unsafe_then_unsafe_ratio_else_normal,"{""danger_threshold"": 0.3, ""unsafe_threshold"": 0.3, ""missing_txt_policy"": ""normal_if_absent""}",/home/capstone2/zroact-stage2/benchmark2/data/viz_shufflenet_test/test_frame_30fps/climb-over-fence_smart_rgb/images/intrusion_climb-over-fence_rgb_0079_cctv3/intrusion_climb-over-fence_rgb_0079_cctv3_t000316.jpg,/home/capstone2/zroact-stage2/benchmark2/data/viz_shufflenet_test/test_frame_30fps/climb-over-fence_smart_rgb/images/intrusion_climb-over-fence_rgb_0079_cctv3/intrusion_climb-over-fence_rgb_0079_cctv3_t000326.jpg,/home/capstone2/zroact-stage2/benchmark2/data/viz_shufflenet_test/test_frame_30fps/climb-over-fence_smart_rgb/images/intrusion_climb-over-fence_rgb_0079_cctv3/intrusion_climb-over-fence_rgb_0079_cctv3_t000336.jpg
intrusion_climb-over-fence_rgb_0079_cctv3_f000346_000356_000366,climb-over-fence_smart_rgb,intrusion_climb-over-fence_rgb_0079_cctv3,intrusion_candidate,"[346, 356, 366]","[11.533, 11.867, 12.2]","{""start_frame"": 331, ""end_frame"": 366}","[""stand, carry/hold (an object)"", ""stand, carry/hold (an object)"", ""stand, carry/hold (an object)""]","[""danger"", ""danger"", ""danger""]",danger,36,"{""normal"": 0, ""unsafe"": 0, ""danger"": 36}","{""normal"": 0.0, ""unsafe"": 0.0, ""danger"": 1.0}",0,danger,danger,danger,True,False,labeling_yolo_sequence_coverage,sampled_danger_then_danger_ratio_sampled_unsafe_then_unsafe_ratio_else_normal,"{""danger_threshold"": 0.3, ""unsafe_threshold"": 0.3, ""missing_txt_policy"": ""normal_if_absent""}",/home/capstone2/zroact-stage2/benchmark2/data/viz_shufflenet_test/test_frame_30fps/climb-over-fence_smart_rgb/images/intrusion_climb-over-fence_rgb_0079_cctv3/intrusion_climb-over-fence_rgb_0079_cctv3_t000346.jpg,/home/capstone2/zroact-stage2/benchmark2/data/viz_shufflenet_test/test_frame_30fps/climb-over-fence_smart_rgb/images/intrusion_climb-over-fence_rgb_0079_cctv3/intrusion_climb-over-fence_rgb_0079_cctv3_t000356.jpg,/home/capstone2/zroact-stage2/benchmark2/data/viz_shufflenet_test/test_frame_30fps/climb-over-fence_smart_rgb/images/intrusion_climb-over-fence_rgb_0079_cctv3/intrusion_climb-over-fence_rgb_0079_cctv3_t000366.jpg
intrusion_climb-over-fence_rgb_0079_cctv3_f000376_000386_000396,climb-over-fence_smart_rgb,intrusion_climb-over-fence_rgb_0079_cctv3,intrusion_candidate,"[376, 386, 396]","[12.533, 12.867, 13.2]","{""start_frame"": 361, ""end_frame"": 396}","[""stand, carry/hold (an object)"", ""stand, carry/hold (an object)"", ""stand, carry/hold (an object)""]","[""danger"", ""danger"", ""danger""]",danger,36,"{""normal"": 0, ""unsafe"": 0, ""danger"": 36}","{""normal"": 0.0, ""unsafe"": 0.0, ""danger"": 1.0}",0,danger,danger,danger,True,False,labeling_yolo_sequence_coverage,sampled_danger_then_danger_ratio_sampled_unsafe_then_unsafe_ratio_else_normal,"{""danger_threshold"": 0.3, ""unsafe_threshold"": 0.3, ""missing_txt_policy"": ""normal_if_absent""}",/home/capstone2/zroact-stage2/benchmark2/data/viz_shufflenet_test/test_frame_30fps/climb-over-fence_smart_rgb/images/intrusion_climb-over-fence_rgb_0079_cctv3/intrusion_climb-over-fence_rgb_0079_cctv3_t000376.jpg,/home/capstone2/zroact-stage2/benchmark2/data/viz_shufflenet_test/test_frame_30fps/climb-over-fence_smart_rgb/images/intrusion_climb-over-fence_rgb_0079_cctv3/intrusion_climb-over-fence_rgb_0079_cctv3_t000386.jpg,/home/capstone2/zroact-stage2/benchmark2/data/viz_shufflenet_test/test_frame_30fps/climb-over-fence_smart_rgb/images/intrusion_climb-over-fence_rgb_0079_cctv3/intrusion_climb-over-fence_rgb_0079_cctv3_t000396.jpg
intrusion_climb-over-fence_rgb_0079_cctv3_f000406_000416_000426,climb-over-fence_smart_rgb,intrusion_climb-over-fence_rgb_0079_cctv3,intrusion_candidate,"[406, 416, 426]","[13.533, 13.867, 14.2]","{""start_frame"": 391, ""end_frame"": 426}","[""stand, carry/hold (an object)"", ""stand, carry/hold (an object)"", ""stand, carry/hold (an object)""]","[""danger"", ""danger"", ""danger""]",danger,36,"{""normal"": 0, ""unsafe"": 0, ""danger"": 36}","{""normal"": 0.0, ""unsafe"": 0.0, ""danger"": 1.0}",0,danger,danger,danger,True,False,labeling_yolo_sequence_coverage,sampled_danger_then_danger_ratio_sampled_unsafe_then_unsafe_ratio_else_normal,"{""danger_threshold"": 0.3, ""unsafe_threshold"": 0.3, ""missing_txt_policy"": ""normal_if_absent""}",/home/capstone2/zroact-stage2/benchmark2/data/viz_shufflenet_test/test_frame_30fps/climb-over-fence_smart_rgb/images/intrusion_climb-over-fence_rgb_0079_cctv3/intrusion_climb-over-fence_rgb_0079_cctv3_t000406.jpg,/home/capstone2/zroact-stage2/benchmark2/data/viz_shufflenet_test/test_frame_30fps/climb-over-fence_smart_rgb/images/intrusion_climb-over-fence_rgb_0079_cctv3/intrusion_climb-over-fence_rgb_0079_cctv3_t000416.jpg,/home/capstone2/zroact-stage2/benchmark2/data/viz_shufflenet_test/test_frame_30fps/climb-over-fence_smart_rgb/images/intrusion_climb-over-fence_rgb_0079_cctv3/intrusion_climb-over-fence_rgb_0079_cctv3_t000426.jpg
intrusion_climb-over-fence_rgb_0079_cctv3_f000436_000446_000456,climb-over-fence_smart_rgb,intrusion_climb-over-fence_rgb_0079_cctv3,intrusion_candidate,"[436, 446, 456]","[14.533, 14.867, 15.2]","{""start_frame"": 421, ""end_frame"": 456}","[""stand, carry/hold (an object)"", ""stand, carry/hold (an object)"", ""stand, carry/hold (an object)""]","[""danger"", ""danger"", ""danger""]",danger,36,"{""normal"": 0, ""unsafe"": 0, ""danger"": 36}","{""normal"": 0.0, ""unsafe"": 0.0, ""danger"": 1.0}",0,danger,danger,danger,True,False,labeling_yolo_sequence_coverage,sampled_danger_then_danger_ratio_sampled_unsafe_then_unsafe_ratio_else_normal,"{""danger_threshold"": 0.3, ""unsafe_threshold"": 0.3, ""missing_txt_policy"": ""normal_if_absent""}",/home/capstone2/zroact-stage2/benchmark2/data/viz_shufflenet_test/test_frame_30fps/climb-over-fence_smart_rgb/images/intrusion_climb-over-fence_rgb_0079_cctv3/intrusion_climb-over-fence_rgb_0079_cctv3_t000436.jpg,/home/capstone2/zroact-stage2/benchmark2/data/viz_shufflenet_test/test_frame_30fps/climb-over-fence_smart_rgb/images/intrusion_climb-over-fence_rgb_0079_cctv3/intrusion_climb-over-fence_rgb_0079_cctv3_t000446.jpg,/home/capstone2/zroact-stage2/benchmark2/data/viz_shufflenet_test/test_frame_30fps/climb-over-fence_smart_rgb/images/intrusion_climb-over-fence_rgb_0079_cctv3/intrusion_climb-over-fence_rgb_0079_cctv3_t000456.jpg
intrusion_climb-over-fence_rgb_0081_cctv4_f000016_000026_000036,climb-over-fence_smart_rgb,intrusion_climb-over-fence_rgb_0081_cctv4,intrusion_candidate,"[16, 26, 36]","[0.533, 0.867, 1.2]","{""start_frame"": 1, ""end_frame"": 36}","[""walk, carry/hold (an object)"", ""walk, carry/hold (an object)"", ""walk, sit""]","[""unsafe"", ""unsafe"", ""unsafe""]",unsafe,36,"{""normal"": 0, ""unsafe"": 36, ""danger"": 0}","{""normal"": 0.0, ""unsafe"": 1.0, ""danger"": 0.0}",0,unsafe,unsafe,unsafe,True,False,labeling_yolo_sequence_coverage,sampled_danger_then_danger_ratio_sampled_unsafe_then_unsafe_ratio_else_normal,"{""danger_threshold"": 0.3, ""unsafe_threshold"": 0.3, ""missing_txt_policy"": ""normal_if_absent""}",/home/capstone2/zroact-stage2/benchmark2/data/viz_shufflenet_test/test_frame_30fps/climb-over-fence_smart_rgb/images/intrusion_climb-over-fence_rgb_0081_cctv4/intrusion_climb-over-fence_rgb_0081_cctv4_t000016.jpg,/home/capstone2/zroact-stage2/benchmark2/data/viz_shufflenet_test/test_frame_30fps/climb-over-fence_smart_rgb/images/intrusion_climb-over-fence_rgb_0081_cctv4/intrusion_climb-over-fence_rgb_0081_cctv4_t000026.jpg,/home/capstone2/zroact-stage2/benchmark2/data/viz_shufflenet_test/test_frame_30fps/climb-over-fence_smart_rgb/images/intrusion_climb-over-fence_rgb_0081_cctv4/intrusion_climb-over-fence_rgb_0081_cctv4_t000036.jpg
intrusion_climb-over-fence_rgb_0081_cctv4_f000046_000056_000066,climb-over-fence_smart_rgb,intrusion_climb-over-fence_rgb_0081_cctv4,intrusion_candidate,"[46, 56, 66]","[1.533, 1.867, 2.2]","{""start_frame"": 31, ""end_frame"": 66}","[""walk, sit"", ""walk"", ""walk, carry/hold (an object)""]","[""unsafe"", ""unsafe"", ""unsafe""]",unsafe,36,"{""normal"": 0, ""unsafe"": 36, ""danger"": 0}","{""normal"": 0.0, ""unsafe"": 1.0, ""danger"": 0.0}",0,unsafe,unsafe,unsafe,True,False,labeling_yolo_sequence_coverage,sampled_danger_then_danger_ratio_sampled_unsafe_then_unsafe_ratio_else_normal,"{""danger_threshold"": 0.3, ""unsafe_threshold"": 0.3, ""missing_txt_policy"": ""normal_if_absent""}",/home/capstone2/zroact-stage2/benchmark2/data/viz_shufflenet_test/test_frame_30fps/climb-over-fence_smart_rgb/images/intrusion_climb-over-fence_rgb_0081_cctv4/intrusion_climb-over-fence_rgb_0081_cctv4_t000046.jpg,/home/capstone2/zroact-stage2/benchmark2/data/viz_shufflenet_test/test_frame_30fps/climb-over-fence_smart_rgb/images/intrusion_climb-over-fence_rgb_0081_cctv4/intrusion_climb-over-fence_rgb_0081_cctv4_t000056.jpg,/home/capstone2/zroact-stage2/benchmark2/data/viz_shufflenet_test/test_frame_30fps/climb-over-fence_smart_rgb/images/intrusion_climb-over-fence_rgb_0081_cctv4/intrusion_climb-over-fence_rgb_0081_cctv4_t000066.jpg
intrusion_climb-over-fence_rgb_0081_cctv4_f000076_000086_000096,climb-over-fence_smart_rgb,intrusion_climb-over-fence_rgb_0081_cctv4,intrusion_candidate,"[76, 86, 96]","[2.533, 2.867, 3.2]","{""start_frame"": 61, ""end_frame"": 96}","[""walk"", ""walk, carry/hold (an object)"", ""walk""]","[""unsafe"", ""unsafe"", ""unsafe""]",unsafe,36,"{""normal"": 0, ""unsafe"": 36, ""danger"": 0}","{""normal"": 0.0, ""unsafe"": 1.0, ""danger"": 0.0}",0,unsafe,unsafe,unsafe,True,False,labeling_yolo_sequence_coverage,sampled_danger_then_danger_ratio_sampled_unsafe_then_unsafe_ratio_else_normal,"{""danger_threshold"": 0.3, ""unsafe_threshold"": 0.3, ""missing_txt_policy"": ""normal_if_absent""}",/home/capstone2/zroact-stage2/benchmark2/data/viz_shufflenet_test/test_frame_30fps/climb-over-fence_smart_rgb/images/intrusion_climb-over-fence_rgb_0081_cctv4/intrusion_climb-over-fence_rgb_0081_cctv4_t000076.jpg,/home/capstone2/zroact-stage2/benchmark2/data/viz_shufflenet_test/test_frame_30fps/climb-over-fence_smart_rgb/images/intrusion_climb-over-fence_rgb_0081_cctv4/intrusion_climb-over-fence_rgb_0081_cctv4_t000086.jpg,/home/capstone2/zroact-stage2/benchmark2/data/viz_shufflenet_test/test_frame_30fps/climb-over-fence_smart_rgb/images/intrusion_climb-over-fence_rgb_0081_cctv4/intrusion_climb-over-fence_rgb_0081_cctv4_t000096.jpg
intrusion_climb-over-fence_rgb_0081_cctv4_f000106_000116_000126,climb-over-fence_smart_rgb,intrusion_climb-over-fence_rgb_0081_cctv4,intrusion_candidate,"[106, 116, 126]","[3.533, 3.867, 4.2]","{""start_frame"": 91, ""end_frame"": 126}","[""walk"", ""walk, stand"", ""walk, carry/hold (an object)""]","[""unsafe"", ""unsafe"", ""danger""]",danger,36,"{""normal"": 0, ""unsafe"": 26, ""danger"": 10}","{""normal"": 0.0, ""unsafe"": 0.7222, ""danger"": 0.2778}",0,unsafe,danger,danger,True,False,labeling_yolo_sequence_coverage,sampled_danger_then_danger_ratio_sampled_unsafe_then_unsafe_ratio_else_normal,"{""danger_threshold"": 0.3, ""unsafe_threshold"": 0.3, ""missing_txt_policy"": ""normal_if_absent""}",/home/capstone2/zroact-stage2/benchmark2/data/viz_shufflenet_test/test_frame_30fps/climb-over-fence_smart_rgb/images/intrusion_climb-over-fence_rgb_0081_cctv4/intrusion_climb-over-fence_rgb_0081_cctv4_t000106.jpg,/home/capstone2/zroact-stage2/benchmark2/data/viz_shufflenet_test/test_frame_30fps/climb-over-fence_smart_rgb/images/intrusion_climb-over-fence_rgb_0081_cctv4/intrusion_climb-over-fence_rgb_0081_cctv4_t000116.jpg,/home/capstone2/zroact-stage2/benchmark2/data/viz_shufflenet_test/test_frame_30fps/climb-over-fence_smart_rgb/images/intrusion_climb-over-fence_rgb_0081_cctv4/intrusion_climb-over-fence_rgb_0081_cctv4_t000126.jpg
intrusion_climb-over-fence_rgb_0081_cctv4_f000136_000146_000156,climb-over-fence_smart_rgb,intrusion_climb-over-fence_rgb_0081_cctv4,intrusion_candidate,"[136, 146, 156]","[4.533, 4.867, 5.2]","{""start_frame"": 121, ""end_frame"": 156}","[""walk"", ""walk, stand"", ""walk""]","[""danger"", ""danger"", ""danger""]",danger,36,"{""normal"": 0, ""unsafe"": 0, ""danger"": 36}","{""normal"": 0.0, ""unsafe"": 0.0, ""danger"": 1.0}",0,danger,danger,danger,True,False,labeling_yolo_sequence_coverage,sampled_danger_then_danger_ratio_sampled_unsafe_then_unsafe_ratio_else_normal,"{""danger_threshold"": 0.3, ""unsafe_threshold"": 0.3, ""missing_txt_policy"": ""normal_if_absent""}",/home/capstone2/zroact-stage2/benchmark2/data/viz_shufflenet_test/test_frame_30fps/climb-over-fence_smart_rgb/images/intrusion_climb-over-fence_rgb_0081_cctv4/intrusion_climb-over-fence_rgb_0081_cctv4_t000136.jpg,/home/capstone2/zroact-stage2/benchmark2/data/viz_shufflenet_test/test_frame_30fps/climb-over-fence_smart_rgb/images/intrusion_climb-over-fence_rgb_0081_cctv4/intrusion_climb-over-fence_rgb_0081_cctv4_t000146.jpg,/home/capstone2/zroact-stage2/benchmark2/data/viz_shufflenet_test/test_frame_30fps/climb-over-fence_smart_rgb/images/intrusion_climb-over-fence_rgb_0081_cctv4/intrusion_climb-over-fence_rgb_0081_cctv4_t000156.jpg
intrusion_climb-over-fence_rgb_0081_cctv4_f000166_000176_000186,climb-over-fence_smart_rgb,intrusion_climb-over-fence_rgb_0081_cctv4,intrusion_candidate,"[166, 176, 186]","[5.533, 5.867, 6.2]","{""start_frame"": 151, ""end_frame"": 186}","[""walk, sit"", ""walk, stand"", ""walk""]","[""danger"", ""danger"", ""danger""]",danger,36,"{""normal"": 0, ""unsafe"": 0, ""danger"": 36}","{""normal"": 0.0, ""unsafe"": 0.0, ""danger"": 1.0}",0,danger,danger,danger,True,False,labeling_yolo_sequence_coverage,sampled_danger_then_danger_ratio_sampled_unsafe_then_unsafe_ratio_else_normal,"{""danger_threshold"": 0.3, ""unsafe_threshold"": 0.3, ""missing_txt_policy"": ""normal_if_absent""}",/home/capstone2/zroact-stage2/benchmark2/data/viz_shufflenet_test/test_frame_30fps/climb-over-fence_smart_rgb/images/intrusion_climb-over-fence_rgb_0081_cctv4/intrusion_climb-over-fence_rgb_0081_cctv4_t000166.jpg,/home/capstone2/zroact-stage2/benchmark2/data/viz_shufflenet_test/test_frame_30fps/climb-over-fence_smart_rgb/images/intrusion_climb-over-fence_rgb_0081_cctv4/intrusion_climb-over-fence_rgb_0081_cctv4_t000176.jpg,/home/capstone2/zroact-stage2/benchmark2/data/viz_shufflenet_test/test_frame_30fps/climb-over-fence_smart_rgb/images/intrusion_climb-over-fence_rgb_0081_cctv4/intrusion_climb-over-fence_rgb_0081_cctv4_t000186.jpg
intrusion_climb-over-fence_rgb_0081_cctv4_f000196_000206_000216,climb-over-fence_smart_rgb,intrusion_climb-over-fence_rgb_0081_cctv4,intrusion_candidate,"[196, 206, 216]","[6.533, 6.867, 7.2]","{""start_frame"": 181, ""end_frame"": 216}","[""walk"", ""walk, carry/hold (an object)"", ""walk, run/jog""]","[""danger"", ""danger"", ""danger""]",danger,36,"{""normal"": 0, ""unsafe"": 0, ""danger"": 36}","{""normal"": 0.0, ""unsafe"": 0.0, ""danger"": 1.0}",0,danger,danger,danger,True,False,labeling_yolo_sequence_coverage,sampled_danger_then_danger_ratio_sampled_unsafe_then_unsafe_ratio_else_normal,"{""danger_threshold"": 0.3, ""unsafe_threshold"": 0.3, ""missing_txt_policy"": ""normal_if_absent""}",/home/capstone2/zroact-stage2/benchmark2/data/viz_shufflenet_test/test_frame_30fps/climb-over-fence_smart_rgb/images/intrusion_climb-over-fence_rgb_0081_cctv4/intrusion_climb-over-fence_rgb_0081_cctv4_t000196.jpg,/home/capstone2/zroact-stage2/benchmark2/data/viz_shufflenet_test/test_frame_30fps/climb-over-fence_smart_rgb/images/intrusion_climb-over-fence_rgb_0081_cctv4/intrusion_climb-over-fence_rgb_0081_cctv4_t000206.jpg,/home/capstone2/zroact-stage2/benchmark2/data/viz_shufflenet_test/test_frame_30fps/climb-over-fence_smart_rgb/images/intrusion_climb-over-fence_rgb_0081_cctv4/intrusion_climb-over-fence_rgb_0081_cctv4_t000216.jpg
intrusion_climb-over-fence_rgb_0081_cctv4_f000226_000236_000246,climb-over-fence_smart_rgb,intrusion_climb-over-fence_rgb_0081_cctv4,intrusion_candidate,"[226, 236, 246]","[7.533, 7.867, 8.2]","{""start_frame"": 211, ""end_frame"": 246}","[""walk, stand"", ""walk, stand"", ""stand, sit""]","[""danger"", ""danger"", ""danger""]",danger,36,"{""normal"": 0, ""unsafe"": 0, ""danger"": 36}","{""normal"": 0.0, ""unsafe"": 0.0, ""danger"": 1.0}",0,danger,danger,danger,True,False,labeling_yolo_sequence_coverage,sampled_danger_then_danger_ratio_sampled_unsafe_then_unsafe_ratio_else_normal,"{""danger_threshold"": 0.3, ""unsafe_threshold"": 0.3, ""missing_txt_policy"": ""normal_if_absent""}",/home/capstone2/zroact-stage2/benchmark2/data/viz_shufflenet_test/test_frame_30fps/climb-over-fence_smart_rgb/images/intrusion_climb-over-fence_rgb_0081_cctv4/intrusion_climb-over-fence_rgb_0081_cctv4_t000226.jpg,/home/capstone2/zroact-stage2/benchmark2/data/viz_shufflenet_test/test_frame_30fps/climb-over-fence_smart_rgb/images/intrusion_climb-over-fence_rgb_0081_cctv4/intrusion_climb-over-fence_rgb_0081_cctv4_t000236.jpg,/home/capstone2/zroact-stage2/benchmark2/data/viz_shufflenet_test/test_frame_30fps/climb-over-fence_smart_rgb/images/intrusion_climb-over-fence_rgb_0081_cctv4/intrusion_climb-over-fence_rgb_0081_cctv4_t000246.jpg
intrusion_climb-over-fence_rgb_0081_cctv4_f000256_000266_000276,climb-over-fence_smart_rgb,intrusion_climb-over-fence_rgb_0081_cctv4,intrusion_candidate,"[256, 266, 276]","[8.533, 8.867, 9.2]","{""start_frame"": 241, ""end_frame"": 276}","[""stand"", ""stand"", ""stand, walk""]","[""danger"", ""danger"", ""danger""]",danger,36,"{""normal"": 0, ""unsafe"": 0, ""danger"": 36}","{""normal"": 0.0, ""unsafe"": 0.0, ""danger"": 1.0}",0,danger,danger,danger,True,False,labeling_yolo_sequence_coverage,sampled_danger_then_danger_ratio_sampled_unsafe_then_unsafe_ratio_else_normal,"{""danger_threshold"": 0.3, ""unsafe_threshold"": 0.3, ""missing_txt_policy"": ""normal_if_absent""}",/home/capstone2/zroact-stage2/benchmark2/data/viz_shufflenet_test/test_frame_30fps/climb-over-fence_smart_rgb/images/intrusion_climb-over-fence_rgb_0081_cctv4/intrusion_climb-over-fence_rgb_0081_cctv4_t000256.jpg,/home/capstone2/zroact-stage2/benchmark2/data/viz_shufflenet_test/test_frame_30fps/climb-over-fence_smart_rgb/images/intrusion_climb-over-fence_rgb_0081_cctv4/intrusion_climb-over-fence_rgb_0081_cctv4_t000266.jpg,/home/capstone2/zroact-stage2/benchmark2/data/viz_shufflenet_test/test_frame_30fps/climb-over-fence_smart_rgb/images/intrusion_climb-over-fence_rgb_0081_cctv4/intrusion_climb-over-fence_rgb_0081_cctv4_t000276.jpg
intrusion_climb-over-fence_rgb_0081_cctv4_f000286_000296_000306,climb-over-fence_smart_rgb,intrusion_climb-over-fence_rgb_0081_cctv4,intrusion_candidate,"[286, 296, 306]","[9.533, 9.867, 10.2]","{""start_frame"": 271, ""end_frame"": 306}","[""stand, walk"", ""stand, walk"", ""stand, walk""]","[""danger"", ""danger"", ""danger""]",danger,36,"{""normal"": 0, ""unsafe"": 0, ""danger"": 36}","{""normal"": 0.0, ""unsafe"": 0.0, ""danger"": 1.0}",0,danger,danger,danger,True,False,labeling_yolo_sequence_coverage,sampled_danger_then_danger_ratio_sampled_unsafe_then_unsafe_ratio_else_normal,"{""danger_threshold"": 0.3, ""unsafe_threshold"": 0.3, ""missing_txt_policy"": ""normal_if_absent""}",/home/capstone2/zroact-stage2/benchmark2/data/viz_shufflenet_test/test_frame_30fps/climb-over-fence_smart_rgb/images/intrusion_climb-over-fence_rgb_0081_cctv4/intrusion_climb-over-fence_rgb_0081_cctv4_t000286.jpg,/home/capstone2/zroact-stage2/benchmark2/data/viz_shufflenet_test/test_frame_30fps/climb-over-fence_smart_rgb/images/intrusion_climb-over-fence_rgb_0081_cctv4/intrusion_climb-over-fence_rgb_0081_cctv4_t000296.jpg,/home/capstone2/zroact-stage2/benchmark2/data/viz_shufflenet_test/test_frame_30fps/climb-over-fence_smart_rgb/images/intrusion_climb-over-fence_rgb_0081_cctv4/intrusion_climb-over-fence_rgb_0081_cctv4_t000306.jpg
intrusion_climb-over-fence_rgb_0081_cctv4_f000316_000326_000336,climb-over-fence_smart_rgb,intrusion_climb-over-fence_rgb_0081_cctv4,intrusion_candidate,"[316, 326, 336]","[10.533, 10.867, 11.2]","{""start_frame"": 301, ""end_frame"": 336}","[""stand, walk"", ""stand, walk"", ""stand, walk""]","[""danger"", ""danger"", ""danger""]",danger,36,"{""normal"": 0, ""unsafe"": 0, ""danger"": 36}","{""normal"": 0.0, ""unsafe"": 0.0, ""danger"": 1.0}",0,danger,danger,danger,True,False,labeling_yolo_sequence_coverage,sampled_danger_then_danger_ratio_sampled_unsafe_then_unsafe_ratio_else_normal,"{""danger_threshold"": 0.3, ""unsafe_threshold"": 0.3, ""missing_txt_policy"": ""normal_if_absent""}",/home/capstone2/zroact-stage2/benchmark2/data/viz_shufflenet_test/test_frame_30fps/climb-over-fence_smart_rgb/images/intrusion_climb-over-fence_rgb_0081_cctv4/intrusion_climb-over-fence_rgb_0081_cctv4_t000316.jpg,/home/capstone2/zroact-stage2/benchmark2/data/viz_shufflenet_test/test_frame_30fps/climb-over-fence_smart_rgb/images/intrusion_climb-over-fence_rgb_0081_cctv4/intrusion_climb-over-fence_rgb_0081_cctv4_t000326.jpg,/home/capstone2/zroact-stage2/benchmark2/data/viz_shufflenet_test/test_frame_30fps/climb-over-fence_smart_rgb/images/intrusion_climb-over-fence_rgb_0081_cctv4/intrusion_climb-over-fence_rgb_0081_cctv4_t000336.jpg
intrusion_climb-over-fence_rgb_0081_cctv4_f000346_000356_000366,climb-over-fence_smart_rgb,intrusion_climb-over-fence_rgb_0081_cctv4,intrusion_candidate,"[346, 356, 366]","[11.533, 11.867, 12.2]","{""start_frame"": 331, ""end_frame"": 366}","[""stand"", ""stand"", ""none""]","[""danger"", ""danger"", ""danger""]",danger,36,"{""normal"": 0, ""unsafe"": 0, ""danger"": 36}","{""normal"": 0.0, ""unsafe"": 0.0, ""danger"": 1.0}",0,danger,danger,danger,True,False,labeling_yolo_sequence_coverage,sampled_danger_then_danger_ratio_sampled_unsafe_then_unsafe_ratio_else_normal,"{""danger_threshold"": 0.3, ""unsafe_threshold"": 0.3, ""missing_txt_policy"": ""normal_if_absent""}",/home/capstone2/zroact-stage2/benchmark2/data/viz_shufflenet_test/test_frame_30fps/climb-over-fence_smart_rgb/images/intrusion_climb-over-fence_rgb_0081_cctv4/intrusion_climb-over-fence_rgb_0081_cctv4_t000346.jpg,/home/capstone2/zroact-stage2/benchmark2/data/viz_shufflenet_test/test_frame_30fps/climb-over-fence_smart_rgb/images/intrusion_climb-over-fence_rgb_0081_cctv4/intrusion_climb-over-fence_rgb_0081_cctv4_t000356.jpg,/home/capstone2/zroact-stage2/benchmark2/data/viz_shufflenet_test/test_frame_30fps/climb-over-fence_smart_rgb/images/intrusion_climb-over-fence_rgb_0081_cctv4/intrusion_climb-over-fence_rgb_0081_cctv4_t000366.jpg
intrusion_climb-over-fence_rgb_0081_cctv4_f000376_000386_000396,climb-over-fence_smart_rgb,intrusion_climb-over-fence_rgb_0081_cctv4,intrusion_candidate,"[376, 386, 396]","[12.533, 12.867, 13.2]","{""start_frame"": 361, ""end_frame"": 396}","[""none"", ""none"", ""none""]","[""danger"", ""danger"", ""danger""]",danger,36,"{""normal"": 0, ""unsafe"": 0, ""danger"": 36}","{""normal"": 0.0, ""unsafe"": 0.0, ""danger"": 1.0}",0,danger,danger,danger,True,False,labeling_yolo_sequence_coverage,sampled_danger_then_danger_ratio_sampled_unsafe_then_unsafe_ratio_else_normal,"{""danger_threshold"": 0.3, ""unsafe_threshold"": 0.3, ""missing_txt_policy"": ""normal_if_absent""}",/home/capstone2/zroact-stage2/benchmark2/data/viz_shufflenet_test/test_frame_30fps/climb-over-fence_smart_rgb/images/intrusion_climb-over-fence_rgb_0081_cctv4/intrusion_climb-over-fence_rgb_0081_cctv4_t000376.jpg,/home/capstone2/zroact-stage2/benchmark2/data/viz_shufflenet_test/test_frame_30fps/climb-over-fence_smart_rgb/images/intrusion_climb-over-fence_rgb_0081_cctv4/intrusion_climb-over-fence_rgb_0081_cctv4_t000386.jpg,/home/capstone2/zroact-stage2/benchmark2/data/viz_shufflenet_test/test_frame_30fps/climb-over-fence_smart_rgb/images/intrusion_climb-over-fence_rgb_0081_cctv4/intrusion_climb-over-fence_rgb_0081_cctv4_t000396.jpg
intrusion_climb-over-fence_rgb_0091_cctv2_f000016_000026_000036,climb-over-fence_smart_rgb,intrusion_climb-over-fence_rgb_0091_cctv2,intrusion_candidate,"[16, 26, 36]","[0.533, 0.867, 1.2]","{""start_frame"": 1, ""end_frame"": 36}","[""walk, carry/hold (an object)"", ""walk, carry/hold (an object)"", ""walk, carry/hold (an object)""]","[""unsafe"", ""danger"", ""danger""]",danger,36,"{""normal"": 0, ""unsafe"": 25, ""danger"": 11}","{""normal"": 0.0, ""unsafe"": 0.6944, ""danger"": 0.3056}",0,danger,danger,danger,True,False,labeling_yolo_sequence_coverage,sampled_danger_then_danger_ratio_sampled_unsafe_then_unsafe_ratio_else_normal,"{""danger_threshold"": 0.3, ""unsafe_threshold"": 0.3, ""missing_txt_policy"": ""normal_if_absent""}",/home/capstone2/zroact-stage2/benchmark2/data/viz_shufflenet_test/test_frame_30fps/climb-over-fence_smart_rgb/images/intrusion_climb-over-fence_rgb_0091_cctv2/intrusion_climb-over-fence_rgb_0091_cctv2_t000016.jpg,/home/capstone2/zroact-stage2/benchmark2/data/viz_shufflenet_test/test_frame_30fps/climb-over-fence_smart_rgb/images/intrusion_climb-over-fence_rgb_0091_cctv2/intrusion_climb-over-fence_rgb_0091_cctv2_t000026.jpg,/home/capstone2/zroact-stage2/benchmark2/data/viz_shufflenet_test/test_frame_30fps/climb-over-fence_smart_rgb/images/intrusion_climb-over-fence_rgb_0091_cctv2/intrusion_climb-over-fence_rgb_0091_cctv2_t000036.jpg
intrusion_climb-over-fence_rgb_0091_cctv2_f000046_000056_000066,climb-over-fence_smart_rgb,intrusion_climb-over-fence_rgb_0091_cctv2,intrusion_candidate,"[46, 56, 66]","[1.533, 1.867, 2.2]","{""start_frame"": 31, ""end_frame"": 66}","[""stand, carry/hold (an object)"", ""stand, carry/hold (an object)"", ""carry/hold (an object), walk""]","[""danger"", ""danger"", ""danger""]",danger,36,"{""normal"": 0, ""unsafe"": 0, ""danger"": 36}","{""normal"": 0.0, ""unsafe"": 0.0, ""danger"": 1.0}",0,danger,danger,danger,True,False,labeling_yolo_sequence_coverage,sampled_danger_then_danger_ratio_sampled_unsafe_then_unsafe_ratio_else_normal,"{""danger_threshold"": 0.3, ""unsafe_threshold"": 0.3, ""missing_txt_policy"": ""normal_if_absent""}",/home/capstone2/zroact-stage2/benchmark2/data/viz_shufflenet_test/test_frame_30fps/climb-over-fence_smart_rgb/images/intrusion_climb-over-fence_rgb_0091_cctv2/intrusion_climb-over-fence_rgb_0091_cctv2_t000046.jpg,/home/capstone2/zroact-stage2/benchmark2/data/viz_shufflenet_test/test_frame_30fps/climb-over-fence_smart_rgb/images/intrusion_climb-over-fence_rgb_0091_cctv2/intrusion_climb-over-fence_rgb_0091_cctv2_t000056.jpg,/home/capstone2/zroact-stage2/benchmark2/data/viz_shufflenet_test/test_frame_30fps/climb-over-fence_smart_rgb/images/intrusion_climb-over-fence_rgb_0091_cctv2/intrusion_climb-over-fence_rgb_0091_cctv2_t000066.jpg
intrusion_climb-over-fence_rgb_0091_cctv2_f000076_000086_000096,climb-over-fence_smart_rgb,intrusion_climb-over-fence_rgb_0091_cctv2,intrusion_candidate,"[76, 86, 96]","[2.533, 2.867, 3.2]","{""start_frame"": 61, ""end_frame"": 96}","[""carry/hold (an object), walk"", ""stand, carry/hold (an object)"", ""stand, answer phone""]","[""danger"", ""danger"", ""danger""]",danger,36,"{""normal"": 0, ""unsafe"": 0, ""danger"": 36}","{""normal"": 0.0, ""unsafe"": 0.0, ""danger"": 1.0}",0,danger,danger,danger,True,False,labeling_yolo_sequence_coverage,sampled_danger_then_danger_ratio_sampled_unsafe_then_unsafe_ratio_else_normal,"{""danger_threshold"": 0.3, ""unsafe_threshold"": 0.3, ""missing_txt_policy"": ""normal_if_absent""}",/home/capstone2/zroact-stage2/benchmark2/data/viz_shufflenet_test/test_frame_30fps/climb-over-fence_smart_rgb/images/intrusion_climb-over-fence_rgb_0091_cctv2/intrusion_climb-over-fence_rgb_0091_cctv2_t000076.jpg,/home/capstone2/zroact-stage2/benchmark2/data/viz_shufflenet_test/test_frame_30fps/climb-over-fence_smart_rgb/images/intrusion_climb-over-fence_rgb_0091_cctv2/intrusion_climb-over-fence_rgb_0091_cctv2_t000086.jpg,/home/capstone2/zroact-stage2/benchmark2/data/viz_shufflenet_test/test_frame_30fps/climb-over-fence_smart_rgb/images/intrusion_climb-over-fence_rgb_0091_cctv2/intrusion_climb-over-fence_rgb_0091_cctv2_t000096.jpg
intrusion_climb-over-fence_rgb_0091_cctv2_f000106_000116_000126,climb-over-fence_smart_rgb,intrusion_climb-over-fence_rgb_0091_cctv2,intrusion_candidate,"[106, 116, 126]","[3.533, 3.867, 4.2]","{""start_frame"": 91, ""end_frame"": 126}","[""stand, answer phone"", ""stand, answer phone"", ""stand, answer phone""]","[""danger"", ""danger"", ""danger""]",danger,36,"{""normal"": 0, ""unsafe"": 0, ""danger"": 36}","{""normal"": 0.0, ""unsafe"": 0.0, ""danger"": 1.0}",0,danger,danger,danger,True,False,labeling_yolo_sequence_coverage,sampled_danger_then_danger_ratio_sampled_unsafe_then_unsafe_ratio_else_normal,"{""danger_threshold"": 0.3, ""unsafe_threshold"": 0.3, ""missing_txt_policy"": ""normal_if_absent""}",/home/capstone2/zroact-stage2/benchmark2/data/viz_shufflenet_test/test_frame_30fps/climb-over-fence_smart_rgb/images/intrusion_climb-over-fence_rgb_0091_cctv2/intrusion_climb-over-fence_rgb_0091_cctv2_t000106.jpg,/home/capstone2/zroact-stage2/benchmark2/data/viz_shufflenet_test/test_frame_30fps/climb-over-fence_smart_rgb/images/intrusion_climb-over-fence_rgb_0091_cctv2/intrusion_climb-over-fence_rgb_0091_cctv2_t000116.jpg,/home/capstone2/zroact-stage2/benchmark2/data/viz_shufflenet_test/test_frame_30fps/climb-over-fence_smart_rgb/images/intrusion_climb-over-fence_rgb_0091_cctv2/intrusion_climb-over-fence_rgb_0091_cctv2_t000126.jpg
intrusion_climb-over-fence_rgb_0091_cctv2_f000136_000146_000156,climb-over-fence_smart_rgb,intrusion_climb-over-fence_rgb_0091_cctv2,intrusion_candidate,"[136, 146, 156]","[4.533, 4.867, 5.2]","{""start_frame"": 121, ""end_frame"": 156}","[""stand, answer phone"", ""stand, answer phone"", ""stand, carry/hold (an object)""]","[""danger"", ""danger"", ""danger""]",danger,36,"{""normal"": 0, ""unsafe"": 0, ""danger"": 36}","{""normal"": 0.0, ""unsafe"": 0.0, ""danger"": 1.0}",0,danger,danger,danger,True,False,labeling_yolo_sequence_coverage,sampled_danger_then_danger_ratio_sampled_unsafe_then_unsafe_ratio_else_normal,"{""danger_threshold"": 0.3, ""unsafe_threshold"": 0.3, ""missing_txt_policy"": ""normal_if_absent""}",/home/capstone2/zroact-stage2/benchmark2/data/viz_shufflenet_test/test_frame_30fps/climb-over-fence_smart_rgb/images/intrusion_climb-over-fence_rgb_0091_cctv2/intrusion_climb-over-fence_rgb_0091_cctv2_t000136.jpg,/home/capstone2/zroact-stage2/benchmark2/data/viz_shufflenet_test/test_frame_30fps/climb-over-fence_smart_rgb/images/intrusion_climb-over-fence_rgb_0091_cctv2/intrusion_climb-over-fence_rgb_0091_cctv2_t000146.jpg,/home/capstone2/zroact-stage2/benchmark2/data/viz_shufflenet_test/test_frame_30fps/climb-over-fence_smart_rgb/images/intrusion_climb-over-fence_rgb_0091_cctv2/intrusion_climb-over-fence_rgb_0091_cctv2_t000156.jpg
intrusion_climb-over-fence_rgb_0091_cctv2_f000166_000176_000186,climb-over-fence_smart_rgb,intrusion_climb-over-fence_rgb_0091_cctv2,intrusion_candidate,"[166, 176, 186]","[5.533, 5.867, 6.2]","{""start_frame"": 151, ""end_frame"": 186}","[""carry/hold (an object), walk"", ""carry/hold (an object), stand"", ""stand, carry/hold (an object)""]","[""danger"", ""danger"", ""danger""]",danger,36,"{""normal"": 0, ""unsafe"": 0, ""danger"": 36}","{""normal"": 0.0, ""unsafe"": 0.0, ""danger"": 1.0}",0,danger,danger,danger,True,False,labeling_yolo_sequence_coverage,sampled_danger_then_danger_ratio_sampled_unsafe_then_unsafe_ratio_else_normal,"{""danger_threshold"": 0.3, ""unsafe_threshold"": 0.3, ""missing_txt_policy"": ""normal_if_absent""}",/home/capstone2/zroact-stage2/benchmark2/data/viz_shufflenet_test/test_frame_30fps/climb-over-fence_smart_rgb/images/intrusion_climb-over-fence_rgb_0091_cctv2/intrusion_climb-over-fence_rgb_0091_cctv2_t000166.jpg,/home/capstone2/zroact-stage2/benchmark2/data/viz_shufflenet_test/test_frame_30fps/climb-over-fence_smart_rgb/images/intrusion_climb-over-fence_rgb_0091_cctv2/intrusion_climb-over-fence_rgb_0091_cctv2_t000176.jpg,/home/capstone2/zroact-stage2/benchmark2/data/viz_shufflenet_test/test_frame_30fps/climb-over-fence_smart_rgb/images/intrusion_climb-over-fence_rgb_0091_cctv2/intrusion_climb-over-fence_rgb_0091_cctv2_t000186.jpg
intrusion_climb-over-fence_rgb_0091_cctv2_f000196_000206_000216,climb-over-fence_smart_rgb,intrusion_climb-over-fence_rgb_0091_cctv2,intrusion_candidate,"[196, 206, 216]","[6.533, 6.867, 7.2]","{""start_frame"": 181, ""end_frame"": 216}","[""stand, carry/hold (an object)"", ""walk, carry/hold (an object)"", ""walk, carry/hold (an object)""]","[""danger"", ""danger"", ""danger""]",danger,36,"{""normal"": 0, ""unsafe"": 0, ""danger"": 36}","{""normal"": 0.0, ""unsafe"": 0.0, ""danger"": 1.0}",0,danger,danger,danger,True,False,labeling_yolo_sequence_coverage,sampled_danger_then_danger_ratio_sampled_unsafe_then_unsafe_ratio_else_normal,"{""danger_threshold"": 0.3, ""unsafe_threshold"": 0.3, ""missing_txt_policy"": ""normal_if_absent""}",/home/capstone2/zroact-stage2/benchmark2/data/viz_shufflenet_test/test_frame_30fps/climb-over-fence_smart_rgb/images/intrusion_climb-over-fence_rgb_0091_cctv2/intrusion_climb-over-fence_rgb_0091_cctv2_t000196.jpg,/home/capstone2/zroact-stage2/benchmark2/data/viz_shufflenet_test/test_frame_30fps/climb-over-fence_smart_rgb/images/intrusion_climb-over-fence_rgb_0091_cctv2/intrusion_climb-over-fence_rgb_0091_cctv2_t000206.jpg,/home/capstone2/zroact-stage2/benchmark2/data/viz_shufflenet_test/test_frame_30fps/climb-over-fence_smart_rgb/images/intrusion_climb-over-fence_rgb_0091_cctv2/intrusion_climb-over-fence_rgb_0091_cctv2_t000216.jpg
intrusion_climb-over-fence_rgb_0091_cctv2_f000226_000236_000246,climb-over-fence_smart_rgb,intrusion_climb-over-fence_rgb_0091_cctv2,intrusion_candidate,"[226, 236, 246]","[7.533, 7.867, 8.2]","{""start_frame"": 211, ""end_frame"": 246}","[""bend/bow (at the waist), stand"", ""bend/bow (at the waist), stand"", ""stand, carry/hold (an object)""]","[""danger"", ""danger"", ""danger""]",danger,36,"{""normal"": 0, ""unsafe"": 0, ""danger"": 36}","{""normal"": 0.0, ""unsafe"": 0.0, ""danger"": 1.0}",0,danger,danger,danger,True,False,labeling_yolo_sequence_coverage,sampled_danger_then_danger_ratio_sampled_unsafe_then_unsafe_ratio_else_normal,"{""danger_threshold"": 0.3, ""unsafe_threshold"": 0.3, ""missing_txt_policy"": ""normal_if_absent""}",/home/capstone2/zroact-stage2/benchmark2/data/viz_shufflenet_test/test_frame_30fps/climb-over-fence_smart_rgb/images/intrusion_climb-over-fence_rgb_0091_cctv2/intrusion_climb-over-fence_rgb_0091_cctv2_t000226.jpg,/home/capstone2/zroact-stage2/benchmark2/data/viz_shufflenet_test/test_frame_30fps/climb-over-fence_smart_rgb/images/intrusion_climb-over-fence_rgb_0091_cctv2/intrusion_climb-over-fence_rgb_0091_cctv2_t000236.jpg,/home/capstone2/zroact-stage2/benchmark2/data/viz_shufflenet_test/test_frame_30fps/climb-over-fence_smart_rgb/images/intrusion_climb-over-fence_rgb_0091_cctv2/intrusion_climb-over-fence_rgb_0091_cctv2_t000246.jpg
intrusion_climb-over-fence_rgb_0091_cctv2_f000256_000266_000276,climb-over-fence_smart_rgb,intrusion_climb-over-fence_rgb_0091_cctv2,intrusion_candidate,"[256, 266, 276]","[8.533, 8.867, 9.2]","{""start_frame"": 241, ""end_frame"": 276}","[""stand, carry/hold (an object)"", ""stand, walk"", ""stand, walk""]","[""danger"", ""danger"", ""danger""]",danger,36,"{""normal"": 0, ""unsafe"": 0, ""danger"": 36}","{""normal"": 0.0, ""unsafe"": 0.0, ""danger"": 1.0}",0,danger,danger,danger,True,False,labeling_yolo_sequence_coverage,sampled_danger_then_danger_ratio_sampled_unsafe_then_unsafe_ratio_else_normal,"{""danger_threshold"": 0.3, ""unsafe_threshold"": 0.3, ""missing_txt_policy"": ""normal_if_absent""}",/home/capstone2/zroact-stage2/benchmark2/data/viz_shufflenet_test/test_frame_30fps/climb-over-fence_smart_rgb/images/intrusion_climb-over-fence_rgb_0091_cctv2/intrusion_climb-over-fence_rgb_0091_cctv2_t000256.jpg,/home/capstone2/zroact-stage2/benchmark2/data/viz_shufflenet_test/test_frame_30fps/climb-over-fence_smart_rgb/images/intrusion_climb-over-fence_rgb_0091_cctv2/intrusion_climb-over-fence_rgb_0091_cctv2_t000266.jpg,/home/capstone2/zroact-stage2/benchmark2/data/viz_shufflenet_test/test_frame_30fps/climb-over-fence_smart_rgb/images/intrusion_climb-over-fence_rgb_0091_cctv2/intrusion_climb-over-fence_rgb_0091_cctv2_t000276.jpg
intrusion_climb-over-fence_rgb_0091_cctv2_f000286_000296_000306,climb-over-fence_smart_rgb,intrusion_climb-over-fence_rgb_0091_cctv2,intrusion_candidate,"[286, 296, 306]","[9.533, 9.867, 10.2]","{""start_frame"": 271, ""end_frame"": 306}","[""stand, answer phone"", ""stand, answer phone"", ""stand, answer phone""]","[""danger"", ""danger"", ""danger""]",danger,36,"{""normal"": 0, ""unsafe"": 0, ""danger"": 36}","{""normal"": 0.0, ""unsafe"": 0.0, ""danger"": 1.0}",0,danger,danger,danger,True,False,labeling_yolo_sequence_coverage,sampled_danger_then_danger_ratio_sampled_unsafe_then_unsafe_ratio_else_normal,"{""danger_threshold"": 0.3, ""unsafe_threshold"": 0.3, ""missing_txt_policy"": ""normal_if_absent""}",/home/capstone2/zroact-stage2/benchmark2/data/viz_shufflenet_test/test_frame_30fps/climb-over-fence_smart_rgb/images/intrusion_climb-over-fence_rgb_0091_cctv2/intrusion_climb-over-fence_rgb_0091_cctv2_t000286.jpg,/home/capstone2/zroact-stage2/benchmark2/data/viz_shufflenet_test/test_frame_30fps/climb-over-fence_smart_rgb/images/intrusion_climb-over-fence_rgb_0091_cctv2/intrusion_climb-over-fence_rgb_0091_cctv2_t000296.jpg,/home/capstone2/zroact-stage2/benchmark2/data/viz_shufflenet_test/test_frame_30fps/climb-over-fence_smart_rgb/images/intrusion_climb-over-fence_rgb_0091_cctv2/intrusion_climb-over-fence_rgb_0091_cctv2_t000306.jpg
intrusion_climb-over-fence_rgb_0091_cctv2_f000316_000326_000336,climb-over-fence_smart_rgb,intrusion_climb-over-fence_rgb_0091_cctv2,intrusion_candidate,"[316, 326, 336]","[10.533, 10.867, 11.2]","{""start_frame"": 301, ""end_frame"": 336}","[""stand, answer phone"", ""stand, answer phone"", ""stand, walk""]","[""danger"", ""danger"", ""danger""]",danger,36,"{""normal"": 0, ""unsafe"": 0, ""danger"": 36}","{""normal"": 0.0, ""unsafe"": 0.0, ""danger"": 1.0}",0,danger,danger,danger,True,False,labeling_yolo_sequence_coverage,sampled_danger_then_danger_ratio_sampled_unsafe_then_unsafe_ratio_else_normal,"{""danger_threshold"": 0.3, ""unsafe_threshold"": 0.3, ""missing_txt_policy"": ""normal_if_absent""}",/home/capstone2/zroact-stage2/benchmark2/data/viz_shufflenet_test/test_frame_30fps/climb-over-fence_smart_rgb/images/intrusion_climb-over-fence_rgb_0091_cctv2/intrusion_climb-over-fence_rgb_0091_cctv2_t000316.jpg,/home/capstone2/zroact-stage2/benchmark2/data/viz_shufflenet_test/test_frame_30fps/climb-over-fence_smart_rgb/images/intrusion_climb-over-fence_rgb_0091_cctv2/intrusion_climb-over-fence_rgb_0091_cctv2_t000326.jpg,/home/capstone2/zroact-stage2/benchmark2/data/viz_shufflenet_test/test_frame_30fps/climb-over-fence_smart_rgb/images/intrusion_climb-over-fence_rgb_0091_cctv2/intrusion_climb-over-fence_rgb_0091_cctv2_t000336.jpg
intrusion_climb-over-fence_rgb_0091_cctv2_f000346_000356_000366,climb-over-fence_smart_rgb,intrusion_climb-over-fence_rgb_0091_cctv2,intrusion_candidate,"[346, 356, 366]","[11.533, 11.867, 12.2]","{""start_frame"": 331, ""end_frame"": 366}","[""stand, carry/hold (an object)"", ""stand, carry/hold (an object)"", ""stand, carry/hold (an object)""]","[""danger"", ""danger"", ""danger""]",danger,36,"{""normal"": 0, ""unsafe"": 0, ""danger"": 36}","{""normal"": 0.0, ""unsafe"": 0.0, ""danger"": 1.0}",0,danger,danger,danger,True,False,labeling_yolo_sequence_coverage,sampled_danger_then_danger_ratio_sampled_unsafe_then_unsafe_ratio_else_normal,"{""danger_threshold"": 0.3, ""unsafe_threshold"": 0.3, ""missing_txt_policy"": ""normal_if_absent""}",/home/capstone2/zroact-stage2/benchmark2/data/viz_shufflenet_test/test_frame_30fps/climb-over-fence_smart_rgb/images/intrusion_climb-over-fence_rgb_0091_cctv2/intrusion_climb-over-fence_rgb_0091_cctv2_t000346.jpg,/home/capstone2/zroact-stage2/benchmark2/data/viz_shufflenet_test/test_frame_30fps/climb-over-fence_smart_rgb/images/intrusion_climb-over-fence_rgb_0091_cctv2/intrusion_climb-over-fence_rgb_0091_cctv2_t000356.jpg,/home/capstone2/zroact-stage2/benchmark2/data/viz_shufflenet_test/test_frame_30fps/climb-over-fence_smart_rgb/images/intrusion_climb-over-fence_rgb_0091_cctv2/intrusion_climb-over-fence_rgb_0091_cctv2_t000366.jpg
intrusion_climb-over-fence_rgb_0091_cctv2_f000376_000386_000396,climb-over-fence_smart_rgb,intrusion_climb-over-fence_rgb_0091_cctv2,intrusion_candidate,"[376, 386, 396]","[12.533, 12.867, 13.2]","{""start_frame"": 361, ""end_frame"": 396}","[""stand, carry/hold (an object)"", ""stand, walk"", ""stand, carry/hold (an object)""]","[""danger"", ""danger"", ""danger""]",danger,36,"{""normal"": 0, ""unsafe"": 0, ""danger"": 36}","{""normal"": 0.0, ""unsafe"": 0.0, ""danger"": 1.0}",0,danger,danger,danger,True,False,labeling_yolo_sequence_coverage,sampled_danger_then_danger_ratio_sampled_unsafe_then_unsafe_ratio_else_normal,"{""danger_threshold"": 0.3, ""unsafe_threshold"": 0.3, ""missing_txt_policy"": ""normal_if_absent""}",/home/capstone2/zroact-stage2/benchmark2/data/viz_shufflenet_test/test_frame_30fps/climb-over-fence_smart_rgb/images/intrusion_climb-over-fence_rgb_0091_cctv2/intrusion_climb-over-fence_rgb_0091_cctv2_t000376.jpg,/home/capstone2/zroact-stage2/benchmark2/data/viz_shufflenet_test/test_frame_30fps/climb-over-fence_smart_rgb/images/intrusion_climb-over-fence_rgb_0091_cctv2/intrusion_climb-over-fence_rgb_0091_cctv2_t000386.jpg,/home/capstone2/zroact-stage2/benchmark2/data/viz_shufflenet_test/test_frame_30fps/climb-over-fence_smart_rgb/images/intrusion_climb-over-fence_rgb_0091_cctv2/intrusion_climb-over-fence_rgb_0091_cctv2_t000396.jpg
intrusion_climb-over-fence_rgb_0098_cctv3_f000016_000026_000036,climb-over-fence_smart_rgb,intrusion_climb-over-fence_rgb_0098_cctv3,intrusion_candidate,"[16, 26, 36]","[0.533, 0.867, 1.2]","{""start_frame"": 1, ""end_frame"": 36}","[""carry/hold (an object), walk"", ""carry/hold (an object), walk"", ""walk, carry/hold (an object)""]","[""danger"", ""danger"", ""danger""]",danger,36,"{""normal"": 0, ""unsafe"": 2, ""danger"": 34}","{""normal"": 0.0, ""unsafe"": 0.0556, ""danger"": 0.9444}",0,danger,danger,danger,True,False,labeling_yolo_sequence_coverage,sampled_danger_then_danger_ratio_sampled_unsafe_then_unsafe_ratio_else_normal,"{""danger_threshold"": 0.3, ""unsafe_threshold"": 0.3, ""missing_txt_policy"": ""normal_if_absent""}",/home/capstone2/zroact-stage2/benchmark2/data/viz_shufflenet_test/test_frame_30fps/climb-over-fence_smart_rgb/images/intrusion_climb-over-fence_rgb_0098_cctv3/intrusion_climb-over-fence_rgb_0098_cctv3_t000016.jpg,/home/capstone2/zroact-stage2/benchmark2/data/viz_shufflenet_test/test_frame_30fps/climb-over-fence_smart_rgb/images/intrusion_climb-over-fence_rgb_0098_cctv3/intrusion_climb-over-fence_rgb_0098_cctv3_t000026.jpg,/home/capstone2/zroact-stage2/benchmark2/data/viz_shufflenet_test/test_frame_30fps/climb-over-fence_smart_rgb/images/intrusion_climb-over-fence_rgb_0098_cctv3/intrusion_climb-over-fence_rgb_0098_cctv3_t000036.jpg
intrusion_climb-over-fence_rgb_0098_cctv3_f000046_000056_000066,climb-over-fence_smart_rgb,intrusion_climb-over-fence_rgb_0098_cctv3,intrusion_candidate,"[46, 56, 66]","[1.533, 1.867, 2.2]","{""start_frame"": 31, ""end_frame"": 66}","[""stand, walk"", ""stand, carry/hold (an object)"", ""stand, carry/hold (an object)""]","[""danger"", ""danger"", ""danger""]",danger,36,"{""normal"": 0, ""unsafe"": 0, ""danger"": 36}","{""normal"": 0.0, ""unsafe"": 0.0, ""danger"": 1.0}",0,danger,danger,danger,True,False,labeling_yolo_sequence_coverage,sampled_danger_then_danger_ratio_sampled_unsafe_then_unsafe_ratio_else_normal,"{""danger_threshold"": 0.3, ""unsafe_threshold"": 0.3, ""missing_txt_policy"": ""normal_if_absent""}",/home/capstone2/zroact-stage2/benchmark2/data/viz_shufflenet_test/test_frame_30fps/climb-over-fence_smart_rgb/images/intrusion_climb-over-fence_rgb_0098_cctv3/intrusion_climb-over-fence_rgb_0098_cctv3_t000046.jpg,/home/capstone2/zroact-stage2/benchmark2/data/viz_shufflenet_test/test_frame_30fps/climb-over-fence_smart_rgb/images/intrusion_climb-over-fence_rgb_0098_cctv3/intrusion_climb-over-fence_rgb_0098_cctv3_t000056.jpg,/home/capstone2/zroact-stage2/benchmark2/data/viz_shufflenet_test/test_frame_30fps/climb-over-fence_smart_rgb/images/intrusion_climb-over-fence_rgb_0098_cctv3/intrusion_climb-over-fence_rgb_0098_cctv3_t000066.jpg
intrusion_climb-over-fence_rgb_0098_cctv3_f000076_000086_000096,climb-over-fence_smart_rgb,intrusion_climb-over-fence_rgb_0098_cctv3,intrusion_candidate,"[76, 86, 96]","[2.533, 2.867, 3.2]","{""start_frame"": 61, ""end_frame"": 96}","[""stand, carry/hold (an object)"", ""walk, carry/hold (an object)"", ""walk, run/jog""]","[""danger"", ""danger"", ""danger""]",danger,36,"{""normal"": 0, ""unsafe"": 0, ""danger"": 36}","{""normal"": 0.0, ""unsafe"": 0.0, ""danger"": 1.0}",0,danger,danger,danger,True,False,labeling_yolo_sequence_coverage,sampled_danger_then_danger_ratio_sampled_unsafe_then_unsafe_ratio_else_normal,"{""danger_threshold"": 0.3, ""unsafe_threshold"": 0.3, ""missing_txt_policy"": ""normal_if_absent""}",/home/capstone2/zroact-stage2/benchmark2/data/viz_shufflenet_test/test_frame_30fps/climb-over-fence_smart_rgb/images/intrusion_climb-over-fence_rgb_0098_cctv3/intrusion_climb-over-fence_rgb_0098_cctv3_t000076.jpg,/home/capstone2/zroact-stage2/benchmark2/data/viz_shufflenet_test/test_frame_30fps/climb-over-fence_smart_rgb/images/intrusion_climb-over-fence_rgb_0098_cctv3/intrusion_climb-over-fence_rgb_0098_cctv3_t000086.jpg,/home/capstone2/zroact-stage2/benchmark2/data/viz_shufflenet_test/test_frame_30fps/climb-over-fence_smart_rgb/images/intrusion_climb-over-fence_rgb_0098_cctv3/intrusion_climb-over-fence_rgb_0098_cctv3_t000096.jpg
intrusion_climb-over-fence_rgb_0098_cctv3_f000106_000116_000126,climb-over-fence_smart_rgb,intrusion_climb-over-fence_rgb_0098_cctv3,intrusion_candidate,"[106, 116, 126]","[3.533, 3.867, 4.2]","{""start_frame"": 91, ""end_frame"": 126}","[""walk, carry/hold (an object)"", ""walk, carry/hold (an object)"", ""walk, carry/hold (an object)""]","[""danger"", ""danger"", ""danger""]",danger,36,"{""normal"": 0, ""unsafe"": 0, ""danger"": 36}","{""normal"": 0.0, ""unsafe"": 0.0, ""danger"": 1.0}",0,danger,danger,danger,True,False,labeling_yolo_sequence_coverage,sampled_danger_then_danger_ratio_sampled_unsafe_then_unsafe_ratio_else_normal,"{""danger_threshold"": 0.3, ""unsafe_threshold"": 0.3, ""missing_txt_policy"": ""normal_if_absent""}",/home/capstone2/zroact-stage2/benchmark2/data/viz_shufflenet_test/test_frame_30fps/climb-over-fence_smart_rgb/images/intrusion_climb-over-fence_rgb_0098_cctv3/intrusion_climb-over-fence_rgb_0098_cctv3_t000106.jpg,/home/capstone2/zroact-stage2/benchmark2/data/viz_shufflenet_test/test_frame_30fps/climb-over-fence_smart_rgb/images/intrusion_climb-over-fence_rgb_0098_cctv3/intrusion_climb-over-fence_rgb_0098_cctv3_t000116.jpg,/home/capstone2/zroact-stage2/benchmark2/data/viz_shufflenet_test/test_frame_30fps/climb-over-fence_smart_rgb/images/intrusion_climb-over-fence_rgb_0098_cctv3/intrusion_climb-over-fence_rgb_0098_cctv3_t000126.jpg
intrusion_climb-over-fence_rgb_0098_cctv3_f000136_000146_000156,climb-over-fence_smart_rgb,intrusion_climb-over-fence_rgb_0098_cctv3,intrusion_candidate,"[136, 146, 156]","[4.533, 4.867, 5.2]","{""start_frame"": 121, ""end_frame"": 156}","[""walk, carry/hold (an object)"", ""walk, carry/hold (an object)"", ""carry/hold (an object), stand""]","[""danger"", ""danger"", ""danger""]",danger,36,"{""normal"": 0, ""unsafe"": 0, ""danger"": 36}","{""normal"": 0.0, ""unsafe"": 0.0, ""danger"": 1.0}",0,danger,danger,danger,True,False,labeling_yolo_sequence_coverage,sampled_danger_then_danger_ratio_sampled_unsafe_then_unsafe_ratio_else_normal,"{""danger_threshold"": 0.3, ""unsafe_threshold"": 0.3, ""missing_txt_policy"": ""normal_if_absent""}",/home/capstone2/zroact-stage2/benchmark2/data/viz_shufflenet_test/test_frame_30fps/climb-over-fence_smart_rgb/images/intrusion_climb-over-fence_rgb_0098_cctv3/intrusion_climb-over-fence_rgb_0098_cctv3_t000136.jpg,/home/capstone2/zroact-stage2/benchmark2/data/viz_shufflenet_test/test_frame_30fps/climb-over-fence_smart_rgb/images/intrusion_climb-over-fence_rgb_0098_cctv3/intrusion_climb-over-fence_rgb_0098_cctv3_t000146.jpg,/home/capstone2/zroact-stage2/benchmark2/data/viz_shufflenet_test/test_frame_30fps/climb-over-fence_smart_rgb/images/intrusion_climb-over-fence_rgb_0098_cctv3/intrusion_climb-over-fence_rgb_0098_cctv3_t000156.jpg
intrusion_climb-over-fence_rgb_0098_cctv3_f000166_000176_000186,climb-over-fence_smart_rgb,intrusion_climb-over-fence_rgb_0098_cctv3,intrusion_candidate,"[166, 176, 186]","[5.533, 5.867, 6.2]","{""start_frame"": 151, ""end_frame"": 186}","[""walk, carry/hold (an object)"", ""walk, carry/hold (an object)"", ""walk, carry/hold (an object)""]","[""danger"", ""danger"", ""danger""]",danger,36,"{""normal"": 0, ""unsafe"": 0, ""danger"": 36}","{""normal"": 0.0, ""unsafe"": 0.0, ""danger"": 1.0}",0,danger,danger,danger,True,False,labeling_yolo_sequence_coverage,sampled_danger_then_danger_ratio_sampled_unsafe_then_unsafe_ratio_else_normal,"{""danger_threshold"": 0.3, ""unsafe_threshold"": 0.3, ""missing_txt_policy"": ""normal_if_absent""}",/home/capstone2/zroact-stage2/benchmark2/data/viz_shufflenet_test/test_frame_30fps/climb-over-fence_smart_rgb/images/intrusion_climb-over-fence_rgb_0098_cctv3/intrusion_climb-over-fence_rgb_0098_cctv3_t000166.jpg,/home/capstone2/zroact-stage2/benchmark2/data/viz_shufflenet_test/test_frame_30fps/climb-over-fence_smart_rgb/images/intrusion_climb-over-fence_rgb_0098_cctv3/intrusion_climb-over-fence_rgb_0098_cctv3_t000176.jpg,/home/capstone2/zroact-stage2/benchmark2/data/viz_shufflenet_test/test_frame_30fps/climb-over-fence_smart_rgb/images/intrusion_climb-over-fence_rgb_0098_cctv3/intrusion_climb-over-fence_rgb_0098_cctv3_t000186.jpg
intrusion_climb-over-fence_rgb_0098_cctv3_f000196_000206_000216,climb-over-fence_smart_rgb,intrusion_climb-over-fence_rgb_0098_cctv3,intrusion_candidate,"[196, 206, 216]","[6.533, 6.867, 7.2]","{""start_frame"": 181, ""end_frame"": 216}","[""walk, carry/hold (an object)"", ""walk, carry/hold (an object)"", ""walk, carry/hold (an object)""]","[""danger"", ""danger"", ""danger""]",danger,36,"{""normal"": 0, ""unsafe"": 0, ""danger"": 36}","{""normal"": 0.0, ""unsafe"": 0.0, ""danger"": 1.0}",0,danger,danger,danger,True,False,labeling_yolo_sequence_coverage,sampled_danger_then_danger_ratio_sampled_unsafe_then_unsafe_ratio_else_normal,"{""danger_threshold"": 0.3, ""unsafe_threshold"": 0.3, ""missing_txt_policy"": ""normal_if_absent""}",/home/capstone2/zroact-stage2/benchmark2/data/viz_shufflenet_test/test_frame_30fps/climb-over-fence_smart_rgb/images/intrusion_climb-over-fence_rgb_0098_cctv3/intrusion_climb-over-fence_rgb_0098_cctv3_t000196.jpg,/home/capstone2/zroact-stage2/benchmark2/data/viz_shufflenet_test/test_frame_30fps/climb-over-fence_smart_rgb/images/intrusion_climb-over-fence_rgb_0098_cctv3/intrusion_climb-over-fence_rgb_0098_cctv3_t000206.jpg,/home/capstone2/zroact-stage2/benchmark2/data/viz_shufflenet_test/test_frame_30fps/climb-over-fence_smart_rgb/images/intrusion_climb-over-fence_rgb_0098_cctv3/intrusion_climb-over-fence_rgb_0098_cctv3_t000216.jpg
intrusion_climb-over-fence_rgb_0098_cctv3_f000226_000236_000246,climb-over-fence_smart_rgb,intrusion_climb-over-fence_rgb_0098_cctv3,intrusion_candidate,"[226, 236, 246]","[7.533, 7.867, 8.2]","{""start_frame"": 211, ""end_frame"": 246}","[""stand, walk"", ""walk, carry/hold (an object)"", ""stand, walk""]","[""danger"", ""danger"", ""danger""]",danger,36,"{""normal"": 0, ""unsafe"": 0, ""danger"": 36}","{""normal"": 0.0, ""unsafe"": 0.0, ""danger"": 1.0}",0,danger,danger,danger,True,False,labeling_yolo_sequence_coverage,sampled_danger_then_danger_ratio_sampled_unsafe_then_unsafe_ratio_else_normal,"{""danger_threshold"": 0.3, ""unsafe_threshold"": 0.3, ""missing_txt_policy"": ""normal_if_absent""}",/home/capstone2/zroact-stage2/benchmark2/data/viz_shufflenet_test/test_frame_30fps/climb-over-fence_smart_rgb/images/intrusion_climb-over-fence_rgb_0098_cctv3/intrusion_climb-over-fence_rgb_0098_cctv3_t000226.jpg,/home/capstone2/zroact-stage2/benchmark2/data/viz_shufflenet_test/test_frame_30fps/climb-over-fence_smart_rgb/images/intrusion_climb-over-fence_rgb_0098_cctv3/intrusion_climb-over-fence_rgb_0098_cctv3_t000236.jpg,/home/capstone2/zroact-stage2/benchmark2/data/viz_shufflenet_test/test_frame_30fps/climb-over-fence_smart_rgb/images/intrusion_climb-over-fence_rgb_0098_cctv3/intrusion_climb-over-fence_rgb_0098_cctv3_t000246.jpg
intrusion_climb-over-fence_rgb_0098_cctv3_f000256_000266_000276,climb-over-fence_smart_rgb,intrusion_climb-over-fence_rgb_0098_cctv3,intrusion_candidate,"[256, 266, 276]","[8.533, 8.867, 9.2]","{""start_frame"": 241, ""end_frame"": 276}","[""stand, carry/hold (an object)"", ""stand, carry/hold (an object)"", ""stand, walk""]","[""danger"", ""danger"", ""danger""]",danger,36,"{""normal"": 0, ""unsafe"": 0, ""danger"": 36}","{""normal"": 0.0, ""unsafe"": 0.0, ""danger"": 1.0}",0,danger,danger,danger,True,False,labeling_yolo_sequence_coverage,sampled_danger_then_danger_ratio_sampled_unsafe_then_unsafe_ratio_else_normal,"{""danger_threshold"": 0.3, ""unsafe_threshold"": 0.3, ""missing_txt_policy"": ""normal_if_absent""}",/home/capstone2/zroact-stage2/benchmark2/data/viz_shufflenet_test/test_frame_30fps/climb-over-fence_smart_rgb/images/intrusion_climb-over-fence_rgb_0098_cctv3/intrusion_climb-over-fence_rgb_0098_cctv3_t000256.jpg,/home/capstone2/zroact-stage2/benchmark2/data/viz_shufflenet_test/test_frame_30fps/climb-over-fence_smart_rgb/images/intrusion_climb-over-fence_rgb_0098_cctv3/intrusion_climb-over-fence_rgb_0098_cctv3_t000266.jpg,/home/capstone2/zroact-stage2/benchmark2/data/viz_shufflenet_test/test_frame_30fps/climb-over-fence_smart_rgb/images/intrusion_climb-over-fence_rgb_0098_cctv3/intrusion_climb-over-fence_rgb_0098_cctv3_t000276.jpg
intrusion_climb-over-fence_rgb_0098_cctv3_f000286_000296_000306,climb-over-fence_smart_rgb,intrusion_climb-over-fence_rgb_0098_cctv3,intrusion_candidate,"[286, 296, 306]","[9.533, 9.867, 10.2]","{""start_frame"": 271, ""end_frame"": 306}","[""stand, walk"", ""stand, walk"", ""stand, walk""]","[""danger"", ""danger"", ""danger""]",danger,36,"{""normal"": 0, ""unsafe"": 0, ""danger"": 36}","{""normal"": 0.0, ""unsafe"": 0.0, ""danger"": 1.0}",0,danger,danger,danger,True,False,labeling_yolo_sequence_coverage,sampled_danger_then_danger_ratio_sampled_unsafe_then_unsafe_ratio_else_normal,"{""danger_threshold"": 0.3, ""unsafe_threshold"": 0.3, ""missing_txt_policy"": ""normal_if_absent""}",/home/capstone2/zroact-stage2/benchmark2/data/viz_shufflenet_test/test_frame_30fps/climb-over-fence_smart_rgb/images/intrusion_climb-over-fence_rgb_0098_cctv3/intrusion_climb-over-fence_rgb_0098_cctv3_t000286.jpg,/home/capstone2/zroact-stage2/benchmark2/data/viz_shufflenet_test/test_frame_30fps/climb-over-fence_smart_rgb/images/intrusion_climb-over-fence_rgb_0098_cctv3/intrusion_climb-over-fence_rgb_0098_cctv3_t000296.jpg,/home/capstone2/zroact-stage2/benchmark2/data/viz_shufflenet_test/test_frame_30fps/climb-over-fence_smart_rgb/images/intrusion_climb-over-fence_rgb_0098_cctv3/intrusion_climb-over-fence_rgb_0098_cctv3_t000306.jpg
intrusion_climb-over-fence_rgb_0098_cctv3_f000316_000326_000336,climb-over-fence_smart_rgb,intrusion_climb-over-fence_rgb_0098_cctv3,intrusion_candidate,"[316, 326, 336]","[10.533, 10.867, 11.2]","{""start_frame"": 301, ""end_frame"": 336}","[""stand, answer phone"", ""stand, carry/hold (an object)"", ""walk, carry/hold (an object)""]","[""danger"", ""danger"", ""danger""]",danger,36,"{""normal"": 0, ""unsafe"": 0, ""danger"": 36}","{""normal"": 0.0, ""unsafe"": 0.0, ""danger"": 1.0}",0,danger,danger,danger,True,False,labeling_yolo_sequence_coverage,sampled_danger_then_danger_ratio_sampled_unsafe_then_unsafe_ratio_else_normal,"{""danger_threshold"": 0.3, ""unsafe_threshold"": 0.3, ""missing_txt_policy"": ""normal_if_absent""}",/home/capstone2/zroact-stage2/benchmark2/data/viz_shufflenet_test/test_frame_30fps/climb-over-fence_smart_rgb/images/intrusion_climb-over-fence_rgb_0098_cctv3/intrusion_climb-over-fence_rgb_0098_cctv3_t000316.jpg,/home/capstone2/zroact-stage2/benchmark2/data/viz_shufflenet_test/test_frame_30fps/climb-over-fence_smart_rgb/images/intrusion_climb-over-fence_rgb_0098_cctv3/intrusion_climb-over-fence_rgb_0098_cctv3_t000326.jpg,/home/capstone2/zroact-stage2/benchmark2/data/viz_shufflenet_test/test_frame_30fps/climb-over-fence_smart_rgb/images/intrusion_climb-over-fence_rgb_0098_cctv3/intrusion_climb-over-fence_rgb_0098_cctv3_t000336.jpg
intrusion_climb-over-fence_rgb_0098_cctv3_f000346_000356_000366,climb-over-fence_smart_rgb,intrusion_climb-over-fence_rgb_0098_cctv3,intrusion_candidate,"[346, 356, 366]","[11.533, 11.867, 12.2]","{""start_frame"": 331, ""end_frame"": 366}","[""walk, carry/hold (an object)"", ""stand, walk"", ""stand, carry/hold (an object)""]","[""danger"", ""danger"", ""danger""]",danger,36,"{""normal"": 0, ""unsafe"": 0, ""danger"": 36}","{""normal"": 0.0, ""unsafe"": 0.0, ""danger"": 1.0}",0,danger,danger,danger,True,False,labeling_yolo_sequence_coverage,sampled_danger_then_danger_ratio_sampled_unsafe_then_unsafe_ratio_else_normal,"{""danger_threshold"": 0.3, ""unsafe_threshold"": 0.3, ""missing_txt_policy"": ""normal_if_absent""}",/home/capstone2/zroact-stage2/benchmark2/data/viz_shufflenet_test/test_frame_30fps/climb-over-fence_smart_rgb/images/intrusion_climb-over-fence_rgb_0098_cctv3/intrusion_climb-over-fence_rgb_0098_cctv3_t000346.jpg,/home/capstone2/zroact-stage2/benchmark2/data/viz_shufflenet_test/test_frame_30fps/climb-over-fence_smart_rgb/images/intrusion_climb-over-fence_rgb_0098_cctv3/intrusion_climb-over-fence_rgb_0098_cctv3_t000356.jpg,/home/capstone2/zroact-stage2/benchmark2/data/viz_shufflenet_test/test_frame_30fps/climb-over-fence_smart_rgb/images/intrusion_climb-over-fence_rgb_0098_cctv3/intrusion_climb-over-fence_rgb_0098_cctv3_t000366.jpg
intrusion_climb-over-fence_rgb_0098_cctv3_f000376_000386_000396,climb-over-fence_smart_rgb,intrusion_climb-over-fence_rgb_0098_cctv3,intrusion_candidate,"[376, 386, 396]","[12.533, 12.867, 13.2]","{""start_frame"": 361, ""end_frame"": 396}","[""stand, walk"", ""stand, carry/hold (an object)"", ""stand, carry/hold (an object)""]","[""danger"", ""danger"", ""danger""]",danger,36,"{""normal"": 0, ""unsafe"": 0, ""danger"": 36}","{""normal"": 0.0, ""unsafe"": 0.0, ""danger"": 1.0}",0,danger,danger,danger,True,False,labeling_yolo_sequence_coverage,sampled_danger_then_danger_ratio_sampled_unsafe_then_unsafe_ratio_else_normal,"{""danger_threshold"": 0.3, ""unsafe_threshold"": 0.3, ""missing_txt_policy"": ""normal_if_absent""}",/home/capstone2/zroact-stage2/benchmark2/data/viz_shufflenet_test/test_frame_30fps/climb-over-fence_smart_rgb/images/intrusion_climb-over-fence_rgb_0098_cctv3/intrusion_climb-over-fence_rgb_0098_cctv3_t000376.jpg,/home/capstone2/zroact-stage2/benchmark2/data/viz_shufflenet_test/test_frame_30fps/climb-over-fence_smart_rgb/images/intrusion_climb-over-fence_rgb_0098_cctv3/intrusion_climb-over-fence_rgb_0098_cctv3_t000386.jpg,/home/capstone2/zroact-stage2/benchmark2/data/viz_shufflenet_test/test_frame_30fps/climb-over-fence_smart_rgb/images/intrusion_climb-over-fence_rgb_0098_cctv3/intrusion_climb-over-fence_rgb_0098_cctv3_t000396.jpg
intrusion_climb-over-fence_rgb_0106_cctv1_f000016_000026_000036,climb-over-fence_smart_rgb,intrusion_climb-over-fence_rgb_0106_cctv1,intrusion_candidate,"[16, 26, 36]","[0.533, 0.867, 1.2]","{""start_frame"": 1, ""end_frame"": 36}","[""walk, carry/hold (an object)"", ""walk, carry/hold (an object)"", ""walk, carry/hold (an object)""]","[""unsafe"", ""unsafe"", ""unsafe""]",unsafe,36,"{""normal"": 0, ""unsafe"": 36, ""danger"": 0}","{""normal"": 0.0, ""unsafe"": 1.0, ""danger"": 0.0}",0,unsafe,unsafe,unsafe,True,False,labeling_yolo_sequence_coverage,sampled_danger_then_danger_ratio_sampled_unsafe_then_unsafe_ratio_else_normal,"{""danger_threshold"": 0.3, ""unsafe_threshold"": 0.3, ""missing_txt_policy"": ""normal_if_absent""}",/home/capstone2/zroact-stage2/benchmark2/data/viz_shufflenet_test/test_frame_30fps/climb-over-fence_smart_rgb/images/intrusion_climb-over-fence_rgb_0106_cctv1/intrusion_climb-over-fence_rgb_0106_cctv1_t000016.jpg,/home/capstone2/zroact-stage2/benchmark2/data/viz_shufflenet_test/test_frame_30fps/climb-over-fence_smart_rgb/images/intrusion_climb-over-fence_rgb_0106_cctv1/intrusion_climb-over-fence_rgb_0106_cctv1_t000026.jpg,/home/capstone2/zroact-stage2/benchmark2/data/viz_shufflenet_test/test_frame_30fps/climb-over-fence_smart_rgb/images/intrusion_climb-over-fence_rgb_0106_cctv1/intrusion_climb-over-fence_rgb_0106_cctv1_t000036.jpg
intrusion_climb-over-fence_rgb_0106_cctv1_f000046_000056_000066,climb-over-fence_smart_rgb,intrusion_climb-over-fence_rgb_0106_cctv1,intrusion_candidate,"[46, 56, 66]","[1.533, 1.867, 2.2]","{""start_frame"": 31, ""end_frame"": 66}","[""walk, carry/hold (an object)"", ""walk, carry/hold (an object)"", ""walk, carry/hold (an object)""]","[""unsafe"", ""unsafe"", ""danger""]",danger,36,"{""normal"": 0, ""unsafe"": 26, ""danger"": 10}","{""normal"": 0.0, ""unsafe"": 0.7222, ""danger"": 0.2778}",0,unsafe,danger,danger,True,False,labeling_yolo_sequence_coverage,sampled_danger_then_danger_ratio_sampled_unsafe_then_unsafe_ratio_else_normal,"{""danger_threshold"": 0.3, ""unsafe_threshold"": 0.3, ""missing_txt_policy"": ""normal_if_absent""}",/home/capstone2/zroact-stage2/benchmark2/data/viz_shufflenet_test/test_frame_30fps/climb-over-fence_smart_rgb/images/intrusion_climb-over-fence_rgb_0106_cctv1/intrusion_climb-over-fence_rgb_0106_cctv1_t000046.jpg,/home/capstone2/zroact-stage2/benchmark2/data/viz_shufflenet_test/test_frame_30fps/climb-over-fence_smart_rgb/images/intrusion_climb-over-fence_rgb_0106_cctv1/intrusion_climb-over-fence_rgb_0106_cctv1_t000056.jpg,/home/capstone2/zroact-stage2/benchmark2/data/viz_shufflenet_test/test_frame_30fps/climb-over-fence_smart_rgb/images/intrusion_climb-over-fence_rgb_0106_cctv1/intrusion_climb-over-fence_rgb_0106_cctv1_t000066.jpg
intrusion_climb-over-fence_rgb_0106_cctv1_f000076_000086_000096,climb-over-fence_smart_rgb,intrusion_climb-over-fence_rgb_0106_cctv1,intrusion_candidate,"[76, 86, 96]","[2.533, 2.867, 3.2]","{""start_frame"": 61, ""end_frame"": 96}","[""carry/hold (an object), walk"", ""carry/hold (an object), stand"", ""walk, carry/hold (an object)""]","[""danger"", ""danger"", ""danger""]",danger,36,"{""normal"": 0, ""unsafe"": 0, ""danger"": 36}","{""normal"": 0.0, ""unsafe"": 0.0, ""danger"": 1.0}",0,danger,danger,danger,True,False,labeling_yolo_sequence_coverage,sampled_danger_then_danger_ratio_sampled_unsafe_then_unsafe_ratio_else_normal,"{""danger_threshold"": 0.3, ""unsafe_threshold"": 0.3, ""missing_txt_policy"": ""normal_if_absent""}",/home/capstone2/zroact-stage2/benchmark2/data/viz_shufflenet_test/test_frame_30fps/climb-over-fence_smart_rgb/images/intrusion_climb-over-fence_rgb_0106_cctv1/intrusion_climb-over-fence_rgb_0106_cctv1_t000076.jpg,/home/capstone2/zroact-stage2/benchmark2/data/viz_shufflenet_test/test_frame_30fps/climb-over-fence_smart_rgb/images/intrusion_climb-over-fence_rgb_0106_cctv1/intrusion_climb-over-fence_rgb_0106_cctv1_t000086.jpg,/home/capstone2/zroact-stage2/benchmark2/data/viz_shufflenet_test/test_frame_30fps/climb-over-fence_smart_rgb/images/intrusion_climb-over-fence_rgb_0106_cctv1/intrusion_climb-over-fence_rgb_0106_cctv1_t000096.jpg
intrusion_climb-over-fence_rgb_0106_cctv1_f000106_000116_000126,climb-over-fence_smart_rgb,intrusion_climb-over-fence_rgb_0106_cctv1,intrusion_candidate,"[106, 116, 126]","[3.533, 3.867, 4.2]","{""start_frame"": 91, ""end_frame"": 126}","[""walk, carry/hold (an object)"", ""walk, stand"", ""stand, carry/hold (an object)""]","[""danger"", ""danger"", ""danger""]",danger,36,"{""normal"": 0, ""unsafe"": 0, ""danger"": 36}","{""normal"": 0.0, ""unsafe"": 0.0, ""danger"": 1.0}",0,danger,danger,danger,True,False,labeling_yolo_sequence_coverage,sampled_danger_then_danger_ratio_sampled_unsafe_then_unsafe_ratio_else_normal,"{""danger_threshold"": 0.3, ""unsafe_threshold"": 0.3, ""missing_txt_policy"": ""normal_if_absent""}",/home/capstone2/zroact-stage2/benchmark2/data/viz_shufflenet_test/test_frame_30fps/climb-over-fence_smart_rgb/images/intrusion_climb-over-fence_rgb_0106_cctv1/intrusion_climb-over-fence_rgb_0106_cctv1_t000106.jpg,/home/capstone2/zroact-stage2/benchmark2/data/viz_shufflenet_test/test_frame_30fps/climb-over-fence_smart_rgb/images/intrusion_climb-over-fence_rgb_0106_cctv1/intrusion_climb-over-fence_rgb_0106_cctv1_t000116.jpg,/home/capstone2/zroact-stage2/benchmark2/data/viz_shufflenet_test/test_frame_30fps/climb-over-fence_smart_rgb/images/intrusion_climb-over-fence_rgb_0106_cctv1/intrusion_climb-over-fence_rgb_0106_cctv1_t000126.jpg
intrusion_climb-over-fence_rgb_0106_cctv1_f000136_000146_000156,climb-over-fence_smart_rgb,intrusion_climb-over-fence_rgb_0106_cctv1,intrusion_candidate,"[136, 146, 156]","[4.533, 4.867, 5.2]","{""start_frame"": 121, ""end_frame"": 156}","[""stand, carry/hold (an object)"", ""stand, carry/hold (an object)"", ""stand, carry/hold (an object)""]","[""danger"", ""danger"", ""danger""]",danger,36,"{""normal"": 0, ""unsafe"": 0, ""danger"": 36}","{""normal"": 0.0, ""unsafe"": 0.0, ""danger"": 1.0}",0,danger,danger,danger,True,False,labeling_yolo_sequence_coverage,sampled_danger_then_danger_ratio_sampled_unsafe_then_unsafe_ratio_else_normal,"{""danger_threshold"": 0.3, ""unsafe_threshold"": 0.3, ""missing_txt_policy"": ""normal_if_absent""}",/home/capstone2/zroact-stage2/benchmark2/data/viz_shufflenet_test/test_frame_30fps/climb-over-fence_smart_rgb/images/intrusion_climb-over-fence_rgb_0106_cctv1/intrusion_climb-over-fence_rgb_0106_cctv1_t000136.jpg,/home/capstone2/zroact-stage2/benchmark2/data/viz_shufflenet_test/test_frame_30fps/climb-over-fence_smart_rgb/images/intrusion_climb-over-fence_rgb_0106_cctv1/intrusion_climb-over-fence_rgb_0106_cctv1_t000146.jpg,/home/capstone2/zroact-stage2/benchmark2/data/viz_shufflenet_test/test_frame_30fps/climb-over-fence_smart_rgb/images/intrusion_climb-over-fence_rgb_0106_cctv1/intrusion_climb-over-fence_rgb_0106_cctv1_t000156.jpg
intrusion_climb-over-fence_rgb_0106_cctv1_f000166_000176_000186,climb-over-fence_smart_rgb,intrusion_climb-over-fence_rgb_0106_cctv1,intrusion_candidate,"[166, 176, 186]","[5.533, 5.867, 6.2]","{""start_frame"": 151, ""end_frame"": 186}","[""stand"", ""stand, carry/hold (an object)"", ""stand, carry/hold (an object)""]","[""danger"", ""danger"", ""danger""]",danger,36,"{""normal"": 0, ""unsafe"": 0, ""danger"": 36}","{""normal"": 0.0, ""unsafe"": 0.0, ""danger"": 1.0}",0,danger,danger,danger,True,False,labeling_yolo_sequence_coverage,sampled_danger_then_danger_ratio_sampled_unsafe_then_unsafe_ratio_else_normal,"{""danger_threshold"": 0.3, ""unsafe_threshold"": 0.3, ""missing_txt_policy"": ""normal_if_absent""}",/home/capstone2/zroact-stage2/benchmark2/data/viz_shufflenet_test/test_frame_30fps/climb-over-fence_smart_rgb/images/intrusion_climb-over-fence_rgb_0106_cctv1/intrusion_climb-over-fence_rgb_0106_cctv1_t000166.jpg,/home/capstone2/zroact-stage2/benchmark2/data/viz_shufflenet_test/test_frame_30fps/climb-over-fence_smart_rgb/images/intrusion_climb-over-fence_rgb_0106_cctv1/intrusion_climb-over-fence_rgb_0106_cctv1_t000176.jpg,/home/capstone2/zroact-stage2/benchmark2/data/viz_shufflenet_test/test_frame_30fps/climb-over-fence_smart_rgb/images/intrusion_climb-over-fence_rgb_0106_cctv1/intrusion_climb-over-fence_rgb_0106_cctv1_t000186.jpg
intrusion_climb-over-fence_rgb_0106_cctv1_f000196_000206_000216,climb-over-fence_smart_rgb,intrusion_climb-over-fence_rgb_0106_cctv1,intrusion_candidate,"[196, 206, 216]","[6.533, 6.867, 7.2]","{""start_frame"": 181, ""end_frame"": 216}","[""carry/hold (an object), stand"", ""carry/hold (an object), stand"", ""carry/hold (an object), stand""]","[""danger"", ""danger"", ""danger""]",danger,36,"{""normal"": 0, ""unsafe"": 0, ""danger"": 36}","{""normal"": 0.0, ""unsafe"": 0.0, ""danger"": 1.0}",0,danger,danger,danger,True,False,labeling_yolo_sequence_coverage,sampled_danger_then_danger_ratio_sampled_unsafe_then_unsafe_ratio_else_normal,"{""danger_threshold"": 0.3, ""unsafe_threshold"": 0.3, ""missing_txt_policy"": ""normal_if_absent""}",/home/capstone2/zroact-stage2/benchmark2/data/viz_shufflenet_test/test_frame_30fps/climb-over-fence_smart_rgb/images/intrusion_climb-over-fence_rgb_0106_cctv1/intrusion_climb-over-fence_rgb_0106_cctv1_t000196.jpg,/home/capstone2/zroact-stage2/benchmark2/data/viz_shufflenet_test/test_frame_30fps/climb-over-fence_smart_rgb/images/intrusion_climb-over-fence_rgb_0106_cctv1/intrusion_climb-over-fence_rgb_0106_cctv1_t000206.jpg,/home/capstone2/zroact-stage2/benchmark2/data/viz_shufflenet_test/test_frame_30fps/climb-over-fence_smart_rgb/images/intrusion_climb-over-fence_rgb_0106_cctv1/intrusion_climb-over-fence_rgb_0106_cctv1_t000216.jpg
intrusion_climb-over-fence_rgb_0106_cctv1_f000226_000236_000246,climb-over-fence_smart_rgb,intrusion_climb-over-fence_rgb_0106_cctv1,intrusion_candidate,"[226, 236, 246]","[7.533, 7.867, 8.2]","{""start_frame"": 211, ""end_frame"": 246}","[""carry/hold (an object), walk"", ""bend/bow (at the waist), carry/hold (an object)"", ""bend/bow (at the waist), carry/hold (an object)""]","[""danger"", ""danger"", ""danger""]",danger,36,"{""normal"": 0, ""unsafe"": 0, ""danger"": 36}","{""normal"": 0.0, ""unsafe"": 0.0, ""danger"": 1.0}",0,danger,danger,danger,True,False,labeling_yolo_sequence_coverage,sampled_danger_then_danger_ratio_sampled_unsafe_then_unsafe_ratio_else_normal,"{""danger_threshold"": 0.3, ""unsafe_threshold"": 0.3, ""missing_txt_policy"": ""normal_if_absent""}",/home/capstone2/zroact-stage2/benchmark2/data/viz_shufflenet_test/test_frame_30fps/climb-over-fence_smart_rgb/images/intrusion_climb-over-fence_rgb_0106_cctv1/intrusion_climb-over-fence_rgb_0106_cctv1_t000226.jpg,/home/capstone2/zroact-stage2/benchmark2/data/viz_shufflenet_test/test_frame_30fps/climb-over-fence_smart_rgb/images/intrusion_climb-over-fence_rgb_0106_cctv1/intrusion_climb-over-fence_rgb_0106_cctv1_t000236.jpg,/home/capstone2/zroact-stage2/benchmark2/data/viz_shufflenet_test/test_frame_30fps/climb-over-fence_smart_rgb/images/intrusion_climb-over-fence_rgb_0106_cctv1/intrusion_climb-over-fence_rgb_0106_cctv1_t000246.jpg
intrusion_climb-over-fence_rgb_0106_cctv1_f000256_000266_000276,climb-over-fence_smart_rgb,intrusion_climb-over-fence_rgb_0106_cctv1,intrusion_candidate,"[256, 266, 276]","[8.533, 8.867, 9.2]","{""start_frame"": 241, ""end_frame"": 276}","[""stand, carry/hold (an object)"", ""stand, carry/hold (an object)"", ""stand, carry/hold (an object)""]","[""danger"", ""danger"", ""danger""]",danger,36,"{""normal"": 0, ""unsafe"": 0, ""danger"": 36}","{""normal"": 0.0, ""unsafe"": 0.0, ""danger"": 1.0}",0,danger,danger,danger,True,False,labeling_yolo_sequence_coverage,sampled_danger_then_danger_ratio_sampled_unsafe_then_unsafe_ratio_else_normal,"{""danger_threshold"": 0.3, ""unsafe_threshold"": 0.3, ""missing_txt_policy"": ""normal_if_absent""}",/home/capstone2/zroact-stage2/benchmark2/data/viz_shufflenet_test/test_frame_30fps/climb-over-fence_smart_rgb/images/intrusion_climb-over-fence_rgb_0106_cctv1/intrusion_climb-over-fence_rgb_0106_cctv1_t000256.jpg,/home/capstone2/zroact-stage2/benchmark2/data/viz_shufflenet_test/test_frame_30fps/climb-over-fence_smart_rgb/images/intrusion_climb-over-fence_rgb_0106_cctv1/intrusion_climb-over-fence_rgb_0106_cctv1_t000266.jpg,/home/capstone2/zroact-stage2/benchmark2/data/viz_shufflenet_test/test_frame_30fps/climb-over-fence_smart_rgb/images/intrusion_climb-over-fence_rgb_0106_cctv1/intrusion_climb-over-fence_rgb_0106_cctv1_t000276.jpg
intrusion_climb-over-fence_rgb_0106_cctv1_f000286_000296_000306,climb-over-fence_smart_rgb,intrusion_climb-over-fence_rgb_0106_cctv1,intrusion_candidate,"[286, 296, 306]","[9.533, 9.867, 10.2]","{""start_frame"": 271, ""end_frame"": 306}","[""stand, carry/hold (an object)"", ""stand, answer phone"", ""stand, answer phone""]","[""danger"", ""danger"", ""danger""]",danger,36,"{""normal"": 0, ""unsafe"": 0, ""danger"": 36}","{""normal"": 0.0, ""unsafe"": 0.0, ""danger"": 1.0}",0,danger,danger,danger,True,False,labeling_yolo_sequence_coverage,sampled_danger_then_danger_ratio_sampled_unsafe_then_unsafe_ratio_else_normal,"{""danger_threshold"": 0.3, ""unsafe_threshold"": 0.3, ""missing_txt_policy"": ""normal_if_absent""}",/home/capstone2/zroact-stage2/benchmark2/data/viz_shufflenet_test/test_frame_30fps/climb-over-fence_smart_rgb/images/intrusion_climb-over-fence_rgb_0106_cctv1/intrusion_climb-over-fence_rgb_0106_cctv1_t000286.jpg,/home/capstone2/zroact-stage2/benchmark2/data/viz_shufflenet_test/test_frame_30fps/climb-over-fence_smart_rgb/images/intrusion_climb-over-fence_rgb_0106_cctv1/intrusion_climb-over-fence_rgb_0106_cctv1_t000296.jpg,/home/capstone2/zroact-stage2/benchmark2/data/viz_shufflenet_test/test_frame_30fps/climb-over-fence_smart_rgb/images/intrusion_climb-over-fence_rgb_0106_cctv1/intrusion_climb-over-fence_rgb_0106_cctv1_t000306.jpg
intrusion_climb-over-fence_rgb_0106_cctv1_f000316_000326_000336,climb-over-fence_smart_rgb,intrusion_climb-over-fence_rgb_0106_cctv1,intrusion_candidate,"[316, 326, 336]","[10.533, 10.867, 11.2]","{""start_frame"": 301, ""end_frame"": 336}","[""stand, answer phone"", ""stand, answer phone"", ""stand, answer phone""]","[""danger"", ""danger"", ""danger""]",danger,36,"{""normal"": 0, ""unsafe"": 0, ""danger"": 36}","{""normal"": 0.0, ""unsafe"": 0.0, ""danger"": 1.0}",0,danger,danger,danger,True,False,labeling_yolo_sequence_coverage,sampled_danger_then_danger_ratio_sampled_unsafe_then_unsafe_ratio_else_normal,"{""danger_threshold"": 0.3, ""unsafe_threshold"": 0.3, ""missing_txt_policy"": ""normal_if_absent""}",/home/capstone2/zroact-stage2/benchmark2/data/viz_shufflenet_test/test_frame_30fps/climb-over-fence_smart_rgb/images/intrusion_climb-over-fence_rgb_0106_cctv1/intrusion_climb-over-fence_rgb_0106_cctv1_t000316.jpg,/home/capstone2/zroact-stage2/benchmark2/data/viz_shufflenet_test/test_frame_30fps/climb-over-fence_smart_rgb/images/intrusion_climb-over-fence_rgb_0106_cctv1/intrusion_climb-over-fence_rgb_0106_cctv1_t000326.jpg,/home/capstone2/zroact-stage2/benchmark2/data/viz_shufflenet_test/test_frame_30fps/climb-over-fence_smart_rgb/images/intrusion_climb-over-fence_rgb_0106_cctv1/intrusion_climb-over-fence_rgb_0106_cctv1_t000336.jpg
intrusion_climb-over-fence_rgb_0106_cctv1_f000346_000356_000366,climb-over-fence_smart_rgb,intrusion_climb-over-fence_rgb_0106_cctv1,intrusion_candidate,"[346, 356, 366]","[11.533, 11.867, 12.2]","{""start_frame"": 331, ""end_frame"": 366}","[""stand"", ""stand, answer phone"", ""stand, answer phone""]","[""danger"", ""danger"", ""danger""]",danger,36,"{""normal"": 0, ""unsafe"": 0, ""danger"": 36}","{""normal"": 0.0, ""unsafe"": 0.0, ""danger"": 1.0}",0,danger,danger,danger,True,False,labeling_yolo_sequence_coverage,sampled_danger_then_danger_ratio_sampled_unsafe_then_unsafe_ratio_else_normal,"{""danger_threshold"": 0.3, ""unsafe_threshold"": 0.3, ""missing_txt_policy"": ""normal_if_absent""}",/home/capstone2/zroact-stage2/benchmark2/data/viz_shufflenet_test/test_frame_30fps/climb-over-fence_smart_rgb/images/intrusion_climb-over-fence_rgb_0106_cctv1/intrusion_climb-over-fence_rgb_0106_cctv1_t000346.jpg,/home/capstone2/zroact-stage2/benchmark2/data/viz_shufflenet_test/test_frame_30fps/climb-over-fence_smart_rgb/images/intrusion_climb-over-fence_rgb_0106_cctv1/intrusion_climb-over-fence_rgb_0106_cctv1_t000356.jpg,/home/capstone2/zroact-stage2/benchmark2/data/viz_shufflenet_test/test_frame_30fps/climb-over-fence_smart_rgb/images/intrusion_climb-over-fence_rgb_0106_cctv1/intrusion_climb-over-fence_rgb_0106_cctv1_t000366.jpg
intrusion_climb-over-fence_rgb_0106_cctv1_f000376_000386_000396,climb-over-fence_smart_rgb,intrusion_climb-over-fence_rgb_0106_cctv1,intrusion_candidate,"[376, 386, 396]","[12.533, 12.867, 13.2]","{""start_frame"": 361, ""end_frame"": 396}","[""stand, carry/hold (an object)"", ""stand, carry/hold (an object)"", ""stand, carry/hold (an object)""]","[""danger"", ""danger"", ""danger""]",danger,36,"{""normal"": 0, ""unsafe"": 0, ""danger"": 36}","{""normal"": 0.0, ""unsafe"": 0.0, ""danger"": 1.0}",0,danger,danger,danger,True,False,labeling_yolo_sequence_coverage,sampled_danger_then_danger_ratio_sampled_unsafe_then_unsafe_ratio_else_normal,"{""danger_threshold"": 0.3, ""unsafe_threshold"": 0.3, ""missing_txt_policy"": ""normal_if_absent""}",/home/capstone2/zroact-stage2/benchmark2/data/viz_shufflenet_test/test_frame_30fps/climb-over-fence_smart_rgb/images/intrusion_climb-over-fence_rgb_0106_cctv1/intrusion_climb-over-fence_rgb_0106_cctv1_t000376.jpg,/home/capstone2/zroact-stage2/benchmark2/data/viz_shufflenet_test/test_frame_30fps/climb-over-fence_smart_rgb/images/intrusion_climb-over-fence_rgb_0106_cctv1/intrusion_climb-over-fence_rgb_0106_cctv1_t000386.jpg,/home/capstone2/zroact-stage2/benchmark2/data/viz_shufflenet_test/test_frame_30fps/climb-over-fence_smart_rgb/images/intrusion_climb-over-fence_rgb_0106_cctv1/intrusion_climb-over-fence_rgb_0106_cctv1_t000396.jpg
intrusion_climb-over-fence_rgb_0106_cctv1_f000406_000416_000426,climb-over-fence_smart_rgb,intrusion_climb-over-fence_rgb_0106_cctv1,intrusion_candidate,"[406, 416, 426]","[13.533, 13.867, 14.2]","{""start_frame"": 391, ""end_frame"": 426}","[""stand, carry/hold (an object)"", ""stand, carry/hold (an object)"", ""stand""]","[""danger"", ""danger"", ""danger""]",danger,36,"{""normal"": 0, ""unsafe"": 0, ""danger"": 36}","{""normal"": 0.0, ""unsafe"": 0.0, ""danger"": 1.0}",0,danger,danger,danger,True,False,labeling_yolo_sequence_coverage,sampled_danger_then_danger_ratio_sampled_unsafe_then_unsafe_ratio_else_normal,"{""danger_threshold"": 0.3, ""unsafe_threshold"": 0.3, ""missing_txt_policy"": ""normal_if_absent""}",/home/capstone2/zroact-stage2/benchmark2/data/viz_shufflenet_test/test_frame_30fps/climb-over-fence_smart_rgb/images/intrusion_climb-over-fence_rgb_0106_cctv1/intrusion_climb-over-fence_rgb_0106_cctv1_t000406.jpg,/home/capstone2/zroact-stage2/benchmark2/data/viz_shufflenet_test/test_frame_30fps/climb-over-fence_smart_rgb/images/intrusion_climb-over-fence_rgb_0106_cctv1/intrusion_climb-over-fence_rgb_0106_cctv1_t000416.jpg,/home/capstone2/zroact-stage2/benchmark2/data/viz_shufflenet_test/test_frame_30fps/climb-over-fence_smart_rgb/images/intrusion_climb-over-fence_rgb_0106_cctv1/intrusion_climb-over-fence_rgb_0106_cctv1_t000426.jpg
intrusion_climb-over-fence_rgb_0106_cctv1_f000436_000446_000456,climb-over-fence_smart_rgb,intrusion_climb-over-fence_rgb_0106_cctv1,intrusion_candidate,"[436, 446, 456]","[14.533, 14.867, 15.2]","{""start_frame"": 421, ""end_frame"": 456}","[""stand"", ""stand"", ""stand""]","[""danger"", ""danger"", ""danger""]",danger,36,"{""normal"": 0, ""unsafe"": 0, ""danger"": 36}","{""normal"": 0.0, ""unsafe"": 0.0, ""danger"": 1.0}",0,danger,danger,danger,True,False,labeling_yolo_sequence_coverage,sampled_danger_then_danger_ratio_sampled_unsafe_then_unsafe_ratio_else_normal,"{""danger_threshold"": 0.3, ""unsafe_threshold"": 0.3, ""missing_txt_policy"": ""normal_if_absent""}",/home/capstone2/zroact-stage2/benchmark2/data/viz_shufflenet_test/test_frame_30fps/climb-over-fence_smart_rgb/images/intrusion_climb-over-fence_rgb_0106_cctv1/intrusion_climb-over-fence_rgb_0106_cctv1_t000436.jpg,/home/capstone2/zroact-stage2/benchmark2/data/viz_shufflenet_test/test_frame_30fps/climb-over-fence_smart_rgb/images/intrusion_climb-over-fence_rgb_0106_cctv1/intrusion_climb-over-fence_rgb_0106_cctv1_t000446.jpg,/home/capstone2/zroact-stage2/benchmark2/data/viz_shufflenet_test/test_frame_30fps/climb-over-fence_smart_rgb/images/intrusion_climb-over-fence_rgb_0106_cctv1/intrusion_climb-over-fence_rgb_0106_cctv1_t000456.jpg
intrusion_climb-over-fence_rgb_0107_cctv1_f000016_000026_000036,climb-over-fence_smart_rgb,intrusion_climb-over-fence_rgb_0107_cctv1,intrusion_candidate,"[16, 26, 36]","[0.533, 0.867, 1.2]","{""start_frame"": 1, ""end_frame"": 36}","[""walk, carry/hold (an object)"", ""walk, carry/hold (an object)"", ""walk, carry/hold (an object)""]","[""normal"", ""normal"", ""normal""]",normal,36,"{""normal"": 36, ""unsafe"": 0, ""danger"": 0}","{""normal"": 1.0, ""unsafe"": 0.0, ""danger"": 0.0}",0,normal,normal,normal,True,False,labeling_yolo_sequence_coverage,sampled_danger_then_danger_ratio_sampled_unsafe_then_unsafe_ratio_else_normal,"{""danger_threshold"": 0.3, ""unsafe_threshold"": 0.3, ""missing_txt_policy"": ""normal_if_absent""}",/home/capstone2/zroact-stage2/benchmark2/data/viz_shufflenet_test/test_frame_30fps/climb-over-fence_smart_rgb/images/intrusion_climb-over-fence_rgb_0107_cctv1/intrusion_climb-over-fence_rgb_0107_cctv1_t000016.jpg,/home/capstone2/zroact-stage2/benchmark2/data/viz_shufflenet_test/test_frame_30fps/climb-over-fence_smart_rgb/images/intrusion_climb-over-fence_rgb_0107_cctv1/intrusion_climb-over-fence_rgb_0107_cctv1_t000026.jpg,/home/capstone2/zroact-stage2/benchmark2/data/viz_shufflenet_test/test_frame_30fps/climb-over-fence_smart_rgb/images/intrusion_climb-over-fence_rgb_0107_cctv1/intrusion_climb-over-fence_rgb_0107_cctv1_t000036.jpg
intrusion_climb-over-fence_rgb_0107_cctv1_f000046_000056_000066,climb-over-fence_smart_rgb,intrusion_climb-over-fence_rgb_0107_cctv1,intrusion_candidate,"[46, 56, 66]","[1.533, 1.867, 2.2]","{""start_frame"": 31, ""end_frame"": 66}","[""walk, carry/hold (an object)"", ""stand, carry/hold (an object)"", ""stand, walk""]","[""unsafe"", ""unsafe"", ""unsafe""]",unsafe,36,"{""normal"": 8, ""unsafe"": 28, ""danger"": 0}","{""normal"": 0.2222, ""unsafe"": 0.7778, ""danger"": 0.0}",0,unsafe,unsafe,unsafe,True,False,labeling_yolo_sequence_coverage,sampled_danger_then_danger_ratio_sampled_unsafe_then_unsafe_ratio_else_normal,"{""danger_threshold"": 0.3, ""unsafe_threshold"": 0.3, ""missing_txt_policy"": ""normal_if_absent""}",/home/capstone2/zroact-stage2/benchmark2/data/viz_shufflenet_test/test_frame_30fps/climb-over-fence_smart_rgb/images/intrusion_climb-over-fence_rgb_0107_cctv1/intrusion_climb-over-fence_rgb_0107_cctv1_t000046.jpg,/home/capstone2/zroact-stage2/benchmark2/data/viz_shufflenet_test/test_frame_30fps/climb-over-fence_smart_rgb/images/intrusion_climb-over-fence_rgb_0107_cctv1/intrusion_climb-over-fence_rgb_0107_cctv1_t000056.jpg,/home/capstone2/zroact-stage2/benchmark2/data/viz_shufflenet_test/test_frame_30fps/climb-over-fence_smart_rgb/images/intrusion_climb-over-fence_rgb_0107_cctv1/intrusion_climb-over-fence_rgb_0107_cctv1_t000066.jpg
intrusion_climb-over-fence_rgb_0107_cctv1_f000076_000086_000096,climb-over-fence_smart_rgb,intrusion_climb-over-fence_rgb_0107_cctv1,intrusion_candidate,"[76, 86, 96]","[2.533, 2.867, 3.2]","{""start_frame"": 61, ""end_frame"": 96}","[""stand, walk"", ""walk, carry/hold (an object)"", ""walk, carry/hold (an object)""]","[""unsafe"", ""unsafe"", ""unsafe""]",unsafe,36,"{""normal"": 0, ""unsafe"": 36, ""danger"": 0}","{""normal"": 0.0, ""unsafe"": 1.0, ""danger"": 0.0}",0,unsafe,unsafe,unsafe,True,False,labeling_yolo_sequence_coverage,sampled_danger_then_danger_ratio_sampled_unsafe_then_unsafe_ratio_else_normal,"{""danger_threshold"": 0.3, ""unsafe_threshold"": 0.3, ""missing_txt_policy"": ""normal_if_absent""}",/home/capstone2/zroact-stage2/benchmark2/data/viz_shufflenet_test/test_frame_30fps/climb-over-fence_smart_rgb/images/intrusion_climb-over-fence_rgb_0107_cctv1/intrusion_climb-over-fence_rgb_0107_cctv1_t000076.jpg,/home/capstone2/zroact-stage2/benchmark2/data/viz_shufflenet_test/test_frame_30fps/climb-over-fence_smart_rgb/images/intrusion_climb-over-fence_rgb_0107_cctv1/intrusion_climb-over-fence_rgb_0107_cctv1_t000086.jpg,/home/capstone2/zroact-stage2/benchmark2/data/viz_shufflenet_test/test_frame_30fps/climb-over-fence_smart_rgb/images/intrusion_climb-over-fence_rgb_0107_cctv1/intrusion_climb-over-fence_rgb_0107_cctv1_t000096.jpg
intrusion_climb-over-fence_rgb_0107_cctv1_f000106_000116_000126,climb-over-fence_smart_rgb,intrusion_climb-over-fence_rgb_0107_cctv1,intrusion_candidate,"[106, 116, 126]","[3.533, 3.867, 4.2]","{""start_frame"": 91, ""end_frame"": 126}","[""stand, carry/hold (an object)"", ""walk, carry/hold (an object)"", ""walk, carry/hold (an object)""]","[""unsafe"", ""unsafe"", ""unsafe""]",unsafe,36,"{""normal"": 0, ""unsafe"": 36, ""danger"": 0}","{""normal"": 0.0, ""unsafe"": 1.0, ""danger"": 0.0}",0,unsafe,unsafe,unsafe,True,False,labeling_yolo_sequence_coverage,sampled_danger_then_danger_ratio_sampled_unsafe_then_unsafe_ratio_else_normal,"{""danger_threshold"": 0.3, ""unsafe_threshold"": 0.3, ""missing_txt_policy"": ""normal_if_absent""}",/home/capstone2/zroact-stage2/benchmark2/data/viz_shufflenet_test/test_frame_30fps/climb-over-fence_smart_rgb/images/intrusion_climb-over-fence_rgb_0107_cctv1/intrusion_climb-over-fence_rgb_0107_cctv1_t000106.jpg,/home/capstone2/zroact-stage2/benchmark2/data/viz_shufflenet_test/test_frame_30fps/climb-over-fence_smart_rgb/images/intrusion_climb-over-fence_rgb_0107_cctv1/intrusion_climb-over-fence_rgb_0107_cctv1_t000116.jpg,/home/capstone2/zroact-stage2/benchmark2/data/viz_shufflenet_test/test_frame_30fps/climb-over-fence_smart_rgb/images/intrusion_climb-over-fence_rgb_0107_cctv1/intrusion_climb-over-fence_rgb_0107_cctv1_t000126.jpg
intrusion_climb-over-fence_rgb_0107_cctv1_f000136_000146_000156,climb-over-fence_smart_rgb,intrusion_climb-over-fence_rgb_0107_cctv1,intrusion_candidate,"[136, 146, 156]","[4.533, 4.867, 5.2]","{""start_frame"": 121, ""end_frame"": 156}","[""walk, carry/hold (an object)"", ""walk, carry/hold (an object)"", ""walk, carry/hold (an object)""]","[""unsafe"", ""unsafe"", ""unsafe""]",unsafe,36,"{""normal"": 0, ""unsafe"": 36, ""danger"": 0}","{""normal"": 0.0, ""unsafe"": 1.0, ""danger"": 0.0}",0,unsafe,unsafe,unsafe,True,False,labeling_yolo_sequence_coverage,sampled_danger_then_danger_ratio_sampled_unsafe_then_unsafe_ratio_else_normal,"{""danger_threshold"": 0.3, ""unsafe_threshold"": 0.3, ""missing_txt_policy"": ""normal_if_absent""}",/home/capstone2/zroact-stage2/benchmark2/data/viz_shufflenet_test/test_frame_30fps/climb-over-fence_smart_rgb/images/intrusion_climb-over-fence_rgb_0107_cctv1/intrusion_climb-over-fence_rgb_0107_cctv1_t000136.jpg,/home/capstone2/zroact-stage2/benchmark2/data/viz_shufflenet_test/test_frame_30fps/climb-over-fence_smart_rgb/images/intrusion_climb-over-fence_rgb_0107_cctv1/intrusion_climb-over-fence_rgb_0107_cctv1_t000146.jpg,/home/capstone2/zroact-stage2/benchmark2/data/viz_shufflenet_test/test_frame_30fps/climb-over-fence_smart_rgb/images/intrusion_climb-over-fence_rgb_0107_cctv1/intrusion_climb-over-fence_rgb_0107_cctv1_t000156.jpg
intrusion_climb-over-fence_rgb_0107_cctv1_f000166_000176_000186,climb-over-fence_smart_rgb,intrusion_climb-over-fence_rgb_0107_cctv1,intrusion_candidate,"[166, 176, 186]","[5.533, 5.867, 6.2]","{""start_frame"": 151, ""end_frame"": 186}","[""walk, carry/hold (an object)"", ""carry/hold (an object), stand"", ""carry/hold (an object), stand""]","[""danger"", ""danger"", ""danger""]",danger,36,"{""normal"": 0, ""unsafe"": 9, ""danger"": 27}","{""normal"": 0.0, ""unsafe"": 0.25, ""danger"": 0.75}",0,danger,danger,danger,True,False,labeling_yolo_sequence_coverage,sampled_danger_then_danger_ratio_sampled_unsafe_then_unsafe_ratio_else_normal,"{""danger_threshold"": 0.3, ""unsafe_threshold"": 0.3, ""missing_txt_policy"": ""normal_if_absent""}",/home/capstone2/zroact-stage2/benchmark2/data/viz_shufflenet_test/test_frame_30fps/climb-over-fence_smart_rgb/images/intrusion_climb-over-fence_rgb_0107_cctv1/intrusion_climb-over-fence_rgb_0107_cctv1_t000166.jpg,/home/capstone2/zroact-stage2/benchmark2/data/viz_shufflenet_test/test_frame_30fps/climb-over-fence_smart_rgb/images/intrusion_climb-over-fence_rgb_0107_cctv1/intrusion_climb-over-fence_rgb_0107_cctv1_t000176.jpg,/home/capstone2/zroact-stage2/benchmark2/data/viz_shufflenet_test/test_frame_30fps/climb-over-fence_smart_rgb/images/intrusion_climb-over-fence_rgb_0107_cctv1/intrusion_climb-over-fence_rgb_0107_cctv1_t000186.jpg
intrusion_climb-over-fence_rgb_0107_cctv1_f000196_000206_000216,climb-over-fence_smart_rgb,intrusion_climb-over-fence_rgb_0107_cctv1,intrusion_candidate,"[196, 206, 216]","[6.533, 6.867, 7.2]","{""start_frame"": 181, ""end_frame"": 216}","[""stand, carry/hold (an object)"", ""carry/hold (an object), stand"", ""walk, carry/hold (an object)""]","[""danger"", ""danger"", ""danger""]",danger,36,"{""normal"": 0, ""unsafe"": 0, ""danger"": 36}","{""normal"": 0.0, ""unsafe"": 0.0, ""danger"": 1.0}",0,danger,danger,danger,True,False,labeling_yolo_sequence_coverage,sampled_danger_then_danger_ratio_sampled_unsafe_then_unsafe_ratio_else_normal,"{""danger_threshold"": 0.3, ""unsafe_threshold"": 0.3, ""missing_txt_policy"": ""normal_if_absent""}",/home/capstone2/zroact-stage2/benchmark2/data/viz_shufflenet_test/test_frame_30fps/climb-over-fence_smart_rgb/images/intrusion_climb-over-fence_rgb_0107_cctv1/intrusion_climb-over-fence_rgb_0107_cctv1_t000196.jpg,/home/capstone2/zroact-stage2/benchmark2/data/viz_shufflenet_test/test_frame_30fps/climb-over-fence_smart_rgb/images/intrusion_climb-over-fence_rgb_0107_cctv1/intrusion_climb-over-fence_rgb_0107_cctv1_t000206.jpg,/home/capstone2/zroact-stage2/benchmark2/data/viz_shufflenet_test/test_frame_30fps/climb-over-fence_smart_rgb/images/intrusion_climb-over-fence_rgb_0107_cctv1/intrusion_climb-over-fence_rgb_0107_cctv1_t000216.jpg
intrusion_climb-over-fence_rgb_0107_cctv1_f000226_000236_000246,climb-over-fence_smart_rgb,intrusion_climb-over-fence_rgb_0107_cctv1,intrusion_candidate,"[226, 236, 246]","[7.533, 7.867, 8.2]","{""start_frame"": 211, ""end_frame"": 246}","[""carry/hold (an object), walk"", ""carry/hold (an object), stand"", ""stand, carry/hold (an object)""]","[""danger"", ""danger"", ""danger""]",danger,36,"{""normal"": 0, ""unsafe"": 0, ""danger"": 36}","{""normal"": 0.0, ""unsafe"": 0.0, ""danger"": 1.0}",0,danger,danger,danger,True,False,labeling_yolo_sequence_coverage,sampled_danger_then_danger_ratio_sampled_unsafe_then_unsafe_ratio_else_normal,"{""danger_threshold"": 0.3, ""unsafe_threshold"": 0.3, ""missing_txt_policy"": ""normal_if_absent""}",/home/capstone2/zroact-stage2/benchmark2/data/viz_shufflenet_test/test_frame_30fps/climb-over-fence_smart_rgb/images/intrusion_climb-over-fence_rgb_0107_cctv1/intrusion_climb-over-fence_rgb_0107_cctv1_t000226.jpg,/home/capstone2/zroact-stage2/benchmark2/data/viz_shufflenet_test/test_frame_30fps/climb-over-fence_smart_rgb/images/intrusion_climb-over-fence_rgb_0107_cctv1/intrusion_climb-over-fence_rgb_0107_cctv1_t000236.jpg,/home/capstone2/zroact-stage2/benchmark2/data/viz_shufflenet_test/test_frame_30fps/climb-over-fence_smart_rgb/images/intrusion_climb-over-fence_rgb_0107_cctv1/intrusion_climb-over-fence_rgb_0107_cctv1_t000246.jpg
intrusion_climb-over-fence_rgb_0107_cctv1_f000256_000266_000276,climb-over-fence_smart_rgb,intrusion_climb-over-fence_rgb_0107_cctv1,intrusion_candidate,"[256, 266, 276]","[8.533, 8.867, 9.2]","{""start_frame"": 241, ""end_frame"": 276}","[""stand, carry/hold (an object)"", ""stand, carry/hold (an object)"", ""walk, carry/hold (an object)""]","[""danger"", ""danger"", ""danger""]",danger,36,"{""normal"": 0, ""unsafe"": 0, ""danger"": 36}","{""normal"": 0.0, ""unsafe"": 0.0, ""danger"": 1.0}",0,danger,danger,danger,True,False,labeling_yolo_sequence_coverage,sampled_danger_then_danger_ratio_sampled_unsafe_then_unsafe_ratio_else_normal,"{""danger_threshold"": 0.3, ""unsafe_threshold"": 0.3, ""missing_txt_policy"": ""normal_if_absent""}",/home/capstone2/zroact-stage2/benchmark2/data/viz_shufflenet_test/test_frame_30fps/climb-over-fence_smart_rgb/images/intrusion_climb-over-fence_rgb_0107_cctv1/intrusion_climb-over-fence_rgb_0107_cctv1_t000256.jpg,/home/capstone2/zroact-stage2/benchmark2/data/viz_shufflenet_test/test_frame_30fps/climb-over-fence_smart_rgb/images/intrusion_climb-over-fence_rgb_0107_cctv1/intrusion_climb-over-fence_rgb_0107_cctv1_t000266.jpg,/home/capstone2/zroact-stage2/benchmark2/data/viz_shufflenet_test/test_frame_30fps/climb-over-fence_smart_rgb/images/intrusion_climb-over-fence_rgb_0107_cctv1/intrusion_climb-over-fence_rgb_0107_cctv1_t000276.jpg
intrusion_climb-over-fence_rgb_0107_cctv1_f000286_000296_000306,climb-over-fence_smart_rgb,intrusion_climb-over-fence_rgb_0107_cctv1,intrusion_candidate,"[286, 296, 306]","[9.533, 9.867, 10.2]","{""start_frame"": 271, ""end_frame"": 306}","[""walk, carry/hold (an object)"", ""bend/bow (at the waist), carry/hold (an object)"", ""bend/bow (at the waist), carry/hold (an object)""]","[""danger"", ""danger"", ""danger""]",danger,36,"{""normal"": 0, ""unsafe"": 0, ""danger"": 36}","{""normal"": 0.0, ""unsafe"": 0.0, ""danger"": 1.0}",0,danger,danger,danger,True,False,labeling_yolo_sequence_coverage,sampled_danger_then_danger_ratio_sampled_unsafe_then_unsafe_ratio_else_normal,"{""danger_threshold"": 0.3, ""unsafe_threshold"": 0.3, ""missing_txt_policy"": ""normal_if_absent""}",/home/capstone2/zroact-stage2/benchmark2/data/viz_shufflenet_test/test_frame_30fps/climb-over-fence_smart_rgb/images/intrusion_climb-over-fence_rgb_0107_cctv1/intrusion_climb-over-fence_rgb_0107_cctv1_t000286.jpg,/home/capstone2/zroact-stage2/benchmark2/data/viz_shufflenet_test/test_frame_30fps/climb-over-fence_smart_rgb/images/intrusion_climb-over-fence_rgb_0107_cctv1/intrusion_climb-over-fence_rgb_0107_cctv1_t000296.jpg,/home/capstone2/zroact-stage2/benchmark2/data/viz_shufflenet_test/test_frame_30fps/climb-over-fence_smart_rgb/images/intrusion_climb-over-fence_rgb_0107_cctv1/intrusion_climb-over-fence_rgb_0107_cctv1_t000306.jpg
intrusion_climb-over-fence_rgb_0107_cctv1_f000316_000326_000336,climb-over-fence_smart_rgb,intrusion_climb-over-fence_rgb_0107_cctv1,intrusion_candidate,"[316, 326, 336]","[10.533, 10.867, 11.2]","{""start_frame"": 301, ""end_frame"": 336}","[""stand, answer phone"", ""stand, answer phone"", ""stand, answer phone""]","[""danger"", ""danger"", ""danger""]",danger,36,"{""normal"": 0, ""unsafe"": 0, ""danger"": 36}","{""normal"": 0.0, ""unsafe"": 0.0, ""danger"": 1.0}",0,danger,danger,danger,True,False,labeling_yolo_sequence_coverage,sampled_danger_then_danger_ratio_sampled_unsafe_then_unsafe_ratio_else_normal,"{""danger_threshold"": 0.3, ""unsafe_threshold"": 0.3, ""missing_txt_policy"": ""normal_if_absent""}",/home/capstone2/zroact-stage2/benchmark2/data/viz_shufflenet_test/test_frame_30fps/climb-over-fence_smart_rgb/images/intrusion_climb-over-fence_rgb_0107_cctv1/intrusion_climb-over-fence_rgb_0107_cctv1_t000316.jpg,/home/capstone2/zroact-stage2/benchmark2/data/viz_shufflenet_test/test_frame_30fps/climb-over-fence_smart_rgb/images/intrusion_climb-over-fence_rgb_0107_cctv1/intrusion_climb-over-fence_rgb_0107_cctv1_t000326.jpg,/home/capstone2/zroact-stage2/benchmark2/data/viz_shufflenet_test/test_frame_30fps/climb-over-fence_smart_rgb/images/intrusion_climb-over-fence_rgb_0107_cctv1/intrusion_climb-over-fence_rgb_0107_cctv1_t000336.jpg
intrusion_climb-over-fence_rgb_0107_cctv1_f000346_000356_000366,climb-over-fence_smart_rgb,intrusion_climb-over-fence_rgb_0107_cctv1,intrusion_candidate,"[346, 356, 366]","[11.533, 11.867, 12.2]","{""start_frame"": 331, ""end_frame"": 366}","[""stand, answer phone"", ""stand, answer phone"", ""stand, answer phone""]","[""danger"", ""danger"", ""danger""]",danger,36,"{""normal"": 0, ""unsafe"": 0, ""danger"": 36}","{""normal"": 0.0, ""unsafe"": 0.0, ""danger"": 1.0}",0,danger,danger,danger,True,False,labeling_yolo_sequence_coverage,sampled_danger_then_danger_ratio_sampled_unsafe_then_unsafe_ratio_else_normal,"{""danger_threshold"": 0.3, ""unsafe_threshold"": 0.3, ""missing_txt_policy"": ""normal_if_absent""}",/home/capstone2/zroact-stage2/benchmark2/data/viz_shufflenet_test/test_frame_30fps/climb-over-fence_smart_rgb/images/intrusion_climb-over-fence_rgb_0107_cctv1/intrusion_climb-over-fence_rgb_0107_cctv1_t000346.jpg,/home/capstone2/zroact-stage2/benchmark2/data/viz_shufflenet_test/test_frame_30fps/climb-over-fence_smart_rgb/images/intrusion_climb-over-fence_rgb_0107_cctv1/intrusion_climb-over-fence_rgb_0107_cctv1_t000356.jpg,/home/capstone2/zroact-stage2/benchmark2/data/viz_shufflenet_test/test_frame_30fps/climb-over-fence_smart_rgb/images/intrusion_climb-over-fence_rgb_0107_cctv1/intrusion_climb-over-fence_rgb_0107_cctv1_t000366.jpg
intrusion_climb-over-fence_rgb_0107_cctv1_f000376_000386_000396,climb-over-fence_smart_rgb,intrusion_climb-over-fence_rgb_0107_cctv1,intrusion_candidate,"[376, 386, 396]","[12.533, 12.867, 13.2]","{""start_frame"": 361, ""end_frame"": 396}","[""stand, carry/hold (an object)"", ""stand, carry/hold (an object)"", ""sit, carry/hold (an object)""]","[""danger"", ""danger"", ""danger""]",danger,36,"{""normal"": 0, ""unsafe"": 0, ""danger"": 36}","{""normal"": 0.0, ""unsafe"": 0.0, ""danger"": 1.0}",0,danger,danger,danger,True,False,labeling_yolo_sequence_coverage,sampled_danger_then_danger_ratio_sampled_unsafe_then_unsafe_ratio_else_normal,"{""danger_threshold"": 0.3, ""unsafe_threshold"": 0.3, ""missing_txt_policy"": ""normal_if_absent""}",/home/capstone2/zroact-stage2/benchmark2/data/viz_shufflenet_test/test_frame_30fps/climb-over-fence_smart_rgb/images/intrusion_climb-over-fence_rgb_0107_cctv1/intrusion_climb-over-fence_rgb_0107_cctv1_t000376.jpg,/home/capstone2/zroact-stage2/benchmark2/data/viz_shufflenet_test/test_frame_30fps/climb-over-fence_smart_rgb/images/intrusion_climb-over-fence_rgb_0107_cctv1/intrusion_climb-over-fence_rgb_0107_cctv1_t000386.jpg,/home/capstone2/zroact-stage2/benchmark2/data/viz_shufflenet_test/test_frame_30fps/climb-over-fence_smart_rgb/images/intrusion_climb-over-fence_rgb_0107_cctv1/intrusion_climb-over-fence_rgb_0107_cctv1_t000396.jpg
intrusion_climb-over-fence_rgb_0107_cctv1_f000406_000416_000426,climb-over-fence_smart_rgb,intrusion_climb-over-fence_rgb_0107_cctv1,intrusion_candidate,"[406, 416, 426]","[13.533, 13.867, 14.2]","{""start_frame"": 391, ""end_frame"": 426}","[""stand, carry/hold (an object)"", ""stand, carry/hold (an object)"", ""stand, carry/hold (an object)""]","[""danger"", ""danger"", ""danger""]",danger,36,"{""normal"": 0, ""unsafe"": 0, ""danger"": 36}","{""normal"": 0.0, ""unsafe"": 0.0, ""danger"": 1.0}",0,danger,danger,danger,True,False,labeling_yolo_sequence_coverage,sampled_danger_then_danger_ratio_sampled_unsafe_then_unsafe_ratio_else_normal,"{""danger_threshold"": 0.3, ""unsafe_threshold"": 0.3, ""missing_txt_policy"": ""normal_if_absent""}",/home/capstone2/zroact-stage2/benchmark2/data/viz_shufflenet_test/test_frame_30fps/climb-over-fence_smart_rgb/images/intrusion_climb-over-fence_rgb_0107_cctv1/intrusion_climb-over-fence_rgb_0107_cctv1_t000406.jpg,/home/capstone2/zroact-stage2/benchmark2/data/viz_shufflenet_test/test_frame_30fps/climb-over-fence_smart_rgb/images/intrusion_climb-over-fence_rgb_0107_cctv1/intrusion_climb-over-fence_rgb_0107_cctv1_t000416.jpg,/home/capstone2/zroact-stage2/benchmark2/data/viz_shufflenet_test/test_frame_30fps/climb-over-fence_smart_rgb/images/intrusion_climb-over-fence_rgb_0107_cctv1/intrusion_climb-over-fence_rgb_0107_cctv1_t000426.jpg
intrusion_climb-over-fence_rgb_0107_cctv1_f000436_000446_000456,climb-over-fence_smart_rgb,intrusion_climb-over-fence_rgb_0107_cctv1,intrusion_candidate,"[436, 446, 456]","[14.533, 14.867, 15.2]","{""start_frame"": 421, ""end_frame"": 456}","[""stand"", ""stand, watch (a person)"", ""stand, watch (a person)""]","[""danger"", ""danger"", ""danger""]",danger,36,"{""normal"": 0, ""unsafe"": 0, ""danger"": 36}","{""normal"": 0.0, ""unsafe"": 0.0, ""danger"": 1.0}",0,danger,danger,danger,True,False,labeling_yolo_sequence_coverage,sampled_danger_then_danger_ratio_sampled_unsafe_then_unsafe_ratio_else_normal,"{""danger_threshold"": 0.3, ""unsafe_threshold"": 0.3, ""missing_txt_policy"": ""normal_if_absent""}",/home/capstone2/zroact-stage2/benchmark2/data/viz_shufflenet_test/test_frame_30fps/climb-over-fence_smart_rgb/images/intrusion_climb-over-fence_rgb_0107_cctv1/intrusion_climb-over-fence_rgb_0107_cctv1_t000436.jpg,/home/capstone2/zroact-stage2/benchmark2/data/viz_shufflenet_test/test_frame_30fps/climb-over-fence_smart_rgb/images/intrusion_climb-over-fence_rgb_0107_cctv1/intrusion_climb-over-fence_rgb_0107_cctv1_t000446.jpg,/home/capstone2/zroact-stage2/benchmark2/data/viz_shufflenet_test/test_frame_30fps/climb-over-fence_smart_rgb/images/intrusion_climb-over-fence_rgb_0107_cctv1/intrusion_climb-over-fence_rgb_0107_cctv1_t000456.jpg
intrusion_climb-over-fence_rgb_0107_cctv1_f000466_000476_000486,climb-over-fence_smart_rgb,intrusion_climb-over-fence_rgb_0107_cctv1,intrusion_candidate,"[466, 476, 486]","[15.533, 15.867, 16.2]","{""start_frame"": 451, ""end_frame"": 486}","[""stand"", ""stand, carry/hold (an object)"", ""stand, watch (a person)""]","[""danger"", ""danger"", ""danger""]",danger,36,"{""normal"": 0, ""unsafe"": 0, ""danger"": 36}","{""normal"": 0.0, ""unsafe"": 0.0, ""danger"": 1.0}",0,danger,danger,danger,True,False,labeling_yolo_sequence_coverage,sampled_danger_then_danger_ratio_sampled_unsafe_then_unsafe_ratio_else_normal,"{""danger_threshold"": 0.3, ""unsafe_threshold"": 0.3, ""missing_txt_policy"": ""normal_if_absent""}",/home/capstone2/zroact-stage2/benchmark2/data/viz_shufflenet_test/test_frame_30fps/climb-over-fence_smart_rgb/images/intrusion_climb-over-fence_rgb_0107_cctv1/intrusion_climb-over-fence_rgb_0107_cctv1_t000466.jpg,/home/capstone2/zroact-stage2/benchmark2/data/viz_shufflenet_test/test_frame_30fps/climb-over-fence_smart_rgb/images/intrusion_climb-over-fence_rgb_0107_cctv1/intrusion_climb-over-fence_rgb_0107_cctv1_t000476.jpg,/home/capstone2/zroact-stage2/benchmark2/data/viz_shufflenet_test/test_frame_30fps/climb-over-fence_smart_rgb/images/intrusion_climb-over-fence_rgb_0107_cctv1/intrusion_climb-over-fence_rgb_0107_cctv1_t000486.jpg
intrusion_normal_rgb_0060_cctv1_f000016_000026_000036,normal_plant_rgb,intrusion_normal_rgb_0060_cctv1,normal_candidate,"[16, 26, 36]","[0.533, 0.867, 1.2]","{""start_frame"": 1, ""end_frame"": 36}","[""walk, carry/hold (an object)"", ""walk, carry/hold (an object)"", ""stand, carry/hold (an object)""]","[""normal"", ""normal"", ""normal""]",normal,36,"{""normal"": 36, ""unsafe"": 0, ""danger"": 0}","{""normal"": 1.0, ""unsafe"": 0.0, ""danger"": 0.0}",0,normal,normal,normal,True,False,labeling_yolo_sequence_coverage,sampled_danger_then_danger_ratio_sampled_unsafe_then_unsafe_ratio_else_normal,"{""danger_threshold"": 0.3, ""unsafe_threshold"": 0.3, ""missing_txt_policy"": ""normal_if_absent""}",/home/capstone2/zroact-stage2/benchmark2/data/viz_shufflenet_test/test_frame_30fps/normal_plant_rgb/images/intrusion_normal_rgb_0060_cctv1/intrusion_normal_rgb_0060_cctv1_t000016.jpg,/home/capstone2/zroact-stage2/benchmark2/data/viz_shufflenet_test/test_frame_30fps/normal_plant_rgb/images/intrusion_normal_rgb_0060_cctv1/intrusion_normal_rgb_0060_cctv1_t000026.jpg,/home/capstone2/zroact-stage2/benchmark2/data/viz_shufflenet_test/test_frame_30fps/normal_plant_rgb/images/intrusion_normal_rgb_0060_cctv1/intrusion_normal_rgb_0060_cctv1_t000036.jpg
intrusion_normal_rgb_0060_cctv1_f000046_000056_000066,normal_plant_rgb,intrusion_normal_rgb_0060_cctv1,normal_candidate,"[46, 56, 66]","[1.533, 1.867, 2.2]","{""start_frame"": 31, ""end_frame"": 66}","[""walk, carry/hold (an object)"", ""walk, carry/hold (an object)"", ""walk, stand""]","[""normal"", ""normal"", ""normal""]",normal,36,"{""normal"": 36, ""unsafe"": 0, ""danger"": 0}","{""normal"": 1.0, ""unsafe"": 0.0, ""danger"": 0.0}",0,normal,normal,normal,True,False,labeling_yolo_sequence_coverage,sampled_danger_then_danger_ratio_sampled_unsafe_then_unsafe_ratio_else_normal,"{""danger_threshold"": 0.3, ""unsafe_threshold"": 0.3, ""missing_txt_policy"": ""normal_if_absent""}",/home/capstone2/zroact-stage2/benchmark2/data/viz_shufflenet_test/test_frame_30fps/normal_plant_rgb/images/intrusion_normal_rgb_0060_cctv1/intrusion_normal_rgb_0060_cctv1_t000046.jpg,/home/capstone2/zroact-stage2/benchmark2/data/viz_shufflenet_test/test_frame_30fps/normal_plant_rgb/images/intrusion_normal_rgb_0060_cctv1/intrusion_normal_rgb_0060_cctv1_t000056.jpg,/home/capstone2/zroact-stage2/benchmark2/data/viz_shufflenet_test/test_frame_30fps/normal_plant_rgb/images/intrusion_normal_rgb_0060_cctv1/intrusion_normal_rgb_0060_cctv1_t000066.jpg
intrusion_normal_rgb_0060_cctv1_f000076_000086_000096,normal_plant_rgb,intrusion_normal_rgb_0060_cctv1,normal_candidate,"[76, 86, 96]","[2.533, 2.867, 3.2]","{""start_frame"": 61, ""end_frame"": 96}","[""walk, carry/hold (an object)"", ""walk, carry/hold (an object)"", ""walk, stand""]","[""normal"", ""normal"", ""normal""]",normal,36,"{""normal"": 36, ""unsafe"": 0, ""danger"": 0}","{""normal"": 1.0, ""unsafe"": 0.0, ""danger"": 0.0}",0,normal,normal,normal,True,False,labeling_yolo_sequence_coverage,sampled_danger_then_danger_ratio_sampled_unsafe_then_unsafe_ratio_else_normal,"{""danger_threshold"": 0.3, ""unsafe_threshold"": 0.3, ""missing_txt_policy"": ""normal_if_absent""}",/home/capstone2/zroact-stage2/benchmark2/data/viz_shufflenet_test/test_frame_30fps/normal_plant_rgb/images/intrusion_normal_rgb_0060_cctv1/intrusion_normal_rgb_0060_cctv1_t000076.jpg,/home/capstone2/zroact-stage2/benchmark2/data/viz_shufflenet_test/test_frame_30fps/normal_plant_rgb/images/intrusion_normal_rgb_0060_cctv1/intrusion_normal_rgb_0060_cctv1_t000086.jpg,/home/capstone2/zroact-stage2/benchmark2/data/viz_shufflenet_test/test_frame_30fps/normal_plant_rgb/images/intrusion_normal_rgb_0060_cctv1/intrusion_normal_rgb_0060_cctv1_t000096.jpg
intrusion_normal_rgb_0060_cctv1_f000106_000116_000126,normal_plant_rgb,intrusion_normal_rgb_0060_cctv1,normal_candidate,"[106, 116, 126]","[3.533, 3.867, 4.2]","{""start_frame"": 91, ""end_frame"": 126}","[""walk, carry/hold (an object)"", ""walk, carry/hold (an object)"", ""walk, carry/hold (an object)""]","[""normal"", ""normal"", ""normal""]",normal,36,"{""normal"": 36, ""unsafe"": 0, ""danger"": 0}","{""normal"": 1.0, ""unsafe"": 0.0, ""danger"": 0.0}",0,normal,normal,normal,True,False,labeling_yolo_sequence_coverage,sampled_danger_then_danger_ratio_sampled_unsafe_then_unsafe_ratio_else_normal,"{""danger_threshold"": 0.3, ""unsafe_threshold"": 0.3, ""missing_txt_policy"": ""normal_if_absent""}",/home/capstone2/zroact-stage2/benchmark2/data/viz_shufflenet_test/test_frame_30fps/normal_plant_rgb/images/intrusion_normal_rgb_0060_cctv1/intrusion_normal_rgb_0060_cctv1_t000106.jpg,/home/capstone2/zroact-stage2/benchmark2/data/viz_shufflenet_test/test_frame_30fps/normal_plant_rgb/images/intrusion_normal_rgb_0060_cctv1/intrusion_normal_rgb_0060_cctv1_t000116.jpg,/home/capstone2/zroact-stage2/benchmark2/data/viz_shufflenet_test/test_frame_30fps/normal_plant_rgb/images/intrusion_normal_rgb_0060_cctv1/intrusion_normal_rgb_0060_cctv1_t000126.jpg
intrusion_normal_rgb_0060_cctv1_f000136_000146_000156,normal_plant_rgb,intrusion_normal_rgb_0060_cctv1,normal_candidate,"[136, 146, 156]","[4.533, 4.867, 5.2]","{""start_frame"": 121, ""end_frame"": 156}","[""walk, carry/hold (an object)"", ""walk, carry/hold (an object)"", ""walk, carry/hold (an object)""]","[""normal"", ""normal"", ""normal""]",normal,36,"{""normal"": 36, ""unsafe"": 0, ""danger"": 0}","{""normal"": 1.0, ""unsafe"": 0.0, ""danger"": 0.0}",0,normal,normal,normal,True,False,labeling_yolo_sequence_coverage,sampled_danger_then_danger_ratio_sampled_unsafe_then_unsafe_ratio_else_normal,"{""danger_threshold"": 0.3, ""unsafe_threshold"": 0.3, ""missing_txt_policy"": ""normal_if_absent""}",/home/capstone2/zroact-stage2/benchmark2/data/viz_shufflenet_test/test_frame_30fps/normal_plant_rgb/images/intrusion_normal_rgb_0060_cctv1/intrusion_normal_rgb_0060_cctv1_t000136.jpg,/home/capstone2/zroact-stage2/benchmark2/data/viz_shufflenet_test/test_frame_30fps/normal_plant_rgb/images/intrusion_normal_rgb_0060_cctv1/intrusion_normal_rgb_0060_cctv1_t000146.jpg,/home/capstone2/zroact-stage2/benchmark2/data/viz_shufflenet_test/test_frame_30fps/normal_plant_rgb/images/intrusion_normal_rgb_0060_cctv1/intrusion_normal_rgb_0060_cctv1_t000156.jpg
intrusion_normal_rgb_0088_cctv3_f000016_000026_000036,normal_plant_rgb,intrusion_normal_rgb_0088_cctv3,normal_candidate,"[16, 26, 36]","[0.533, 0.867, 1.2]","{""start_frame"": 1, ""end_frame"": 36}","[""walk, run/jog"", ""walk, run/jog"", ""walk, carry/hold (an object)""]","[""unsafe"", ""unsafe"", ""unsafe""]",unsafe,36,"{""normal"": 0, ""unsafe"": 36, ""danger"": 0}","{""normal"": 0.0, ""unsafe"": 1.0, ""danger"": 0.0}",0,unsafe,unsafe,unsafe,True,False,labeling_yolo_sequence_coverage,sampled_danger_then_danger_ratio_sampled_unsafe_then_unsafe_ratio_else_normal,"{""danger_threshold"": 0.3, ""unsafe_threshold"": 0.3, ""missing_txt_policy"": ""normal_if_absent""}",/home/capstone2/zroact-stage2/benchmark2/data/viz_shufflenet_test/test_frame_30fps/normal_plant_rgb/images/intrusion_normal_rgb_0088_cctv3/intrusion_normal_rgb_0088_cctv3_t000016.jpg,/home/capstone2/zroact-stage2/benchmark2/data/viz_shufflenet_test/test_frame_30fps/normal_plant_rgb/images/intrusion_normal_rgb_0088_cctv3/intrusion_normal_rgb_0088_cctv3_t000026.jpg,/home/capstone2/zroact-stage2/benchmark2/data/viz_shufflenet_test/test_frame_30fps/normal_plant_rgb/images/intrusion_normal_rgb_0088_cctv3/intrusion_normal_rgb_0088_cctv3_t000036.jpg
intrusion_normal_rgb_0088_cctv3_f000046_000056_000066,normal_plant_rgb,intrusion_normal_rgb_0088_cctv3,normal_candidate,"[46, 56, 66]","[1.533, 1.867, 2.2]","{""start_frame"": 31, ""end_frame"": 66}","[""walk, carry/hold (an object)"", ""walk, carry/hold (an object)"", ""walk, carry/hold (an object)""]","[""unsafe"", ""unsafe"", ""unsafe""]",unsafe,36,"{""normal"": 0, ""unsafe"": 36, ""danger"": 0}","{""normal"": 0.0, ""unsafe"": 1.0, ""danger"": 0.0}",0,unsafe,unsafe,unsafe,True,False,labeling_yolo_sequence_coverage,sampled_danger_then_danger_ratio_sampled_unsafe_then_unsafe_ratio_else_normal,"{""danger_threshold"": 0.3, ""unsafe_threshold"": 0.3, ""missing_txt_policy"": ""normal_if_absent""}",/home/capstone2/zroact-stage2/benchmark2/data/viz_shufflenet_test/test_frame_30fps/normal_plant_rgb/images/intrusion_normal_rgb_0088_cctv3/intrusion_normal_rgb_0088_cctv3_t000046.jpg,/home/capstone2/zroact-stage2/benchmark2/data/viz_shufflenet_test/test_frame_30fps/normal_plant_rgb/images/intrusion_normal_rgb_0088_cctv3/intrusion_normal_rgb_0088_cctv3_t000056.jpg,/home/capstone2/zroact-stage2/benchmark2/data/viz_shufflenet_test/test_frame_30fps/normal_plant_rgb/images/intrusion_normal_rgb_0088_cctv3/intrusion_normal_rgb_0088_cctv3_t000066.jpg
intrusion_normal_rgb_0088_cctv3_f000076_000086_000096,normal_plant_rgb,intrusion_normal_rgb_0088_cctv3,normal_candidate,"[76, 86, 96]","[2.533, 2.867, 3.2]","{""start_frame"": 61, ""end_frame"": 96}","[""walk, stand"", ""stand, walk"", ""stand, talk to (e.g., self, a person, a group)""]","[""unsafe"", ""unsafe"", ""unsafe""]",unsafe,36,"{""normal"": 0, ""unsafe"": 36, ""danger"": 0}","{""normal"": 0.0, ""unsafe"": 1.0, ""danger"": 0.0}",0,unsafe,unsafe,unsafe,True,False,labeling_yolo_sequence_coverage,sampled_danger_then_danger_ratio_sampled_unsafe_then_unsafe_ratio_else_normal,"{""danger_threshold"": 0.3, ""unsafe_threshold"": 0.3, ""missing_txt_policy"": ""normal_if_absent""}",/home/capstone2/zroact-stage2/benchmark2/data/viz_shufflenet_test/test_frame_30fps/normal_plant_rgb/images/intrusion_normal_rgb_0088_cctv3/intrusion_normal_rgb_0088_cctv3_t000076.jpg,/home/capstone2/zroact-stage2/benchmark2/data/viz_shufflenet_test/test_frame_30fps/normal_plant_rgb/images/intrusion_normal_rgb_0088_cctv3/intrusion_normal_rgb_0088_cctv3_t000086.jpg,/home/capstone2/zroact-stage2/benchmark2/data/viz_shufflenet_test/test_frame_30fps/normal_plant_rgb/images/intrusion_normal_rgb_0088_cctv3/intrusion_normal_rgb_0088_cctv3_t000096.jpg
intrusion_normal_rgb_0088_cctv3_f000106_000116_000126,normal_plant_rgb,intrusion_normal_rgb_0088_cctv3,normal_candidate,"[106, 116, 126]","[3.533, 3.867, 4.2]","{""start_frame"": 91, ""end_frame"": 126}","[""stand, walk"", ""walk, stand"", ""walk, carry/hold (an object)""]","[""unsafe"", ""unsafe"", ""unsafe""]",unsafe,36,"{""normal"": 0, ""unsafe"": 36, ""danger"": 0}","{""normal"": 0.0, ""unsafe"": 1.0, ""danger"": 0.0}",0,unsafe,unsafe,unsafe,True,False,labeling_yolo_sequence_coverage,sampled_danger_then_danger_ratio_sampled_unsafe_then_unsafe_ratio_else_normal,"{""danger_threshold"": 0.3, ""unsafe_threshold"": 0.3, ""missing_txt_policy"": ""normal_if_absent""}",/home/capstone2/zroact-stage2/benchmark2/data/viz_shufflenet_test/test_frame_30fps/normal_plant_rgb/images/intrusion_normal_rgb_0088_cctv3/intrusion_normal_rgb_0088_cctv3_t000106.jpg,/home/capstone2/zroact-stage2/benchmark2/data/viz_shufflenet_test/test_frame_30fps/normal_plant_rgb/images/intrusion_normal_rgb_0088_cctv3/intrusion_normal_rgb_0088_cctv3_t000116.jpg,/home/capstone2/zroact-stage2/benchmark2/data/viz_shufflenet_test/test_frame_30fps/normal_plant_rgb/images/intrusion_normal_rgb_0088_cctv3/intrusion_normal_rgb_0088_cctv3_t000126.jpg
intrusion_normal_rgb_0088_cctv3_f000136_000146_000156,normal_plant_rgb,intrusion_normal_rgb_0088_cctv3,normal_candidate,"[136, 146, 156]","[4.533, 4.867, 5.2]","{""start_frame"": 121, ""end_frame"": 156}","[""walk, carry/hold (an object)"", ""walk, carry/hold (an object)"", ""walk, carry/hold (an object)""]","[""unsafe"", ""unsafe"", ""unsafe""]",unsafe,36,"{""normal"": 0, ""unsafe"": 36, ""danger"": 0}","{""normal"": 0.0, ""unsafe"": 1.0, ""danger"": 0.0}",0,unsafe,unsafe,unsafe,True,False,labeling_yolo_sequence_coverage,sampled_danger_then_danger_ratio_sampled_unsafe_then_unsafe_ratio_else_normal,"{""danger_threshold"": 0.3, ""unsafe_threshold"": 0.3, ""missing_txt_policy"": ""normal_if_absent""}",/home/capstone2/zroact-stage2/benchmark2/data/viz_shufflenet_test/test_frame_30fps/normal_plant_rgb/images/intrusion_normal_rgb_0088_cctv3/intrusion_normal_rgb_0088_cctv3_t000136.jpg,/home/capstone2/zroact-stage2/benchmark2/data/viz_shufflenet_test/test_frame_30fps/normal_plant_rgb/images/intrusion_normal_rgb_0088_cctv3/intrusion_normal_rgb_0088_cctv3_t000146.jpg,/home/capstone2/zroact-stage2/benchmark2/data/viz_shufflenet_test/test_frame_30fps/normal_plant_rgb/images/intrusion_normal_rgb_0088_cctv3/intrusion_normal_rgb_0088_cctv3_t000156.jpg
intrusion_normal_rgb_0088_cctv3_f000166_000176_000186,normal_plant_rgb,intrusion_normal_rgb_0088_cctv3,normal_candidate,"[166, 176, 186]","[5.533, 5.867, 6.2]","{""start_frame"": 151, ""end_frame"": 186}","[""walk, carry/hold (an object)"", ""walk, carry/hold (an object)"", ""walk, carry/hold (an object)""]","[""unsafe"", ""unsafe"", ""unsafe""]",unsafe,36,"{""normal"": 0, ""unsafe"": 36, ""danger"": 0}","{""normal"": 0.0, ""unsafe"": 1.0, ""danger"": 0.0}",0,unsafe,unsafe,unsafe,True,False,labeling_yolo_sequence_coverage,sampled_danger_then_danger_ratio_sampled_unsafe_then_unsafe_ratio_else_normal,"{""danger_threshold"": 0.3, ""unsafe_threshold"": 0.3, ""missing_txt_policy"": ""normal_if_absent""}",/home/capstone2/zroact-stage2/benchmark2/data/viz_shufflenet_test/test_frame_30fps/normal_plant_rgb/images/intrusion_normal_rgb_0088_cctv3/intrusion_normal_rgb_0088_cctv3_t000166.jpg,/home/capstone2/zroact-stage2/benchmark2/data/viz_shufflenet_test/test_frame_30fps/normal_plant_rgb/images/intrusion_normal_rgb_0088_cctv3/intrusion_normal_rgb_0088_cctv3_t000176.jpg,/home/capstone2/zroact-stage2/benchmark2/data/viz_shufflenet_test/test_frame_30fps/normal_plant_rgb/images/intrusion_normal_rgb_0088_cctv3/intrusion_normal_rgb_0088_cctv3_t000186.jpg
intrusion_normal_rgb_0088_cctv3_f000196_000206_000216,normal_plant_rgb,intrusion_normal_rgb_0088_cctv3,normal_candidate,"[196, 206, 216]","[6.533, 6.867, 7.2]","{""start_frame"": 181, ""end_frame"": 216}","[""walk, carry/hold (an object)"", ""walk, carry/hold (an object)"", ""walk, carry/hold (an object)""]","[""unsafe"", ""normal"", ""normal""]",unsafe,36,"{""normal"": 19, ""unsafe"": 17, ""danger"": 0}","{""normal"": 0.5278, ""unsafe"": 0.4722, ""danger"": 0.0}",0,unsafe,unsafe,unsafe,True,False,labeling_yolo_sequence_coverage,sampled_danger_then_danger_ratio_sampled_unsafe_then_unsafe_ratio_else_normal,"{""danger_threshold"": 0.3, ""unsafe_threshold"": 0.3, ""missing_txt_policy"": ""normal_if_absent""}",/home/capstone2/zroact-stage2/benchmark2/data/viz_shufflenet_test/test_frame_30fps/normal_plant_rgb/images/intrusion_normal_rgb_0088_cctv3/intrusion_normal_rgb_0088_cctv3_t000196.jpg,/home/capstone2/zroact-stage2/benchmark2/data/viz_shufflenet_test/test_frame_30fps/normal_plant_rgb/images/intrusion_normal_rgb_0088_cctv3/intrusion_normal_rgb_0088_cctv3_t000206.jpg,/home/capstone2/zroact-stage2/benchmark2/data/viz_shufflenet_test/test_frame_30fps/normal_plant_rgb/images/intrusion_normal_rgb_0088_cctv3/intrusion_normal_rgb_0088_cctv3_t000216.jpg
intrusion_normal_rgb_0088_cctv3_f000226_000236_000246,normal_plant_rgb,intrusion_normal_rgb_0088_cctv3,normal_candidate,"[226, 236, 246]","[7.533, 7.867, 8.2]","{""start_frame"": 211, ""end_frame"": 246}","[""walk, carry/hold (an object)"", ""walk, carry/hold (an object)"", ""run/jog, walk""]","[""normal"", ""normal"", ""normal""]",normal,36,"{""normal"": 36, ""unsafe"": 0, ""danger"": 0}","{""normal"": 1.0, ""unsafe"": 0.0, ""danger"": 0.0}",0,normal,normal,normal,True,False,labeling_yolo_sequence_coverage,sampled_danger_then_danger_ratio_sampled_unsafe_then_unsafe_ratio_else_normal,"{""danger_threshold"": 0.3, ""unsafe_threshold"": 0.3, ""missing_txt_policy"": ""normal_if_absent""}",/home/capstone2/zroact-stage2/benchmark2/data/viz_shufflenet_test/test_frame_30fps/normal_plant_rgb/images/intrusion_normal_rgb_0088_cctv3/intrusion_normal_rgb_0088_cctv3_t000226.jpg,/home/capstone2/zroact-stage2/benchmark2/data/viz_shufflenet_test/test_frame_30fps/normal_plant_rgb/images/intrusion_normal_rgb_0088_cctv3/intrusion_normal_rgb_0088_cctv3_t000236.jpg,/home/capstone2/zroact-stage2/benchmark2/data/viz_shufflenet_test/test_frame_30fps/normal_plant_rgb/images/intrusion_normal_rgb_0088_cctv3/intrusion_normal_rgb_0088_cctv3_t000246.jpg
intrusion_normal_rgb_0088_cctv3_f000256_000266_000276,normal_plant_rgb,intrusion_normal_rgb_0088_cctv3,normal_candidate,"[256, 266, 276]","[8.533, 8.867, 9.2]","{""start_frame"": 241, ""end_frame"": 276}","[""walk, run/jog"", ""walk, carry/hold (an object)"", ""walk, carry/hold (an object)""]","[""normal"", ""normal"", ""normal""]",normal,36,"{""normal"": 36, ""unsafe"": 0, ""danger"": 0}","{""normal"": 1.0, ""unsafe"": 0.0, ""danger"": 0.0}",0,normal,normal,normal,True,False,labeling_yolo_sequence_coverage,sampled_danger_then_danger_ratio_sampled_unsafe_then_unsafe_ratio_else_normal,"{""danger_threshold"": 0.3, ""unsafe_threshold"": 0.3, ""missing_txt_policy"": ""normal_if_absent""}",/home/capstone2/zroact-stage2/benchmark2/data/viz_shufflenet_test/test_frame_30fps/normal_plant_rgb/images/intrusion_normal_rgb_0088_cctv3/intrusion_normal_rgb_0088_cctv3_t000256.jpg,/home/capstone2/zroact-stage2/benchmark2/data/viz_shufflenet_test/test_frame_30fps/normal_plant_rgb/images/intrusion_normal_rgb_0088_cctv3/intrusion_normal_rgb_0088_cctv3_t000266.jpg,/home/capstone2/zroact-stage2/benchmark2/data/viz_shufflenet_test/test_frame_30fps/normal_plant_rgb/images/intrusion_normal_rgb_0088_cctv3/intrusion_normal_rgb_0088_cctv3_t000276.jpg
intrusion_normal_rgb_0088_cctv3_f000286_000296_000306,normal_plant_rgb,intrusion_normal_rgb_0088_cctv3,normal_candidate,"[286, 296, 306]","[9.533, 9.867, 10.2]","{""start_frame"": 271, ""end_frame"": 306}","[""walk, carry/hold (an object)"", ""walk, carry/hold (an object)"", ""walk, carry/hold (an object)""]","[""normal"", ""normal"", ""normal""]",normal,36,"{""normal"": 36, ""unsafe"": 0, ""danger"": 0}","{""normal"": 1.0, ""unsafe"": 0.0, ""danger"": 0.0}",0,normal,normal,normal,True,False,labeling_yolo_sequence_coverage,sampled_danger_then_danger_ratio_sampled_unsafe_then_unsafe_ratio_else_normal,"{""danger_threshold"": 0.3, ""unsafe_threshold"": 0.3, ""missing_txt_policy"": ""normal_if_absent""}",/home/capstone2/zroact-stage2/benchmark2/data/viz_shufflenet_test/test_frame_30fps/normal_plant_rgb/images/intrusion_normal_rgb_0088_cctv3/intrusion_normal_rgb_0088_cctv3_t000286.jpg,/home/capstone2/zroact-stage2/benchmark2/data/viz_shufflenet_test/test_frame_30fps/normal_plant_rgb/images/intrusion_normal_rgb_0088_cctv3/intrusion_normal_rgb_0088_cctv3_t000296.jpg,/home/capstone2/zroact-stage2/benchmark2/data/viz_shufflenet_test/test_frame_30fps/normal_plant_rgb/images/intrusion_normal_rgb_0088_cctv3/intrusion_normal_rgb_0088_cctv3_t000306.jpg
intrusion_normal_rgb_0088_cctv3_f000316_000326_000336,normal_plant_rgb,intrusion_normal_rgb_0088_cctv3,normal_candidate,"[316, 326, 336]","[10.533, 10.867, 11.2]","{""start_frame"": 301, ""end_frame"": 336}","[""walk, carry/hold (an object)"", ""walk"", ""walk""]","[""normal"", ""unsafe"", ""unsafe""]",unsafe,36,"{""normal"": 19, ""unsafe"": 17, ""danger"": 0}","{""normal"": 0.5278, ""unsafe"": 0.4722, ""danger"": 0.0}",0,unsafe,unsafe,unsafe,True,False,labeling_yolo_sequence_coverage,sampled_danger_then_danger_ratio_sampled_unsafe_then_unsafe_ratio_else_normal,"{""danger_threshold"": 0.3, ""unsafe_threshold"": 0.3, ""missing_txt_policy"": ""normal_if_absent""}",/home/capstone2/zroact-stage2/benchmark2/data/viz_shufflenet_test/test_frame_30fps/normal_plant_rgb/images/intrusion_normal_rgb_0088_cctv3/intrusion_normal_rgb_0088_cctv3_t000316.jpg,/home/capstone2/zroact-stage2/benchmark2/data/viz_shufflenet_test/test_frame_30fps/normal_plant_rgb/images/intrusion_normal_rgb_0088_cctv3/intrusion_normal_rgb_0088_cctv3_t000326.jpg,/home/capstone2/zroact-stage2/benchmark2/data/viz_shufflenet_test/test_frame_30fps/normal_plant_rgb/images/intrusion_normal_rgb_0088_cctv3/intrusion_normal_rgb_0088_cctv3_t000336.jpg
intrusion_normal_rgb_0088_cctv3_f000346_000356_000366,normal_plant_rgb,intrusion_normal_rgb_0088_cctv3,normal_candidate,"[346, 356, 366]","[11.533, 11.867, 12.2]","{""start_frame"": 331, ""end_frame"": 366}","[""walk, carry/hold (an object)"", ""walk, stand"", ""stand, walk""]","[""unsafe"", ""unsafe"", ""unsafe""]",unsafe,36,"{""normal"": 0, ""unsafe"": 36, ""danger"": 0}","{""normal"": 0.0, ""unsafe"": 1.0, ""danger"": 0.0}",0,unsafe,unsafe,unsafe,True,False,labeling_yolo_sequence_coverage,sampled_danger_then_danger_ratio_sampled_unsafe_then_unsafe_ratio_else_normal,"{""danger_threshold"": 0.3, ""unsafe_threshold"": 0.3, ""missing_txt_policy"": ""normal_if_absent""}",/home/capstone2/zroact-stage2/benchmark2/data/viz_shufflenet_test/test_frame_30fps/normal_plant_rgb/images/intrusion_normal_rgb_0088_cctv3/intrusion_normal_rgb_0088_cctv3_t000346.jpg,/home/capstone2/zroact-stage2/benchmark2/data/viz_shufflenet_test/test_frame_30fps/normal_plant_rgb/images/intrusion_normal_rgb_0088_cctv3/intrusion_normal_rgb_0088_cctv3_t000356.jpg,/home/capstone2/zroact-stage2/benchmark2/data/viz_shufflenet_test/test_frame_30fps/normal_plant_rgb/images/intrusion_normal_rgb_0088_cctv3/intrusion_normal_rgb_0088_cctv3_t000366.jpg
intrusion_normal_rgb_0088_cctv3_f000376_000386_000396,normal_plant_rgb,intrusion_normal_rgb_0088_cctv3,normal_candidate,"[376, 386, 396]","[12.533, 12.867, 13.2]","{""start_frame"": 361, ""end_frame"": 396}","[""walk, stand"", ""walk, stand"", ""stand, walk""]","[""normal"", ""normal"", ""normal""]",normal,36,"{""normal"": 26, ""unsafe"": 10, ""danger"": 0}","{""normal"": 0.7222, ""unsafe"": 0.2778, ""danger"": 0.0}",0,normal,normal,normal,True,False,labeling_yolo_sequence_coverage,sampled_danger_then_danger_ratio_sampled_unsafe_then_unsafe_ratio_else_normal,"{""danger_threshold"": 0.3, ""unsafe_threshold"": 0.3, ""missing_txt_policy"": ""normal_if_absent""}",/home/capstone2/zroact-stage2/benchmark2/data/viz_shufflenet_test/test_frame_30fps/normal_plant_rgb/images/intrusion_normal_rgb_0088_cctv3/intrusion_normal_rgb_0088_cctv3_t000376.jpg,/home/capstone2/zroact-stage2/benchmark2/data/viz_shufflenet_test/test_frame_30fps/normal_plant_rgb/images/intrusion_normal_rgb_0088_cctv3/intrusion_normal_rgb_0088_cctv3_t000386.jpg,/home/capstone2/zroact-stage2/benchmark2/data/viz_shufflenet_test/test_frame_30fps/normal_plant_rgb/images/intrusion_normal_rgb_0088_cctv3/intrusion_normal_rgb_0088_cctv3_t000396.jpg
intrusion_normal_rgb_0088_cctv3_f000406_000416_000426,normal_plant_rgb,intrusion_normal_rgb_0088_cctv3,normal_candidate,"[406, 416, 426]","[13.533, 13.867, 14.2]","{""start_frame"": 391, ""end_frame"": 426}","[""walk, stand"", ""walk, carry/hold (an object)"", ""walk""]","[""normal"", ""normal"", ""normal""]",normal,36,"{""normal"": 36, ""unsafe"": 0, ""danger"": 0}","{""normal"": 1.0, ""unsafe"": 0.0, ""danger"": 0.0}",0,normal,normal,normal,True,False,labeling_yolo_sequence_coverage,sampled_danger_then_danger_ratio_sampled_unsafe_then_unsafe_ratio_else_normal,"{""danger_threshold"": 0.3, ""unsafe_threshold"": 0.3, ""missing_txt_policy"": ""normal_if_absent""}",/home/capstone2/zroact-stage2/benchmark2/data/viz_shufflenet_test/test_frame_30fps/normal_plant_rgb/images/intrusion_normal_rgb_0088_cctv3/intrusion_normal_rgb_0088_cctv3_t000406.jpg,/home/capstone2/zroact-stage2/benchmark2/data/viz_shufflenet_test/test_frame_30fps/normal_plant_rgb/images/intrusion_normal_rgb_0088_cctv3/intrusion_normal_rgb_0088_cctv3_t000416.jpg,/home/capstone2/zroact-stage2/benchmark2/data/viz_shufflenet_test/test_frame_30fps/normal_plant_rgb/images/intrusion_normal_rgb_0088_cctv3/intrusion_normal_rgb_0088_cctv3_t000426.jpg
intrusion_normal_rgb_0091_cctv3_f000016_000026_000036,normal_plant_rgb,intrusion_normal_rgb_0091_cctv3,normal_candidate,"[16, 26, 36]","[0.533, 0.867, 1.2]","{""start_frame"": 1, ""end_frame"": 36}","[""walk, carry/hold (an object)"", ""walk, carry/hold (an object)"", ""walk, carry/hold (an object)""]","[""normal"", ""normal"", ""normal""]",normal,36,"{""normal"": 36, ""unsafe"": 0, ""danger"": 0}","{""normal"": 1.0, ""unsafe"": 0.0, ""danger"": 0.0}",0,normal,normal,normal,True,False,labeling_yolo_sequence_coverage,sampled_danger_then_danger_ratio_sampled_unsafe_then_unsafe_ratio_else_normal,"{""danger_threshold"": 0.3, ""unsafe_threshold"": 0.3, ""missing_txt_policy"": ""normal_if_absent""}",/home/capstone2/zroact-stage2/benchmark2/data/viz_shufflenet_test/test_frame_30fps/normal_plant_rgb/images/intrusion_normal_rgb_0091_cctv3/intrusion_normal_rgb_0091_cctv3_t000016.jpg,/home/capstone2/zroact-stage2/benchmark2/data/viz_shufflenet_test/test_frame_30fps/normal_plant_rgb/images/intrusion_normal_rgb_0091_cctv3/intrusion_normal_rgb_0091_cctv3_t000026.jpg,/home/capstone2/zroact-stage2/benchmark2/data/viz_shufflenet_test/test_frame_30fps/normal_plant_rgb/images/intrusion_normal_rgb_0091_cctv3/intrusion_normal_rgb_0091_cctv3_t000036.jpg
intrusion_normal_rgb_0091_cctv3_f000046_000056_000066,normal_plant_rgb,intrusion_normal_rgb_0091_cctv3,normal_candidate,"[46, 56, 66]","[1.533, 1.867, 2.2]","{""start_frame"": 31, ""end_frame"": 66}","[""walk, carry/hold (an object)"", ""walk, carry/hold (an object)"", ""walk, carry/hold (an object)""]","[""normal"", ""normal"", ""normal""]",normal,36,"{""normal"": 36, ""unsafe"": 0, ""danger"": 0}","{""normal"": 1.0, ""unsafe"": 0.0, ""danger"": 0.0}",0,normal,normal,normal,True,False,labeling_yolo_sequence_coverage,sampled_danger_then_danger_ratio_sampled_unsafe_then_unsafe_ratio_else_normal,"{""danger_threshold"": 0.3, ""unsafe_threshold"": 0.3, ""missing_txt_policy"": ""normal_if_absent""}",/home/capstone2/zroact-stage2/benchmark2/data/viz_shufflenet_test/test_frame_30fps/normal_plant_rgb/images/intrusion_normal_rgb_0091_cctv3/intrusion_normal_rgb_0091_cctv3_t000046.jpg,/home/capstone2/zroact-stage2/benchmark2/data/viz_shufflenet_test/test_frame_30fps/normal_plant_rgb/images/intrusion_normal_rgb_0091_cctv3/intrusion_normal_rgb_0091_cctv3_t000056.jpg,/home/capstone2/zroact-stage2/benchmark2/data/viz_shufflenet_test/test_frame_30fps/normal_plant_rgb/images/intrusion_normal_rgb_0091_cctv3/intrusion_normal_rgb_0091_cctv3_t000066.jpg
intrusion_normal_rgb_0091_cctv3_f000076_000086_000096,normal_plant_rgb,intrusion_normal_rgb_0091_cctv3,normal_candidate,"[76, 86, 96]","[2.533, 2.867, 3.2]","{""start_frame"": 61, ""end_frame"": 96}","[""walk, carry/hold (an object)"", ""walk, carry/hold (an object)"", ""walk, carry/hold (an object)""]","[""normal"", ""normal"", ""normal""]",normal,36,"{""normal"": 36, ""unsafe"": 0, ""danger"": 0}","{""normal"": 1.0, ""unsafe"": 0.0, ""danger"": 0.0}",0,normal,normal,normal,True,False,labeling_yolo_sequence_coverage,sampled_danger_then_danger_ratio_sampled_unsafe_then_unsafe_ratio_else_normal,"{""danger_threshold"": 0.3, ""unsafe_threshold"": 0.3, ""missing_txt_policy"": ""normal_if_absent""}",/home/capstone2/zroact-stage2/benchmark2/data/viz_shufflenet_test/test_frame_30fps/normal_plant_rgb/images/intrusion_normal_rgb_0091_cctv3/intrusion_normal_rgb_0091_cctv3_t000076.jpg,/home/capstone2/zroact-stage2/benchmark2/data/viz_shufflenet_test/test_frame_30fps/normal_plant_rgb/images/intrusion_normal_rgb_0091_cctv3/intrusion_normal_rgb_0091_cctv3_t000086.jpg,/home/capstone2/zroact-stage2/benchmark2/data/viz_shufflenet_test/test_frame_30fps/normal_plant_rgb/images/intrusion_normal_rgb_0091_cctv3/intrusion_normal_rgb_0091_cctv3_t000096.jpg
intrusion_normal_rgb_0091_cctv3_f000106_000116_000126,normal_plant_rgb,intrusion_normal_rgb_0091_cctv3,normal_candidate,"[106, 116, 126]","[3.533, 3.867, 4.2]","{""start_frame"": 91, ""end_frame"": 126}","[""walk, carry/hold (an object)"", ""walk, carry/hold (an object)"", ""walk, carry/hold (an object)""]","[""normal"", ""normal"", ""normal""]",normal,36,"{""normal"": 36, ""unsafe"": 0, ""danger"": 0}","{""normal"": 1.0, ""unsafe"": 0.0, ""danger"": 0.0}",0,normal,normal,normal,True,False,labeling_yolo_sequence_coverage,sampled_danger_then_danger_ratio_sampled_unsafe_then_unsafe_ratio_else_normal,"{""danger_threshold"": 0.3, ""unsafe_threshold"": 0.3, ""missing_txt_policy"": ""normal_if_absent""}",/home/capstone2/zroact-stage2/benchmark2/data/viz_shufflenet_test/test_frame_30fps/normal_plant_rgb/images/intrusion_normal_rgb_0091_cctv3/intrusion_normal_rgb_0091_cctv3_t000106.jpg,/home/capstone2/zroact-stage2/benchmark2/data/viz_shufflenet_test/test_frame_30fps/normal_plant_rgb/images/intrusion_normal_rgb_0091_cctv3/intrusion_normal_rgb_0091_cctv3_t000116.jpg,/home/capstone2/zroact-stage2/benchmark2/data/viz_shufflenet_test/test_frame_30fps/normal_plant_rgb/images/intrusion_normal_rgb_0091_cctv3/intrusion_normal_rgb_0091_cctv3_t000126.jpg
intrusion_normal_rgb_0091_cctv3_f000136_000146_000156,normal_plant_rgb,intrusion_normal_rgb_0091_cctv3,normal_candidate,"[136, 146, 156]","[4.533, 4.867, 5.2]","{""start_frame"": 121, ""end_frame"": 156}","[""walk, carry/hold (an object)"", ""walk, carry/hold (an object)"", ""walk, carry/hold (an object)""]","[""normal"", ""normal"", ""normal""]",normal,36,"{""normal"": 36, ""unsafe"": 0, ""danger"": 0}","{""normal"": 1.0, ""unsafe"": 0.0, ""danger"": 0.0}",0,normal,normal,normal,True,False,labeling_yolo_sequence_coverage,sampled_danger_then_danger_ratio_sampled_unsafe_then_unsafe_ratio_else_normal,"{""danger_threshold"": 0.3, ""unsafe_threshold"": 0.3, ""missing_txt_policy"": ""normal_if_absent""}",/home/capstone2/zroact-stage2/benchmark2/data/viz_shufflenet_test/test_frame_30fps/normal_plant_rgb/images/intrusion_normal_rgb_0091_cctv3/intrusion_normal_rgb_0091_cctv3_t000136.jpg,/home/capstone2/zroact-stage2/benchmark2/data/viz_shufflenet_test/test_frame_30fps/normal_plant_rgb/images/intrusion_normal_rgb_0091_cctv3/intrusion_normal_rgb_0091_cctv3_t000146.jpg,/home/capstone2/zroact-stage2/benchmark2/data/viz_shufflenet_test/test_frame_30fps/normal_plant_rgb/images/intrusion_normal_rgb_0091_cctv3/intrusion_normal_rgb_0091_cctv3_t000156.jpg
intrusion_normal_rgb_0091_cctv3_f000166_000176_000186,normal_plant_rgb,intrusion_normal_rgb_0091_cctv3,normal_candidate,"[166, 176, 186]","[5.533, 5.867, 6.2]","{""start_frame"": 151, ""end_frame"": 186}","[""walk, carry/hold (an object)"", ""walk, carry/hold (an object)"", ""walk, carry/hold (an object)""]","[""normal"", ""normal"", ""normal""]",normal,36,"{""normal"": 36, ""unsafe"": 0, ""danger"": 0}","{""normal"": 1.0, ""unsafe"": 0.0, ""danger"": 0.0}",0,normal,normal,normal,True,False,labeling_yolo_sequence_coverage,sampled_danger_then_danger_ratio_sampled_unsafe_then_unsafe_ratio_else_normal,"{""danger_threshold"": 0.3, ""unsafe_threshold"": 0.3, ""missing_txt_policy"": ""normal_if_absent""}",/home/capstone2/zroact-stage2/benchmark2/data/viz_shufflenet_test/test_frame_30fps/normal_plant_rgb/images/intrusion_normal_rgb_0091_cctv3/intrusion_normal_rgb_0091_cctv3_t000166.jpg,/home/capstone2/zroact-stage2/benchmark2/data/viz_shufflenet_test/test_frame_30fps/normal_plant_rgb/images/intrusion_normal_rgb_0091_cctv3/intrusion_normal_rgb_0091_cctv3_t000176.jpg,/home/capstone2/zroact-stage2/benchmark2/data/viz_shufflenet_test/test_frame_30fps/normal_plant_rgb/images/intrusion_normal_rgb_0091_cctv3/intrusion_normal_rgb_0091_cctv3_t000186.jpg
intrusion_normal_rgb_0093_cctv3_f000016_000026_000036,normal_plant_rgb,intrusion_normal_rgb_0093_cctv3,normal_candidate,"[16, 26, 36]","[0.533, 0.867, 1.2]","{""start_frame"": 1, ""end_frame"": 36}","[""walk, carry/hold (an object)"", ""walk, carry/hold (an object)"", ""walk, carry/hold (an object)""]","[""normal"", ""normal"", ""normal""]",normal,36,"{""normal"": 36, ""unsafe"": 0, ""danger"": 0}","{""normal"": 1.0, ""unsafe"": 0.0, ""danger"": 0.0}",0,normal,normal,normal,True,False,labeling_yolo_sequence_coverage,sampled_danger_then_danger_ratio_sampled_unsafe_then_unsafe_ratio_else_normal,"{""danger_threshold"": 0.3, ""unsafe_threshold"": 0.3, ""missing_txt_policy"": ""normal_if_absent""}",/home/capstone2/zroact-stage2/benchmark2/data/viz_shufflenet_test/test_frame_30fps/normal_plant_rgb/images/intrusion_normal_rgb_0093_cctv3/intrusion_normal_rgb_0093_cctv3_t000016.jpg,/home/capstone2/zroact-stage2/benchmark2/data/viz_shufflenet_test/test_frame_30fps/normal_plant_rgb/images/intrusion_normal_rgb_0093_cctv3/intrusion_normal_rgb_0093_cctv3_t000026.jpg,/home/capstone2/zroact-stage2/benchmark2/data/viz_shufflenet_test/test_frame_30fps/normal_plant_rgb/images/intrusion_normal_rgb_0093_cctv3/intrusion_normal_rgb_0093_cctv3_t000036.jpg
intrusion_normal_rgb_0093_cctv3_f000046_000056_000066,normal_plant_rgb,intrusion_normal_rgb_0093_cctv3,normal_candidate,"[46, 56, 66]","[1.533, 1.867, 2.2]","{""start_frame"": 31, ""end_frame"": 66}","[""walk, carry/hold (an object)"", ""walk, carry/hold (an object)"", ""walk, carry/hold (an object)""]","[""normal"", ""normal"", ""normal""]",normal,36,"{""normal"": 36, ""unsafe"": 0, ""danger"": 0}","{""normal"": 1.0, ""unsafe"": 0.0, ""danger"": 0.0}",0,normal,normal,normal,True,False,labeling_yolo_sequence_coverage,sampled_danger_then_danger_ratio_sampled_unsafe_then_unsafe_ratio_else_normal,"{""danger_threshold"": 0.3, ""unsafe_threshold"": 0.3, ""missing_txt_policy"": ""normal_if_absent""}",/home/capstone2/zroact-stage2/benchmark2/data/viz_shufflenet_test/test_frame_30fps/normal_plant_rgb/images/intrusion_normal_rgb_0093_cctv3/intrusion_normal_rgb_0093_cctv3_t000046.jpg,/home/capstone2/zroact-stage2/benchmark2/data/viz_shufflenet_test/test_frame_30fps/normal_plant_rgb/images/intrusion_normal_rgb_0093_cctv3/intrusion_normal_rgb_0093_cctv3_t000056.jpg,/home/capstone2/zroact-stage2/benchmark2/data/viz_shufflenet_test/test_frame_30fps/normal_plant_rgb/images/intrusion_normal_rgb_0093_cctv3/intrusion_normal_rgb_0093_cctv3_t000066.jpg
intrusion_normal_rgb_0093_cctv3_f000076_000086_000096,normal_plant_rgb,intrusion_normal_rgb_0093_cctv3,normal_candidate,"[76, 86, 96]","[2.533, 2.867, 3.2]","{""start_frame"": 61, ""end_frame"": 96}","[""walk, carry/hold (an object)"", ""walk, carry/hold (an object)"", ""walk, carry/hold (an object)""]","[""normal"", ""normal"", ""normal""]",normal,36,"{""normal"": 36, ""unsafe"": 0, ""danger"": 0}","{""normal"": 1.0, ""unsafe"": 0.0, ""danger"": 0.0}",0,normal,normal,normal,True,False,labeling_yolo_sequence_coverage,sampled_danger_then_danger_ratio_sampled_unsafe_then_unsafe_ratio_else_normal,"{""danger_threshold"": 0.3, ""unsafe_threshold"": 0.3, ""missing_txt_policy"": ""normal_if_absent""}",/home/capstone2/zroact-stage2/benchmark2/data/viz_shufflenet_test/test_frame_30fps/normal_plant_rgb/images/intrusion_normal_rgb_0093_cctv3/intrusion_normal_rgb_0093_cctv3_t000076.jpg,/home/capstone2/zroact-stage2/benchmark2/data/viz_shufflenet_test/test_frame_30fps/normal_plant_rgb/images/intrusion_normal_rgb_0093_cctv3/intrusion_normal_rgb_0093_cctv3_t000086.jpg,/home/capstone2/zroact-stage2/benchmark2/data/viz_shufflenet_test/test_frame_30fps/normal_plant_rgb/images/intrusion_normal_rgb_0093_cctv3/intrusion_normal_rgb_0093_cctv3_t000096.jpg
intrusion_normal_rgb_0093_cctv3_f000106_000116_000126,normal_plant_rgb,intrusion_normal_rgb_0093_cctv3,normal_candidate,"[106, 116, 126]","[3.533, 3.867, 4.2]","{""start_frame"": 91, ""end_frame"": 126}","[""walk, carry/hold (an object)"", ""walk, carry/hold (an object)"", ""walk, carry/hold (an object)""]","[""normal"", ""normal"", ""normal""]",normal,36,"{""normal"": 36, ""unsafe"": 0, ""danger"": 0}","{""normal"": 1.0, ""unsafe"": 0.0, ""danger"": 0.0}",0,normal,normal,normal,True,False,labeling_yolo_sequence_coverage,sampled_danger_then_danger_ratio_sampled_unsafe_then_unsafe_ratio_else_normal,"{""danger_threshold"": 0.3, ""unsafe_threshold"": 0.3, ""missing_txt_policy"": ""normal_if_absent""}",/home/capstone2/zroact-stage2/benchmark2/data/viz_shufflenet_test/test_frame_30fps/normal_plant_rgb/images/intrusion_normal_rgb_0093_cctv3/intrusion_normal_rgb_0093_cctv3_t000106.jpg,/home/capstone2/zroact-stage2/benchmark2/data/viz_shufflenet_test/test_frame_30fps/normal_plant_rgb/images/intrusion_normal_rgb_0093_cctv3/intrusion_normal_rgb_0093_cctv3_t000116.jpg,/home/capstone2/zroact-stage2/benchmark2/data/viz_shufflenet_test/test_frame_30fps/normal_plant_rgb/images/intrusion_normal_rgb_0093_cctv3/intrusion_normal_rgb_0093_cctv3_t000126.jpg
intrusion_normal_rgb_0093_cctv3_f000136_000146_000156,normal_plant_rgb,intrusion_normal_rgb_0093_cctv3,normal_candidate,"[136, 146, 156]","[4.533, 4.867, 5.2]","{""start_frame"": 121, ""end_frame"": 156}","[""walk, carry/hold (an object)"", ""walk, carry/hold (an object)"", ""walk""]","[""normal"", ""normal"", ""normal""]",normal,36,"{""normal"": 36, ""unsafe"": 0, ""danger"": 0}","{""normal"": 1.0, ""unsafe"": 0.0, ""danger"": 0.0}",0,normal,normal,normal,True,False,labeling_yolo_sequence_coverage,sampled_danger_then_danger_ratio_sampled_unsafe_then_unsafe_ratio_else_normal,"{""danger_threshold"": 0.3, ""unsafe_threshold"": 0.3, ""missing_txt_policy"": ""normal_if_absent""}",/home/capstone2/zroact-stage2/benchmark2/data/viz_shufflenet_test/test_frame_30fps/normal_plant_rgb/images/intrusion_normal_rgb_0093_cctv3/intrusion_normal_rgb_0093_cctv3_t000136.jpg,/home/capstone2/zroact-stage2/benchmark2/data/viz_shufflenet_test/test_frame_30fps/normal_plant_rgb/images/intrusion_normal_rgb_0093_cctv3/intrusion_normal_rgb_0093_cctv3_t000146.jpg,/home/capstone2/zroact-stage2/benchmark2/data/viz_shufflenet_test/test_frame_30fps/normal_plant_rgb/images/intrusion_normal_rgb_0093_cctv3/intrusion_normal_rgb_0093_cctv3_t000156.jpg
intrusion_normal_rgb_0103_cctv4_f000016_000026_000036,normal_plant_rgb,intrusion_normal_rgb_0103_cctv4,normal_candidate,"[16, 26, 36]","[0.533, 0.867, 1.2]","{""start_frame"": 1, ""end_frame"": 36}","[""walk, carry/hold (an object)"", ""walk, carry/hold (an object)"", ""walk, carry/hold (an object)""]","[""normal"", ""normal"", ""normal""]",normal,36,"{""normal"": 36, ""unsafe"": 0, ""danger"": 0}","{""normal"": 1.0, ""unsafe"": 0.0, ""danger"": 0.0}",0,normal,normal,normal,True,False,labeling_yolo_sequence_coverage,sampled_danger_then_danger_ratio_sampled_unsafe_then_unsafe_ratio_else_normal,"{""danger_threshold"": 0.3, ""unsafe_threshold"": 0.3, ""missing_txt_policy"": ""normal_if_absent""}",/home/capstone2/zroact-stage2/benchmark2/data/viz_shufflenet_test/test_frame_30fps/normal_plant_rgb/images/intrusion_normal_rgb_0103_cctv4/intrusion_normal_rgb_0103_cctv4_t000016.jpg,/home/capstone2/zroact-stage2/benchmark2/data/viz_shufflenet_test/test_frame_30fps/normal_plant_rgb/images/intrusion_normal_rgb_0103_cctv4/intrusion_normal_rgb_0103_cctv4_t000026.jpg,/home/capstone2/zroact-stage2/benchmark2/data/viz_shufflenet_test/test_frame_30fps/normal_plant_rgb/images/intrusion_normal_rgb_0103_cctv4/intrusion_normal_rgb_0103_cctv4_t000036.jpg
intrusion_normal_rgb_0103_cctv4_f000046_000056_000066,normal_plant_rgb,intrusion_normal_rgb_0103_cctv4,normal_candidate,"[46, 56, 66]","[1.533, 1.867, 2.2]","{""start_frame"": 31, ""end_frame"": 66}","[""walk, carry/hold (an object)"", ""walk, carry/hold (an object)"", ""walk, carry/hold (an object)""]","[""normal"", ""normal"", ""normal""]",normal,36,"{""normal"": 36, ""unsafe"": 0, ""danger"": 0}","{""normal"": 1.0, ""unsafe"": 0.0, ""danger"": 0.0}",0,normal,normal,normal,True,False,labeling_yolo_sequence_coverage,sampled_danger_then_danger_ratio_sampled_unsafe_then_unsafe_ratio_else_normal,"{""danger_threshold"": 0.3, ""unsafe_threshold"": 0.3, ""missing_txt_policy"": ""normal_if_absent""}",/home/capstone2/zroact-stage2/benchmark2/data/viz_shufflenet_test/test_frame_30fps/normal_plant_rgb/images/intrusion_normal_rgb_0103_cctv4/intrusion_normal_rgb_0103_cctv4_t000046.jpg,/home/capstone2/zroact-stage2/benchmark2/data/viz_shufflenet_test/test_frame_30fps/normal_plant_rgb/images/intrusion_normal_rgb_0103_cctv4/intrusion_normal_rgb_0103_cctv4_t000056.jpg,/home/capstone2/zroact-stage2/benchmark2/data/viz_shufflenet_test/test_frame_30fps/normal_plant_rgb/images/intrusion_normal_rgb_0103_cctv4/intrusion_normal_rgb_0103_cctv4_t000066.jpg
intrusion_normal_rgb_0103_cctv4_f000076_000086_000096,normal_plant_rgb,intrusion_normal_rgb_0103_cctv4,normal_candidate,"[76, 86, 96]","[2.533, 2.867, 3.2]","{""start_frame"": 61, ""end_frame"": 96}","[""walk, carry/hold (an object)"", ""walk, carry/hold (an object)"", ""walk, carry/hold (an object)""]","[""normal"", ""normal"", ""normal""]",normal,36,"{""normal"": 36, ""unsafe"": 0, ""danger"": 0}","{""normal"": 1.0, ""unsafe"": 0.0, ""danger"": 0.0}",0,normal,normal,normal,True,False,labeling_yolo_sequence_coverage,sampled_danger_then_danger_ratio_sampled_unsafe_then_unsafe_ratio_else_normal,"{""danger_threshold"": 0.3, ""unsafe_threshold"": 0.3, ""missing_txt_policy"": ""normal_if_absent""}",/home/capstone2/zroact-stage2/benchmark2/data/viz_shufflenet_test/test_frame_30fps/normal_plant_rgb/images/intrusion_normal_rgb_0103_cctv4/intrusion_normal_rgb_0103_cctv4_t000076.jpg,/home/capstone2/zroact-stage2/benchmark2/data/viz_shufflenet_test/test_frame_30fps/normal_plant_rgb/images/intrusion_normal_rgb_0103_cctv4/intrusion_normal_rgb_0103_cctv4_t000086.jpg,/home/capstone2/zroact-stage2/benchmark2/data/viz_shufflenet_test/test_frame_30fps/normal_plant_rgb/images/intrusion_normal_rgb_0103_cctv4/intrusion_normal_rgb_0103_cctv4_t000096.jpg
intrusion_normal_rgb_0103_cctv4_f000106_000116_000126,normal_plant_rgb,intrusion_normal_rgb_0103_cctv4,normal_candidate,"[106, 116, 126]","[3.533, 3.867, 4.2]","{""start_frame"": 91, ""end_frame"": 126}","[""walk, carry/hold (an object)"", ""walk, carry/hold (an object)"", ""walk, carry/hold (an object)""]","[""normal"", ""normal"", ""normal""]",normal,36,"{""normal"": 36, ""unsafe"": 0, ""danger"": 0}","{""normal"": 1.0, ""unsafe"": 0.0, ""danger"": 0.0}",0,normal,normal,normal,True,False,labeling_yolo_sequence_coverage,sampled_danger_then_danger_ratio_sampled_unsafe_then_unsafe_ratio_else_normal,"{""danger_threshold"": 0.3, ""unsafe_threshold"": 0.3, ""missing_txt_policy"": ""normal_if_absent""}",/home/capstone2/zroact-stage2/benchmark2/data/viz_shufflenet_test/test_frame_30fps/normal_plant_rgb/images/intrusion_normal_rgb_0103_cctv4/intrusion_normal_rgb_0103_cctv4_t000106.jpg,/home/capstone2/zroact-stage2/benchmark2/data/viz_shufflenet_test/test_frame_30fps/normal_plant_rgb/images/intrusion_normal_rgb_0103_cctv4/intrusion_normal_rgb_0103_cctv4_t000116.jpg,/home/capstone2/zroact-stage2/benchmark2/data/viz_shufflenet_test/test_frame_30fps/normal_plant_rgb/images/intrusion_normal_rgb_0103_cctv4/intrusion_normal_rgb_0103_cctv4_t000126.jpg
intrusion_normal_rgb_0103_cctv4_f000136_000146_000156,normal_plant_rgb,intrusion_normal_rgb_0103_cctv4,normal_candidate,"[136, 146, 156]","[4.533, 4.867, 5.2]","{""start_frame"": 121, ""end_frame"": 156}","[""walk, carry/hold (an object)"", ""walk, carry/hold (an object)"", ""walk""]","[""normal"", ""normal"", ""normal""]",normal,36,"{""normal"": 36, ""unsafe"": 0, ""danger"": 0}","{""normal"": 1.0, ""unsafe"": 0.0, ""danger"": 0.0}",0,normal,normal,normal,True,False,labeling_yolo_sequence_coverage,sampled_danger_then_danger_ratio_sampled_unsafe_then_unsafe_ratio_else_normal,"{""danger_threshold"": 0.3, ""unsafe_threshold"": 0.3, ""missing_txt_policy"": ""normal_if_absent""}",/home/capstone2/zroact-stage2/benchmark2/data/viz_shufflenet_test/test_frame_30fps/normal_plant_rgb/images/intrusion_normal_rgb_0103_cctv4/intrusion_normal_rgb_0103_cctv4_t000136.jpg,/home/capstone2/zroact-stage2/benchmark2/data/viz_shufflenet_test/test_frame_30fps/normal_plant_rgb/images/intrusion_normal_rgb_0103_cctv4/intrusion_normal_rgb_0103_cctv4_t000146.jpg,/home/capstone2/zroact-stage2/benchmark2/data/viz_shufflenet_test/test_frame_30fps/normal_plant_rgb/images/intrusion_normal_rgb_0103_cctv4/intrusion_normal_rgb_0103_cctv4_t000156.jpg
intrusion_normal_rgb_0114_cctv4_f000016_000026_000036,normal_plant_rgb,intrusion_normal_rgb_0114_cctv4,normal_candidate,"[16, 26, 36]","[0.533, 0.867, 1.2]","{""start_frame"": 1, ""end_frame"": 36}","[""walk, carry/hold (an object)"", ""walk, carry/hold (an object)"", ""walk, carry/hold (an object)""]","[""normal"", ""normal"", ""normal""]",normal,36,"{""normal"": 36, ""unsafe"": 0, ""danger"": 0}","{""normal"": 1.0, ""unsafe"": 0.0, ""danger"": 0.0}",0,normal,normal,normal,True,False,labeling_yolo_sequence_coverage,sampled_danger_then_danger_ratio_sampled_unsafe_then_unsafe_ratio_else_normal,"{""danger_threshold"": 0.3, ""unsafe_threshold"": 0.3, ""missing_txt_policy"": ""normal_if_absent""}",/home/capstone2/zroact-stage2/benchmark2/data/viz_shufflenet_test/test_frame_30fps/normal_plant_rgb/images/intrusion_normal_rgb_0114_cctv4/intrusion_normal_rgb_0114_cctv4_t000016.jpg,/home/capstone2/zroact-stage2/benchmark2/data/viz_shufflenet_test/test_frame_30fps/normal_plant_rgb/images/intrusion_normal_rgb_0114_cctv4/intrusion_normal_rgb_0114_cctv4_t000026.jpg,/home/capstone2/zroact-stage2/benchmark2/data/viz_shufflenet_test/test_frame_30fps/normal_plant_rgb/images/intrusion_normal_rgb_0114_cctv4/intrusion_normal_rgb_0114_cctv4_t000036.jpg
intrusion_normal_rgb_0114_cctv4_f000046_000056_000066,normal_plant_rgb,intrusion_normal_rgb_0114_cctv4,normal_candidate,"[46, 56, 66]","[1.533, 1.867, 2.2]","{""start_frame"": 31, ""end_frame"": 66}","[""walk, carry/hold (an object)"", ""walk, carry/hold (an object)"", ""walk, carry/hold (an object)""]","[""normal"", ""normal"", ""normal""]",normal,36,"{""normal"": 36, ""unsafe"": 0, ""danger"": 0}","{""normal"": 1.0, ""unsafe"": 0.0, ""danger"": 0.0}",0,normal,normal,normal,True,False,labeling_yolo_sequence_coverage,sampled_danger_then_danger_ratio_sampled_unsafe_then_unsafe_ratio_else_normal,"{""danger_threshold"": 0.3, ""unsafe_threshold"": 0.3, ""missing_txt_policy"": ""normal_if_absent""}",/home/capstone2/zroact-stage2/benchmark2/data/viz_shufflenet_test/test_frame_30fps/normal_plant_rgb/images/intrusion_normal_rgb_0114_cctv4/intrusion_normal_rgb_0114_cctv4_t000046.jpg,/home/capstone2/zroact-stage2/benchmark2/data/viz_shufflenet_test/test_frame_30fps/normal_plant_rgb/images/intrusion_normal_rgb_0114_cctv4/intrusion_normal_rgb_0114_cctv4_t000056.jpg,/home/capstone2/zroact-stage2/benchmark2/data/viz_shufflenet_test/test_frame_30fps/normal_plant_rgb/images/intrusion_normal_rgb_0114_cctv4/intrusion_normal_rgb_0114_cctv4_t000066.jpg
intrusion_normal_rgb_0114_cctv4_f000076_000086_000096,normal_plant_rgb,intrusion_normal_rgb_0114_cctv4,normal_candidate,"[76, 86, 96]","[2.533, 2.867, 3.2]","{""start_frame"": 61, ""end_frame"": 96}","[""walk, carry/hold (an object)"", ""walk, carry/hold (an object)"", ""walk, carry/hold (an object)""]","[""normal"", ""normal"", ""normal""]",normal,36,"{""normal"": 36, ""unsafe"": 0, ""danger"": 0}","{""normal"": 1.0, ""unsafe"": 0.0, ""danger"": 0.0}",0,normal,normal,normal,True,False,labeling_yolo_sequence_coverage,sampled_danger_then_danger_ratio_sampled_unsafe_then_unsafe_ratio_else_normal,"{""danger_threshold"": 0.3, ""unsafe_threshold"": 0.3, ""missing_txt_policy"": ""normal_if_absent""}",/home/capstone2/zroact-stage2/benchmark2/data/viz_shufflenet_test/test_frame_30fps/normal_plant_rgb/images/intrusion_normal_rgb_0114_cctv4/intrusion_normal_rgb_0114_cctv4_t000076.jpg,/home/capstone2/zroact-stage2/benchmark2/data/viz_shufflenet_test/test_frame_30fps/normal_plant_rgb/images/intrusion_normal_rgb_0114_cctv4/intrusion_normal_rgb_0114_cctv4_t000086.jpg,/home/capstone2/zroact-stage2/benchmark2/data/viz_shufflenet_test/test_frame_30fps/normal_plant_rgb/images/intrusion_normal_rgb_0114_cctv4/intrusion_normal_rgb_0114_cctv4_t000096.jpg
intrusion_normal_rgb_0114_cctv4_f000106_000116_000126,normal_plant_rgb,intrusion_normal_rgb_0114_cctv4,normal_candidate,"[106, 116, 126]","[3.533, 3.867, 4.2]","{""start_frame"": 91, ""end_frame"": 126}","[""walk, carry/hold (an object)"", ""walk, carry/hold (an object)"", ""walk, carry/hold (an object)""]","[""normal"", ""normal"", ""normal""]",normal,36,"{""normal"": 36, ""unsafe"": 0, ""danger"": 0}","{""normal"": 1.0, ""unsafe"": 0.0, ""danger"": 0.0}",0,normal,normal,normal,True,False,labeling_yolo_sequence_coverage,sampled_danger_then_danger_ratio_sampled_unsafe_then_unsafe_ratio_else_normal,"{""danger_threshold"": 0.3, ""unsafe_threshold"": 0.3, ""missing_txt_policy"": ""normal_if_absent""}",/home/capstone2/zroact-stage2/benchmark2/data/viz_shufflenet_test/test_frame_30fps/normal_plant_rgb/images/intrusion_normal_rgb_0114_cctv4/intrusion_normal_rgb_0114_cctv4_t000106.jpg,/home/capstone2/zroact-stage2/benchmark2/data/viz_shufflenet_test/test_frame_30fps/normal_plant_rgb/images/intrusion_normal_rgb_0114_cctv4/intrusion_normal_rgb_0114_cctv4_t000116.jpg,/home/capstone2/zroact-stage2/benchmark2/data/viz_shufflenet_test/test_frame_30fps/normal_plant_rgb/images/intrusion_normal_rgb_0114_cctv4/intrusion_normal_rgb_0114_cctv4_t000126.jpg
intrusion_normal_rgb_0114_cctv4_f000136_000146_000156,normal_plant_rgb,intrusion_normal_rgb_0114_cctv4,normal_candidate,"[136, 146, 156]","[4.533, 4.867, 5.2]","{""start_frame"": 121, ""end_frame"": 156}","[""walk, carry/hold (an object)"", ""walk, carry/hold (an object)"", ""walk, carry/hold (an object)""]","[""normal"", ""normal"", ""normal""]",normal,36,"{""normal"": 36, ""unsafe"": 0, ""danger"": 0}","{""normal"": 1.0, ""unsafe"": 0.0, ""danger"": 0.0}",0,normal,normal,normal,True,False,labeling_yolo_sequence_coverage,sampled_danger_then_danger_ratio_sampled_unsafe_then_unsafe_ratio_else_normal,"{""danger_threshold"": 0.3, ""unsafe_threshold"": 0.3, ""missing_txt_policy"": ""normal_if_absent""}",/home/capstone2/zroact-stage2/benchmark2/data/viz_shufflenet_test/test_frame_30fps/normal_plant_rgb/images/intrusion_normal_rgb_0114_cctv4/intrusion_normal_rgb_0114_cctv4_t000136.jpg,/home/capstone2/zroact-stage2/benchmark2/data/viz_shufflenet_test/test_frame_30fps/normal_plant_rgb/images/intrusion_normal_rgb_0114_cctv4/intrusion_normal_rgb_0114_cctv4_t000146.jpg,/home/capstone2/zroact-stage2/benchmark2/data/viz_shufflenet_test/test_frame_30fps/normal_plant_rgb/images/intrusion_normal_rgb_0114_cctv4/intrusion_normal_rgb_0114_cctv4_t000156.jpg
intrusion_normal_rgb_0120_cctv3_f000016_000026_000036,normal_plant_rgb,intrusion_normal_rgb_0120_cctv3,normal_candidate,"[16, 26, 36]","[0.533, 0.867, 1.2]","{""start_frame"": 1, ""end_frame"": 36}","[""walk, carry/hold (an object)"", ""walk, carry/hold (an object)"", ""walk, carry/hold (an object)""]","[""normal"", ""normal"", ""normal""]",normal,36,"{""normal"": 36, ""unsafe"": 0, ""danger"": 0}","{""normal"": 1.0, ""unsafe"": 0.0, ""danger"": 0.0}",0,normal,normal,normal,True,False,labeling_yolo_sequence_coverage,sampled_danger_then_danger_ratio_sampled_unsafe_then_unsafe_ratio_else_normal,"{""danger_threshold"": 0.3, ""unsafe_threshold"": 0.3, ""missing_txt_policy"": ""normal_if_absent""}",/home/capstone2/zroact-stage2/benchmark2/data/viz_shufflenet_test/test_frame_30fps/normal_plant_rgb/images/intrusion_normal_rgb_0120_cctv3/intrusion_normal_rgb_0120_cctv3_t000016.jpg,/home/capstone2/zroact-stage2/benchmark2/data/viz_shufflenet_test/test_frame_30fps/normal_plant_rgb/images/intrusion_normal_rgb_0120_cctv3/intrusion_normal_rgb_0120_cctv3_t000026.jpg,/home/capstone2/zroact-stage2/benchmark2/data/viz_shufflenet_test/test_frame_30fps/normal_plant_rgb/images/intrusion_normal_rgb_0120_cctv3/intrusion_normal_rgb_0120_cctv3_t000036.jpg
intrusion_normal_rgb_0120_cctv3_f000046_000056_000066,normal_plant_rgb,intrusion_normal_rgb_0120_cctv3,normal_candidate,"[46, 56, 66]","[1.533, 1.867, 2.2]","{""start_frame"": 31, ""end_frame"": 66}","[""walk, carry/hold (an object)"", ""walk, carry/hold (an object)"", ""walk, carry/hold (an object)""]","[""normal"", ""normal"", ""normal""]",normal,36,"{""normal"": 36, ""unsafe"": 0, ""danger"": 0}","{""normal"": 1.0, ""unsafe"": 0.0, ""danger"": 0.0}",0,normal,normal,normal,True,False,labeling_yolo_sequence_coverage,sampled_danger_then_danger_ratio_sampled_unsafe_then_unsafe_ratio_else_normal,"{""danger_threshold"": 0.3, ""unsafe_threshold"": 0.3, ""missing_txt_policy"": ""normal_if_absent""}",/home/capstone2/zroact-stage2/benchmark2/data/viz_shufflenet_test/test_frame_30fps/normal_plant_rgb/images/intrusion_normal_rgb_0120_cctv3/intrusion_normal_rgb_0120_cctv3_t000046.jpg,/home/capstone2/zroact-stage2/benchmark2/data/viz_shufflenet_test/test_frame_30fps/normal_plant_rgb/images/intrusion_normal_rgb_0120_cctv3/intrusion_normal_rgb_0120_cctv3_t000056.jpg,/home/capstone2/zroact-stage2/benchmark2/data/viz_shufflenet_test/test_frame_30fps/normal_plant_rgb/images/intrusion_normal_rgb_0120_cctv3/intrusion_normal_rgb_0120_cctv3_t000066.jpg
intrusion_normal_rgb_0120_cctv3_f000076_000086_000096,normal_plant_rgb,intrusion_normal_rgb_0120_cctv3,normal_candidate,"[76, 86, 96]","[2.533, 2.867, 3.2]","{""start_frame"": 61, ""end_frame"": 96}","[""walk, carry/hold (an object)"", ""walk, carry/hold (an object)"", ""walk, carry/hold (an object)""]","[""normal"", ""normal"", ""normal""]",normal,36,"{""normal"": 36, ""unsafe"": 0, ""danger"": 0}","{""normal"": 1.0, ""unsafe"": 0.0, ""danger"": 0.0}",0,normal,normal,normal,True,False,labeling_yolo_sequence_coverage,sampled_danger_then_danger_ratio_sampled_unsafe_then_unsafe_ratio_else_normal,"{""danger_threshold"": 0.3, ""unsafe_threshold"": 0.3, ""missing_txt_policy"": ""normal_if_absent""}",/home/capstone2/zroact-stage2/benchmark2/data/viz_shufflenet_test/test_frame_30fps/normal_plant_rgb/images/intrusion_normal_rgb_0120_cctv3/intrusion_normal_rgb_0120_cctv3_t000076.jpg,/home/capstone2/zroact-stage2/benchmark2/data/viz_shufflenet_test/test_frame_30fps/normal_plant_rgb/images/intrusion_normal_rgb_0120_cctv3/intrusion_normal_rgb_0120_cctv3_t000086.jpg,/home/capstone2/zroact-stage2/benchmark2/data/viz_shufflenet_test/test_frame_30fps/normal_plant_rgb/images/intrusion_normal_rgb_0120_cctv3/intrusion_normal_rgb_0120_cctv3_t000096.jpg
intrusion_normal_rgb_0120_cctv3_f000106_000116_000126,normal_plant_rgb,intrusion_normal_rgb_0120_cctv3,normal_candidate,"[106, 116, 126]","[3.533, 3.867, 4.2]","{""start_frame"": 91, ""end_frame"": 126}","[""walk, carry/hold (an object)"", ""walk, carry/hold (an object)"", ""walk, carry/hold (an object)""]","[""normal"", ""normal"", ""normal""]",normal,36,"{""normal"": 36, ""unsafe"": 0, ""danger"": 0}","{""normal"": 1.0, ""unsafe"": 0.0, ""danger"": 0.0}",0,normal,normal,normal,True,False,labeling_yolo_sequence_coverage,sampled_danger_then_danger_ratio_sampled_unsafe_then_unsafe_ratio_else_normal,"{""danger_threshold"": 0.3, ""unsafe_threshold"": 0.3, ""missing_txt_policy"": ""normal_if_absent""}",/home/capstone2/zroact-stage2/benchmark2/data/viz_shufflenet_test/test_frame_30fps/normal_plant_rgb/images/intrusion_normal_rgb_0120_cctv3/intrusion_normal_rgb_0120_cctv3_t000106.jpg,/home/capstone2/zroact-stage2/benchmark2/data/viz_shufflenet_test/test_frame_30fps/normal_plant_rgb/images/intrusion_normal_rgb_0120_cctv3/intrusion_normal_rgb_0120_cctv3_t000116.jpg,/home/capstone2/zroact-stage2/benchmark2/data/viz_shufflenet_test/test_frame_30fps/normal_plant_rgb/images/intrusion_normal_rgb_0120_cctv3/intrusion_normal_rgb_0120_cctv3_t000126.jpg
intrusion_normal_rgb_0120_cctv3_f000136_000146_000156,normal_plant_rgb,intrusion_normal_rgb_0120_cctv3,normal_candidate,"[136, 146, 156]","[4.533, 4.867, 5.2]","{""start_frame"": 121, ""end_frame"": 156}","[""walk, carry/hold (an object)"", ""walk, carry/hold (an object)"", ""walk, carry/hold (an object)""]","[""normal"", ""normal"", ""normal""]",normal,36,"{""normal"": 36, ""unsafe"": 0, ""danger"": 0}","{""normal"": 1.0, ""unsafe"": 0.0, ""danger"": 0.0}",0,normal,normal,normal,True,False,labeling_yolo_sequence_coverage,sampled_danger_then_danger_ratio_sampled_unsafe_then_unsafe_ratio_else_normal,"{""danger_threshold"": 0.3, ""unsafe_threshold"": 0.3, ""missing_txt_policy"": ""normal_if_absent""}",/home/capstone2/zroact-stage2/benchmark2/data/viz_shufflenet_test/test_frame_30fps/normal_plant_rgb/images/intrusion_normal_rgb_0120_cctv3/intrusion_normal_rgb_0120_cctv3_t000136.jpg,/home/capstone2/zroact-stage2/benchmark2/data/viz_shufflenet_test/test_frame_30fps/normal_plant_rgb/images/intrusion_normal_rgb_0120_cctv3/intrusion_normal_rgb_0120_cctv3_t000146.jpg,/home/capstone2/zroact-stage2/benchmark2/data/viz_shufflenet_test/test_frame_30fps/normal_plant_rgb/images/intrusion_normal_rgb_0120_cctv3/intrusion_normal_rgb_0120_cctv3_t000156.jpg
intrusion_normal_rgb_0120_cctv3_f000166_000176_000186,normal_plant_rgb,intrusion_normal_rgb_0120_cctv3,normal_candidate,"[166, 176, 186]","[5.533, 5.867, 6.2]","{""start_frame"": 151, ""end_frame"": 186}","[""walk, carry/hold (an object)"", ""walk, carry/hold (an object)"", ""walk, carry/hold (an object)""]","[""normal"", ""normal"", ""normal""]",normal,36,"{""normal"": 36, ""unsafe"": 0, ""danger"": 0}","{""normal"": 1.0, ""unsafe"": 0.0, ""danger"": 0.0}",0,normal,normal,normal,True,False,labeling_yolo_sequence_coverage,sampled_danger_then_danger_ratio_sampled_unsafe_then_unsafe_ratio_else_normal,"{""danger_threshold"": 0.3, ""unsafe_threshold"": 0.3, ""missing_txt_policy"": ""normal_if_absent""}",/home/capstone2/zroact-stage2/benchmark2/data/viz_shufflenet_test/test_frame_30fps/normal_plant_rgb/images/intrusion_normal_rgb_0120_cctv3/intrusion_normal_rgb_0120_cctv3_t000166.jpg,/home/capstone2/zroact-stage2/benchmark2/data/viz_shufflenet_test/test_frame_30fps/normal_plant_rgb/images/intrusion_normal_rgb_0120_cctv3/intrusion_normal_rgb_0120_cctv3_t000176.jpg,/home/capstone2/zroact-stage2/benchmark2/data/viz_shufflenet_test/test_frame_30fps/normal_plant_rgb/images/intrusion_normal_rgb_0120_cctv3/intrusion_normal_rgb_0120_cctv3_t000186.jpg
intrusion_normal_rgb_0122_cctv3_f000016_000026_000036,normal_plant_rgb,intrusion_normal_rgb_0122_cctv3,normal_candidate,"[16, 26, 36]","[0.533, 0.867, 1.2]","{""start_frame"": 1, ""end_frame"": 36}","[""walk, carry/hold (an object)"", ""walk, carry/hold (an object)"", ""walk, carry/hold (an object)""]","[""normal"", ""normal"", ""normal""]",normal,36,"{""normal"": 36, ""unsafe"": 0, ""danger"": 0}","{""normal"": 1.0, ""unsafe"": 0.0, ""danger"": 0.0}",0,normal,normal,normal,True,False,labeling_yolo_sequence_coverage,sampled_danger_then_danger_ratio_sampled_unsafe_then_unsafe_ratio_else_normal,"{""danger_threshold"": 0.3, ""unsafe_threshold"": 0.3, ""missing_txt_policy"": ""normal_if_absent""}",/home/capstone2/zroact-stage2/benchmark2/data/viz_shufflenet_test/test_frame_30fps/normal_plant_rgb/images/intrusion_normal_rgb_0122_cctv3/intrusion_normal_rgb_0122_cctv3_t000016.jpg,/home/capstone2/zroact-stage2/benchmark2/data/viz_shufflenet_test/test_frame_30fps/normal_plant_rgb/images/intrusion_normal_rgb_0122_cctv3/intrusion_normal_rgb_0122_cctv3_t000026.jpg,/home/capstone2/zroact-stage2/benchmark2/data/viz_shufflenet_test/test_frame_30fps/normal_plant_rgb/images/intrusion_normal_rgb_0122_cctv3/intrusion_normal_rgb_0122_cctv3_t000036.jpg
intrusion_normal_rgb_0122_cctv3_f000046_000056_000066,normal_plant_rgb,intrusion_normal_rgb_0122_cctv3,normal_candidate,"[46, 56, 66]","[1.533, 1.867, 2.2]","{""start_frame"": 31, ""end_frame"": 66}","[""walk, carry/hold (an object)"", ""walk, carry/hold (an object)"", ""walk, carry/hold (an object)""]","[""normal"", ""normal"", ""normal""]",normal,36,"{""normal"": 36, ""unsafe"": 0, ""danger"": 0}","{""normal"": 1.0, ""unsafe"": 0.0, ""danger"": 0.0}",0,normal,normal,normal,True,False,labeling_yolo_sequence_coverage,sampled_danger_then_danger_ratio_sampled_unsafe_then_unsafe_ratio_else_normal,"{""danger_threshold"": 0.3, ""unsafe_threshold"": 0.3, ""missing_txt_policy"": ""normal_if_absent""}",/home/capstone2/zroact-stage2/benchmark2/data/viz_shufflenet_test/test_frame_30fps/normal_plant_rgb/images/intrusion_normal_rgb_0122_cctv3/intrusion_normal_rgb_0122_cctv3_t000046.jpg,/home/capstone2/zroact-stage2/benchmark2/data/viz_shufflenet_test/test_frame_30fps/normal_plant_rgb/images/intrusion_normal_rgb_0122_cctv3/intrusion_normal_rgb_0122_cctv3_t000056.jpg,/home/capstone2/zroact-stage2/benchmark2/data/viz_shufflenet_test/test_frame_30fps/normal_plant_rgb/images/intrusion_normal_rgb_0122_cctv3/intrusion_normal_rgb_0122_cctv3_t000066.jpg
intrusion_normal_rgb_0122_cctv3_f000076_000086_000096,normal_plant_rgb,intrusion_normal_rgb_0122_cctv3,normal_candidate,"[76, 86, 96]","[2.533, 2.867, 3.2]","{""start_frame"": 61, ""end_frame"": 96}","[""walk, carry/hold (an object)"", ""walk, carry/hold (an object)"", ""walk, carry/hold (an object)""]","[""normal"", ""normal"", ""normal""]",normal,36,"{""normal"": 36, ""unsafe"": 0, ""danger"": 0}","{""normal"": 1.0, ""unsafe"": 0.0, ""danger"": 0.0}",0,normal,normal,normal,True,False,labeling_yolo_sequence_coverage,sampled_danger_then_danger_ratio_sampled_unsafe_then_unsafe_ratio_else_normal,"{""danger_threshold"": 0.3, ""unsafe_threshold"": 0.3, ""missing_txt_policy"": ""normal_if_absent""}",/home/capstone2/zroact-stage2/benchmark2/data/viz_shufflenet_test/test_frame_30fps/normal_plant_rgb/images/intrusion_normal_rgb_0122_cctv3/intrusion_normal_rgb_0122_cctv3_t000076.jpg,/home/capstone2/zroact-stage2/benchmark2/data/viz_shufflenet_test/test_frame_30fps/normal_plant_rgb/images/intrusion_normal_rgb_0122_cctv3/intrusion_normal_rgb_0122_cctv3_t000086.jpg,/home/capstone2/zroact-stage2/benchmark2/data/viz_shufflenet_test/test_frame_30fps/normal_plant_rgb/images/intrusion_normal_rgb_0122_cctv3/intrusion_normal_rgb_0122_cctv3_t000096.jpg
intrusion_normal_rgb_0122_cctv3_f000106_000116_000126,normal_plant_rgb,intrusion_normal_rgb_0122_cctv3,normal_candidate,"[106, 116, 126]","[3.533, 3.867, 4.2]","{""start_frame"": 91, ""end_frame"": 126}","[""stand, carry/hold (an object)"", ""walk, carry/hold (an object)"", ""walk, carry/hold (an object)""]","[""normal"", ""normal"", ""normal""]",normal,36,"{""normal"": 36, ""unsafe"": 0, ""danger"": 0}","{""normal"": 1.0, ""unsafe"": 0.0, ""danger"": 0.0}",0,normal,normal,normal,True,False,labeling_yolo_sequence_coverage,sampled_danger_then_danger_ratio_sampled_unsafe_then_unsafe_ratio_else_normal,"{""danger_threshold"": 0.3, ""unsafe_threshold"": 0.3, ""missing_txt_policy"": ""normal_if_absent""}",/home/capstone2/zroact-stage2/benchmark2/data/viz_shufflenet_test/test_frame_30fps/normal_plant_rgb/images/intrusion_normal_rgb_0122_cctv3/intrusion_normal_rgb_0122_cctv3_t000106.jpg,/home/capstone2/zroact-stage2/benchmark2/data/viz_shufflenet_test/test_frame_30fps/normal_plant_rgb/images/intrusion_normal_rgb_0122_cctv3/intrusion_normal_rgb_0122_cctv3_t000116.jpg,/home/capstone2/zroact-stage2/benchmark2/data/viz_shufflenet_test/test_frame_30fps/normal_plant_rgb/images/intrusion_normal_rgb_0122_cctv3/intrusion_normal_rgb_0122_cctv3_t000126.jpg
intrusion_normal_rgb_0125_cctv2_f000016_000026_000036,normal_plant_rgb,intrusion_normal_rgb_0125_cctv2,normal_candidate,"[16, 26, 36]","[0.533, 0.867, 1.2]","{""start_frame"": 1, ""end_frame"": 36}","[""walk, carry/hold (an object)"", ""walk, carry/hold (an object)"", ""walk, carry/hold (an object)""]","[""normal"", ""normal"", ""normal""]",normal,36,"{""normal"": 36, ""unsafe"": 0, ""danger"": 0}","{""normal"": 1.0, ""unsafe"": 0.0, ""danger"": 0.0}",0,normal,normal,normal,True,False,labeling_yolo_sequence_coverage,sampled_danger_then_danger_ratio_sampled_unsafe_then_unsafe_ratio_else_normal,"{""danger_threshold"": 0.3, ""unsafe_threshold"": 0.3, ""missing_txt_policy"": ""normal_if_absent""}",/home/capstone2/zroact-stage2/benchmark2/data/viz_shufflenet_test/test_frame_30fps/normal_plant_rgb/images/intrusion_normal_rgb_0125_cctv2/intrusion_normal_rgb_0125_cctv2_t000016.jpg,/home/capstone2/zroact-stage2/benchmark2/data/viz_shufflenet_test/test_frame_30fps/normal_plant_rgb/images/intrusion_normal_rgb_0125_cctv2/intrusion_normal_rgb_0125_cctv2_t000026.jpg,/home/capstone2/zroact-stage2/benchmark2/data/viz_shufflenet_test/test_frame_30fps/normal_plant_rgb/images/intrusion_normal_rgb_0125_cctv2/intrusion_normal_rgb_0125_cctv2_t000036.jpg
intrusion_normal_rgb_0125_cctv2_f000046_000056_000066,normal_plant_rgb,intrusion_normal_rgb_0125_cctv2,normal_candidate,"[46, 56, 66]","[1.533, 1.867, 2.2]","{""start_frame"": 31, ""end_frame"": 66}","[""walk, carry/hold (an object)"", ""walk, carry/hold (an object)"", ""walk, carry/hold (an object)""]","[""normal"", ""normal"", ""normal""]",normal,36,"{""normal"": 36, ""unsafe"": 0, ""danger"": 0}","{""normal"": 1.0, ""unsafe"": 0.0, ""danger"": 0.0}",0,normal,normal,normal,True,False,labeling_yolo_sequence_coverage,sampled_danger_then_danger_ratio_sampled_unsafe_then_unsafe_ratio_else_normal,"{""danger_threshold"": 0.3, ""unsafe_threshold"": 0.3, ""missing_txt_policy"": ""normal_if_absent""}",/home/capstone2/zroact-stage2/benchmark2/data/viz_shufflenet_test/test_frame_30fps/normal_plant_rgb/images/intrusion_normal_rgb_0125_cctv2/intrusion_normal_rgb_0125_cctv2_t000046.jpg,/home/capstone2/zroact-stage2/benchmark2/data/viz_shufflenet_test/test_frame_30fps/normal_plant_rgb/images/intrusion_normal_rgb_0125_cctv2/intrusion_normal_rgb_0125_cctv2_t000056.jpg,/home/capstone2/zroact-stage2/benchmark2/data/viz_shufflenet_test/test_frame_30fps/normal_plant_rgb/images/intrusion_normal_rgb_0125_cctv2/intrusion_normal_rgb_0125_cctv2_t000066.jpg
intrusion_normal_rgb_0125_cctv2_f000076_000086_000096,normal_plant_rgb,intrusion_normal_rgb_0125_cctv2,normal_candidate,"[76, 86, 96]","[2.533, 2.867, 3.2]","{""start_frame"": 61, ""end_frame"": 96}","[""walk, carry/hold (an object)"", ""walk, carry/hold (an object)"", ""walk, carry/hold (an object)""]","[""normal"", ""normal"", ""normal""]",normal,36,"{""normal"": 36, ""unsafe"": 0, ""danger"": 0}","{""normal"": 1.0, ""unsafe"": 0.0, ""danger"": 0.0}",0,normal,normal,normal,True,False,labeling_yolo_sequence_coverage,sampled_danger_then_danger_ratio_sampled_unsafe_then_unsafe_ratio_else_normal,"{""danger_threshold"": 0.3, ""unsafe_threshold"": 0.3, ""missing_txt_policy"": ""normal_if_absent""}",/home/capstone2/zroact-stage2/benchmark2/data/viz_shufflenet_test/test_frame_30fps/normal_plant_rgb/images/intrusion_normal_rgb_0125_cctv2/intrusion_normal_rgb_0125_cctv2_t000076.jpg,/home/capstone2/zroact-stage2/benchmark2/data/viz_shufflenet_test/test_frame_30fps/normal_plant_rgb/images/intrusion_normal_rgb_0125_cctv2/intrusion_normal_rgb_0125_cctv2_t000086.jpg,/home/capstone2/zroact-stage2/benchmark2/data/viz_shufflenet_test/test_frame_30fps/normal_plant_rgb/images/intrusion_normal_rgb_0125_cctv2/intrusion_normal_rgb_0125_cctv2_t000096.jpg
intrusion_normal_rgb_0125_cctv2_f000106_000116_000126,normal_plant_rgb,intrusion_normal_rgb_0125_cctv2,normal_candidate,"[106, 116, 126]","[3.533, 3.867, 4.2]","{""start_frame"": 91, ""end_frame"": 126}","[""walk, carry/hold (an object)"", ""walk, carry/hold (an object)"", ""walk, carry/hold (an object)""]","[""normal"", ""normal"", ""normal""]",normal,36,"{""normal"": 36, ""unsafe"": 0, ""danger"": 0}","{""normal"": 1.0, ""unsafe"": 0.0, ""danger"": 0.0}",0,normal,normal,normal,True,False,labeling_yolo_sequence_coverage,sampled_danger_then_danger_ratio_sampled_unsafe_then_unsafe_ratio_else_normal,"{""danger_threshold"": 0.3, ""unsafe_threshold"": 0.3, ""missing_txt_policy"": ""normal_if_absent""}",/home/capstone2/zroact-stage2/benchmark2/data/viz_shufflenet_test/test_frame_30fps/normal_plant_rgb/images/intrusion_normal_rgb_0125_cctv2/intrusion_normal_rgb_0125_cctv2_t000106.jpg,/home/capstone2/zroact-stage2/benchmark2/data/viz_shufflenet_test/test_frame_30fps/normal_plant_rgb/images/intrusion_normal_rgb_0125_cctv2/intrusion_normal_rgb_0125_cctv2_t000116.jpg,/home/capstone2/zroact-stage2/benchmark2/data/viz_shufflenet_test/test_frame_30fps/normal_plant_rgb/images/intrusion_normal_rgb_0125_cctv2/intrusion_normal_rgb_0125_cctv2_t000126.jpg
intrusion_normal_rgb_0125_cctv2_f000136_000146_000156,normal_plant_rgb,intrusion_normal_rgb_0125_cctv2,normal_candidate,"[136, 146, 156]","[4.533, 4.867, 5.2]","{""start_frame"": 121, ""end_frame"": 156}","[""walk, carry/hold (an object)"", ""walk, carry/hold (an object)"", ""walk, carry/hold (an object)""]","[""normal"", ""normal"", ""normal""]",normal,36,"{""normal"": 36, ""unsafe"": 0, ""danger"": 0}","{""normal"": 1.0, ""unsafe"": 0.0, ""danger"": 0.0}",0,normal,normal,normal,True,False,labeling_yolo_sequence_coverage,sampled_danger_then_danger_ratio_sampled_unsafe_then_unsafe_ratio_else_normal,"{""danger_threshold"": 0.3, ""unsafe_threshold"": 0.3, ""missing_txt_policy"": ""normal_if_absent""}",/home/capstone2/zroact-stage2/benchmark2/data/viz_shufflenet_test/test_frame_30fps/normal_plant_rgb/images/intrusion_normal_rgb_0125_cctv2/intrusion_normal_rgb_0125_cctv2_t000136.jpg,/home/capstone2/zroact-stage2/benchmark2/data/viz_shufflenet_test/test_frame_30fps/normal_plant_rgb/images/intrusion_normal_rgb_0125_cctv2/intrusion_normal_rgb_0125_cctv2_t000146.jpg,/home/capstone2/zroact-stage2/benchmark2/data/viz_shufflenet_test/test_frame_30fps/normal_plant_rgb/images/intrusion_normal_rgb_0125_cctv2/intrusion_normal_rgb_0125_cctv2_t000156.jpg
intrusion_normal_rgb_0128_cctv1_f000016_000026_000036,normal_plant_rgb,intrusion_normal_rgb_0128_cctv1,normal_candidate,"[16, 26, 36]","[0.533, 0.867, 1.2]","{""start_frame"": 1, ""end_frame"": 36}","[""walk, carry/hold (an object)"", ""walk, carry/hold (an object)"", ""walk, carry/hold (an object)""]","[""normal"", ""normal"", ""normal""]",normal,36,"{""normal"": 36, ""unsafe"": 0, ""danger"": 0}","{""normal"": 1.0, ""unsafe"": 0.0, ""danger"": 0.0}",0,normal,normal,normal,True,False,labeling_yolo_sequence_coverage,sampled_danger_then_danger_ratio_sampled_unsafe_then_unsafe_ratio_else_normal,"{""danger_threshold"": 0.3, ""unsafe_threshold"": 0.3, ""missing_txt_policy"": ""normal_if_absent""}",/home/capstone2/zroact-stage2/benchmark2/data/viz_shufflenet_test/test_frame_30fps/normal_plant_rgb/images/intrusion_normal_rgb_0128_cctv1/intrusion_normal_rgb_0128_cctv1_t000016.jpg,/home/capstone2/zroact-stage2/benchmark2/data/viz_shufflenet_test/test_frame_30fps/normal_plant_rgb/images/intrusion_normal_rgb_0128_cctv1/intrusion_normal_rgb_0128_cctv1_t000026.jpg,/home/capstone2/zroact-stage2/benchmark2/data/viz_shufflenet_test/test_frame_30fps/normal_plant_rgb/images/intrusion_normal_rgb_0128_cctv1/intrusion_normal_rgb_0128_cctv1_t000036.jpg
intrusion_normal_rgb_0128_cctv1_f000046_000056_000066,normal_plant_rgb,intrusion_normal_rgb_0128_cctv1,normal_candidate,"[46, 56, 66]","[1.533, 1.867, 2.2]","{""start_frame"": 31, ""end_frame"": 66}","[""walk, carry/hold (an object)"", ""walk, carry/hold (an object)"", ""walk, carry/hold (an object)""]","[""normal"", ""normal"", ""normal""]",normal,36,"{""normal"": 36, ""unsafe"": 0, ""danger"": 0}","{""normal"": 1.0, ""unsafe"": 0.0, ""danger"": 0.0}",0,normal,normal,normal,True,False,labeling_yolo_sequence_coverage,sampled_danger_then_danger_ratio_sampled_unsafe_then_unsafe_ratio_else_normal,"{""danger_threshold"": 0.3, ""unsafe_threshold"": 0.3, ""missing_txt_policy"": ""normal_if_absent""}",/home/capstone2/zroact-stage2/benchmark2/data/viz_shufflenet_test/test_frame_30fps/normal_plant_rgb/images/intrusion_normal_rgb_0128_cctv1/intrusion_normal_rgb_0128_cctv1_t000046.jpg,/home/capstone2/zroact-stage2/benchmark2/data/viz_shufflenet_test/test_frame_30fps/normal_plant_rgb/images/intrusion_normal_rgb_0128_cctv1/intrusion_normal_rgb_0128_cctv1_t000056.jpg,/home/capstone2/zroact-stage2/benchmark2/data/viz_shufflenet_test/test_frame_30fps/normal_plant_rgb/images/intrusion_normal_rgb_0128_cctv1/intrusion_normal_rgb_0128_cctv1_t000066.jpg
intrusion_normal_rgb_0128_cctv1_f000076_000086_000096,normal_plant_rgb,intrusion_normal_rgb_0128_cctv1,normal_candidate,"[76, 86, 96]","[2.533, 2.867, 3.2]","{""start_frame"": 61, ""end_frame"": 96}","[""walk, stand"", ""walk, stand"", ""walk, carry/hold (an object)""]","[""normal"", ""normal"", ""normal""]",normal,36,"{""normal"": 36, ""unsafe"": 0, ""danger"": 0}","{""normal"": 1.0, ""unsafe"": 0.0, ""danger"": 0.0}",0,normal,normal,normal,True,False,labeling_yolo_sequence_coverage,sampled_danger_then_danger_ratio_sampled_unsafe_then_unsafe_ratio_else_normal,"{""danger_threshold"": 0.3, ""unsafe_threshold"": 0.3, ""missing_txt_policy"": ""normal_if_absent""}",/home/capstone2/zroact-stage2/benchmark2/data/viz_shufflenet_test/test_frame_30fps/normal_plant_rgb/images/intrusion_normal_rgb_0128_cctv1/intrusion_normal_rgb_0128_cctv1_t000076.jpg,/home/capstone2/zroact-stage2/benchmark2/data/viz_shufflenet_test/test_frame_30fps/normal_plant_rgb/images/intrusion_normal_rgb_0128_cctv1/intrusion_normal_rgb_0128_cctv1_t000086.jpg,/home/capstone2/zroact-stage2/benchmark2/data/viz_shufflenet_test/test_frame_30fps/normal_plant_rgb/images/intrusion_normal_rgb_0128_cctv1/intrusion_normal_rgb_0128_cctv1_t000096.jpg
intrusion_normal_rgb_0128_cctv1_f000106_000116_000126,normal_plant_rgb,intrusion_normal_rgb_0128_cctv1,normal_candidate,"[106, 116, 126]","[3.533, 3.867, 4.2]","{""start_frame"": 91, ""end_frame"": 126}","[""walk, carry/hold (an object)"", ""walk, carry/hold (an object)"", ""walk, carry/hold (an object)""]","[""normal"", ""normal"", ""normal""]",normal,36,"{""normal"": 36, ""unsafe"": 0, ""danger"": 0}","{""normal"": 1.0, ""unsafe"": 0.0, ""danger"": 0.0}",0,normal,normal,normal,True,False,labeling_yolo_sequence_coverage,sampled_danger_then_danger_ratio_sampled_unsafe_then_unsafe_ratio_else_normal,"{""danger_threshold"": 0.3, ""unsafe_threshold"": 0.3, ""missing_txt_policy"": ""normal_if_absent""}",/home/capstone2/zroact-stage2/benchmark2/data/viz_shufflenet_test/test_frame_30fps/normal_plant_rgb/images/intrusion_normal_rgb_0128_cctv1/intrusion_normal_rgb_0128_cctv1_t000106.jpg,/home/capstone2/zroact-stage2/benchmark2/data/viz_shufflenet_test/test_frame_30fps/normal_plant_rgb/images/intrusion_normal_rgb_0128_cctv1/intrusion_normal_rgb_0128_cctv1_t000116.jpg,/home/capstone2/zroact-stage2/benchmark2/data/viz_shufflenet_test/test_frame_30fps/normal_plant_rgb/images/intrusion_normal_rgb_0128_cctv1/intrusion_normal_rgb_0128_cctv1_t000126.jpg
intrusion_normal_rgb_0128_cctv1_f000136_000146_000156,normal_plant_rgb,intrusion_normal_rgb_0128_cctv1,normal_candidate,"[136, 146, 156]","[4.533, 4.867, 5.2]","{""start_frame"": 121, ""end_frame"": 156}","[""walk, carry/hold (an object)"", ""walk, carry/hold (an object)"", ""walk, carry/hold (an object)""]","[""normal"", ""normal"", ""normal""]",normal,36,"{""normal"": 36, ""unsafe"": 0, ""danger"": 0}","{""normal"": 1.0, ""unsafe"": 0.0, ""danger"": 0.0}",0,normal,normal,normal,True,False,labeling_yolo_sequence_coverage,sampled_danger_then_danger_ratio_sampled_unsafe_then_unsafe_ratio_else_normal,"{""danger_threshold"": 0.3, ""unsafe_threshold"": 0.3, ""missing_txt_policy"": ""normal_if_absent""}",/home/capstone2/zroact-stage2/benchmark2/data/viz_shufflenet_test/test_frame_30fps/normal_plant_rgb/images/intrusion_normal_rgb_0128_cctv1/intrusion_normal_rgb_0128_cctv1_t000136.jpg,/home/capstone2/zroact-stage2/benchmark2/data/viz_shufflenet_test/test_frame_30fps/normal_plant_rgb/images/intrusion_normal_rgb_0128_cctv1/intrusion_normal_rgb_0128_cctv1_t000146.jpg,/home/capstone2/zroact-stage2/benchmark2/data/viz_shufflenet_test/test_frame_30fps/normal_plant_rgb/images/intrusion_normal_rgb_0128_cctv1/intrusion_normal_rgb_0128_cctv1_t000156.jpg
intrusion_normal_rgb_0133_cctv1_f000016_000026_000036,normal_plant_rgb,intrusion_normal_rgb_0133_cctv1,normal_candidate,"[16, 26, 36]","[0.533, 0.867, 1.2]","{""start_frame"": 1, ""end_frame"": 36}","[""walk, carry/hold (an object)"", ""walk, carry/hold (an object)"", ""walk, carry/hold (an object)""]","[""normal"", ""normal"", ""normal""]",normal,36,"{""normal"": 36, ""unsafe"": 0, ""danger"": 0}","{""normal"": 1.0, ""unsafe"": 0.0, ""danger"": 0.0}",0,normal,normal,normal,True,False,labeling_yolo_sequence_coverage,sampled_danger_then_danger_ratio_sampled_unsafe_then_unsafe_ratio_else_normal,"{""danger_threshold"": 0.3, ""unsafe_threshold"": 0.3, ""missing_txt_policy"": ""normal_if_absent""}",/home/capstone2/zroact-stage2/benchmark2/data/viz_shufflenet_test/test_frame_30fps/normal_plant_rgb/images/intrusion_normal_rgb_0133_cctv1/intrusion_normal_rgb_0133_cctv1_t000016.jpg,/home/capstone2/zroact-stage2/benchmark2/data/viz_shufflenet_test/test_frame_30fps/normal_plant_rgb/images/intrusion_normal_rgb_0133_cctv1/intrusion_normal_rgb_0133_cctv1_t000026.jpg,/home/capstone2/zroact-stage2/benchmark2/data/viz_shufflenet_test/test_frame_30fps/normal_plant_rgb/images/intrusion_normal_rgb_0133_cctv1/intrusion_normal_rgb_0133_cctv1_t000036.jpg
intrusion_normal_rgb_0133_cctv1_f000046_000056_000066,normal_plant_rgb,intrusion_normal_rgb_0133_cctv1,normal_candidate,"[46, 56, 66]","[1.533, 1.867, 2.2]","{""start_frame"": 31, ""end_frame"": 66}","[""walk, carry/hold (an object)"", ""walk, carry/hold (an object)"", ""walk, carry/hold (an object)""]","[""normal"", ""normal"", ""normal""]",normal,36,"{""normal"": 36, ""unsafe"": 0, ""danger"": 0}","{""normal"": 1.0, ""unsafe"": 0.0, ""danger"": 0.0}",0,normal,normal,normal,True,False,labeling_yolo_sequence_coverage,sampled_danger_then_danger_ratio_sampled_unsafe_then_unsafe_ratio_else_normal,"{""danger_threshold"": 0.3, ""unsafe_threshold"": 0.3, ""missing_txt_policy"": ""normal_if_absent""}",/home/capstone2/zroact-stage2/benchmark2/data/viz_shufflenet_test/test_frame_30fps/normal_plant_rgb/images/intrusion_normal_rgb_0133_cctv1/intrusion_normal_rgb_0133_cctv1_t000046.jpg,/home/capstone2/zroact-stage2/benchmark2/data/viz_shufflenet_test/test_frame_30fps/normal_plant_rgb/images/intrusion_normal_rgb_0133_cctv1/intrusion_normal_rgb_0133_cctv1_t000056.jpg,/home/capstone2/zroact-stage2/benchmark2/data/viz_shufflenet_test/test_frame_30fps/normal_plant_rgb/images/intrusion_normal_rgb_0133_cctv1/intrusion_normal_rgb_0133_cctv1_t000066.jpg
intrusion_normal_rgb_0133_cctv1_f000076_000086_000096,normal_plant_rgb,intrusion_normal_rgb_0133_cctv1,normal_candidate,"[76, 86, 96]","[2.533, 2.867, 3.2]","{""start_frame"": 61, ""end_frame"": 96}","[""walk, carry/hold (an object)"", ""walk, carry/hold (an object)"", ""walk, carry/hold (an object)""]","[""normal"", ""normal"", ""normal""]",normal,36,"{""normal"": 36, ""unsafe"": 0, ""danger"": 0}","{""normal"": 1.0, ""unsafe"": 0.0, ""danger"": 0.0}",0,normal,normal,normal,True,False,labeling_yolo_sequence_coverage,sampled_danger_then_danger_ratio_sampled_unsafe_then_unsafe_ratio_else_normal,"{""danger_threshold"": 0.3, ""unsafe_threshold"": 0.3, ""missing_txt_policy"": ""normal_if_absent""}",/home/capstone2/zroact-stage2/benchmark2/data/viz_shufflenet_test/test_frame_30fps/normal_plant_rgb/images/intrusion_normal_rgb_0133_cctv1/intrusion_normal_rgb_0133_cctv1_t000076.jpg,/home/capstone2/zroact-stage2/benchmark2/data/viz_shufflenet_test/test_frame_30fps/normal_plant_rgb/images/intrusion_normal_rgb_0133_cctv1/intrusion_normal_rgb_0133_cctv1_t000086.jpg,/home/capstone2/zroact-stage2/benchmark2/data/viz_shufflenet_test/test_frame_30fps/normal_plant_rgb/images/intrusion_normal_rgb_0133_cctv1/intrusion_normal_rgb_0133_cctv1_t000096.jpg
intrusion_normal_rgb_0133_cctv1_f000106_000116_000126,normal_plant_rgb,intrusion_normal_rgb_0133_cctv1,normal_candidate,"[106, 116, 126]","[3.533, 3.867, 4.2]","{""start_frame"": 91, ""end_frame"": 126}","[""walk, carry/hold (an object)"", ""walk, carry/hold (an object)"", ""walk, carry/hold (an object)""]","[""normal"", ""normal"", ""normal""]",normal,36,"{""normal"": 36, ""unsafe"": 0, ""danger"": 0}","{""normal"": 1.0, ""unsafe"": 0.0, ""danger"": 0.0}",0,normal,normal,normal,True,False,labeling_yolo_sequence_coverage,sampled_danger_then_danger_ratio_sampled_unsafe_then_unsafe_ratio_else_normal,"{""danger_threshold"": 0.3, ""unsafe_threshold"": 0.3, ""missing_txt_policy"": ""normal_if_absent""}",/home/capstone2/zroact-stage2/benchmark2/data/viz_shufflenet_test/test_frame_30fps/normal_plant_rgb/images/intrusion_normal_rgb_0133_cctv1/intrusion_normal_rgb_0133_cctv1_t000106.jpg,/home/capstone2/zroact-stage2/benchmark2/data/viz_shufflenet_test/test_frame_30fps/normal_plant_rgb/images/intrusion_normal_rgb_0133_cctv1/intrusion_normal_rgb_0133_cctv1_t000116.jpg,/home/capstone2/zroact-stage2/benchmark2/data/viz_shufflenet_test/test_frame_30fps/normal_plant_rgb/images/intrusion_normal_rgb_0133_cctv1/intrusion_normal_rgb_0133_cctv1_t000126.jpg
intrusion_normal_rgb_0133_cctv1_f000136_000146_000156,normal_plant_rgb,intrusion_normal_rgb_0133_cctv1,normal_candidate,"[136, 146, 156]","[4.533, 4.867, 5.2]","{""start_frame"": 121, ""end_frame"": 156}","[""walk, carry/hold (an object)"", ""walk, carry/hold (an object)"", ""stand, carry/hold (an object)""]","[""normal"", ""normal"", ""normal""]",normal,36,"{""normal"": 36, ""unsafe"": 0, ""danger"": 0}","{""normal"": 1.0, ""unsafe"": 0.0, ""danger"": 0.0}",0,normal,normal,normal,True,False,labeling_yolo_sequence_coverage,sampled_danger_then_danger_ratio_sampled_unsafe_then_unsafe_ratio_else_normal,"{""danger_threshold"": 0.3, ""unsafe_threshold"": 0.3, ""missing_txt_policy"": ""normal_if_absent""}",/home/capstone2/zroact-stage2/benchmark2/data/viz_shufflenet_test/test_frame_30fps/normal_plant_rgb/images/intrusion_normal_rgb_0133_cctv1/intrusion_normal_rgb_0133_cctv1_t000136.jpg,/home/capstone2/zroact-stage2/benchmark2/data/viz_shufflenet_test/test_frame_30fps/normal_plant_rgb/images/intrusion_normal_rgb_0133_cctv1/intrusion_normal_rgb_0133_cctv1_t000146.jpg,/home/capstone2/zroact-stage2/benchmark2/data/viz_shufflenet_test/test_frame_30fps/normal_plant_rgb/images/intrusion_normal_rgb_0133_cctv1/intrusion_normal_rgb_0133_cctv1_t000156.jpg
intrusion_normal_rgb_0138_cctv2_f000016_000026_000036,normal_plant_rgb,intrusion_normal_rgb_0138_cctv2,normal_candidate,"[16, 26, 36]","[0.533, 0.867, 1.2]","{""start_frame"": 1, ""end_frame"": 36}","[""walk, carry/hold (an object)"", ""walk, carry/hold (an object)"", ""walk, carry/hold (an object)""]","[""normal"", ""normal"", ""normal""]",normal,36,"{""normal"": 36, ""unsafe"": 0, ""danger"": 0}","{""normal"": 1.0, ""unsafe"": 0.0, ""danger"": 0.0}",0,normal,normal,normal,True,False,labeling_yolo_sequence_coverage,sampled_danger_then_danger_ratio_sampled_unsafe_then_unsafe_ratio_else_normal,"{""danger_threshold"": 0.3, ""unsafe_threshold"": 0.3, ""missing_txt_policy"": ""normal_if_absent""}",/home/capstone2/zroact-stage2/benchmark2/data/viz_shufflenet_test/test_frame_30fps/normal_plant_rgb/images/intrusion_normal_rgb_0138_cctv2/intrusion_normal_rgb_0138_cctv2_t000016.jpg,/home/capstone2/zroact-stage2/benchmark2/data/viz_shufflenet_test/test_frame_30fps/normal_plant_rgb/images/intrusion_normal_rgb_0138_cctv2/intrusion_normal_rgb_0138_cctv2_t000026.jpg,/home/capstone2/zroact-stage2/benchmark2/data/viz_shufflenet_test/test_frame_30fps/normal_plant_rgb/images/intrusion_normal_rgb_0138_cctv2/intrusion_normal_rgb_0138_cctv2_t000036.jpg
intrusion_normal_rgb_0138_cctv2_f000046_000056_000066,normal_plant_rgb,intrusion_normal_rgb_0138_cctv2,normal_candidate,"[46, 56, 66]","[1.533, 1.867, 2.2]","{""start_frame"": 31, ""end_frame"": 66}","[""walk, carry/hold (an object)"", ""walk, carry/hold (an object)"", ""walk, carry/hold (an object)""]","[""normal"", ""normal"", ""normal""]",normal,36,"{""normal"": 36, ""unsafe"": 0, ""danger"": 0}","{""normal"": 1.0, ""unsafe"": 0.0, ""danger"": 0.0}",0,normal,normal,normal,True,False,labeling_yolo_sequence_coverage,sampled_danger_then_danger_ratio_sampled_unsafe_then_unsafe_ratio_else_normal,"{""danger_threshold"": 0.3, ""unsafe_threshold"": 0.3, ""missing_txt_policy"": ""normal_if_absent""}",/home/capstone2/zroact-stage2/benchmark2/data/viz_shufflenet_test/test_frame_30fps/normal_plant_rgb/images/intrusion_normal_rgb_0138_cctv2/intrusion_normal_rgb_0138_cctv2_t000046.jpg,/home/capstone2/zroact-stage2/benchmark2/data/viz_shufflenet_test/test_frame_30fps/normal_plant_rgb/images/intrusion_normal_rgb_0138_cctv2/intrusion_normal_rgb_0138_cctv2_t000056.jpg,/home/capstone2/zroact-stage2/benchmark2/data/viz_shufflenet_test/test_frame_30fps/normal_plant_rgb/images/intrusion_normal_rgb_0138_cctv2/intrusion_normal_rgb_0138_cctv2_t000066.jpg
intrusion_normal_rgb_0138_cctv2_f000076_000086_000096,normal_plant_rgb,intrusion_normal_rgb_0138_cctv2,normal_candidate,"[76, 86, 96]","[2.533, 2.867, 3.2]","{""start_frame"": 61, ""end_frame"": 96}","[""walk, carry/hold (an object)"", ""walk, carry/hold (an object)"", ""walk, carry/hold (an object)""]","[""normal"", ""normal"", ""normal""]",normal,36,"{""normal"": 36, ""unsafe"": 0, ""danger"": 0}","{""normal"": 1.0, ""unsafe"": 0.0, ""danger"": 0.0}",0,normal,normal,normal,True,False,labeling_yolo_sequence_coverage,sampled_danger_then_danger_ratio_sampled_unsafe_then_unsafe_ratio_else_normal,"{""danger_threshold"": 0.3, ""unsafe_threshold"": 0.3, ""missing_txt_policy"": ""normal_if_absent""}",/home/capstone2/zroact-stage2/benchmark2/data/viz_shufflenet_test/test_frame_30fps/normal_plant_rgb/images/intrusion_normal_rgb_0138_cctv2/intrusion_normal_rgb_0138_cctv2_t000076.jpg,/home/capstone2/zroact-stage2/benchmark2/data/viz_shufflenet_test/test_frame_30fps/normal_plant_rgb/images/intrusion_normal_rgb_0138_cctv2/intrusion_normal_rgb_0138_cctv2_t000086.jpg,/home/capstone2/zroact-stage2/benchmark2/data/viz_shufflenet_test/test_frame_30fps/normal_plant_rgb/images/intrusion_normal_rgb_0138_cctv2/intrusion_normal_rgb_0138_cctv2_t000096.jpg
intrusion_normal_rgb_0138_cctv2_f000106_000116_000126,normal_plant_rgb,intrusion_normal_rgb_0138_cctv2,normal_candidate,"[106, 116, 126]","[3.533, 3.867, 4.2]","{""start_frame"": 91, ""end_frame"": 126}","[""walk, carry/hold (an object)"", ""walk, carry/hold (an object)"", ""walk, carry/hold (an object)""]","[""normal"", ""normal"", ""normal""]",normal,36,"{""normal"": 36, ""unsafe"": 0, ""danger"": 0}","{""normal"": 1.0, ""unsafe"": 0.0, ""danger"": 0.0}",0,normal,normal,normal,True,False,labeling_yolo_sequence_coverage,sampled_danger_then_danger_ratio_sampled_unsafe_then_unsafe_ratio_else_normal,"{""danger_threshold"": 0.3, ""unsafe_threshold"": 0.3, ""missing_txt_policy"": ""normal_if_absent""}",/home/capstone2/zroact-stage2/benchmark2/data/viz_shufflenet_test/test_frame_30fps/normal_plant_rgb/images/intrusion_normal_rgb_0138_cctv2/intrusion_normal_rgb_0138_cctv2_t000106.jpg,/home/capstone2/zroact-stage2/benchmark2/data/viz_shufflenet_test/test_frame_30fps/normal_plant_rgb/images/intrusion_normal_rgb_0138_cctv2/intrusion_normal_rgb_0138_cctv2_t000116.jpg,/home/capstone2/zroact-stage2/benchmark2/data/viz_shufflenet_test/test_frame_30fps/normal_plant_rgb/images/intrusion_normal_rgb_0138_cctv2/intrusion_normal_rgb_0138_cctv2_t000126.jpg
intrusion_normal_rgb_0138_cctv2_f000136_000146_000156,normal_plant_rgb,intrusion_normal_rgb_0138_cctv2,normal_candidate,"[136, 146, 156]","[4.533, 4.867, 5.2]","{""start_frame"": 121, ""end_frame"": 156}","[""carry/hold (an object), walk"", ""walk, stand"", ""walk, carry/hold (an object)""]","[""normal"", ""normal"", ""normal""]",normal,36,"{""normal"": 36, ""unsafe"": 0, ""danger"": 0}","{""normal"": 1.0, ""unsafe"": 0.0, ""danger"": 0.0}",0,normal,normal,normal,True,False,labeling_yolo_sequence_coverage,sampled_danger_then_danger_ratio_sampled_unsafe_then_unsafe_ratio_else_normal,"{""danger_threshold"": 0.3, ""unsafe_threshold"": 0.3, ""missing_txt_policy"": ""normal_if_absent""}",/home/capstone2/zroact-stage2/benchmark2/data/viz_shufflenet_test/test_frame_30fps/normal_plant_rgb/images/intrusion_normal_rgb_0138_cctv2/intrusion_normal_rgb_0138_cctv2_t000136.jpg,/home/capstone2/zroact-stage2/benchmark2/data/viz_shufflenet_test/test_frame_30fps/normal_plant_rgb/images/intrusion_normal_rgb_0138_cctv2/intrusion_normal_rgb_0138_cctv2_t000146.jpg,/home/capstone2/zroact-stage2/benchmark2/data/viz_shufflenet_test/test_frame_30fps/normal_plant_rgb/images/intrusion_normal_rgb_0138_cctv2/intrusion_normal_rgb_0138_cctv2_t000156.jpg
intrusion_normal_rgb_0140_cctv4_f000016_000026_000036,normal_plant_rgb,intrusion_normal_rgb_0140_cctv4,normal_candidate,"[16, 26, 36]","[0.533, 0.867, 1.2]","{""start_frame"": 1, ""end_frame"": 36}","[""walk, carry/hold (an object)"", ""walk, carry/hold (an object)"", ""walk, carry/hold (an object)""]","[""normal"", ""normal"", ""normal""]",normal,36,"{""normal"": 36, ""unsafe"": 0, ""danger"": 0}","{""normal"": 1.0, ""unsafe"": 0.0, ""danger"": 0.0}",0,normal,normal,normal,True,False,labeling_yolo_sequence_coverage,sampled_danger_then_danger_ratio_sampled_unsafe_then_unsafe_ratio_else_normal,"{""danger_threshold"": 0.3, ""unsafe_threshold"": 0.3, ""missing_txt_policy"": ""normal_if_absent""}",/home/capstone2/zroact-stage2/benchmark2/data/viz_shufflenet_test/test_frame_30fps/normal_plant_rgb/images/intrusion_normal_rgb_0140_cctv4/intrusion_normal_rgb_0140_cctv4_t000016.jpg,/home/capstone2/zroact-stage2/benchmark2/data/viz_shufflenet_test/test_frame_30fps/normal_plant_rgb/images/intrusion_normal_rgb_0140_cctv4/intrusion_normal_rgb_0140_cctv4_t000026.jpg,/home/capstone2/zroact-stage2/benchmark2/data/viz_shufflenet_test/test_frame_30fps/normal_plant_rgb/images/intrusion_normal_rgb_0140_cctv4/intrusion_normal_rgb_0140_cctv4_t000036.jpg
intrusion_normal_rgb_0140_cctv4_f000046_000056_000066,normal_plant_rgb,intrusion_normal_rgb_0140_cctv4,normal_candidate,"[46, 56, 66]","[1.533, 1.867, 2.2]","{""start_frame"": 31, ""end_frame"": 66}","[""walk, carry/hold (an object)"", ""walk, carry/hold (an object)"", ""walk, carry/hold (an object)""]","[""normal"", ""normal"", ""normal""]",normal,36,"{""normal"": 36, ""unsafe"": 0, ""danger"": 0}","{""normal"": 1.0, ""unsafe"": 0.0, ""danger"": 0.0}",0,normal,normal,normal,True,False,labeling_yolo_sequence_coverage,sampled_danger_then_danger_ratio_sampled_unsafe_then_unsafe_ratio_else_normal,"{""danger_threshold"": 0.3, ""unsafe_threshold"": 0.3, ""missing_txt_policy"": ""normal_if_absent""}",/home/capstone2/zroact-stage2/benchmark2/data/viz_shufflenet_test/test_frame_30fps/normal_plant_rgb/images/intrusion_normal_rgb_0140_cctv4/intrusion_normal_rgb_0140_cctv4_t000046.jpg,/home/capstone2/zroact-stage2/benchmark2/data/viz_shufflenet_test/test_frame_30fps/normal_plant_rgb/images/intrusion_normal_rgb_0140_cctv4/intrusion_normal_rgb_0140_cctv4_t000056.jpg,/home/capstone2/zroact-stage2/benchmark2/data/viz_shufflenet_test/test_frame_30fps/normal_plant_rgb/images/intrusion_normal_rgb_0140_cctv4/intrusion_normal_rgb_0140_cctv4_t000066.jpg
intrusion_normal_rgb_0140_cctv4_f000076_000086_000096,normal_plant_rgb,intrusion_normal_rgb_0140_cctv4,normal_candidate,"[76, 86, 96]","[2.533, 2.867, 3.2]","{""start_frame"": 61, ""end_frame"": 96}","[""walk, carry/hold (an object)"", ""walk, carry/hold (an object)"", ""walk, carry/hold (an object)""]","[""normal"", ""normal"", ""normal""]",normal,36,"{""normal"": 36, ""unsafe"": 0, ""danger"": 0}","{""normal"": 1.0, ""unsafe"": 0.0, ""danger"": 0.0}",0,normal,normal,normal,True,False,labeling_yolo_sequence_coverage,sampled_danger_then_danger_ratio_sampled_unsafe_then_unsafe_ratio_else_normal,"{""danger_threshold"": 0.3, ""unsafe_threshold"": 0.3, ""missing_txt_policy"": ""normal_if_absent""}",/home/capstone2/zroact-stage2/benchmark2/data/viz_shufflenet_test/test_frame_30fps/normal_plant_rgb/images/intrusion_normal_rgb_0140_cctv4/intrusion_normal_rgb_0140_cctv4_t000076.jpg,/home/capstone2/zroact-stage2/benchmark2/data/viz_shufflenet_test/test_frame_30fps/normal_plant_rgb/images/intrusion_normal_rgb_0140_cctv4/intrusion_normal_rgb_0140_cctv4_t000086.jpg,/home/capstone2/zroact-stage2/benchmark2/data/viz_shufflenet_test/test_frame_30fps/normal_plant_rgb/images/intrusion_normal_rgb_0140_cctv4/intrusion_normal_rgb_0140_cctv4_t000096.jpg
intrusion_normal_rgb_0140_cctv4_f000106_000116_000126,normal_plant_rgb,intrusion_normal_rgb_0140_cctv4,normal_candidate,"[106, 116, 126]","[3.533, 3.867, 4.2]","{""start_frame"": 91, ""end_frame"": 126}","[""walk, carry/hold (an object)"", ""walk, carry/hold (an object)"", ""walk, carry/hold (an object)""]","[""normal"", ""normal"", ""normal""]",normal,36,"{""normal"": 36, ""unsafe"": 0, ""danger"": 0}","{""normal"": 1.0, ""unsafe"": 0.0, ""danger"": 0.0}",0,normal,normal,normal,True,False,labeling_yolo_sequence_coverage,sampled_danger_then_danger_ratio_sampled_unsafe_then_unsafe_ratio_else_normal,"{""danger_threshold"": 0.3, ""unsafe_threshold"": 0.3, ""missing_txt_policy"": ""normal_if_absent""}",/home/capstone2/zroact-stage2/benchmark2/data/viz_shufflenet_test/test_frame_30fps/normal_plant_rgb/images/intrusion_normal_rgb_0140_cctv4/intrusion_normal_rgb_0140_cctv4_t000106.jpg,/home/capstone2/zroact-stage2/benchmark2/data/viz_shufflenet_test/test_frame_30fps/normal_plant_rgb/images/intrusion_normal_rgb_0140_cctv4/intrusion_normal_rgb_0140_cctv4_t000116.jpg,/home/capstone2/zroact-stage2/benchmark2/data/viz_shufflenet_test/test_frame_30fps/normal_plant_rgb/images/intrusion_normal_rgb_0140_cctv4/intrusion_normal_rgb_0140_cctv4_t000126.jpg
intrusion_normal_rgb_0140_cctv4_f000136_000146_000156,normal_plant_rgb,intrusion_normal_rgb_0140_cctv4,normal_candidate,"[136, 146, 156]","[4.533, 4.867, 5.2]","{""start_frame"": 121, ""end_frame"": 156}","[""walk, carry/hold (an object)"", ""walk, carry/hold (an object)"", ""walk, carry/hold (an object)""]","[""normal"", ""normal"", ""normal""]",normal,36,"{""normal"": 36, ""unsafe"": 0, ""danger"": 0}","{""normal"": 1.0, ""unsafe"": 0.0, ""danger"": 0.0}",0,normal,normal,normal,True,False,labeling_yolo_sequence_coverage,sampled_danger_then_danger_ratio_sampled_unsafe_then_unsafe_ratio_else_normal,"{""danger_threshold"": 0.3, ""unsafe_threshold"": 0.3, ""missing_txt_policy"": ""normal_if_absent""}",/home/capstone2/zroact-stage2/benchmark2/data/viz_shufflenet_test/test_frame_30fps/normal_plant_rgb/images/intrusion_normal_rgb_0140_cctv4/intrusion_normal_rgb_0140_cctv4_t000136.jpg,/home/capstone2/zroact-stage2/benchmark2/data/viz_shufflenet_test/test_frame_30fps/normal_plant_rgb/images/intrusion_normal_rgb_0140_cctv4/intrusion_normal_rgb_0140_cctv4_t000146.jpg,/home/capstone2/zroact-stage2/benchmark2/data/viz_shufflenet_test/test_frame_30fps/normal_plant_rgb/images/intrusion_normal_rgb_0140_cctv4/intrusion_normal_rgb_0140_cctv4_t000156.jpg
intrusion_normal_rgb_0156_cctv2_f000016_000026_000036,normal_plant_rgb,intrusion_normal_rgb_0156_cctv2,normal_candidate,"[16, 26, 36]","[0.533, 0.867, 1.2]","{""start_frame"": 1, ""end_frame"": 36}","[""walk, carry/hold (an object)"", ""walk, carry/hold (an object)"", ""walk, carry/hold (an object)""]","[""normal"", ""normal"", ""normal""]",normal,36,"{""normal"": 36, ""unsafe"": 0, ""danger"": 0}","{""normal"": 1.0, ""unsafe"": 0.0, ""danger"": 0.0}",0,normal,normal,normal,True,False,labeling_yolo_sequence_coverage,sampled_danger_then_danger_ratio_sampled_unsafe_then_unsafe_ratio_else_normal,"{""danger_threshold"": 0.3, ""unsafe_threshold"": 0.3, ""missing_txt_policy"": ""normal_if_absent""}",/home/capstone2/zroact-stage2/benchmark2/data/viz_shufflenet_test/test_frame_30fps/normal_plant_rgb/images/intrusion_normal_rgb_0156_cctv2/intrusion_normal_rgb_0156_cctv2_t000016.jpg,/home/capstone2/zroact-stage2/benchmark2/data/viz_shufflenet_test/test_frame_30fps/normal_plant_rgb/images/intrusion_normal_rgb_0156_cctv2/intrusion_normal_rgb_0156_cctv2_t000026.jpg,/home/capstone2/zroact-stage2/benchmark2/data/viz_shufflenet_test/test_frame_30fps/normal_plant_rgb/images/intrusion_normal_rgb_0156_cctv2/intrusion_normal_rgb_0156_cctv2_t000036.jpg
intrusion_normal_rgb_0156_cctv2_f000046_000056_000066,normal_plant_rgb,intrusion_normal_rgb_0156_cctv2,normal_candidate,"[46, 56, 66]","[1.533, 1.867, 2.2]","{""start_frame"": 31, ""end_frame"": 66}","[""walk, carry/hold (an object)"", ""walk, carry/hold (an object)"", ""walk, carry/hold (an object)""]","[""normal"", ""normal"", ""normal""]",normal,36,"{""normal"": 36, ""unsafe"": 0, ""danger"": 0}","{""normal"": 1.0, ""unsafe"": 0.0, ""danger"": 0.0}",0,normal,normal,normal,True,False,labeling_yolo_sequence_coverage,sampled_danger_then_danger_ratio_sampled_unsafe_then_unsafe_ratio_else_normal,"{""danger_threshold"": 0.3, ""unsafe_threshold"": 0.3, ""missing_txt_policy"": ""normal_if_absent""}",/home/capstone2/zroact-stage2/benchmark2/data/viz_shufflenet_test/test_frame_30fps/normal_plant_rgb/images/intrusion_normal_rgb_0156_cctv2/intrusion_normal_rgb_0156_cctv2_t000046.jpg,/home/capstone2/zroact-stage2/benchmark2/data/viz_shufflenet_test/test_frame_30fps/normal_plant_rgb/images/intrusion_normal_rgb_0156_cctv2/intrusion_normal_rgb_0156_cctv2_t000056.jpg,/home/capstone2/zroact-stage2/benchmark2/data/viz_shufflenet_test/test_frame_30fps/normal_plant_rgb/images/intrusion_normal_rgb_0156_cctv2/intrusion_normal_rgb_0156_cctv2_t000066.jpg
intrusion_normal_rgb_0156_cctv2_f000076_000086_000096,normal_plant_rgb,intrusion_normal_rgb_0156_cctv2,normal_candidate,"[76, 86, 96]","[2.533, 2.867, 3.2]","{""start_frame"": 61, ""end_frame"": 96}","[""walk, carry/hold (an object)"", ""walk, carry/hold (an object)"", ""walk, carry/hold (an object)""]","[""normal"", ""normal"", ""normal""]",normal,36,"{""normal"": 36, ""unsafe"": 0, ""danger"": 0}","{""normal"": 1.0, ""unsafe"": 0.0, ""danger"": 0.0}",0,normal,normal,normal,True,False,labeling_yolo_sequence_coverage,sampled_danger_then_danger_ratio_sampled_unsafe_then_unsafe_ratio_else_normal,"{""danger_threshold"": 0.3, ""unsafe_threshold"": 0.3, ""missing_txt_policy"": ""normal_if_absent""}",/home/capstone2/zroact-stage2/benchmark2/data/viz_shufflenet_test/test_frame_30fps/normal_plant_rgb/images/intrusion_normal_rgb_0156_cctv2/intrusion_normal_rgb_0156_cctv2_t000076.jpg,/home/capstone2/zroact-stage2/benchmark2/data/viz_shufflenet_test/test_frame_30fps/normal_plant_rgb/images/intrusion_normal_rgb_0156_cctv2/intrusion_normal_rgb_0156_cctv2_t000086.jpg,/home/capstone2/zroact-stage2/benchmark2/data/viz_shufflenet_test/test_frame_30fps/normal_plant_rgb/images/intrusion_normal_rgb_0156_cctv2/intrusion_normal_rgb_0156_cctv2_t000096.jpg
intrusion_normal_rgb_0156_cctv2_f000106_000116_000126,normal_plant_rgb,intrusion_normal_rgb_0156_cctv2,normal_candidate,"[106, 116, 126]","[3.533, 3.867, 4.2]","{""start_frame"": 91, ""end_frame"": 126}","[""walk, carry/hold (an object)"", ""walk, carry/hold (an object)"", ""walk, carry/hold (an object)""]","[""normal"", ""normal"", ""normal""]",normal,36,"{""normal"": 36, ""unsafe"": 0, ""danger"": 0}","{""normal"": 1.0, ""unsafe"": 0.0, ""danger"": 0.0}",0,normal,normal,normal,True,False,labeling_yolo_sequence_coverage,sampled_danger_then_danger_ratio_sampled_unsafe_then_unsafe_ratio_else_normal,"{""danger_threshold"": 0.3, ""unsafe_threshold"": 0.3, ""missing_txt_policy"": ""normal_if_absent""}",/home/capstone2/zroact-stage2/benchmark2/data/viz_shufflenet_test/test_frame_30fps/normal_plant_rgb/images/intrusion_normal_rgb_0156_cctv2/intrusion_normal_rgb_0156_cctv2_t000106.jpg,/home/capstone2/zroact-stage2/benchmark2/data/viz_shufflenet_test/test_frame_30fps/normal_plant_rgb/images/intrusion_normal_rgb_0156_cctv2/intrusion_normal_rgb_0156_cctv2_t000116.jpg,/home/capstone2/zroact-stage2/benchmark2/data/viz_shufflenet_test/test_frame_30fps/normal_plant_rgb/images/intrusion_normal_rgb_0156_cctv2/intrusion_normal_rgb_0156_cctv2_t000126.jpg
intrusion_normal_rgb_0156_cctv2_f000136_000146_000156,normal_plant_rgb,intrusion_normal_rgb_0156_cctv2,normal_candidate,"[136, 146, 156]","[4.533, 4.867, 5.2]","{""start_frame"": 121, ""end_frame"": 156}","[""walk, carry/hold (an object)"", ""walk, carry/hold (an object)"", ""walk, carry/hold (an object)""]","[""normal"", ""normal"", ""normal""]",normal,36,"{""normal"": 36, ""unsafe"": 0, ""danger"": 0}","{""normal"": 1.0, ""unsafe"": 0.0, ""danger"": 0.0}",0,normal,normal,normal,True,False,labeling_yolo_sequence_coverage,sampled_danger_then_danger_ratio_sampled_unsafe_then_unsafe_ratio_else_normal,"{""danger_threshold"": 0.3, ""unsafe_threshold"": 0.3, ""missing_txt_policy"": ""normal_if_absent""}",/home/capstone2/zroact-stage2/benchmark2/data/viz_shufflenet_test/test_frame_30fps/normal_plant_rgb/images/intrusion_normal_rgb_0156_cctv2/intrusion_normal_rgb_0156_cctv2_t000136.jpg,/home/capstone2/zroact-stage2/benchmark2/data/viz_shufflenet_test/test_frame_30fps/normal_plant_rgb/images/intrusion_normal_rgb_0156_cctv2/intrusion_normal_rgb_0156_cctv2_t000146.jpg,/home/capstone2/zroact-stage2/benchmark2/data/viz_shufflenet_test/test_frame_30fps/normal_plant_rgb/images/intrusion_normal_rgb_0156_cctv2/intrusion_normal_rgb_0156_cctv2_t000156.jpg
intrusion_normal_rgb_0156_cctv2_f000166_000176_000186,normal_plant_rgb,intrusion_normal_rgb_0156_cctv2,normal_candidate,"[166, 176, 186]","[5.533, 5.867, 6.2]","{""start_frame"": 151, ""end_frame"": 186}","[""walk, carry/hold (an object)"", ""walk, carry/hold (an object)"", ""walk, carry/hold (an object)""]","[""normal"", ""normal"", ""normal""]",normal,36,"{""normal"": 36, ""unsafe"": 0, ""danger"": 0}","{""normal"": 1.0, ""unsafe"": 0.0, ""danger"": 0.0}",0,normal,normal,normal,True,False,labeling_yolo_sequence_coverage,sampled_danger_then_danger_ratio_sampled_unsafe_then_unsafe_ratio_else_normal,"{""danger_threshold"": 0.3, ""unsafe_threshold"": 0.3, ""missing_txt_policy"": ""normal_if_absent""}",/home/capstone2/zroact-stage2/benchmark2/data/viz_shufflenet_test/test_frame_30fps/normal_plant_rgb/images/intrusion_normal_rgb_0156_cctv2/intrusion_normal_rgb_0156_cctv2_t000166.jpg,/home/capstone2/zroact-stage2/benchmark2/data/viz_shufflenet_test/test_frame_30fps/normal_plant_rgb/images/intrusion_normal_rgb_0156_cctv2/intrusion_normal_rgb_0156_cctv2_t000176.jpg,/home/capstone2/zroact-stage2/benchmark2/data/viz_shufflenet_test/test_frame_30fps/normal_plant_rgb/images/intrusion_normal_rgb_0156_cctv2/intrusion_normal_rgb_0156_cctv2_t000186.jpg
intrusion_normal_rgb_0156_cctv2_f000196_000206_000216,normal_plant_rgb,intrusion_normal_rgb_0156_cctv2,normal_candidate,"[196, 206, 216]","[6.533, 6.867, 7.2]","{""start_frame"": 181, ""end_frame"": 216}","[""walk, carry/hold (an object)"", ""walk, carry/hold (an object)"", ""walk, carry/hold (an object)""]","[""normal"", ""normal"", ""normal""]",normal,36,"{""normal"": 36, ""unsafe"": 0, ""danger"": 0}","{""normal"": 1.0, ""unsafe"": 0.0, ""danger"": 0.0}",0,normal,normal,normal,True,False,labeling_yolo_sequence_coverage,sampled_danger_then_danger_ratio_sampled_unsafe_then_unsafe_ratio_else_normal,"{""danger_threshold"": 0.3, ""unsafe_threshold"": 0.3, ""missing_txt_policy"": ""normal_if_absent""}",/home/capstone2/zroact-stage2/benchmark2/data/viz_shufflenet_test/test_frame_30fps/normal_plant_rgb/images/intrusion_normal_rgb_0156_cctv2/intrusion_normal_rgb_0156_cctv2_t000196.jpg,/home/capstone2/zroact-stage2/benchmark2/data/viz_shufflenet_test/test_frame_30fps/normal_plant_rgb/images/intrusion_normal_rgb_0156_cctv2/intrusion_normal_rgb_0156_cctv2_t000206.jpg,/home/capstone2/zroact-stage2/benchmark2/data/viz_shufflenet_test/test_frame_30fps/normal_plant_rgb/images/intrusion_normal_rgb_0156_cctv2/intrusion_normal_rgb_0156_cctv2_t000216.jpg
intrusion_normal_rgb_0158_cctv2_f000016_000026_000036,normal_plant_rgb,intrusion_normal_rgb_0158_cctv2,normal_candidate,"[16, 26, 36]","[0.533, 0.867, 1.2]","{""start_frame"": 1, ""end_frame"": 36}","[""walk, carry/hold (an object)"", ""walk, carry/hold (an object)"", ""walk, carry/hold (an object)""]","[""normal"", ""normal"", ""normal""]",normal,36,"{""normal"": 36, ""unsafe"": 0, ""danger"": 0}","{""normal"": 1.0, ""unsafe"": 0.0, ""danger"": 0.0}",0,normal,normal,normal,True,False,labeling_yolo_sequence_coverage,sampled_danger_then_danger_ratio_sampled_unsafe_then_unsafe_ratio_else_normal,"{""danger_threshold"": 0.3, ""unsafe_threshold"": 0.3, ""missing_txt_policy"": ""normal_if_absent""}",/home/capstone2/zroact-stage2/benchmark2/data/viz_shufflenet_test/test_frame_30fps/normal_plant_rgb/images/intrusion_normal_rgb_0158_cctv2/intrusion_normal_rgb_0158_cctv2_t000016.jpg,/home/capstone2/zroact-stage2/benchmark2/data/viz_shufflenet_test/test_frame_30fps/normal_plant_rgb/images/intrusion_normal_rgb_0158_cctv2/intrusion_normal_rgb_0158_cctv2_t000026.jpg,/home/capstone2/zroact-stage2/benchmark2/data/viz_shufflenet_test/test_frame_30fps/normal_plant_rgb/images/intrusion_normal_rgb_0158_cctv2/intrusion_normal_rgb_0158_cctv2_t000036.jpg
intrusion_normal_rgb_0158_cctv2_f000046_000056_000066,normal_plant_rgb,intrusion_normal_rgb_0158_cctv2,normal_candidate,"[46, 56, 66]","[1.533, 1.867, 2.2]","{""start_frame"": 31, ""end_frame"": 66}","[""walk, stand"", ""walk, stand"", ""walk, carry/hold (an object)""]","[""normal"", ""normal"", ""normal""]",normal,36,"{""normal"": 36, ""unsafe"": 0, ""danger"": 0}","{""normal"": 1.0, ""unsafe"": 0.0, ""danger"": 0.0}",0,normal,normal,normal,True,False,labeling_yolo_sequence_coverage,sampled_danger_then_danger_ratio_sampled_unsafe_then_unsafe_ratio_else_normal,"{""danger_threshold"": 0.3, ""unsafe_threshold"": 0.3, ""missing_txt_policy"": ""normal_if_absent""}",/home/capstone2/zroact-stage2/benchmark2/data/viz_shufflenet_test/test_frame_30fps/normal_plant_rgb/images/intrusion_normal_rgb_0158_cctv2/intrusion_normal_rgb_0158_cctv2_t000046.jpg,/home/capstone2/zroact-stage2/benchmark2/data/viz_shufflenet_test/test_frame_30fps/normal_plant_rgb/images/intrusion_normal_rgb_0158_cctv2/intrusion_normal_rgb_0158_cctv2_t000056.jpg,/home/capstone2/zroact-stage2/benchmark2/data/viz_shufflenet_test/test_frame_30fps/normal_plant_rgb/images/intrusion_normal_rgb_0158_cctv2/intrusion_normal_rgb_0158_cctv2_t000066.jpg
intrusion_normal_rgb_0158_cctv2_f000076_000086_000096,normal_plant_rgb,intrusion_normal_rgb_0158_cctv2,normal_candidate,"[76, 86, 96]","[2.533, 2.867, 3.2]","{""start_frame"": 61, ""end_frame"": 96}","[""walk, carry/hold (an object)"", ""walk, carry/hold (an object)"", ""walk, carry/hold (an object)""]","[""normal"", ""normal"", ""normal""]",normal,36,"{""normal"": 36, ""unsafe"": 0, ""danger"": 0}","{""normal"": 1.0, ""unsafe"": 0.0, ""danger"": 0.0}",0,normal,normal,normal,True,False,labeling_yolo_sequence_coverage,sampled_danger_then_danger_ratio_sampled_unsafe_then_unsafe_ratio_else_normal,"{""danger_threshold"": 0.3, ""unsafe_threshold"": 0.3, ""missing_txt_policy"": ""normal_if_absent""}",/home/capstone2/zroact-stage2/benchmark2/data/viz_shufflenet_test/test_frame_30fps/normal_plant_rgb/images/intrusion_normal_rgb_0158_cctv2/intrusion_normal_rgb_0158_cctv2_t000076.jpg,/home/capstone2/zroact-stage2/benchmark2/data/viz_shufflenet_test/test_frame_30fps/normal_plant_rgb/images/intrusion_normal_rgb_0158_cctv2/intrusion_normal_rgb_0158_cctv2_t000086.jpg,/home/capstone2/zroact-stage2/benchmark2/data/viz_shufflenet_test/test_frame_30fps/normal_plant_rgb/images/intrusion_normal_rgb_0158_cctv2/intrusion_normal_rgb_0158_cctv2_t000096.jpg
intrusion_normal_rgb_0158_cctv2_f000106_000116_000126,normal_plant_rgb,intrusion_normal_rgb_0158_cctv2,normal_candidate,"[106, 116, 126]","[3.533, 3.867, 4.2]","{""start_frame"": 91, ""end_frame"": 126}","[""walk, stand"", ""walk, carry/hold (an object)"", ""walk, carry/hold (an object)""]","[""normal"", ""normal"", ""normal""]",normal,36,"{""normal"": 36, ""unsafe"": 0, ""danger"": 0}","{""normal"": 1.0, ""unsafe"": 0.0, ""danger"": 0.0}",0,normal,normal,normal,True,False,labeling_yolo_sequence_coverage,sampled_danger_then_danger_ratio_sampled_unsafe_then_unsafe_ratio_else_normal,"{""danger_threshold"": 0.3, ""unsafe_threshold"": 0.3, ""missing_txt_policy"": ""normal_if_absent""}",/home/capstone2/zroact-stage2/benchmark2/data/viz_shufflenet_test/test_frame_30fps/normal_plant_rgb/images/intrusion_normal_rgb_0158_cctv2/intrusion_normal_rgb_0158_cctv2_t000106.jpg,/home/capstone2/zroact-stage2/benchmark2/data/viz_shufflenet_test/test_frame_30fps/normal_plant_rgb/images/intrusion_normal_rgb_0158_cctv2/intrusion_normal_rgb_0158_cctv2_t000116.jpg,/home/capstone2/zroact-stage2/benchmark2/data/viz_shufflenet_test/test_frame_30fps/normal_plant_rgb/images/intrusion_normal_rgb_0158_cctv2/intrusion_normal_rgb_0158_cctv2_t000126.jpg
intrusion_normal_rgb_0158_cctv2_f000136_000146_000156,normal_plant_rgb,intrusion_normal_rgb_0158_cctv2,normal_candidate,"[136, 146, 156]","[4.533, 4.867, 5.2]","{""start_frame"": 121, ""end_frame"": 156}","[""walk, carry/hold (an object)"", ""walk, carry/hold (an object)"", ""walk, carry/hold (an object)""]","[""normal"", ""normal"", ""normal""]",normal,36,"{""normal"": 36, ""unsafe"": 0, ""danger"": 0}","{""normal"": 1.0, ""unsafe"": 0.0, ""danger"": 0.0}",0,normal,normal,normal,True,False,labeling_yolo_sequence_coverage,sampled_danger_then_danger_ratio_sampled_unsafe_then_unsafe_ratio_else_normal,"{""danger_threshold"": 0.3, ""unsafe_threshold"": 0.3, ""missing_txt_policy"": ""normal_if_absent""}",/home/capstone2/zroact-stage2/benchmark2/data/viz_shufflenet_test/test_frame_30fps/normal_plant_rgb/images/intrusion_normal_rgb_0158_cctv2/intrusion_normal_rgb_0158_cctv2_t000136.jpg,/home/capstone2/zroact-stage2/benchmark2/data/viz_shufflenet_test/test_frame_30fps/normal_plant_rgb/images/intrusion_normal_rgb_0158_cctv2/intrusion_normal_rgb_0158_cctv2_t000146.jpg,/home/capstone2/zroact-stage2/benchmark2/data/viz_shufflenet_test/test_frame_30fps/normal_plant_rgb/images/intrusion_normal_rgb_0158_cctv2/intrusion_normal_rgb_0158_cctv2_t000156.jpg
intrusion_normal_rgb_0161_cctv4_f000016_000026_000036,normal_plant_rgb,intrusion_normal_rgb_0161_cctv4,normal_candidate,"[16, 26, 36]","[0.533, 0.867, 1.2]","{""start_frame"": 1, ""end_frame"": 36}","[""walk, carry/hold (an object)"", ""walk, carry/hold (an object)"", ""walk, carry/hold (an object)""]","[""normal"", ""normal"", ""normal""]",normal,36,"{""normal"": 36, ""unsafe"": 0, ""danger"": 0}","{""normal"": 1.0, ""unsafe"": 0.0, ""danger"": 0.0}",0,normal,normal,normal,True,False,labeling_yolo_sequence_coverage,sampled_danger_then_danger_ratio_sampled_unsafe_then_unsafe_ratio_else_normal,"{""danger_threshold"": 0.3, ""unsafe_threshold"": 0.3, ""missing_txt_policy"": ""normal_if_absent""}",/home/capstone2/zroact-stage2/benchmark2/data/viz_shufflenet_test/test_frame_30fps/normal_plant_rgb/images/intrusion_normal_rgb_0161_cctv4/intrusion_normal_rgb_0161_cctv4_t000016.jpg,/home/capstone2/zroact-stage2/benchmark2/data/viz_shufflenet_test/test_frame_30fps/normal_plant_rgb/images/intrusion_normal_rgb_0161_cctv4/intrusion_normal_rgb_0161_cctv4_t000026.jpg,/home/capstone2/zroact-stage2/benchmark2/data/viz_shufflenet_test/test_frame_30fps/normal_plant_rgb/images/intrusion_normal_rgb_0161_cctv4/intrusion_normal_rgb_0161_cctv4_t000036.jpg
intrusion_normal_rgb_0161_cctv4_f000046_000056_000066,normal_plant_rgb,intrusion_normal_rgb_0161_cctv4,normal_candidate,"[46, 56, 66]","[1.533, 1.867, 2.2]","{""start_frame"": 31, ""end_frame"": 66}","[""walk, carry/hold (an object)"", ""walk, carry/hold (an object)"", ""walk, carry/hold (an object)""]","[""normal"", ""normal"", ""normal""]",normal,36,"{""normal"": 36, ""unsafe"": 0, ""danger"": 0}","{""normal"": 1.0, ""unsafe"": 0.0, ""danger"": 0.0}",0,normal,normal,normal,True,False,labeling_yolo_sequence_coverage,sampled_danger_then_danger_ratio_sampled_unsafe_then_unsafe_ratio_else_normal,"{""danger_threshold"": 0.3, ""unsafe_threshold"": 0.3, ""missing_txt_policy"": ""normal_if_absent""}",/home/capstone2/zroact-stage2/benchmark2/data/viz_shufflenet_test/test_frame_30fps/normal_plant_rgb/images/intrusion_normal_rgb_0161_cctv4/intrusion_normal_rgb_0161_cctv4_t000046.jpg,/home/capstone2/zroact-stage2/benchmark2/data/viz_shufflenet_test/test_frame_30fps/normal_plant_rgb/images/intrusion_normal_rgb_0161_cctv4/intrusion_normal_rgb_0161_cctv4_t000056.jpg,/home/capstone2/zroact-stage2/benchmark2/data/viz_shufflenet_test/test_frame_30fps/normal_plant_rgb/images/intrusion_normal_rgb_0161_cctv4/intrusion_normal_rgb_0161_cctv4_t000066.jpg
intrusion_normal_rgb_0161_cctv4_f000076_000086_000096,normal_plant_rgb,intrusion_normal_rgb_0161_cctv4,normal_candidate,"[76, 86, 96]","[2.533, 2.867, 3.2]","{""start_frame"": 61, ""end_frame"": 96}","[""walk, carry/hold (an object)"", ""walk, carry/hold (an object)"", ""walk, carry/hold (an object)""]","[""normal"", ""normal"", ""normal""]",normal,36,"{""normal"": 36, ""unsafe"": 0, ""danger"": 0}","{""normal"": 1.0, ""unsafe"": 0.0, ""danger"": 0.0}",0,normal,normal,normal,True,False,labeling_yolo_sequence_coverage,sampled_danger_then_danger_ratio_sampled_unsafe_then_unsafe_ratio_else_normal,"{""danger_threshold"": 0.3, ""unsafe_threshold"": 0.3, ""missing_txt_policy"": ""normal_if_absent""}",/home/capstone2/zroact-stage2/benchmark2/data/viz_shufflenet_test/test_frame_30fps/normal_plant_rgb/images/intrusion_normal_rgb_0161_cctv4/intrusion_normal_rgb_0161_cctv4_t000076.jpg,/home/capstone2/zroact-stage2/benchmark2/data/viz_shufflenet_test/test_frame_30fps/normal_plant_rgb/images/intrusion_normal_rgb_0161_cctv4/intrusion_normal_rgb_0161_cctv4_t000086.jpg,/home/capstone2/zroact-stage2/benchmark2/data/viz_shufflenet_test/test_frame_30fps/normal_plant_rgb/images/intrusion_normal_rgb_0161_cctv4/intrusion_normal_rgb_0161_cctv4_t000096.jpg
intrusion_normal_rgb_0161_cctv4_f000106_000116_000126,normal_plant_rgb,intrusion_normal_rgb_0161_cctv4,normal_candidate,"[106, 116, 126]","[3.533, 3.867, 4.2]","{""start_frame"": 91, ""end_frame"": 126}","[""walk, carry/hold (an object)"", ""walk, carry/hold (an object)"", ""walk, carry/hold (an object)""]","[""normal"", ""normal"", ""normal""]",normal,36,"{""normal"": 36, ""unsafe"": 0, ""danger"": 0}","{""normal"": 1.0, ""unsafe"": 0.0, ""danger"": 0.0}",0,normal,normal,normal,True,False,labeling_yolo_sequence_coverage,sampled_danger_then_danger_ratio_sampled_unsafe_then_unsafe_ratio_else_normal,"{""danger_threshold"": 0.3, ""unsafe_threshold"": 0.3, ""missing_txt_policy"": ""normal_if_absent""}",/home/capstone2/zroact-stage2/benchmark2/data/viz_shufflenet_test/test_frame_30fps/normal_plant_rgb/images/intrusion_normal_rgb_0161_cctv4/intrusion_normal_rgb_0161_cctv4_t000106.jpg,/home/capstone2/zroact-stage2/benchmark2/data/viz_shufflenet_test/test_frame_30fps/normal_plant_rgb/images/intrusion_normal_rgb_0161_cctv4/intrusion_normal_rgb_0161_cctv4_t000116.jpg,/home/capstone2/zroact-stage2/benchmark2/data/viz_shufflenet_test/test_frame_30fps/normal_plant_rgb/images/intrusion_normal_rgb_0161_cctv4/intrusion_normal_rgb_0161_cctv4_t000126.jpg
intrusion_normal_rgb_0161_cctv4_f000136_000146_000156,normal_plant_rgb,intrusion_normal_rgb_0161_cctv4,normal_candidate,"[136, 146, 156]","[4.533, 4.867, 5.2]","{""start_frame"": 121, ""end_frame"": 156}","[""walk, carry/hold (an object)"", ""walk, carry/hold (an object)"", ""walk, carry/hold (an object)""]","[""normal"", ""normal"", ""normal""]",normal,36,"{""normal"": 36, ""unsafe"": 0, ""danger"": 0}","{""normal"": 1.0, ""unsafe"": 0.0, ""danger"": 0.0}",0,normal,normal,normal,True,False,labeling_yolo_sequence_coverage,sampled_danger_then_danger_ratio_sampled_unsafe_then_unsafe_ratio_else_normal,"{""danger_threshold"": 0.3, ""unsafe_threshold"": 0.3, ""missing_txt_policy"": ""normal_if_absent""}",/home/capstone2/zroact-stage2/benchmark2/data/viz_shufflenet_test/test_frame_30fps/normal_plant_rgb/images/intrusion_normal_rgb_0161_cctv4/intrusion_normal_rgb_0161_cctv4_t000136.jpg,/home/capstone2/zroact-stage2/benchmark2/data/viz_shufflenet_test/test_frame_30fps/normal_plant_rgb/images/intrusion_normal_rgb_0161_cctv4/intrusion_normal_rgb_0161_cctv4_t000146.jpg,/home/capstone2/zroact-stage2/benchmark2/data/viz_shufflenet_test/test_frame_30fps/normal_plant_rgb/images/intrusion_normal_rgb_0161_cctv4/intrusion_normal_rgb_0161_cctv4_t000156.jpg
intrusion_normal_rgb_0162_cctv2_f000016_000026_000036,normal_plant_rgb,intrusion_normal_rgb_0162_cctv2,normal_candidate,"[16, 26, 36]","[0.533, 0.867, 1.2]","{""start_frame"": 1, ""end_frame"": 36}","[""walk, carry/hold (an object)"", ""walk, carry/hold (an object)"", ""walk, carry/hold (an object)""]","[""normal"", ""normal"", ""normal""]",normal,36,"{""normal"": 36, ""unsafe"": 0, ""danger"": 0}","{""normal"": 1.0, ""unsafe"": 0.0, ""danger"": 0.0}",0,normal,normal,normal,True,False,labeling_yolo_sequence_coverage,sampled_danger_then_danger_ratio_sampled_unsafe_then_unsafe_ratio_else_normal,"{""danger_threshold"": 0.3, ""unsafe_threshold"": 0.3, ""missing_txt_policy"": ""normal_if_absent""}",/home/capstone2/zroact-stage2/benchmark2/data/viz_shufflenet_test/test_frame_30fps/normal_plant_rgb/images/intrusion_normal_rgb_0162_cctv2/intrusion_normal_rgb_0162_cctv2_t000016.jpg,/home/capstone2/zroact-stage2/benchmark2/data/viz_shufflenet_test/test_frame_30fps/normal_plant_rgb/images/intrusion_normal_rgb_0162_cctv2/intrusion_normal_rgb_0162_cctv2_t000026.jpg,/home/capstone2/zroact-stage2/benchmark2/data/viz_shufflenet_test/test_frame_30fps/normal_plant_rgb/images/intrusion_normal_rgb_0162_cctv2/intrusion_normal_rgb_0162_cctv2_t000036.jpg
intrusion_normal_rgb_0162_cctv2_f000046_000056_000066,normal_plant_rgb,intrusion_normal_rgb_0162_cctv2,normal_candidate,"[46, 56, 66]","[1.533, 1.867, 2.2]","{""start_frame"": 31, ""end_frame"": 66}","[""walk, carry/hold (an object)"", ""walk, carry/hold (an object)"", ""walk, carry/hold (an object)""]","[""normal"", ""normal"", ""normal""]",normal,36,"{""normal"": 36, ""unsafe"": 0, ""danger"": 0}","{""normal"": 1.0, ""unsafe"": 0.0, ""danger"": 0.0}",0,normal,normal,normal,True,False,labeling_yolo_sequence_coverage,sampled_danger_then_danger_ratio_sampled_unsafe_then_unsafe_ratio_else_normal,"{""danger_threshold"": 0.3, ""unsafe_threshold"": 0.3, ""missing_txt_policy"": ""normal_if_absent""}",/home/capstone2/zroact-stage2/benchmark2/data/viz_shufflenet_test/test_frame_30fps/normal_plant_rgb/images/intrusion_normal_rgb_0162_cctv2/intrusion_normal_rgb_0162_cctv2_t000046.jpg,/home/capstone2/zroact-stage2/benchmark2/data/viz_shufflenet_test/test_frame_30fps/normal_plant_rgb/images/intrusion_normal_rgb_0162_cctv2/intrusion_normal_rgb_0162_cctv2_t000056.jpg,/home/capstone2/zroact-stage2/benchmark2/data/viz_shufflenet_test/test_frame_30fps/normal_plant_rgb/images/intrusion_normal_rgb_0162_cctv2/intrusion_normal_rgb_0162_cctv2_t000066.jpg
intrusion_normal_rgb_0162_cctv2_f000076_000086_000096,normal_plant_rgb,intrusion_normal_rgb_0162_cctv2,normal_candidate,"[76, 86, 96]","[2.533, 2.867, 3.2]","{""start_frame"": 61, ""end_frame"": 96}","[""walk, carry/hold (an object)"", ""walk, carry/hold (an object)"", ""walk, carry/hold (an object)""]","[""normal"", ""normal"", ""normal""]",normal,36,"{""normal"": 36, ""unsafe"": 0, ""danger"": 0}","{""normal"": 1.0, ""unsafe"": 0.0, ""danger"": 0.0}",0,normal,normal,normal,True,False,labeling_yolo_sequence_coverage,sampled_danger_then_danger_ratio_sampled_unsafe_then_unsafe_ratio_else_normal,"{""danger_threshold"": 0.3, ""unsafe_threshold"": 0.3, ""missing_txt_policy"": ""normal_if_absent""}",/home/capstone2/zroact-stage2/benchmark2/data/viz_shufflenet_test/test_frame_30fps/normal_plant_rgb/images/intrusion_normal_rgb_0162_cctv2/intrusion_normal_rgb_0162_cctv2_t000076.jpg,/home/capstone2/zroact-stage2/benchmark2/data/viz_shufflenet_test/test_frame_30fps/normal_plant_rgb/images/intrusion_normal_rgb_0162_cctv2/intrusion_normal_rgb_0162_cctv2_t000086.jpg,/home/capstone2/zroact-stage2/benchmark2/data/viz_shufflenet_test/test_frame_30fps/normal_plant_rgb/images/intrusion_normal_rgb_0162_cctv2/intrusion_normal_rgb_0162_cctv2_t000096.jpg
intrusion_normal_rgb_0162_cctv2_f000106_000116_000126,normal_plant_rgb,intrusion_normal_rgb_0162_cctv2,normal_candidate,"[106, 116, 126]","[3.533, 3.867, 4.2]","{""start_frame"": 91, ""end_frame"": 126}","[""walk, carry/hold (an object)"", ""walk, carry/hold (an object)"", ""walk, carry/hold (an object)""]","[""normal"", ""normal"", ""normal""]",normal,36,"{""normal"": 36, ""unsafe"": 0, ""danger"": 0}","{""normal"": 1.0, ""unsafe"": 0.0, ""danger"": 0.0}",0,normal,normal,normal,True,False,labeling_yolo_sequence_coverage,sampled_danger_then_danger_ratio_sampled_unsafe_then_unsafe_ratio_else_normal,"{""danger_threshold"": 0.3, ""unsafe_threshold"": 0.3, ""missing_txt_policy"": ""normal_if_absent""}",/home/capstone2/zroact-stage2/benchmark2/data/viz_shufflenet_test/test_frame_30fps/normal_plant_rgb/images/intrusion_normal_rgb_0162_cctv2/intrusion_normal_rgb_0162_cctv2_t000106.jpg,/home/capstone2/zroact-stage2/benchmark2/data/viz_shufflenet_test/test_frame_30fps/normal_plant_rgb/images/intrusion_normal_rgb_0162_cctv2/intrusion_normal_rgb_0162_cctv2_t000116.jpg,/home/capstone2/zroact-stage2/benchmark2/data/viz_shufflenet_test/test_frame_30fps/normal_plant_rgb/images/intrusion_normal_rgb_0162_cctv2/intrusion_normal_rgb_0162_cctv2_t000126.jpg
intrusion_normal_rgb_0162_cctv2_f000136_000146_000156,normal_plant_rgb,intrusion_normal_rgb_0162_cctv2,normal_candidate,"[136, 146, 156]","[4.533, 4.867, 5.2]","{""start_frame"": 121, ""end_frame"": 156}","[""walk, carry/hold (an object)"", ""walk, carry/hold (an object)"", ""walk, carry/hold (an object)""]","[""normal"", ""normal"", ""normal""]",normal,36,"{""normal"": 36, ""unsafe"": 0, ""danger"": 0}","{""normal"": 1.0, ""unsafe"": 0.0, ""danger"": 0.0}",0,normal,normal,normal,True,False,labeling_yolo_sequence_coverage,sampled_danger_then_danger_ratio_sampled_unsafe_then_unsafe_ratio_else_normal,"{""danger_threshold"": 0.3, ""unsafe_threshold"": 0.3, ""missing_txt_policy"": ""normal_if_absent""}",/home/capstone2/zroact-stage2/benchmark2/data/viz_shufflenet_test/test_frame_30fps/normal_plant_rgb/images/intrusion_normal_rgb_0162_cctv2/intrusion_normal_rgb_0162_cctv2_t000136.jpg,/home/capstone2/zroact-stage2/benchmark2/data/viz_shufflenet_test/test_frame_30fps/normal_plant_rgb/images/intrusion_normal_rgb_0162_cctv2/intrusion_normal_rgb_0162_cctv2_t000146.jpg,/home/capstone2/zroact-stage2/benchmark2/data/viz_shufflenet_test/test_frame_30fps/normal_plant_rgb/images/intrusion_normal_rgb_0162_cctv2/intrusion_normal_rgb_0162_cctv2_t000156.jpg
intrusion_normal_rgb_0163_cctv2_f000016_000026_000036,normal_plant_rgb,intrusion_normal_rgb_0163_cctv2,normal_candidate,"[16, 26, 36]","[0.533, 0.867, 1.2]","{""start_frame"": 1, ""end_frame"": 36}","[""walk, carry/hold (an object)"", ""walk, carry/hold (an object)"", ""walk, carry/hold (an object)""]","[""normal"", ""normal"", ""normal""]",normal,36,"{""normal"": 36, ""unsafe"": 0, ""danger"": 0}","{""normal"": 1.0, ""unsafe"": 0.0, ""danger"": 0.0}",0,normal,normal,normal,True,False,labeling_yolo_sequence_coverage,sampled_danger_then_danger_ratio_sampled_unsafe_then_unsafe_ratio_else_normal,"{""danger_threshold"": 0.3, ""unsafe_threshold"": 0.3, ""missing_txt_policy"": ""normal_if_absent""}",/home/capstone2/zroact-stage2/benchmark2/data/viz_shufflenet_test/test_frame_30fps/normal_plant_rgb/images/intrusion_normal_rgb_0163_cctv2/intrusion_normal_rgb_0163_cctv2_t000016.jpg,/home/capstone2/zroact-stage2/benchmark2/data/viz_shufflenet_test/test_frame_30fps/normal_plant_rgb/images/intrusion_normal_rgb_0163_cctv2/intrusion_normal_rgb_0163_cctv2_t000026.jpg,/home/capstone2/zroact-stage2/benchmark2/data/viz_shufflenet_test/test_frame_30fps/normal_plant_rgb/images/intrusion_normal_rgb_0163_cctv2/intrusion_normal_rgb_0163_cctv2_t000036.jpg
intrusion_normal_rgb_0163_cctv2_f000046_000056_000066,normal_plant_rgb,intrusion_normal_rgb_0163_cctv2,normal_candidate,"[46, 56, 66]","[1.533, 1.867, 2.2]","{""start_frame"": 31, ""end_frame"": 66}","[""walk, carry/hold (an object)"", ""walk, carry/hold (an object)"", ""walk, carry/hold (an object)""]","[""normal"", ""normal"", ""normal""]",normal,36,"{""normal"": 36, ""unsafe"": 0, ""danger"": 0}","{""normal"": 1.0, ""unsafe"": 0.0, ""danger"": 0.0}",0,normal,normal,normal,True,False,labeling_yolo_sequence_coverage,sampled_danger_then_danger_ratio_sampled_unsafe_then_unsafe_ratio_else_normal,"{""danger_threshold"": 0.3, ""unsafe_threshold"": 0.3, ""missing_txt_policy"": ""normal_if_absent""}",/home/capstone2/zroact-stage2/benchmark2/data/viz_shufflenet_test/test_frame_30fps/normal_plant_rgb/images/intrusion_normal_rgb_0163_cctv2/intrusion_normal_rgb_0163_cctv2_t000046.jpg,/home/capstone2/zroact-stage2/benchmark2/data/viz_shufflenet_test/test_frame_30fps/normal_plant_rgb/images/intrusion_normal_rgb_0163_cctv2/intrusion_normal_rgb_0163_cctv2_t000056.jpg,/home/capstone2/zroact-stage2/benchmark2/data/viz_shufflenet_test/test_frame_30fps/normal_plant_rgb/images/intrusion_normal_rgb_0163_cctv2/intrusion_normal_rgb_0163_cctv2_t000066.jpg
intrusion_normal_rgb_0163_cctv2_f000076_000086_000096,normal_plant_rgb,intrusion_normal_rgb_0163_cctv2,normal_candidate,"[76, 86, 96]","[2.533, 2.867, 3.2]","{""start_frame"": 61, ""end_frame"": 96}","[""walk, carry/hold (an object)"", ""walk, carry/hold (an object)"", ""walk, carry/hold (an object)""]","[""normal"", ""normal"", ""normal""]",normal,36,"{""normal"": 36, ""unsafe"": 0, ""danger"": 0}","{""normal"": 1.0, ""unsafe"": 0.0, ""danger"": 0.0}",0,normal,normal,normal,True,False,labeling_yolo_sequence_coverage,sampled_danger_then_danger_ratio_sampled_unsafe_then_unsafe_ratio_else_normal,"{""danger_threshold"": 0.3, ""unsafe_threshold"": 0.3, ""missing_txt_policy"": ""normal_if_absent""}",/home/capstone2/zroact-stage2/benchmark2/data/viz_shufflenet_test/test_frame_30fps/normal_plant_rgb/images/intrusion_normal_rgb_0163_cctv2/intrusion_normal_rgb_0163_cctv2_t000076.jpg,/home/capstone2/zroact-stage2/benchmark2/data/viz_shufflenet_test/test_frame_30fps/normal_plant_rgb/images/intrusion_normal_rgb_0163_cctv2/intrusion_normal_rgb_0163_cctv2_t000086.jpg,/home/capstone2/zroact-stage2/benchmark2/data/viz_shufflenet_test/test_frame_30fps/normal_plant_rgb/images/intrusion_normal_rgb_0163_cctv2/intrusion_normal_rgb_0163_cctv2_t000096.jpg
intrusion_normal_rgb_0163_cctv2_f000106_000116_000126,normal_plant_rgb,intrusion_normal_rgb_0163_cctv2,normal_candidate,"[106, 116, 126]","[3.533, 3.867, 4.2]","{""start_frame"": 91, ""end_frame"": 126}","[""walk, carry/hold (an object)"", ""walk, carry/hold (an object)"", ""walk, carry/hold (an object)""]","[""normal"", ""normal"", ""normal""]",normal,36,"{""normal"": 36, ""unsafe"": 0, ""danger"": 0}","{""normal"": 1.0, ""unsafe"": 0.0, ""danger"": 0.0}",0,normal,normal,normal,True,False,labeling_yolo_sequence_coverage,sampled_danger_then_danger_ratio_sampled_unsafe_then_unsafe_ratio_else_normal,"{""danger_threshold"": 0.3, ""unsafe_threshold"": 0.3, ""missing_txt_policy"": ""normal_if_absent""}",/home/capstone2/zroact-stage2/benchmark2/data/viz_shufflenet_test/test_frame_30fps/normal_plant_rgb/images/intrusion_normal_rgb_0163_cctv2/intrusion_normal_rgb_0163_cctv2_t000106.jpg,/home/capstone2/zroact-stage2/benchmark2/data/viz_shufflenet_test/test_frame_30fps/normal_plant_rgb/images/intrusion_normal_rgb_0163_cctv2/intrusion_normal_rgb_0163_cctv2_t000116.jpg,/home/capstone2/zroact-stage2/benchmark2/data/viz_shufflenet_test/test_frame_30fps/normal_plant_rgb/images/intrusion_normal_rgb_0163_cctv2/intrusion_normal_rgb_0163_cctv2_t000126.jpg
intrusion_normal_rgb_0163_cctv2_f000136_000146_000156,normal_plant_rgb,intrusion_normal_rgb_0163_cctv2,normal_candidate,"[136, 146, 156]","[4.533, 4.867, 5.2]","{""start_frame"": 121, ""end_frame"": 156}","[""walk, carry/hold (an object)"", ""walk, carry/hold (an object)"", ""walk, carry/hold (an object)""]","[""normal"", ""normal"", ""normal""]",normal,36,"{""normal"": 36, ""unsafe"": 0, ""danger"": 0}","{""normal"": 1.0, ""unsafe"": 0.0, ""danger"": 0.0}",0,normal,normal,normal,True,False,labeling_yolo_sequence_coverage,sampled_danger_then_danger_ratio_sampled_unsafe_then_unsafe_ratio_else_normal,"{""danger_threshold"": 0.3, ""unsafe_threshold"": 0.3, ""missing_txt_policy"": ""normal_if_absent""}",/home/capstone2/zroact-stage2/benchmark2/data/viz_shufflenet_test/test_frame_30fps/normal_plant_rgb/images/intrusion_normal_rgb_0163_cctv2/intrusion_normal_rgb_0163_cctv2_t000136.jpg,/home/capstone2/zroact-stage2/benchmark2/data/viz_shufflenet_test/test_frame_30fps/normal_plant_rgb/images/intrusion_normal_rgb_0163_cctv2/intrusion_normal_rgb_0163_cctv2_t000146.jpg,/home/capstone2/zroact-stage2/benchmark2/data/viz_shufflenet_test/test_frame_30fps/normal_plant_rgb/images/intrusion_normal_rgb_0163_cctv2/intrusion_normal_rgb_0163_cctv2_t000156.jpg
intrusion_normal_rgb_0164_cctv4_f000016_000026_000036,normal_plant_rgb,intrusion_normal_rgb_0164_cctv4,normal_candidate,"[16, 26, 36]","[0.533, 0.867, 1.2]","{""start_frame"": 1, ""end_frame"": 36}","[""walk, carry/hold (an object)"", ""walk, carry/hold (an object)"", ""walk, carry/hold (an object)""]","[""normal"", ""normal"", ""normal""]",normal,36,"{""normal"": 36, ""unsafe"": 0, ""danger"": 0}","{""normal"": 1.0, ""unsafe"": 0.0, ""danger"": 0.0}",0,normal,normal,normal,True,False,labeling_yolo_sequence_coverage,sampled_danger_then_danger_ratio_sampled_unsafe_then_unsafe_ratio_else_normal,"{""danger_threshold"": 0.3, ""unsafe_threshold"": 0.3, ""missing_txt_policy"": ""normal_if_absent""}",/home/capstone2/zroact-stage2/benchmark2/data/viz_shufflenet_test/test_frame_30fps/normal_plant_rgb/images/intrusion_normal_rgb_0164_cctv4/intrusion_normal_rgb_0164_cctv4_t000016.jpg,/home/capstone2/zroact-stage2/benchmark2/data/viz_shufflenet_test/test_frame_30fps/normal_plant_rgb/images/intrusion_normal_rgb_0164_cctv4/intrusion_normal_rgb_0164_cctv4_t000026.jpg,/home/capstone2/zroact-stage2/benchmark2/data/viz_shufflenet_test/test_frame_30fps/normal_plant_rgb/images/intrusion_normal_rgb_0164_cctv4/intrusion_normal_rgb_0164_cctv4_t000036.jpg
intrusion_normal_rgb_0164_cctv4_f000046_000056_000066,normal_plant_rgb,intrusion_normal_rgb_0164_cctv4,normal_candidate,"[46, 56, 66]","[1.533, 1.867, 2.2]","{""start_frame"": 31, ""end_frame"": 66}","[""walk, carry/hold (an object)"", ""walk, carry/hold (an object)"", ""walk, carry/hold (an object)""]","[""normal"", ""normal"", ""normal""]",normal,36,"{""normal"": 36, ""unsafe"": 0, ""danger"": 0}","{""normal"": 1.0, ""unsafe"": 0.0, ""danger"": 0.0}",0,normal,normal,normal,True,False,labeling_yolo_sequence_coverage,sampled_danger_then_danger_ratio_sampled_unsafe_then_unsafe_ratio_else_normal,"{""danger_threshold"": 0.3, ""unsafe_threshold"": 0.3, ""missing_txt_policy"": ""normal_if_absent""}",/home/capstone2/zroact-stage2/benchmark2/data/viz_shufflenet_test/test_frame_30fps/normal_plant_rgb/images/intrusion_normal_rgb_0164_cctv4/intrusion_normal_rgb_0164_cctv4_t000046.jpg,/home/capstone2/zroact-stage2/benchmark2/data/viz_shufflenet_test/test_frame_30fps/normal_plant_rgb/images/intrusion_normal_rgb_0164_cctv4/intrusion_normal_rgb_0164_cctv4_t000056.jpg,/home/capstone2/zroact-stage2/benchmark2/data/viz_shufflenet_test/test_frame_30fps/normal_plant_rgb/images/intrusion_normal_rgb_0164_cctv4/intrusion_normal_rgb_0164_cctv4_t000066.jpg
intrusion_normal_rgb_0164_cctv4_f000076_000086_000096,normal_plant_rgb,intrusion_normal_rgb_0164_cctv4,normal_candidate,"[76, 86, 96]","[2.533, 2.867, 3.2]","{""start_frame"": 61, ""end_frame"": 96}","[""walk, carry/hold (an object)"", ""walk, carry/hold (an object)"", ""walk, carry/hold (an object)""]","[""normal"", ""normal"", ""normal""]",normal,36,"{""normal"": 36, ""unsafe"": 0, ""danger"": 0}","{""normal"": 1.0, ""unsafe"": 0.0, ""danger"": 0.0}",0,normal,normal,normal,True,False,labeling_yolo_sequence_coverage,sampled_danger_then_danger_ratio_sampled_unsafe_then_unsafe_ratio_else_normal,"{""danger_threshold"": 0.3, ""unsafe_threshold"": 0.3, ""missing_txt_policy"": ""normal_if_absent""}",/home/capstone2/zroact-stage2/benchmark2/data/viz_shufflenet_test/test_frame_30fps/normal_plant_rgb/images/intrusion_normal_rgb_0164_cctv4/intrusion_normal_rgb_0164_cctv4_t000076.jpg,/home/capstone2/zroact-stage2/benchmark2/data/viz_shufflenet_test/test_frame_30fps/normal_plant_rgb/images/intrusion_normal_rgb_0164_cctv4/intrusion_normal_rgb_0164_cctv4_t000086.jpg,/home/capstone2/zroact-stage2/benchmark2/data/viz_shufflenet_test/test_frame_30fps/normal_plant_rgb/images/intrusion_normal_rgb_0164_cctv4/intrusion_normal_rgb_0164_cctv4_t000096.jpg
intrusion_normal_rgb_0164_cctv4_f000106_000116_000126,normal_plant_rgb,intrusion_normal_rgb_0164_cctv4,normal_candidate,"[106, 116, 126]","[3.533, 3.867, 4.2]","{""start_frame"": 91, ""end_frame"": 126}","[""walk, carry/hold (an object)"", ""walk, carry/hold (an object)"", ""walk, carry/hold (an object)""]","[""normal"", ""normal"", ""normal""]",normal,36,"{""normal"": 36, ""unsafe"": 0, ""danger"": 0}","{""normal"": 1.0, ""unsafe"": 0.0, ""danger"": 0.0}",0,normal,normal,normal,True,False,labeling_yolo_sequence_coverage,sampled_danger_then_danger_ratio_sampled_unsafe_then_unsafe_ratio_else_normal,"{""danger_threshold"": 0.3, ""unsafe_threshold"": 0.3, ""missing_txt_policy"": ""normal_if_absent""}",/home/capstone2/zroact-stage2/benchmark2/data/viz_shufflenet_test/test_frame_30fps/normal_plant_rgb/images/intrusion_normal_rgb_0164_cctv4/intrusion_normal_rgb_0164_cctv4_t000106.jpg,/home/capstone2/zroact-stage2/benchmark2/data/viz_shufflenet_test/test_frame_30fps/normal_plant_rgb/images/intrusion_normal_rgb_0164_cctv4/intrusion_normal_rgb_0164_cctv4_t000116.jpg,/home/capstone2/zroact-stage2/benchmark2/data/viz_shufflenet_test/test_frame_30fps/normal_plant_rgb/images/intrusion_normal_rgb_0164_cctv4/intrusion_normal_rgb_0164_cctv4_t000126.jpg
intrusion_normal_rgb_0164_cctv4_f000136_000146_000156,normal_plant_rgb,intrusion_normal_rgb_0164_cctv4,normal_candidate,"[136, 146, 156]","[4.533, 4.867, 5.2]","{""start_frame"": 121, ""end_frame"": 156}","[""walk, carry/hold (an object)"", ""walk, carry/hold (an object)"", ""walk, carry/hold (an object)""]","[""normal"", ""normal"", ""normal""]",normal,36,"{""normal"": 36, ""unsafe"": 0, ""danger"": 0}","{""normal"": 1.0, ""unsafe"": 0.0, ""danger"": 0.0}",0,normal,normal,normal,True,False,labeling_yolo_sequence_coverage,sampled_danger_then_danger_ratio_sampled_unsafe_then_unsafe_ratio_else_normal,"{""danger_threshold"": 0.3, ""unsafe_threshold"": 0.3, ""missing_txt_policy"": ""normal_if_absent""}",/home/capstone2/zroact-stage2/benchmark2/data/viz_shufflenet_test/test_frame_30fps/normal_plant_rgb/images/intrusion_normal_rgb_0164_cctv4/intrusion_normal_rgb_0164_cctv4_t000136.jpg,/home/capstone2/zroact-stage2/benchmark2/data/viz_shufflenet_test/test_frame_30fps/normal_plant_rgb/images/intrusion_normal_rgb_0164_cctv4/intrusion_normal_rgb_0164_cctv4_t000146.jpg,/home/capstone2/zroact-stage2/benchmark2/data/viz_shufflenet_test/test_frame_30fps/normal_plant_rgb/images/intrusion_normal_rgb_0164_cctv4/intrusion_normal_rgb_0164_cctv4_t000156.jpg
intrusion_normal_rgb_0166_cctv1_f000016_000026_000036,normal_plant_rgb,intrusion_normal_rgb_0166_cctv1,normal_candidate,"[16, 26, 36]","[0.533, 0.867, 1.2]","{""start_frame"": 1, ""end_frame"": 36}","[""walk, carry/hold (an object)"", ""walk, carry/hold (an object)"", ""walk, carry/hold (an object)""]","[""normal"", ""normal"", ""normal""]",normal,36,"{""normal"": 36, ""unsafe"": 0, ""danger"": 0}","{""normal"": 1.0, ""unsafe"": 0.0, ""danger"": 0.0}",0,normal,normal,normal,True,False,labeling_yolo_sequence_coverage,sampled_danger_then_danger_ratio_sampled_unsafe_then_unsafe_ratio_else_normal,"{""danger_threshold"": 0.3, ""unsafe_threshold"": 0.3, ""missing_txt_policy"": ""normal_if_absent""}",/home/capstone2/zroact-stage2/benchmark2/data/viz_shufflenet_test/test_frame_30fps/normal_plant_rgb/images/intrusion_normal_rgb_0166_cctv1/intrusion_normal_rgb_0166_cctv1_t000016.jpg,/home/capstone2/zroact-stage2/benchmark2/data/viz_shufflenet_test/test_frame_30fps/normal_plant_rgb/images/intrusion_normal_rgb_0166_cctv1/intrusion_normal_rgb_0166_cctv1_t000026.jpg,/home/capstone2/zroact-stage2/benchmark2/data/viz_shufflenet_test/test_frame_30fps/normal_plant_rgb/images/intrusion_normal_rgb_0166_cctv1/intrusion_normal_rgb_0166_cctv1_t000036.jpg
intrusion_normal_rgb_0166_cctv1_f000046_000056_000066,normal_plant_rgb,intrusion_normal_rgb_0166_cctv1,normal_candidate,"[46, 56, 66]","[1.533, 1.867, 2.2]","{""start_frame"": 31, ""end_frame"": 66}","[""walk, carry/hold (an object)"", ""walk, carry/hold (an object)"", ""walk, carry/hold (an object)""]","[""normal"", ""normal"", ""normal""]",normal,36,"{""normal"": 36, ""unsafe"": 0, ""danger"": 0}","{""normal"": 1.0, ""unsafe"": 0.0, ""danger"": 0.0}",0,normal,normal,normal,True,False,labeling_yolo_sequence_coverage,sampled_danger_then_danger_ratio_sampled_unsafe_then_unsafe_ratio_else_normal,"{""danger_threshold"": 0.3, ""unsafe_threshold"": 0.3, ""missing_txt_policy"": ""normal_if_absent""}",/home/capstone2/zroact-stage2/benchmark2/data/viz_shufflenet_test/test_frame_30fps/normal_plant_rgb/images/intrusion_normal_rgb_0166_cctv1/intrusion_normal_rgb_0166_cctv1_t000046.jpg,/home/capstone2/zroact-stage2/benchmark2/data/viz_shufflenet_test/test_frame_30fps/normal_plant_rgb/images/intrusion_normal_rgb_0166_cctv1/intrusion_normal_rgb_0166_cctv1_t000056.jpg,/home/capstone2/zroact-stage2/benchmark2/data/viz_shufflenet_test/test_frame_30fps/normal_plant_rgb/images/intrusion_normal_rgb_0166_cctv1/intrusion_normal_rgb_0166_cctv1_t000066.jpg
intrusion_normal_rgb_0166_cctv1_f000076_000086_000096,normal_plant_rgb,intrusion_normal_rgb_0166_cctv1,normal_candidate,"[76, 86, 96]","[2.533, 2.867, 3.2]","{""start_frame"": 61, ""end_frame"": 96}","[""walk, carry/hold (an object)"", ""walk, carry/hold (an object)"", ""walk, carry/hold (an object)""]","[""normal"", ""normal"", ""normal""]",normal,36,"{""normal"": 36, ""unsafe"": 0, ""danger"": 0}","{""normal"": 1.0, ""unsafe"": 0.0, ""danger"": 0.0}",0,normal,normal,normal,True,False,labeling_yolo_sequence_coverage,sampled_danger_then_danger_ratio_sampled_unsafe_then_unsafe_ratio_else_normal,"{""danger_threshold"": 0.3, ""unsafe_threshold"": 0.3, ""missing_txt_policy"": ""normal_if_absent""}",/home/capstone2/zroact-stage2/benchmark2/data/viz_shufflenet_test/test_frame_30fps/normal_plant_rgb/images/intrusion_normal_rgb_0166_cctv1/intrusion_normal_rgb_0166_cctv1_t000076.jpg,/home/capstone2/zroact-stage2/benchmark2/data/viz_shufflenet_test/test_frame_30fps/normal_plant_rgb/images/intrusion_normal_rgb_0166_cctv1/intrusion_normal_rgb_0166_cctv1_t000086.jpg,/home/capstone2/zroact-stage2/benchmark2/data/viz_shufflenet_test/test_frame_30fps/normal_plant_rgb/images/intrusion_normal_rgb_0166_cctv1/intrusion_normal_rgb_0166_cctv1_t000096.jpg
intrusion_normal_rgb_0166_cctv1_f000106_000116_000126,normal_plant_rgb,intrusion_normal_rgb_0166_cctv1,normal_candidate,"[106, 116, 126]","[3.533, 3.867, 4.2]","{""start_frame"": 91, ""end_frame"": 126}","[""walk, carry/hold (an object)"", ""walk, carry/hold (an object)"", ""walk, carry/hold (an object)""]","[""normal"", ""normal"", ""normal""]",normal,36,"{""normal"": 36, ""unsafe"": 0, ""danger"": 0}","{""normal"": 1.0, ""unsafe"": 0.0, ""danger"": 0.0}",0,normal,normal,normal,True,False,labeling_yolo_sequence_coverage,sampled_danger_then_danger_ratio_sampled_unsafe_then_unsafe_ratio_else_normal,"{""danger_threshold"": 0.3, ""unsafe_threshold"": 0.3, ""missing_txt_policy"": ""normal_if_absent""}",/home/capstone2/zroact-stage2/benchmark2/data/viz_shufflenet_test/test_frame_30fps/normal_plant_rgb/images/intrusion_normal_rgb_0166_cctv1/intrusion_normal_rgb_0166_cctv1_t000106.jpg,/home/capstone2/zroact-stage2/benchmark2/data/viz_shufflenet_test/test_frame_30fps/normal_plant_rgb/images/intrusion_normal_rgb_0166_cctv1/intrusion_normal_rgb_0166_cctv1_t000116.jpg,/home/capstone2/zroact-stage2/benchmark2/data/viz_shufflenet_test/test_frame_30fps/normal_plant_rgb/images/intrusion_normal_rgb_0166_cctv1/intrusion_normal_rgb_0166_cctv1_t000126.jpg
