request_id,group,video_id,frame_indices,image_1,image_2,image_3,sequence_gt,gt_risk_state
intrusion_climb-over-fence_rgb_0007_cctv3_f000016_000026_000036,climb-over-fence_plant_rgb,intrusion_climb-over-fence_rgb_0007_cctv3,"[16, 26, 36]",/home/capstone2/zroact-stage2/benchmark2/data2/no_bbox_frames/climb-over-fence_plant_rgb/intrusion_climb-over-fence_rgb_0007_cctv3/30fps_frame_016.jpg,/home/capstone2/zroact-stage2/benchmark2/data2/no_bbox_frames/climb-over-fence_plant_rgb/intrusion_climb-over-fence_rgb_0007_cctv3/30fps_frame_026.jpg,/home/capstone2/zroact-stage2/benchmark2/data2/no_bbox_frames/climb-over-fence_plant_rgb/intrusion_climb-over-fence_rgb_0007_cctv3/30fps_frame_036.jpg,danger,danger
intrusion_climb-over-fence_rgb_0007_cctv3_f000046_000056_000066,climb-over-fence_plant_rgb,intrusion_climb-over-fence_rgb_0007_cctv3,"[46, 56, 66]",/home/capstone2/zroact-stage2/benchmark2/data2/no_bbox_frames/climb-over-fence_plant_rgb/intrusion_climb-over-fence_rgb_0007_cctv3/30fps_frame_046.jpg,/home/capstone2/zroact-stage2/benchmark2/data2/no_bbox_frames/climb-over-fence_plant_rgb/intrusion_climb-over-fence_rgb_0007_cctv3/30fps_frame_056.jpg,/home/capstone2/zroact-stage2/benchmark2/data2/no_bbox_frames/climb-over-fence_plant_rgb/intrusion_climb-over-fence_rgb_0007_cctv3/30fps_frame_066.jpg,danger,danger
intrusion_climb-over-fence_rgb_0007_cctv3_f000076_000086_000096,climb-over-fence_plant_rgb,intrusion_climb-over-fence_rgb_0007_cctv3,"[76, 86, 96]",/home/capstone2/zroact-stage2/benchmark2/data2/no_bbox_frames/climb-over-fence_plant_rgb/intrusion_climb-over-fence_rgb_0007_cctv3/30fps_frame_076.jpg,/home/capstone2/zroact-stage2/benchmark2/data2/no_bbox_frames/climb-over-fence_plant_rgb/intrusion_climb-over-fence_rgb_0007_cctv3/30fps_frame_086.jpg,/home/capstone2/zroact-stage2/benchmark2/data2/no_bbox_frames/climb-over-fence_plant_rgb/intrusion_climb-over-fence_rgb_0007_cctv3/30fps_frame_096.jpg,danger,danger
intrusion_climb-over-fence_rgb_0007_cctv3_f000106_000116_000126,climb-over-fence_plant_rgb,intrusion_climb-over-fence_rgb_0007_cctv3,"[106, 116, 126]",/home/capstone2/zroact-stage2/benchmark2/data2/no_bbox_frames/climb-over-fence_plant_rgb/intrusion_climb-over-fence_rgb_0007_cctv3/30fps_frame_106.jpg,/home/capstone2/zroact-stage2/benchmark2/data2/no_bbox_frames/climb-over-fence_plant_rgb/intrusion_climb-over-fence_rgb_0007_cctv3/30fps_frame_116.jpg,/home/capstone2/zroact-stage2/benchmark2/data2/no_bbox_frames/climb-over-fence_plant_rgb/intrusion_climb-over-fence_rgb_0007_cctv3/30fps_frame_126.jpg,danger,danger
intrusion_climb-over-fence_rgb_0007_cctv3_f000136_000146_000156,climb-over-fence_plant_rgb,intrusion_climb-over-fence_rgb_0007_cctv3,"[136, 146, 156]",/home/capstone2/zroact-stage2/benchmark2/data2/no_bbox_frames/climb-over-fence_plant_rgb/intrusion_climb-over-fence_rgb_0007_cctv3/30fps_frame_136.jpg,/home/capstone2/zroact-stage2/benchmark2/data2/no_bbox_frames/climb-over-fence_plant_rgb/intrusion_climb-over-fence_rgb_0007_cctv3/30fps_frame_146.jpg,/home/capstone2/zroact-stage2/benchmark2/data2/no_bbox_frames/climb-over-fence_plant_rgb/intrusion_climb-over-fence_rgb_0007_cctv3/30fps_frame_156.jpg,danger,danger
intrusion_climb-over-fence_rgb_0007_cctv3_f000166_000176_000186,climb-over-fence_plant_rgb,intrusion_climb-over-fence_rgb_0007_cctv3,"[166, 176, 186]",/home/capstone2/zroact-stage2/benchmark2/data2/no_bbox_frames/climb-over-fence_plant_rgb/intrusion_climb-over-fence_rgb_0007_cctv3/30fps_frame_166.jpg,/home/capstone2/zroact-stage2/benchmark2/data2/no_bbox_frames/climb-over-fence_plant_rgb/intrusion_climb-over-fence_rgb_0007_cctv3/30fps_frame_176.jpg,/home/capstone2/zroact-stage2/benchmark2/data2/no_bbox_frames/climb-over-fence_plant_rgb/intrusion_climb-over-fence_rgb_0007_cctv3/30fps_frame_186.jpg,danger,danger
intrusion_climb-over-fence_rgb_0007_cctv3_f000196_000206_000216,climb-over-fence_plant_rgb,intrusion_climb-over-fence_rgb_0007_cctv3,"[196, 206, 216]",/home/capstone2/zroact-stage2/benchmark2/data2/no_bbox_frames/climb-over-fence_plant_rgb/intrusion_climb-over-fence_rgb_0007_cctv3/30fps_frame_196.jpg,/home/capstone2/zroact-stage2/benchmark2/data2/no_bbox_frames/climb-over-fence_plant_rgb/intrusion_climb-over-fence_rgb_0007_cctv3/30fps_frame_206.jpg,/home/capstone2/zroact-stage2/benchmark2/data2/no_bbox_frames/climb-over-fence_plant_rgb/intrusion_climb-over-fence_rgb_0007_cctv3/30fps_frame_216.jpg,danger,danger
intrusion_climb-over-fence_rgb_0007_cctv3_f000226_000236_000246,climb-over-fence_plant_rgb,intrusion_climb-over-fence_rgb_0007_cctv3,"[226, 236, 246]",/home/capstone2/zroact-stage2/benchmark2/data2/no_bbox_frames/climb-over-fence_plant_rgb/intrusion_climb-over-fence_rgb_0007_cctv3/30fps_frame_226.jpg,/home/capstone2/zroact-stage2/benchmark2/data2/no_bbox_frames/climb-over-fence_plant_rgb/intrusion_climb-over-fence_rgb_0007_cctv3/30fps_frame_236.jpg,/home/capstone2/zroact-stage2/benchmark2/data2/no_bbox_frames/climb-over-fence_plant_rgb/intrusion_climb-over-fence_rgb_0007_cctv3/30fps_frame_246.jpg,danger,danger
intrusion_climb-over-fence_rgb_0007_cctv3_f000256_000266_000276,climb-over-fence_plant_rgb,intrusion_climb-over-fence_rgb_0007_cctv3,"[256, 266, 276]",/home/capstone2/zroact-stage2/benchmark2/data2/no_bbox_frames/climb-over-fence_plant_rgb/intrusion_climb-over-fence_rgb_0007_cctv3/30fps_frame_256.jpg,/home/capstone2/zroact-stage2/benchmark2/data2/no_bbox_frames/climb-over-fence_plant_rgb/intrusion_climb-over-fence_rgb_0007_cctv3/30fps_frame_266.jpg,/home/capstone2/zroact-stage2/benchmark2/data2/no_bbox_frames/climb-over-fence_plant_rgb/intrusion_climb-over-fence_rgb_0007_cctv3/30fps_frame_276.jpg,danger,danger
intrusion_climb-over-fence_rgb_0007_cctv3_f000286_000296_000306,climb-over-fence_plant_rgb,intrusion_climb-over-fence_rgb_0007_cctv3,"[286, 296, 306]",/home/capstone2/zroact-stage2/benchmark2/data2/no_bbox_frames/climb-over-fence_plant_rgb/intrusion_climb-over-fence_rgb_0007_cctv3/30fps_frame_286.jpg,/home/capstone2/zroact-stage2/benchmark2/data2/no_bbox_frames/climb-over-fence_plant_rgb/intrusion_climb-over-fence_rgb_0007_cctv3/30fps_frame_296.jpg,/home/capstone2/zroact-stage2/benchmark2/data2/no_bbox_frames/climb-over-fence_plant_rgb/intrusion_climb-over-fence_rgb_0007_cctv3/30fps_frame_306.jpg,danger,danger
intrusion_climb-over-fence_rgb_0007_cctv3_f000316_000326_000336,climb-over-fence_plant_rgb,intrusion_climb-over-fence_rgb_0007_cctv3,"[316, 326, 336]",/home/capstone2/zroact-stage2/benchmark2/data2/no_bbox_frames/climb-over-fence_plant_rgb/intrusion_climb-over-fence_rgb_0007_cctv3/30fps_frame_316.jpg,/home/capstone2/zroact-stage2/benchmark2/data2/no_bbox_frames/climb-over-fence_plant_rgb/intrusion_climb-over-fence_rgb_0007_cctv3/30fps_frame_326.jpg,/home/capstone2/zroact-stage2/benchmark2/data2/no_bbox_frames/climb-over-fence_plant_rgb/intrusion_climb-over-fence_rgb_0007_cctv3/30fps_frame_336.jpg,danger,danger
intrusion_climb-over-fence_rgb_0007_cctv3_f000346_000356_000366,climb-over-fence_plant_rgb,intrusion_climb-over-fence_rgb_0007_cctv3,"[346, 356, 366]",/home/capstone2/zroact-stage2/benchmark2/data2/no_bbox_frames/climb-over-fence_plant_rgb/intrusion_climb-over-fence_rgb_0007_cctv3/30fps_frame_346.jpg,/home/capstone2/zroact-stage2/benchmark2/data2/no_bbox_frames/climb-over-fence_plant_rgb/intrusion_climb-over-fence_rgb_0007_cctv3/30fps_frame_356.jpg,/home/capstone2/zroact-stage2/benchmark2/data2/no_bbox_frames/climb-over-fence_plant_rgb/intrusion_climb-over-fence_rgb_0007_cctv3/30fps_frame_366.jpg,danger,danger
intrusion_climb-over-fence_rgb_0007_cctv3_f000376_000386_000396,climb-over-fence_plant_rgb,intrusion_climb-over-fence_rgb_0007_cctv3,"[376, 386, 396]",/home/capstone2/zroact-stage2/benchmark2/data2/no_bbox_frames/climb-over-fence_plant_rgb/intrusion_climb-over-fence_rgb_0007_cctv3/30fps_frame_376.jpg,/home/capstone2/zroact-stage2/benchmark2/data2/no_bbox_frames/climb-over-fence_plant_rgb/intrusion_climb-over-fence_rgb_0007_cctv3/30fps_frame_386.jpg,/home/capstone2/zroact-stage2/benchmark2/data2/no_bbox_frames/climb-over-fence_plant_rgb/intrusion_climb-over-fence_rgb_0007_cctv3/30fps_frame_396.jpg,danger,danger
intrusion_climb-over-fence_rgb_0008_cctv2_f000016_000026_000036,climb-over-fence_plant_rgb,intrusion_climb-over-fence_rgb_0008_cctv2,"[16, 26, 36]",/home/capstone2/zroact-stage2/benchmark2/data2/no_bbox_frames/climb-over-fence_plant_rgb/intrusion_climb-over-fence_rgb_0008_cctv2/30fps_frame_016.jpg,/home/capstone2/zroact-stage2/benchmark2/data2/no_bbox_frames/climb-over-fence_plant_rgb/intrusion_climb-over-fence_rgb_0008_cctv2/30fps_frame_026.jpg,/home/capstone2/zroact-stage2/benchmark2/data2/no_bbox_frames/climb-over-fence_plant_rgb/intrusion_climb-over-fence_rgb_0008_cctv2/30fps_frame_036.jpg,unsafe,unsafe
intrusion_climb-over-fence_rgb_0008_cctv2_f000046_000056_000066,climb-over-fence_plant_rgb,intrusion_climb-over-fence_rgb_0008_cctv2,"[46, 56, 66]",/home/capstone2/zroact-stage2/benchmark2/data2/no_bbox_frames/climb-over-fence_plant_rgb/intrusion_climb-over-fence_rgb_0008_cctv2/30fps_frame_046.jpg,/home/capstone2/zroact-stage2/benchmark2/data2/no_bbox_frames/climb-over-fence_plant_rgb/intrusion_climb-over-fence_rgb_0008_cctv2/30fps_frame_056.jpg,/home/capstone2/zroact-stage2/benchmark2/data2/no_bbox_frames/climb-over-fence_plant_rgb/intrusion_climb-over-fence_rgb_0008_cctv2/30fps_frame_066.jpg,danger,danger
intrusion_climb-over-fence_rgb_0008_cctv2_f000076_000086_000096,climb-over-fence_plant_rgb,intrusion_climb-over-fence_rgb_0008_cctv2,"[76, 86, 96]",/home/capstone2/zroact-stage2/benchmark2/data2/no_bbox_frames/climb-over-fence_plant_rgb/intrusion_climb-over-fence_rgb_0008_cctv2/30fps_frame_076.jpg,/home/capstone2/zroact-stage2/benchmark2/data2/no_bbox_frames/climb-over-fence_plant_rgb/intrusion_climb-over-fence_rgb_0008_cctv2/30fps_frame_086.jpg,/home/capstone2/zroact-stage2/benchmark2/data2/no_bbox_frames/climb-over-fence_plant_rgb/intrusion_climb-over-fence_rgb_0008_cctv2/30fps_frame_096.jpg,danger,danger
intrusion_climb-over-fence_rgb_0008_cctv2_f000106_000116_000126,climb-over-fence_plant_rgb,intrusion_climb-over-fence_rgb_0008_cctv2,"[106, 116, 126]",/home/capstone2/zroact-stage2/benchmark2/data2/no_bbox_frames/climb-over-fence_plant_rgb/intrusion_climb-over-fence_rgb_0008_cctv2/30fps_frame_106.jpg,/home/capstone2/zroact-stage2/benchmark2/data2/no_bbox_frames/climb-over-fence_plant_rgb/intrusion_climb-over-fence_rgb_0008_cctv2/30fps_frame_116.jpg,/home/capstone2/zroact-stage2/benchmark2/data2/no_bbox_frames/climb-over-fence_plant_rgb/intrusion_climb-over-fence_rgb_0008_cctv2/30fps_frame_126.jpg,danger,danger
intrusion_climb-over-fence_rgb_0008_cctv2_f000136_000146_000156,climb-over-fence_plant_rgb,intrusion_climb-over-fence_rgb_0008_cctv2,"[136, 146, 156]",/home/capstone2/zroact-stage2/benchmark2/data2/no_bbox_frames/climb-over-fence_plant_rgb/intrusion_climb-over-fence_rgb_0008_cctv2/30fps_frame_136.jpg,/home/capstone2/zroact-stage2/benchmark2/data2/no_bbox_frames/climb-over-fence_plant_rgb/intrusion_climb-over-fence_rgb_0008_cctv2/30fps_frame_146.jpg,/home/capstone2/zroact-stage2/benchmark2/data2/no_bbox_frames/climb-over-fence_plant_rgb/intrusion_climb-over-fence_rgb_0008_cctv2/30fps_frame_156.jpg,danger,danger
intrusion_climb-over-fence_rgb_0008_cctv2_f000166_000176_000186,climb-over-fence_plant_rgb,intrusion_climb-over-fence_rgb_0008_cctv2,"[166, 176, 186]",/home/capstone2/zroact-stage2/benchmark2/data2/no_bbox_frames/climb-over-fence_plant_rgb/intrusion_climb-over-fence_rgb_0008_cctv2/30fps_frame_166.jpg,/home/capstone2/zroact-stage2/benchmark2/data2/no_bbox_frames/climb-over-fence_plant_rgb/intrusion_climb-over-fence_rgb_0008_cctv2/30fps_frame_176.jpg,/home/capstone2/zroact-stage2/benchmark2/data2/no_bbox_frames/climb-over-fence_plant_rgb/intrusion_climb-over-fence_rgb_0008_cctv2/30fps_frame_186.jpg,danger,danger
intrusion_climb-over-fence_rgb_0008_cctv2_f000196_000206_000216,climb-over-fence_plant_rgb,intrusion_climb-over-fence_rgb_0008_cctv2,"[196, 206, 216]",/home/capstone2/zroact-stage2/benchmark2/data2/no_bbox_frames/climb-over-fence_plant_rgb/intrusion_climb-over-fence_rgb_0008_cctv2/30fps_frame_196.jpg,/home/capstone2/zroact-stage2/benchmark2/data2/no_bbox_frames/climb-over-fence_plant_rgb/intrusion_climb-over-fence_rgb_0008_cctv2/30fps_frame_206.jpg,/home/capstone2/zroact-stage2/benchmark2/data2/no_bbox_frames/climb-over-fence_plant_rgb/intrusion_climb-over-fence_rgb_0008_cctv2/30fps_frame_216.jpg,danger,danger
intrusion_climb-over-fence_rgb_0008_cctv2_f000226_000236_000246,climb-over-fence_plant_rgb,intrusion_climb-over-fence_rgb_0008_cctv2,"[226, 236, 246]",/home/capstone2/zroact-stage2/benchmark2/data2/no_bbox_frames/climb-over-fence_plant_rgb/intrusion_climb-over-fence_rgb_0008_cctv2/30fps_frame_226.jpg,/home/capstone2/zroact-stage2/benchmark2/data2/no_bbox_frames/climb-over-fence_plant_rgb/intrusion_climb-over-fence_rgb_0008_cctv2/30fps_frame_236.jpg,/home/capstone2/zroact-stage2/benchmark2/data2/no_bbox_frames/climb-over-fence_plant_rgb/intrusion_climb-over-fence_rgb_0008_cctv2/30fps_frame_246.jpg,danger,danger
intrusion_climb-over-fence_rgb_0008_cctv2_f000256_000266_000276,climb-over-fence_plant_rgb,intrusion_climb-over-fence_rgb_0008_cctv2,"[256, 266, 276]",/home/capstone2/zroact-stage2/benchmark2/data2/no_bbox_frames/climb-over-fence_plant_rgb/intrusion_climb-over-fence_rgb_0008_cctv2/30fps_frame_256.jpg,/home/capstone2/zroact-stage2/benchmark2/data2/no_bbox_frames/climb-over-fence_plant_rgb/intrusion_climb-over-fence_rgb_0008_cctv2/30fps_frame_266.jpg,/home/capstone2/zroact-stage2/benchmark2/data2/no_bbox_frames/climb-over-fence_plant_rgb/intrusion_climb-over-fence_rgb_0008_cctv2/30fps_frame_276.jpg,danger,danger
intrusion_climb-over-fence_rgb_0008_cctv2_f000286_000296_000306,climb-over-fence_plant_rgb,intrusion_climb-over-fence_rgb_0008_cctv2,"[286, 296, 306]",/home/capstone2/zroact-stage2/benchmark2/data2/no_bbox_frames/climb-over-fence_plant_rgb/intrusion_climb-over-fence_rgb_0008_cctv2/30fps_frame_286.jpg,/home/capstone2/zroact-stage2/benchmark2/data2/no_bbox_frames/climb-over-fence_plant_rgb/intrusion_climb-over-fence_rgb_0008_cctv2/30fps_frame_296.jpg,/home/capstone2/zroact-stage2/benchmark2/data2/no_bbox_frames/climb-over-fence_plant_rgb/intrusion_climb-over-fence_rgb_0008_cctv2/30fps_frame_306.jpg,danger,danger
intrusion_climb-over-fence_rgb_0008_cctv2_f000316_000326_000336,climb-over-fence_plant_rgb,intrusion_climb-over-fence_rgb_0008_cctv2,"[316, 326, 336]",/home/capstone2/zroact-stage2/benchmark2/data2/no_bbox_frames/climb-over-fence_plant_rgb/intrusion_climb-over-fence_rgb_0008_cctv2/30fps_frame_316.jpg,/home/capstone2/zroact-stage2/benchmark2/data2/no_bbox_frames/climb-over-fence_plant_rgb/intrusion_climb-over-fence_rgb_0008_cctv2/30fps_frame_326.jpg,/home/capstone2/zroact-stage2/benchmark2/data2/no_bbox_frames/climb-over-fence_plant_rgb/intrusion_climb-over-fence_rgb_0008_cctv2/30fps_frame_336.jpg,danger,danger
intrusion_climb-over-fence_rgb_0008_cctv2_f000346_000356_000366,climb-over-fence_plant_rgb,intrusion_climb-over-fence_rgb_0008_cctv2,"[346, 356, 366]",/home/capstone2/zroact-stage2/benchmark2/data2/no_bbox_frames/climb-over-fence_plant_rgb/intrusion_climb-over-fence_rgb_0008_cctv2/30fps_frame_346.jpg,/home/capstone2/zroact-stage2/benchmark2/data2/no_bbox_frames/climb-over-fence_plant_rgb/intrusion_climb-over-fence_rgb_0008_cctv2/30fps_frame_356.jpg,/home/capstone2/zroact-stage2/benchmark2/data2/no_bbox_frames/climb-over-fence_plant_rgb/intrusion_climb-over-fence_rgb_0008_cctv2/30fps_frame_366.jpg,danger,danger
intrusion_climb-over-fence_rgb_0008_cctv2_f000376_000386_000396,climb-over-fence_plant_rgb,intrusion_climb-over-fence_rgb_0008_cctv2,"[376, 386, 396]",/home/capstone2/zroact-stage2/benchmark2/data2/no_bbox_frames/climb-over-fence_plant_rgb/intrusion_climb-over-fence_rgb_0008_cctv2/30fps_frame_376.jpg,/home/capstone2/zroact-stage2/benchmark2/data2/no_bbox_frames/climb-over-fence_plant_rgb/intrusion_climb-over-fence_rgb_0008_cctv2/30fps_frame_386.jpg,/home/capstone2/zroact-stage2/benchmark2/data2/no_bbox_frames/climb-over-fence_plant_rgb/intrusion_climb-over-fence_rgb_0008_cctv2/30fps_frame_396.jpg,danger,danger
intrusion_climb-over-fence_rgb_0017_cctv1_f000016_000026_000036,climb-over-fence_plant_rgb,intrusion_climb-over-fence_rgb_0017_cctv1,"[16, 26, 36]",/home/capstone2/zroact-stage2/benchmark2/data2/no_bbox_frames/climb-over-fence_plant_rgb/intrusion_climb-over-fence_rgb_0017_cctv1/30fps_frame_016.jpg,/home/capstone2/zroact-stage2/benchmark2/data2/no_bbox_frames/climb-over-fence_plant_rgb/intrusion_climb-over-fence_rgb_0017_cctv1/30fps_frame_026.jpg,/home/capstone2/zroact-stage2/benchmark2/data2/no_bbox_frames/climb-over-fence_plant_rgb/intrusion_climb-over-fence_rgb_0017_cctv1/30fps_frame_036.jpg,danger,danger
intrusion_climb-over-fence_rgb_0017_cctv1_f000046_000056_000066,climb-over-fence_plant_rgb,intrusion_climb-over-fence_rgb_0017_cctv1,"[46, 56, 66]",/home/capstone2/zroact-stage2/benchmark2/data2/no_bbox_frames/climb-over-fence_plant_rgb/intrusion_climb-over-fence_rgb_0017_cctv1/30fps_frame_046.jpg,/home/capstone2/zroact-stage2/benchmark2/data2/no_bbox_frames/climb-over-fence_plant_rgb/intrusion_climb-over-fence_rgb_0017_cctv1/30fps_frame_056.jpg,/home/capstone2/zroact-stage2/benchmark2/data2/no_bbox_frames/climb-over-fence_plant_rgb/intrusion_climb-over-fence_rgb_0017_cctv1/30fps_frame_066.jpg,danger,danger
intrusion_climb-over-fence_rgb_0017_cctv1_f000076_000086_000096,climb-over-fence_plant_rgb,intrusion_climb-over-fence_rgb_0017_cctv1,"[76, 86, 96]",/home/capstone2/zroact-stage2/benchmark2/data2/no_bbox_frames/climb-over-fence_plant_rgb/intrusion_climb-over-fence_rgb_0017_cctv1/30fps_frame_076.jpg,/home/capstone2/zroact-stage2/benchmark2/data2/no_bbox_frames/climb-over-fence_plant_rgb/intrusion_climb-over-fence_rgb_0017_cctv1/30fps_frame_086.jpg,/home/capstone2/zroact-stage2/benchmark2/data2/no_bbox_frames/climb-over-fence_plant_rgb/intrusion_climb-over-fence_rgb_0017_cctv1/30fps_frame_096.jpg,danger,danger
intrusion_climb-over-fence_rgb_0017_cctv1_f000106_000116_000126,climb-over-fence_plant_rgb,intrusion_climb-over-fence_rgb_0017_cctv1,"[106, 116, 126]",/home/capstone2/zroact-stage2/benchmark2/data2/no_bbox_frames/climb-over-fence_plant_rgb/intrusion_climb-over-fence_rgb_0017_cctv1/30fps_frame_106.jpg,/home/capstone2/zroact-stage2/benchmark2/data2/no_bbox_frames/climb-over-fence_plant_rgb/intrusion_climb-over-fence_rgb_0017_cctv1/30fps_frame_116.jpg,/home/capstone2/zroact-stage2/benchmark2/data2/no_bbox_frames/climb-over-fence_plant_rgb/intrusion_climb-over-fence_rgb_0017_cctv1/30fps_frame_126.jpg,danger,danger
intrusion_climb-over-fence_rgb_0017_cctv1_f000136_000146_000156,climb-over-fence_plant_rgb,intrusion_climb-over-fence_rgb_0017_cctv1,"[136, 146, 156]",/home/capstone2/zroact-stage2/benchmark2/data2/no_bbox_frames/climb-over-fence_plant_rgb/intrusion_climb-over-fence_rgb_0017_cctv1/30fps_frame_136.jpg,/home/capstone2/zroact-stage2/benchmark2/data2/no_bbox_frames/climb-over-fence_plant_rgb/intrusion_climb-over-fence_rgb_0017_cctv1/30fps_frame_146.jpg,/home/capstone2/zroact-stage2/benchmark2/data2/no_bbox_frames/climb-over-fence_plant_rgb/intrusion_climb-over-fence_rgb_0017_cctv1/30fps_frame_156.jpg,danger,danger
intrusion_climb-over-fence_rgb_0017_cctv1_f000166_000176_000186,climb-over-fence_plant_rgb,intrusion_climb-over-fence_rgb_0017_cctv1,"[166, 176, 186]",/home/capstone2/zroact-stage2/benchmark2/data2/no_bbox_frames/climb-over-fence_plant_rgb/intrusion_climb-over-fence_rgb_0017_cctv1/30fps_frame_166.jpg,/home/capstone2/zroact-stage2/benchmark2/data2/no_bbox_frames/climb-over-fence_plant_rgb/intrusion_climb-over-fence_rgb_0017_cctv1/30fps_frame_176.jpg,/home/capstone2/zroact-stage2/benchmark2/data2/no_bbox_frames/climb-over-fence_plant_rgb/intrusion_climb-over-fence_rgb_0017_cctv1/30fps_frame_186.jpg,danger,danger
intrusion_climb-over-fence_rgb_0017_cctv1_f000196_000206_000216,climb-over-fence_plant_rgb,intrusion_climb-over-fence_rgb_0017_cctv1,"[196, 206, 216]",/home/capstone2/zroact-stage2/benchmark2/data2/no_bbox_frames/climb-over-fence_plant_rgb/intrusion_climb-over-fence_rgb_0017_cctv1/30fps_frame_196.jpg,/home/capstone2/zroact-stage2/benchmark2/data2/no_bbox_frames/climb-over-fence_plant_rgb/intrusion_climb-over-fence_rgb_0017_cctv1/30fps_frame_206.jpg,/home/capstone2/zroact-stage2/benchmark2/data2/no_bbox_frames/climb-over-fence_plant_rgb/intrusion_climb-over-fence_rgb_0017_cctv1/30fps_frame_216.jpg,danger,danger
intrusion_climb-over-fence_rgb_0019_cctv1_f000016_000026_000036,climb-over-fence_plant_rgb,intrusion_climb-over-fence_rgb_0019_cctv1,"[16, 26, 36]",/home/capstone2/zroact-stage2/benchmark2/data2/no_bbox_frames/climb-over-fence_plant_rgb/intrusion_climb-over-fence_rgb_0019_cctv1/30fps_frame_016.jpg,/home/capstone2/zroact-stage2/benchmark2/data2/no_bbox_frames/climb-over-fence_plant_rgb/intrusion_climb-over-fence_rgb_0019_cctv1/30fps_frame_026.jpg,/home/capstone2/zroact-stage2/benchmark2/data2/no_bbox_frames/climb-over-fence_plant_rgb/intrusion_climb-over-fence_rgb_0019_cctv1/30fps_frame_036.jpg,danger,danger
intrusion_climb-over-fence_rgb_0019_cctv1_f000046_000056_000066,climb-over-fence_plant_rgb,intrusion_climb-over-fence_rgb_0019_cctv1,"[46, 56, 66]",/home/capstone2/zroact-stage2/benchmark2/data2/no_bbox_frames/climb-over-fence_plant_rgb/intrusion_climb-over-fence_rgb_0019_cctv1/30fps_frame_046.jpg,/home/capstone2/zroact-stage2/benchmark2/data2/no_bbox_frames/climb-over-fence_plant_rgb/intrusion_climb-over-fence_rgb_0019_cctv1/30fps_frame_056.jpg,/home/capstone2/zroact-stage2/benchmark2/data2/no_bbox_frames/climb-over-fence_plant_rgb/intrusion_climb-over-fence_rgb_0019_cctv1/30fps_frame_066.jpg,danger,danger
intrusion_climb-over-fence_rgb_0019_cctv1_f000076_000086_000096,climb-over-fence_plant_rgb,intrusion_climb-over-fence_rgb_0019_cctv1,"[76, 86, 96]",/home/capstone2/zroact-stage2/benchmark2/data2/no_bbox_frames/climb-over-fence_plant_rgb/intrusion_climb-over-fence_rgb_0019_cctv1/30fps_frame_076.jpg,/home/capstone2/zroact-stage2/benchmark2/data2/no_bbox_frames/climb-over-fence_plant_rgb/intrusion_climb-over-fence_rgb_0019_cctv1/30fps_frame_086.jpg,/home/capstone2/zroact-stage2/benchmark2/data2/no_bbox_frames/climb-over-fence_plant_rgb/intrusion_climb-over-fence_rgb_0019_cctv1/30fps_frame_096.jpg,danger,danger
intrusion_climb-over-fence_rgb_0019_cctv1_f000106_000116_000126,climb-over-fence_plant_rgb,intrusion_climb-over-fence_rgb_0019_cctv1,"[106, 116, 126]",/home/capstone2/zroact-stage2/benchmark2/data2/no_bbox_frames/climb-over-fence_plant_rgb/intrusion_climb-over-fence_rgb_0019_cctv1/30fps_frame_106.jpg,/home/capstone2/zroact-stage2/benchmark2/data2/no_bbox_frames/climb-over-fence_plant_rgb/intrusion_climb-over-fence_rgb_0019_cctv1/30fps_frame_116.jpg,/home/capstone2/zroact-stage2/benchmark2/data2/no_bbox_frames/climb-over-fence_plant_rgb/intrusion_climb-over-fence_rgb_0019_cctv1/30fps_frame_126.jpg,danger,danger
intrusion_climb-over-fence_rgb_0019_cctv1_f000136_000146_000156,climb-over-fence_plant_rgb,intrusion_climb-over-fence_rgb_0019_cctv1,"[136, 146, 156]",/home/capstone2/zroact-stage2/benchmark2/data2/no_bbox_frames/climb-over-fence_plant_rgb/intrusion_climb-over-fence_rgb_0019_cctv1/30fps_frame_136.jpg,/home/capstone2/zroact-stage2/benchmark2/data2/no_bbox_frames/climb-over-fence_plant_rgb/intrusion_climb-over-fence_rgb_0019_cctv1/30fps_frame_146.jpg,/home/capstone2/zroact-stage2/benchmark2/data2/no_bbox_frames/climb-over-fence_plant_rgb/intrusion_climb-over-fence_rgb_0019_cctv1/30fps_frame_156.jpg,danger,danger
intrusion_climb-over-fence_rgb_0019_cctv1_f000166_000176_000186,climb-over-fence_plant_rgb,intrusion_climb-over-fence_rgb_0019_cctv1,"[166, 176, 186]",/home/capstone2/zroact-stage2/benchmark2/data2/no_bbox_frames/climb-over-fence_plant_rgb/intrusion_climb-over-fence_rgb_0019_cctv1/30fps_frame_166.jpg,/home/capstone2/zroact-stage2/benchmark2/data2/no_bbox_frames/climb-over-fence_plant_rgb/intrusion_climb-over-fence_rgb_0019_cctv1/30fps_frame_176.jpg,/home/capstone2/zroact-stage2/benchmark2/data2/no_bbox_frames/climb-over-fence_plant_rgb/intrusion_climb-over-fence_rgb_0019_cctv1/30fps_frame_186.jpg,danger,danger
intrusion_climb-over-fence_rgb_0019_cctv1_f000196_000206_000216,climb-over-fence_plant_rgb,intrusion_climb-over-fence_rgb_0019_cctv1,"[196, 206, 216]",/home/capstone2/zroact-stage2/benchmark2/data2/no_bbox_frames/climb-over-fence_plant_rgb/intrusion_climb-over-fence_rgb_0019_cctv1/30fps_frame_196.jpg,/home/capstone2/zroact-stage2/benchmark2/data2/no_bbox_frames/climb-over-fence_plant_rgb/intrusion_climb-over-fence_rgb_0019_cctv1/30fps_frame_206.jpg,/home/capstone2/zroact-stage2/benchmark2/data2/no_bbox_frames/climb-over-fence_plant_rgb/intrusion_climb-over-fence_rgb_0019_cctv1/30fps_frame_216.jpg,danger,danger
intrusion_climb-over-fence_rgb_0024_cctv3_f000016_000026_000036,climb-over-fence_plant_rgb,intrusion_climb-over-fence_rgb_0024_cctv3,"[16, 26, 36]",/home/capstone2/zroact-stage2/benchmark2/data2/no_bbox_frames/climb-over-fence_plant_rgb/intrusion_climb-over-fence_rgb_0024_cctv3/30fps_frame_016.jpg,/home/capstone2/zroact-stage2/benchmark2/data2/no_bbox_frames/climb-over-fence_plant_rgb/intrusion_climb-over-fence_rgb_0024_cctv3/30fps_frame_026.jpg,/home/capstone2/zroact-stage2/benchmark2/data2/no_bbox_frames/climb-over-fence_plant_rgb/intrusion_climb-over-fence_rgb_0024_cctv3/30fps_frame_036.jpg,danger,danger
intrusion_climb-over-fence_rgb_0024_cctv3_f000046_000056_000066,climb-over-fence_plant_rgb,intrusion_climb-over-fence_rgb_0024_cctv3,"[46, 56, 66]",/home/capstone2/zroact-stage2/benchmark2/data2/no_bbox_frames/climb-over-fence_plant_rgb/intrusion_climb-over-fence_rgb_0024_cctv3/30fps_frame_046.jpg,/home/capstone2/zroact-stage2/benchmark2/data2/no_bbox_frames/climb-over-fence_plant_rgb/intrusion_climb-over-fence_rgb_0024_cctv3/30fps_frame_056.jpg,/home/capstone2/zroact-stage2/benchmark2/data2/no_bbox_frames/climb-over-fence_plant_rgb/intrusion_climb-over-fence_rgb_0024_cctv3/30fps_frame_066.jpg,danger,danger
intrusion_climb-over-fence_rgb_0024_cctv3_f000076_000086_000096,climb-over-fence_plant_rgb,intrusion_climb-over-fence_rgb_0024_cctv3,"[76, 86, 96]",/home/capstone2/zroact-stage2/benchmark2/data2/no_bbox_frames/climb-over-fence_plant_rgb/intrusion_climb-over-fence_rgb_0024_cctv3/30fps_frame_076.jpg,/home/capstone2/zroact-stage2/benchmark2/data2/no_bbox_frames/climb-over-fence_plant_rgb/intrusion_climb-over-fence_rgb_0024_cctv3/30fps_frame_086.jpg,/home/capstone2/zroact-stage2/benchmark2/data2/no_bbox_frames/climb-over-fence_plant_rgb/intrusion_climb-over-fence_rgb_0024_cctv3/30fps_frame_096.jpg,danger,danger
intrusion_climb-over-fence_rgb_0024_cctv3_f000106_000116_000126,climb-over-fence_plant_rgb,intrusion_climb-over-fence_rgb_0024_cctv3,"[106, 116, 126]",/home/capstone2/zroact-stage2/benchmark2/data2/no_bbox_frames/climb-over-fence_plant_rgb/intrusion_climb-over-fence_rgb_0024_cctv3/30fps_frame_106.jpg,/home/capstone2/zroact-stage2/benchmark2/data2/no_bbox_frames/climb-over-fence_plant_rgb/intrusion_climb-over-fence_rgb_0024_cctv3/30fps_frame_116.jpg,/home/capstone2/zroact-stage2/benchmark2/data2/no_bbox_frames/climb-over-fence_plant_rgb/intrusion_climb-over-fence_rgb_0024_cctv3/30fps_frame_126.jpg,danger,danger
intrusion_climb-over-fence_rgb_0024_cctv3_f000136_000146_000156,climb-over-fence_plant_rgb,intrusion_climb-over-fence_rgb_0024_cctv3,"[136, 146, 156]",/home/capstone2/zroact-stage2/benchmark2/data2/no_bbox_frames/climb-over-fence_plant_rgb/intrusion_climb-over-fence_rgb_0024_cctv3/30fps_frame_136.jpg,/home/capstone2/zroact-stage2/benchmark2/data2/no_bbox_frames/climb-over-fence_plant_rgb/intrusion_climb-over-fence_rgb_0024_cctv3/30fps_frame_146.jpg,/home/capstone2/zroact-stage2/benchmark2/data2/no_bbox_frames/climb-over-fence_plant_rgb/intrusion_climb-over-fence_rgb_0024_cctv3/30fps_frame_156.jpg,danger,danger
intrusion_climb-over-fence_rgb_0024_cctv3_f000166_000176_000186,climb-over-fence_plant_rgb,intrusion_climb-over-fence_rgb_0024_cctv3,"[166, 176, 186]",/home/capstone2/zroact-stage2/benchmark2/data2/no_bbox_frames/climb-over-fence_plant_rgb/intrusion_climb-over-fence_rgb_0024_cctv3/30fps_frame_166.jpg,/home/capstone2/zroact-stage2/benchmark2/data2/no_bbox_frames/climb-over-fence_plant_rgb/intrusion_climb-over-fence_rgb_0024_cctv3/30fps_frame_176.jpg,/home/capstone2/zroact-stage2/benchmark2/data2/no_bbox_frames/climb-over-fence_plant_rgb/intrusion_climb-over-fence_rgb_0024_cctv3/30fps_frame_186.jpg,danger,danger
intrusion_climb-over-fence_rgb_0024_cctv3_f000196_000206_000216,climb-over-fence_plant_rgb,intrusion_climb-over-fence_rgb_0024_cctv3,"[196, 206, 216]",/home/capstone2/zroact-stage2/benchmark2/data2/no_bbox_frames/climb-over-fence_plant_rgb/intrusion_climb-over-fence_rgb_0024_cctv3/30fps_frame_196.jpg,/home/capstone2/zroact-stage2/benchmark2/data2/no_bbox_frames/climb-over-fence_plant_rgb/intrusion_climb-over-fence_rgb_0024_cctv3/30fps_frame_206.jpg,/home/capstone2/zroact-stage2/benchmark2/data2/no_bbox_frames/climb-over-fence_plant_rgb/intrusion_climb-over-fence_rgb_0024_cctv3/30fps_frame_216.jpg,danger,danger
intrusion_climb-over-fence_rgb_0024_cctv3_f000226_000236_000246,climb-over-fence_plant_rgb,intrusion_climb-over-fence_rgb_0024_cctv3,"[226, 236, 246]",/home/capstone2/zroact-stage2/benchmark2/data2/no_bbox_frames/climb-over-fence_plant_rgb/intrusion_climb-over-fence_rgb_0024_cctv3/30fps_frame_226.jpg,/home/capstone2/zroact-stage2/benchmark2/data2/no_bbox_frames/climb-over-fence_plant_rgb/intrusion_climb-over-fence_rgb_0024_cctv3/30fps_frame_236.jpg,/home/capstone2/zroact-stage2/benchmark2/data2/no_bbox_frames/climb-over-fence_plant_rgb/intrusion_climb-over-fence_rgb_0024_cctv3/30fps_frame_246.jpg,danger,danger
intrusion_climb-over-fence_rgb_0025_cctv2_f000016_000026_000036,climb-over-fence_plant_rgb,intrusion_climb-over-fence_rgb_0025_cctv2,"[16, 26, 36]",/home/capstone2/zroact-stage2/benchmark2/data2/no_bbox_frames/climb-over-fence_plant_rgb/intrusion_climb-over-fence_rgb_0025_cctv2/30fps_frame_016.jpg,/home/capstone2/zroact-stage2/benchmark2/data2/no_bbox_frames/climb-over-fence_plant_rgb/intrusion_climb-over-fence_rgb_0025_cctv2/30fps_frame_026.jpg,/home/capstone2/zroact-stage2/benchmark2/data2/no_bbox_frames/climb-over-fence_plant_rgb/intrusion_climb-over-fence_rgb_0025_cctv2/30fps_frame_036.jpg,danger,danger
intrusion_climb-over-fence_rgb_0025_cctv2_f000046_000056_000066,climb-over-fence_plant_rgb,intrusion_climb-over-fence_rgb_0025_cctv2,"[46, 56, 66]",/home/capstone2/zroact-stage2/benchmark2/data2/no_bbox_frames/climb-over-fence_plant_rgb/intrusion_climb-over-fence_rgb_0025_cctv2/30fps_frame_046.jpg,/home/capstone2/zroact-stage2/benchmark2/data2/no_bbox_frames/climb-over-fence_plant_rgb/intrusion_climb-over-fence_rgb_0025_cctv2/30fps_frame_056.jpg,/home/capstone2/zroact-stage2/benchmark2/data2/no_bbox_frames/climb-over-fence_plant_rgb/intrusion_climb-over-fence_rgb_0025_cctv2/30fps_frame_066.jpg,danger,danger
intrusion_climb-over-fence_rgb_0025_cctv2_f000076_000086_000096,climb-over-fence_plant_rgb,intrusion_climb-over-fence_rgb_0025_cctv2,"[76, 86, 96]",/home/capstone2/zroact-stage2/benchmark2/data2/no_bbox_frames/climb-over-fence_plant_rgb/intrusion_climb-over-fence_rgb_0025_cctv2/30fps_frame_076.jpg,/home/capstone2/zroact-stage2/benchmark2/data2/no_bbox_frames/climb-over-fence_plant_rgb/intrusion_climb-over-fence_rgb_0025_cctv2/30fps_frame_086.jpg,/home/capstone2/zroact-stage2/benchmark2/data2/no_bbox_frames/climb-over-fence_plant_rgb/intrusion_climb-over-fence_rgb_0025_cctv2/30fps_frame_096.jpg,danger,danger
intrusion_climb-over-fence_rgb_0025_cctv2_f000106_000116_000126,climb-over-fence_plant_rgb,intrusion_climb-over-fence_rgb_0025_cctv2,"[106, 116, 126]",/home/capstone2/zroact-stage2/benchmark2/data2/no_bbox_frames/climb-over-fence_plant_rgb/intrusion_climb-over-fence_rgb_0025_cctv2/30fps_frame_106.jpg,/home/capstone2/zroact-stage2/benchmark2/data2/no_bbox_frames/climb-over-fence_plant_rgb/intrusion_climb-over-fence_rgb_0025_cctv2/30fps_frame_116.jpg,/home/capstone2/zroact-stage2/benchmark2/data2/no_bbox_frames/climb-over-fence_plant_rgb/intrusion_climb-over-fence_rgb_0025_cctv2/30fps_frame_126.jpg,danger,danger
intrusion_climb-over-fence_rgb_0025_cctv2_f000136_000146_000156,climb-over-fence_plant_rgb,intrusion_climb-over-fence_rgb_0025_cctv2,"[136, 146, 156]",/home/capstone2/zroact-stage2/benchmark2/data2/no_bbox_frames/climb-over-fence_plant_rgb/intrusion_climb-over-fence_rgb_0025_cctv2/30fps_frame_136.jpg,/home/capstone2/zroact-stage2/benchmark2/data2/no_bbox_frames/climb-over-fence_plant_rgb/intrusion_climb-over-fence_rgb_0025_cctv2/30fps_frame_146.jpg,/home/capstone2/zroact-stage2/benchmark2/data2/no_bbox_frames/climb-over-fence_plant_rgb/intrusion_climb-over-fence_rgb_0025_cctv2/30fps_frame_156.jpg,danger,danger
intrusion_climb-over-fence_rgb_0025_cctv2_f000166_000176_000186,climb-over-fence_plant_rgb,intrusion_climb-over-fence_rgb_0025_cctv2,"[166, 176, 186]",/home/capstone2/zroact-stage2/benchmark2/data2/no_bbox_frames/climb-over-fence_plant_rgb/intrusion_climb-over-fence_rgb_0025_cctv2/30fps_frame_166.jpg,/home/capstone2/zroact-stage2/benchmark2/data2/no_bbox_frames/climb-over-fence_plant_rgb/intrusion_climb-over-fence_rgb_0025_cctv2/30fps_frame_176.jpg,/home/capstone2/zroact-stage2/benchmark2/data2/no_bbox_frames/climb-over-fence_plant_rgb/intrusion_climb-over-fence_rgb_0025_cctv2/30fps_frame_186.jpg,danger,danger
intrusion_climb-over-fence_rgb_0025_cctv2_f000196_000206_000216,climb-over-fence_plant_rgb,intrusion_climb-over-fence_rgb_0025_cctv2,"[196, 206, 216]",/home/capstone2/zroact-stage2/benchmark2/data2/no_bbox_frames/climb-over-fence_plant_rgb/intrusion_climb-over-fence_rgb_0025_cctv2/30fps_frame_196.jpg,/home/capstone2/zroact-stage2/benchmark2/data2/no_bbox_frames/climb-over-fence_plant_rgb/intrusion_climb-over-fence_rgb_0025_cctv2/30fps_frame_206.jpg,/home/capstone2/zroact-stage2/benchmark2/data2/no_bbox_frames/climb-over-fence_plant_rgb/intrusion_climb-over-fence_rgb_0025_cctv2/30fps_frame_216.jpg,danger,danger
intrusion_climb-over-fence_rgb_0034_cctv3_f000016_000026_000036,climb-over-fence_plant_rgb,intrusion_climb-over-fence_rgb_0034_cctv3,"[16, 26, 36]",/home/capstone2/zroact-stage2/benchmark2/data2/no_bbox_frames/climb-over-fence_plant_rgb/intrusion_climb-over-fence_rgb_0034_cctv3/30fps_frame_016.jpg,/home/capstone2/zroact-stage2/benchmark2/data2/no_bbox_frames/climb-over-fence_plant_rgb/intrusion_climb-over-fence_rgb_0034_cctv3/30fps_frame_026.jpg,/home/capstone2/zroact-stage2/benchmark2/data2/no_bbox_frames/climb-over-fence_plant_rgb/intrusion_climb-over-fence_rgb_0034_cctv3/30fps_frame_036.jpg,danger,danger
intrusion_climb-over-fence_rgb_0034_cctv3_f000046_000056_000066,climb-over-fence_plant_rgb,intrusion_climb-over-fence_rgb_0034_cctv3,"[46, 56, 66]",/home/capstone2/zroact-stage2/benchmark2/data2/no_bbox_frames/climb-over-fence_plant_rgb/intrusion_climb-over-fence_rgb_0034_cctv3/30fps_frame_046.jpg,/home/capstone2/zroact-stage2/benchmark2/data2/no_bbox_frames/climb-over-fence_plant_rgb/intrusion_climb-over-fence_rgb_0034_cctv3/30fps_frame_056.jpg,/home/capstone2/zroact-stage2/benchmark2/data2/no_bbox_frames/climb-over-fence_plant_rgb/intrusion_climb-over-fence_rgb_0034_cctv3/30fps_frame_066.jpg,danger,danger
intrusion_climb-over-fence_rgb_0034_cctv3_f000076_000086_000096,climb-over-fence_plant_rgb,intrusion_climb-over-fence_rgb_0034_cctv3,"[76, 86, 96]",/home/capstone2/zroact-stage2/benchmark2/data2/no_bbox_frames/climb-over-fence_plant_rgb/intrusion_climb-over-fence_rgb_0034_cctv3/30fps_frame_076.jpg,/home/capstone2/zroact-stage2/benchmark2/data2/no_bbox_frames/climb-over-fence_plant_rgb/intrusion_climb-over-fence_rgb_0034_cctv3/30fps_frame_086.jpg,/home/capstone2/zroact-stage2/benchmark2/data2/no_bbox_frames/climb-over-fence_plant_rgb/intrusion_climb-over-fence_rgb_0034_cctv3/30fps_frame_096.jpg,danger,danger
intrusion_climb-over-fence_rgb_0034_cctv3_f000106_000116_000126,climb-over-fence_plant_rgb,intrusion_climb-over-fence_rgb_0034_cctv3,"[106, 116, 126]",/home/capstone2/zroact-stage2/benchmark2/data2/no_bbox_frames/climb-over-fence_plant_rgb/intrusion_climb-over-fence_rgb_0034_cctv3/30fps_frame_106.jpg,/home/capstone2/zroact-stage2/benchmark2/data2/no_bbox_frames/climb-over-fence_plant_rgb/intrusion_climb-over-fence_rgb_0034_cctv3/30fps_frame_116.jpg,/home/capstone2/zroact-stage2/benchmark2/data2/no_bbox_frames/climb-over-fence_plant_rgb/intrusion_climb-over-fence_rgb_0034_cctv3/30fps_frame_126.jpg,danger,danger
intrusion_climb-over-fence_rgb_0034_cctv3_f000136_000146_000156,climb-over-fence_plant_rgb,intrusion_climb-over-fence_rgb_0034_cctv3,"[136, 146, 156]",/home/capstone2/zroact-stage2/benchmark2/data2/no_bbox_frames/climb-over-fence_plant_rgb/intrusion_climb-over-fence_rgb_0034_cctv3/30fps_frame_136.jpg,/home/capstone2/zroact-stage2/benchmark2/data2/no_bbox_frames/climb-over-fence_plant_rgb/intrusion_climb-over-fence_rgb_0034_cctv3/30fps_frame_146.jpg,/home/capstone2/zroact-stage2/benchmark2/data2/no_bbox_frames/climb-over-fence_plant_rgb/intrusion_climb-over-fence_rgb_0034_cctv3/30fps_frame_156.jpg,danger,danger
intrusion_climb-over-fence_rgb_0034_cctv3_f000166_000176_000186,climb-over-fence_plant_rgb,intrusion_climb-over-fence_rgb_0034_cctv3,"[166, 176, 186]",/home/capstone2/zroact-stage2/benchmark2/data2/no_bbox_frames/climb-over-fence_plant_rgb/intrusion_climb-over-fence_rgb_0034_cctv3/30fps_frame_166.jpg,/home/capstone2/zroact-stage2/benchmark2/data2/no_bbox_frames/climb-over-fence_plant_rgb/intrusion_climb-over-fence_rgb_0034_cctv3/30fps_frame_176.jpg,/home/capstone2/zroact-stage2/benchmark2/data2/no_bbox_frames/climb-over-fence_plant_rgb/intrusion_climb-over-fence_rgb_0034_cctv3/30fps_frame_186.jpg,danger,danger
intrusion_climb-over-fence_rgb_0034_cctv3_f000196_000206_000216,climb-over-fence_plant_rgb,intrusion_climb-over-fence_rgb_0034_cctv3,"[196, 206, 216]",/home/capstone2/zroact-stage2/benchmark2/data2/no_bbox_frames/climb-over-fence_plant_rgb/intrusion_climb-over-fence_rgb_0034_cctv3/30fps_frame_196.jpg,/home/capstone2/zroact-stage2/benchmark2/data2/no_bbox_frames/climb-over-fence_plant_rgb/intrusion_climb-over-fence_rgb_0034_cctv3/30fps_frame_206.jpg,/home/capstone2/zroact-stage2/benchmark2/data2/no_bbox_frames/climb-over-fence_plant_rgb/intrusion_climb-over-fence_rgb_0034_cctv3/30fps_frame_216.jpg,danger,danger
intrusion_climb-over-fence_rgb_0038_cctv3_f000016_000026_000036,climb-over-fence_plant_rgb,intrusion_climb-over-fence_rgb_0038_cctv3,"[16, 26, 36]",/home/capstone2/zroact-stage2/benchmark2/data2/no_bbox_frames/climb-over-fence_plant_rgb/intrusion_climb-over-fence_rgb_0038_cctv3/30fps_frame_016.jpg,/home/capstone2/zroact-stage2/benchmark2/data2/no_bbox_frames/climb-over-fence_plant_rgb/intrusion_climb-over-fence_rgb_0038_cctv3/30fps_frame_026.jpg,/home/capstone2/zroact-stage2/benchmark2/data2/no_bbox_frames/climb-over-fence_plant_rgb/intrusion_climb-over-fence_rgb_0038_cctv3/30fps_frame_036.jpg,danger,danger
intrusion_climb-over-fence_rgb_0038_cctv3_f000046_000056_000066,climb-over-fence_plant_rgb,intrusion_climb-over-fence_rgb_0038_cctv3,"[46, 56, 66]",/home/capstone2/zroact-stage2/benchmark2/data2/no_bbox_frames/climb-over-fence_plant_rgb/intrusion_climb-over-fence_rgb_0038_cctv3/30fps_frame_046.jpg,/home/capstone2/zroact-stage2/benchmark2/data2/no_bbox_frames/climb-over-fence_plant_rgb/intrusion_climb-over-fence_rgb_0038_cctv3/30fps_frame_056.jpg,/home/capstone2/zroact-stage2/benchmark2/data2/no_bbox_frames/climb-over-fence_plant_rgb/intrusion_climb-over-fence_rgb_0038_cctv3/30fps_frame_066.jpg,danger,danger
intrusion_climb-over-fence_rgb_0038_cctv3_f000076_000086_000096,climb-over-fence_plant_rgb,intrusion_climb-over-fence_rgb_0038_cctv3,"[76, 86, 96]",/home/capstone2/zroact-stage2/benchmark2/data2/no_bbox_frames/climb-over-fence_plant_rgb/intrusion_climb-over-fence_rgb_0038_cctv3/30fps_frame_076.jpg,/home/capstone2/zroact-stage2/benchmark2/data2/no_bbox_frames/climb-over-fence_plant_rgb/intrusion_climb-over-fence_rgb_0038_cctv3/30fps_frame_086.jpg,/home/capstone2/zroact-stage2/benchmark2/data2/no_bbox_frames/climb-over-fence_plant_rgb/intrusion_climb-over-fence_rgb_0038_cctv3/30fps_frame_096.jpg,danger,danger
intrusion_climb-over-fence_rgb_0038_cctv3_f000106_000116_000126,climb-over-fence_plant_rgb,intrusion_climb-over-fence_rgb_0038_cctv3,"[106, 116, 126]",/home/capstone2/zroact-stage2/benchmark2/data2/no_bbox_frames/climb-over-fence_plant_rgb/intrusion_climb-over-fence_rgb_0038_cctv3/30fps_frame_106.jpg,/home/capstone2/zroact-stage2/benchmark2/data2/no_bbox_frames/climb-over-fence_plant_rgb/intrusion_climb-over-fence_rgb_0038_cctv3/30fps_frame_116.jpg,/home/capstone2/zroact-stage2/benchmark2/data2/no_bbox_frames/climb-over-fence_plant_rgb/intrusion_climb-over-fence_rgb_0038_cctv3/30fps_frame_126.jpg,danger,danger
intrusion_climb-over-fence_rgb_0038_cctv3_f000136_000146_000156,climb-over-fence_plant_rgb,intrusion_climb-over-fence_rgb_0038_cctv3,"[136, 146, 156]",/home/capstone2/zroact-stage2/benchmark2/data2/no_bbox_frames/climb-over-fence_plant_rgb/intrusion_climb-over-fence_rgb_0038_cctv3/30fps_frame_136.jpg,/home/capstone2/zroact-stage2/benchmark2/data2/no_bbox_frames/climb-over-fence_plant_rgb/intrusion_climb-over-fence_rgb_0038_cctv3/30fps_frame_146.jpg,/home/capstone2/zroact-stage2/benchmark2/data2/no_bbox_frames/climb-over-fence_plant_rgb/intrusion_climb-over-fence_rgb_0038_cctv3/30fps_frame_156.jpg,danger,danger
intrusion_climb-over-fence_rgb_0038_cctv3_f000166_000176_000186,climb-over-fence_plant_rgb,intrusion_climb-over-fence_rgb_0038_cctv3,"[166, 176, 186]",/home/capstone2/zroact-stage2/benchmark2/data2/no_bbox_frames/climb-over-fence_plant_rgb/intrusion_climb-over-fence_rgb_0038_cctv3/30fps_frame_166.jpg,/home/capstone2/zroact-stage2/benchmark2/data2/no_bbox_frames/climb-over-fence_plant_rgb/intrusion_climb-over-fence_rgb_0038_cctv3/30fps_frame_176.jpg,/home/capstone2/zroact-stage2/benchmark2/data2/no_bbox_frames/climb-over-fence_plant_rgb/intrusion_climb-over-fence_rgb_0038_cctv3/30fps_frame_186.jpg,danger,danger
intrusion_climb-over-fence_rgb_0038_cctv3_f000196_000206_000216,climb-over-fence_plant_rgb,intrusion_climb-over-fence_rgb_0038_cctv3,"[196, 206, 216]",/home/capstone2/zroact-stage2/benchmark2/data2/no_bbox_frames/climb-over-fence_plant_rgb/intrusion_climb-over-fence_rgb_0038_cctv3/30fps_frame_196.jpg,/home/capstone2/zroact-stage2/benchmark2/data2/no_bbox_frames/climb-over-fence_plant_rgb/intrusion_climb-over-fence_rgb_0038_cctv3/30fps_frame_206.jpg,/home/capstone2/zroact-stage2/benchmark2/data2/no_bbox_frames/climb-over-fence_plant_rgb/intrusion_climb-over-fence_rgb_0038_cctv3/30fps_frame_216.jpg,danger,danger
intrusion_climb-over-fence_rgb_0038_cctv3_f000226_000236_000246,climb-over-fence_plant_rgb,intrusion_climb-over-fence_rgb_0038_cctv3,"[226, 236, 246]",/home/capstone2/zroact-stage2/benchmark2/data2/no_bbox_frames/climb-over-fence_plant_rgb/intrusion_climb-over-fence_rgb_0038_cctv3/30fps_frame_226.jpg,/home/capstone2/zroact-stage2/benchmark2/data2/no_bbox_frames/climb-over-fence_plant_rgb/intrusion_climb-over-fence_rgb_0038_cctv3/30fps_frame_236.jpg,/home/capstone2/zroact-stage2/benchmark2/data2/no_bbox_frames/climb-over-fence_plant_rgb/intrusion_climb-over-fence_rgb_0038_cctv3/30fps_frame_246.jpg,danger,danger
intrusion_climb-over-fence_rgb_0052_cctv1_f000016_000026_000036,climb-over-fence_plant_rgb,intrusion_climb-over-fence_rgb_0052_cctv1,"[16, 26, 36]",/home/capstone2/zroact-stage2/benchmark2/data2/no_bbox_frames/climb-over-fence_plant_rgb/intrusion_climb-over-fence_rgb_0052_cctv1/30fps_frame_016.jpg,/home/capstone2/zroact-stage2/benchmark2/data2/no_bbox_frames/climb-over-fence_plant_rgb/intrusion_climb-over-fence_rgb_0052_cctv1/30fps_frame_026.jpg,/home/capstone2/zroact-stage2/benchmark2/data2/no_bbox_frames/climb-over-fence_plant_rgb/intrusion_climb-over-fence_rgb_0052_cctv1/30fps_frame_036.jpg,danger,danger
intrusion_climb-over-fence_rgb_0052_cctv1_f000046_000056_000066,climb-over-fence_plant_rgb,intrusion_climb-over-fence_rgb_0052_cctv1,"[46, 56, 66]",/home/capstone2/zroact-stage2/benchmark2/data2/no_bbox_frames/climb-over-fence_plant_rgb/intrusion_climb-over-fence_rgb_0052_cctv1/30fps_frame_046.jpg,/home/capstone2/zroact-stage2/benchmark2/data2/no_bbox_frames/climb-over-fence_plant_rgb/intrusion_climb-over-fence_rgb_0052_cctv1/30fps_frame_056.jpg,/home/capstone2/zroact-stage2/benchmark2/data2/no_bbox_frames/climb-over-fence_plant_rgb/intrusion_climb-over-fence_rgb_0052_cctv1/30fps_frame_066.jpg,danger,danger
intrusion_climb-over-fence_rgb_0052_cctv1_f000076_000086_000096,climb-over-fence_plant_rgb,intrusion_climb-over-fence_rgb_0052_cctv1,"[76, 86, 96]",/home/capstone2/zroact-stage2/benchmark2/data2/no_bbox_frames/climb-over-fence_plant_rgb/intrusion_climb-over-fence_rgb_0052_cctv1/30fps_frame_076.jpg,/home/capstone2/zroact-stage2/benchmark2/data2/no_bbox_frames/climb-over-fence_plant_rgb/intrusion_climb-over-fence_rgb_0052_cctv1/30fps_frame_086.jpg,/home/capstone2/zroact-stage2/benchmark2/data2/no_bbox_frames/climb-over-fence_plant_rgb/intrusion_climb-over-fence_rgb_0052_cctv1/30fps_frame_096.jpg,danger,danger
intrusion_climb-over-fence_rgb_0052_cctv1_f000106_000116_000126,climb-over-fence_plant_rgb,intrusion_climb-over-fence_rgb_0052_cctv1,"[106, 116, 126]",/home/capstone2/zroact-stage2/benchmark2/data2/no_bbox_frames/climb-over-fence_plant_rgb/intrusion_climb-over-fence_rgb_0052_cctv1/30fps_frame_106.jpg,/home/capstone2/zroact-stage2/benchmark2/data2/no_bbox_frames/climb-over-fence_plant_rgb/intrusion_climb-over-fence_rgb_0052_cctv1/30fps_frame_116.jpg,/home/capstone2/zroact-stage2/benchmark2/data2/no_bbox_frames/climb-over-fence_plant_rgb/intrusion_climb-over-fence_rgb_0052_cctv1/30fps_frame_126.jpg,danger,danger
intrusion_climb-over-fence_rgb_0052_cctv1_f000136_000146_000156,climb-over-fence_plant_rgb,intrusion_climb-over-fence_rgb_0052_cctv1,"[136, 146, 156]",/home/capstone2/zroact-stage2/benchmark2/data2/no_bbox_frames/climb-over-fence_plant_rgb/intrusion_climb-over-fence_rgb_0052_cctv1/30fps_frame_136.jpg,/home/capstone2/zroact-stage2/benchmark2/data2/no_bbox_frames/climb-over-fence_plant_rgb/intrusion_climb-over-fence_rgb_0052_cctv1/30fps_frame_146.jpg,/home/capstone2/zroact-stage2/benchmark2/data2/no_bbox_frames/climb-over-fence_plant_rgb/intrusion_climb-over-fence_rgb_0052_cctv1/30fps_frame_156.jpg,danger,danger
intrusion_climb-over-fence_rgb_0052_cctv1_f000166_000176_000186,climb-over-fence_plant_rgb,intrusion_climb-over-fence_rgb_0052_cctv1,"[166, 176, 186]",/home/capstone2/zroact-stage2/benchmark2/data2/no_bbox_frames/climb-over-fence_plant_rgb/intrusion_climb-over-fence_rgb_0052_cctv1/30fps_frame_166.jpg,/home/capstone2/zroact-stage2/benchmark2/data2/no_bbox_frames/climb-over-fence_plant_rgb/intrusion_climb-over-fence_rgb_0052_cctv1/30fps_frame_176.jpg,/home/capstone2/zroact-stage2/benchmark2/data2/no_bbox_frames/climb-over-fence_plant_rgb/intrusion_climb-over-fence_rgb_0052_cctv1/30fps_frame_186.jpg,danger,danger
intrusion_climb-over-fence_rgb_0052_cctv1_f000196_000206_000216,climb-over-fence_plant_rgb,intrusion_climb-over-fence_rgb_0052_cctv1,"[196, 206, 216]",/home/capstone2/zroact-stage2/benchmark2/data2/no_bbox_frames/climb-over-fence_plant_rgb/intrusion_climb-over-fence_rgb_0052_cctv1/30fps_frame_196.jpg,/home/capstone2/zroact-stage2/benchmark2/data2/no_bbox_frames/climb-over-fence_plant_rgb/intrusion_climb-over-fence_rgb_0052_cctv1/30fps_frame_206.jpg,/home/capstone2/zroact-stage2/benchmark2/data2/no_bbox_frames/climb-over-fence_plant_rgb/intrusion_climb-over-fence_rgb_0052_cctv1/30fps_frame_216.jpg,danger,danger
intrusion_climb-over-fence_rgb_0052_cctv1_f000226_000236_000246,climb-over-fence_plant_rgb,intrusion_climb-over-fence_rgb_0052_cctv1,"[226, 236, 246]",/home/capstone2/zroact-stage2/benchmark2/data2/no_bbox_frames/climb-over-fence_plant_rgb/intrusion_climb-over-fence_rgb_0052_cctv1/30fps_frame_226.jpg,/home/capstone2/zroact-stage2/benchmark2/data2/no_bbox_frames/climb-over-fence_plant_rgb/intrusion_climb-over-fence_rgb_0052_cctv1/30fps_frame_236.jpg,/home/capstone2/zroact-stage2/benchmark2/data2/no_bbox_frames/climb-over-fence_plant_rgb/intrusion_climb-over-fence_rgb_0052_cctv1/30fps_frame_246.jpg,danger,danger
intrusion_climb-over-fence_rgb_0054_cctv1_f000016_000026_000036,climb-over-fence_plant_rgb,intrusion_climb-over-fence_rgb_0054_cctv1,"[16, 26, 36]",/home/capstone2/zroact-stage2/benchmark2/data2/no_bbox_frames/climb-over-fence_plant_rgb/intrusion_climb-over-fence_rgb_0054_cctv1/30fps_frame_016.jpg,/home/capstone2/zroact-stage2/benchmark2/data2/no_bbox_frames/climb-over-fence_plant_rgb/intrusion_climb-over-fence_rgb_0054_cctv1/30fps_frame_026.jpg,/home/capstone2/zroact-stage2/benchmark2/data2/no_bbox_frames/climb-over-fence_plant_rgb/intrusion_climb-over-fence_rgb_0054_cctv1/30fps_frame_036.jpg,danger,danger
intrusion_climb-over-fence_rgb_0054_cctv1_f000046_000056_000066,climb-over-fence_plant_rgb,intrusion_climb-over-fence_rgb_0054_cctv1,"[46, 56, 66]",/home/capstone2/zroact-stage2/benchmark2/data2/no_bbox_frames/climb-over-fence_plant_rgb/intrusion_climb-over-fence_rgb_0054_cctv1/30fps_frame_046.jpg,/home/capstone2/zroact-stage2/benchmark2/data2/no_bbox_frames/climb-over-fence_plant_rgb/intrusion_climb-over-fence_rgb_0054_cctv1/30fps_frame_056.jpg,/home/capstone2/zroact-stage2/benchmark2/data2/no_bbox_frames/climb-over-fence_plant_rgb/intrusion_climb-over-fence_rgb_0054_cctv1/30fps_frame_066.jpg,danger,danger
intrusion_climb-over-fence_rgb_0054_cctv1_f000076_000086_000096,climb-over-fence_plant_rgb,intrusion_climb-over-fence_rgb_0054_cctv1,"[76, 86, 96]",/home/capstone2/zroact-stage2/benchmark2/data2/no_bbox_frames/climb-over-fence_plant_rgb/intrusion_climb-over-fence_rgb_0054_cctv1/30fps_frame_076.jpg,/home/capstone2/zroact-stage2/benchmark2/data2/no_bbox_frames/climb-over-fence_plant_rgb/intrusion_climb-over-fence_rgb_0054_cctv1/30fps_frame_086.jpg,/home/capstone2/zroact-stage2/benchmark2/data2/no_bbox_frames/climb-over-fence_plant_rgb/intrusion_climb-over-fence_rgb_0054_cctv1/30fps_frame_096.jpg,danger,danger
intrusion_climb-over-fence_rgb_0054_cctv1_f000106_000116_000126,climb-over-fence_plant_rgb,intrusion_climb-over-fence_rgb_0054_cctv1,"[106, 116, 126]",/home/capstone2/zroact-stage2/benchmark2/data2/no_bbox_frames/climb-over-fence_plant_rgb/intrusion_climb-over-fence_rgb_0054_cctv1/30fps_frame_106.jpg,/home/capstone2/zroact-stage2/benchmark2/data2/no_bbox_frames/climb-over-fence_plant_rgb/intrusion_climb-over-fence_rgb_0054_cctv1/30fps_frame_116.jpg,/home/capstone2/zroact-stage2/benchmark2/data2/no_bbox_frames/climb-over-fence_plant_rgb/intrusion_climb-over-fence_rgb_0054_cctv1/30fps_frame_126.jpg,danger,danger
intrusion_climb-over-fence_rgb_0054_cctv1_f000136_000146_000156,climb-over-fence_plant_rgb,intrusion_climb-over-fence_rgb_0054_cctv1,"[136, 146, 156]",/home/capstone2/zroact-stage2/benchmark2/data2/no_bbox_frames/climb-over-fence_plant_rgb/intrusion_climb-over-fence_rgb_0054_cctv1/30fps_frame_136.jpg,/home/capstone2/zroact-stage2/benchmark2/data2/no_bbox_frames/climb-over-fence_plant_rgb/intrusion_climb-over-fence_rgb_0054_cctv1/30fps_frame_146.jpg,/home/capstone2/zroact-stage2/benchmark2/data2/no_bbox_frames/climb-over-fence_plant_rgb/intrusion_climb-over-fence_rgb_0054_cctv1/30fps_frame_156.jpg,danger,danger
intrusion_climb-over-fence_rgb_0004_cctv1_f000016_000026_000036,climb-over-fence_smart_rgb,intrusion_climb-over-fence_rgb_0004_cctv1,"[16, 26, 36]",/home/capstone2/zroact-stage2/benchmark2/data2/no_bbox_frames/climb-over-fence_smart_rgb/intrusion_climb-over-fence_rgb_0004_cctv1/30fps_frame_016.jpg,/home/capstone2/zroact-stage2/benchmark2/data2/no_bbox_frames/climb-over-fence_smart_rgb/intrusion_climb-over-fence_rgb_0004_cctv1/30fps_frame_026.jpg,/home/capstone2/zroact-stage2/benchmark2/data2/no_bbox_frames/climb-over-fence_smart_rgb/intrusion_climb-over-fence_rgb_0004_cctv1/30fps_frame_036.jpg,unsafe,unsafe
intrusion_climb-over-fence_rgb_0004_cctv1_f000046_000056_000066,climb-over-fence_smart_rgb,intrusion_climb-over-fence_rgb_0004_cctv1,"[46, 56, 66]",/home/capstone2/zroact-stage2/benchmark2/data2/no_bbox_frames/climb-over-fence_smart_rgb/intrusion_climb-over-fence_rgb_0004_cctv1/30fps_frame_046.jpg,/home/capstone2/zroact-stage2/benchmark2/data2/no_bbox_frames/climb-over-fence_smart_rgb/intrusion_climb-over-fence_rgb_0004_cctv1/30fps_frame_056.jpg,/home/capstone2/zroact-stage2/benchmark2/data2/no_bbox_frames/climb-over-fence_smart_rgb/intrusion_climb-over-fence_rgb_0004_cctv1/30fps_frame_066.jpg,danger,danger
intrusion_climb-over-fence_rgb_0004_cctv1_f000076_000086_000096,climb-over-fence_smart_rgb,intrusion_climb-over-fence_rgb_0004_cctv1,"[76, 86, 96]",/home/capstone2/zroact-stage2/benchmark2/data2/no_bbox_frames/climb-over-fence_smart_rgb/intrusion_climb-over-fence_rgb_0004_cctv1/30fps_frame_076.jpg,/home/capstone2/zroact-stage2/benchmark2/data2/no_bbox_frames/climb-over-fence_smart_rgb/intrusion_climb-over-fence_rgb_0004_cctv1/30fps_frame_086.jpg,/home/capstone2/zroact-stage2/benchmark2/data2/no_bbox_frames/climb-over-fence_smart_rgb/intrusion_climb-over-fence_rgb_0004_cctv1/30fps_frame_096.jpg,danger,danger
intrusion_climb-over-fence_rgb_0004_cctv1_f000106_000116_000126,climb-over-fence_smart_rgb,intrusion_climb-over-fence_rgb_0004_cctv1,"[106, 116, 126]",/home/capstone2/zroact-stage2/benchmark2/data2/no_bbox_frames/climb-over-fence_smart_rgb/intrusion_climb-over-fence_rgb_0004_cctv1/30fps_frame_106.jpg,/home/capstone2/zroact-stage2/benchmark2/data2/no_bbox_frames/climb-over-fence_smart_rgb/intrusion_climb-over-fence_rgb_0004_cctv1/30fps_frame_116.jpg,/home/capstone2/zroact-stage2/benchmark2/data2/no_bbox_frames/climb-over-fence_smart_rgb/intrusion_climb-over-fence_rgb_0004_cctv1/30fps_frame_126.jpg,danger,danger
intrusion_climb-over-fence_rgb_0004_cctv1_f000136_000146_000156,climb-over-fence_smart_rgb,intrusion_climb-over-fence_rgb_0004_cctv1,"[136, 146, 156]",/home/capstone2/zroact-stage2/benchmark2/data2/no_bbox_frames/climb-over-fence_smart_rgb/intrusion_climb-over-fence_rgb_0004_cctv1/30fps_frame_136.jpg,/home/capstone2/zroact-stage2/benchmark2/data2/no_bbox_frames/climb-over-fence_smart_rgb/intrusion_climb-over-fence_rgb_0004_cctv1/30fps_frame_146.jpg,/home/capstone2/zroact-stage2/benchmark2/data2/no_bbox_frames/climb-over-fence_smart_rgb/intrusion_climb-over-fence_rgb_0004_cctv1/30fps_frame_156.jpg,danger,danger
intrusion_climb-over-fence_rgb_0004_cctv1_f000166_000176_000186,climb-over-fence_smart_rgb,intrusion_climb-over-fence_rgb_0004_cctv1,"[166, 176, 186]",/home/capstone2/zroact-stage2/benchmark2/data2/no_bbox_frames/climb-over-fence_smart_rgb/intrusion_climb-over-fence_rgb_0004_cctv1/30fps_frame_166.jpg,/home/capstone2/zroact-stage2/benchmark2/data2/no_bbox_frames/climb-over-fence_smart_rgb/intrusion_climb-over-fence_rgb_0004_cctv1/30fps_frame_176.jpg,/home/capstone2/zroact-stage2/benchmark2/data2/no_bbox_frames/climb-over-fence_smart_rgb/intrusion_climb-over-fence_rgb_0004_cctv1/30fps_frame_186.jpg,danger,danger
intrusion_climb-over-fence_rgb_0004_cctv1_f000196_000206_000216,climb-over-fence_smart_rgb,intrusion_climb-over-fence_rgb_0004_cctv1,"[196, 206, 216]",/home/capstone2/zroact-stage2/benchmark2/data2/no_bbox_frames/climb-over-fence_smart_rgb/intrusion_climb-over-fence_rgb_0004_cctv1/30fps_frame_196.jpg,/home/capstone2/zroact-stage2/benchmark2/data2/no_bbox_frames/climb-over-fence_smart_rgb/intrusion_climb-over-fence_rgb_0004_cctv1/30fps_frame_206.jpg,/home/capstone2/zroact-stage2/benchmark2/data2/no_bbox_frames/climb-over-fence_smart_rgb/intrusion_climb-over-fence_rgb_0004_cctv1/30fps_frame_216.jpg,danger,danger
intrusion_climb-over-fence_rgb_0004_cctv1_f000226_000236_000246,climb-over-fence_smart_rgb,intrusion_climb-over-fence_rgb_0004_cctv1,"[226, 236, 246]",/home/capstone2/zroact-stage2/benchmark2/data2/no_bbox_frames/climb-over-fence_smart_rgb/intrusion_climb-over-fence_rgb_0004_cctv1/30fps_frame_226.jpg,/home/capstone2/zroact-stage2/benchmark2/data2/no_bbox_frames/climb-over-fence_smart_rgb/intrusion_climb-over-fence_rgb_0004_cctv1/30fps_frame_236.jpg,/home/capstone2/zroact-stage2/benchmark2/data2/no_bbox_frames/climb-over-fence_smart_rgb/intrusion_climb-over-fence_rgb_0004_cctv1/30fps_frame_246.jpg,danger,danger
intrusion_climb-over-fence_rgb_0004_cctv1_f000256_000266_000276,climb-over-fence_smart_rgb,intrusion_climb-over-fence_rgb_0004_cctv1,"[256, 266, 276]",/home/capstone2/zroact-stage2/benchmark2/data2/no_bbox_frames/climb-over-fence_smart_rgb/intrusion_climb-over-fence_rgb_0004_cctv1/30fps_frame_256.jpg,/home/capstone2/zroact-stage2/benchmark2/data2/no_bbox_frames/climb-over-fence_smart_rgb/intrusion_climb-over-fence_rgb_0004_cctv1/30fps_frame_266.jpg,/home/capstone2/zroact-stage2/benchmark2/data2/no_bbox_frames/climb-over-fence_smart_rgb/intrusion_climb-over-fence_rgb_0004_cctv1/30fps_frame_276.jpg,danger,danger
intrusion_climb-over-fence_rgb_0004_cctv1_f000286_000296_000306,climb-over-fence_smart_rgb,intrusion_climb-over-fence_rgb_0004_cctv1,"[286, 296, 306]",/home/capstone2/zroact-stage2/benchmark2/data2/no_bbox_frames/climb-over-fence_smart_rgb/intrusion_climb-over-fence_rgb_0004_cctv1/30fps_frame_286.jpg,/home/capstone2/zroact-stage2/benchmark2/data2/no_bbox_frames/climb-over-fence_smart_rgb/intrusion_climb-over-fence_rgb_0004_cctv1/30fps_frame_296.jpg,/home/capstone2/zroact-stage2/benchmark2/data2/no_bbox_frames/climb-over-fence_smart_rgb/intrusion_climb-over-fence_rgb_0004_cctv1/30fps_frame_306.jpg,danger,danger
intrusion_climb-over-fence_rgb_0004_cctv1_f000316_000326_000336,climb-over-fence_smart_rgb,intrusion_climb-over-fence_rgb_0004_cctv1,"[316, 326, 336]",/home/capstone2/zroact-stage2/benchmark2/data2/no_bbox_frames/climb-over-fence_smart_rgb/intrusion_climb-over-fence_rgb_0004_cctv1/30fps_frame_316.jpg,/home/capstone2/zroact-stage2/benchmark2/data2/no_bbox_frames/climb-over-fence_smart_rgb/intrusion_climb-over-fence_rgb_0004_cctv1/30fps_frame_326.jpg,/home/capstone2/zroact-stage2/benchmark2/data2/no_bbox_frames/climb-over-fence_smart_rgb/intrusion_climb-over-fence_rgb_0004_cctv1/30fps_frame_336.jpg,danger,danger
intrusion_climb-over-fence_rgb_0004_cctv1_f000346_000356_000366,climb-over-fence_smart_rgb,intrusion_climb-over-fence_rgb_0004_cctv1,"[346, 356, 366]",/home/capstone2/zroact-stage2/benchmark2/data2/no_bbox_frames/climb-over-fence_smart_rgb/intrusion_climb-over-fence_rgb_0004_cctv1/30fps_frame_346.jpg,/home/capstone2/zroact-stage2/benchmark2/data2/no_bbox_frames/climb-over-fence_smart_rgb/intrusion_climb-over-fence_rgb_0004_cctv1/30fps_frame_356.jpg,/home/capstone2/zroact-stage2/benchmark2/data2/no_bbox_frames/climb-over-fence_smart_rgb/intrusion_climb-over-fence_rgb_0004_cctv1/30fps_frame_366.jpg,danger,danger
intrusion_climb-over-fence_rgb_0004_cctv1_f000376_000386_000396,climb-over-fence_smart_rgb,intrusion_climb-over-fence_rgb_0004_cctv1,"[376, 386, 396]",/home/capstone2/zroact-stage2/benchmark2/data2/no_bbox_frames/climb-over-fence_smart_rgb/intrusion_climb-over-fence_rgb_0004_cctv1/30fps_frame_376.jpg,/home/capstone2/zroact-stage2/benchmark2/data2/no_bbox_frames/climb-over-fence_smart_rgb/intrusion_climb-over-fence_rgb_0004_cctv1/30fps_frame_386.jpg,/home/capstone2/zroact-stage2/benchmark2/data2/no_bbox_frames/climb-over-fence_smart_rgb/intrusion_climb-over-fence_rgb_0004_cctv1/30fps_frame_396.jpg,danger,danger
intrusion_climb-over-fence_rgb_0004_cctv1_f000406_000416_000426,climb-over-fence_smart_rgb,intrusion_climb-over-fence_rgb_0004_cctv1,"[406, 416, 426]",/home/capstone2/zroact-stage2/benchmark2/data2/no_bbox_frames/climb-over-fence_smart_rgb/intrusion_climb-over-fence_rgb_0004_cctv1/30fps_frame_406.jpg,/home/capstone2/zroact-stage2/benchmark2/data2/no_bbox_frames/climb-over-fence_smart_rgb/intrusion_climb-over-fence_rgb_0004_cctv1/30fps_frame_416.jpg,/home/capstone2/zroact-stage2/benchmark2/data2/no_bbox_frames/climb-over-fence_smart_rgb/intrusion_climb-over-fence_rgb_0004_cctv1/30fps_frame_426.jpg,danger,danger
intrusion_climb-over-fence_rgb_0004_cctv1_f000436_000446_000456,climb-over-fence_smart_rgb,intrusion_climb-over-fence_rgb_0004_cctv1,"[436, 446, 456]",/home/capstone2/zroact-stage2/benchmark2/data2/no_bbox_frames/climb-over-fence_smart_rgb/intrusion_climb-over-fence_rgb_0004_cctv1/30fps_frame_436.jpg,/home/capstone2/zroact-stage2/benchmark2/data2/no_bbox_frames/climb-over-fence_smart_rgb/intrusion_climb-over-fence_rgb_0004_cctv1/30fps_frame_446.jpg,/home/capstone2/zroact-stage2/benchmark2/data2/no_bbox_frames/climb-over-fence_smart_rgb/intrusion_climb-over-fence_rgb_0004_cctv1/30fps_frame_456.jpg,danger,danger
intrusion_climb-over-fence_rgb_0005_cctv2_f000016_000026_000036,climb-over-fence_smart_rgb,intrusion_climb-over-fence_rgb_0005_cctv2,"[16, 26, 36]",/home/capstone2/zroact-stage2/benchmark2/data2/no_bbox_frames/climb-over-fence_smart_rgb/intrusion_climb-over-fence_rgb_0005_cctv2/30fps_frame_016.jpg,/home/capstone2/zroact-stage2/benchmark2/data2/no_bbox_frames/climb-over-fence_smart_rgb/intrusion_climb-over-fence_rgb_0005_cctv2/30fps_frame_026.jpg,/home/capstone2/zroact-stage2/benchmark2/data2/no_bbox_frames/climb-over-fence_smart_rgb/intrusion_climb-over-fence_rgb_0005_cctv2/30fps_frame_036.jpg,normal,normal
intrusion_climb-over-fence_rgb_0005_cctv2_f000046_000056_000066,climb-over-fence_smart_rgb,intrusion_climb-over-fence_rgb_0005_cctv2,"[46, 56, 66]",/home/capstone2/zroact-stage2/benchmark2/data2/no_bbox_frames/climb-over-fence_smart_rgb/intrusion_climb-over-fence_rgb_0005_cctv2/30fps_frame_046.jpg,/home/capstone2/zroact-stage2/benchmark2/data2/no_bbox_frames/climb-over-fence_smart_rgb/intrusion_climb-over-fence_rgb_0005_cctv2/30fps_frame_056.jpg,/home/capstone2/zroact-stage2/benchmark2/data2/no_bbox_frames/climb-over-fence_smart_rgb/intrusion_climb-over-fence_rgb_0005_cctv2/30fps_frame_066.jpg,unsafe,unsafe
intrusion_climb-over-fence_rgb_0005_cctv2_f000076_000086_000096,climb-over-fence_smart_rgb,intrusion_climb-over-fence_rgb_0005_cctv2,"[76, 86, 96]",/home/capstone2/zroact-stage2/benchmark2/data2/no_bbox_frames/climb-over-fence_smart_rgb/intrusion_climb-over-fence_rgb_0005_cctv2/30fps_frame_076.jpg,/home/capstone2/zroact-stage2/benchmark2/data2/no_bbox_frames/climb-over-fence_smart_rgb/intrusion_climb-over-fence_rgb_0005_cctv2/30fps_frame_086.jpg,/home/capstone2/zroact-stage2/benchmark2/data2/no_bbox_frames/climb-over-fence_smart_rgb/intrusion_climb-over-fence_rgb_0005_cctv2/30fps_frame_096.jpg,danger,danger
intrusion_climb-over-fence_rgb_0005_cctv2_f000106_000116_000126,climb-over-fence_smart_rgb,intrusion_climb-over-fence_rgb_0005_cctv2,"[106, 116, 126]",/home/capstone2/zroact-stage2/benchmark2/data2/no_bbox_frames/climb-over-fence_smart_rgb/intrusion_climb-over-fence_rgb_0005_cctv2/30fps_frame_106.jpg,/home/capstone2/zroact-stage2/benchmark2/data2/no_bbox_frames/climb-over-fence_smart_rgb/intrusion_climb-over-fence_rgb_0005_cctv2/30fps_frame_116.jpg,/home/capstone2/zroact-stage2/benchmark2/data2/no_bbox_frames/climb-over-fence_smart_rgb/intrusion_climb-over-fence_rgb_0005_cctv2/30fps_frame_126.jpg,danger,danger
intrusion_climb-over-fence_rgb_0005_cctv2_f000136_000146_000156,climb-over-fence_smart_rgb,intrusion_climb-over-fence_rgb_0005_cctv2,"[136, 146, 156]",/home/capstone2/zroact-stage2/benchmark2/data2/no_bbox_frames/climb-over-fence_smart_rgb/intrusion_climb-over-fence_rgb_0005_cctv2/30fps_frame_136.jpg,/home/capstone2/zroact-stage2/benchmark2/data2/no_bbox_frames/climb-over-fence_smart_rgb/intrusion_climb-over-fence_rgb_0005_cctv2/30fps_frame_146.jpg,/home/capstone2/zroact-stage2/benchmark2/data2/no_bbox_frames/climb-over-fence_smart_rgb/intrusion_climb-over-fence_rgb_0005_cctv2/30fps_frame_156.jpg,danger,danger
intrusion_climb-over-fence_rgb_0005_cctv2_f000166_000176_000186,climb-over-fence_smart_rgb,intrusion_climb-over-fence_rgb_0005_cctv2,"[166, 176, 186]",/home/capstone2/zroact-stage2/benchmark2/data2/no_bbox_frames/climb-over-fence_smart_rgb/intrusion_climb-over-fence_rgb_0005_cctv2/30fps_frame_166.jpg,/home/capstone2/zroact-stage2/benchmark2/data2/no_bbox_frames/climb-over-fence_smart_rgb/intrusion_climb-over-fence_rgb_0005_cctv2/30fps_frame_176.jpg,/home/capstone2/zroact-stage2/benchmark2/data2/no_bbox_frames/climb-over-fence_smart_rgb/intrusion_climb-over-fence_rgb_0005_cctv2/30fps_frame_186.jpg,danger,danger
intrusion_climb-over-fence_rgb_0005_cctv2_f000196_000206_000216,climb-over-fence_smart_rgb,intrusion_climb-over-fence_rgb_0005_cctv2,"[196, 206, 216]",/home/capstone2/zroact-stage2/benchmark2/data2/no_bbox_frames/climb-over-fence_smart_rgb/intrusion_climb-over-fence_rgb_0005_cctv2/30fps_frame_196.jpg,/home/capstone2/zroact-stage2/benchmark2/data2/no_bbox_frames/climb-over-fence_smart_rgb/intrusion_climb-over-fence_rgb_0005_cctv2/30fps_frame_206.jpg,/home/capstone2/zroact-stage2/benchmark2/data2/no_bbox_frames/climb-over-fence_smart_rgb/intrusion_climb-over-fence_rgb_0005_cctv2/30fps_frame_216.jpg,danger,danger
intrusion_climb-over-fence_rgb_0005_cctv2_f000226_000236_000246,climb-over-fence_smart_rgb,intrusion_climb-over-fence_rgb_0005_cctv2,"[226, 236, 246]",/home/capstone2/zroact-stage2/benchmark2/data2/no_bbox_frames/climb-over-fence_smart_rgb/intrusion_climb-over-fence_rgb_0005_cctv2/30fps_frame_226.jpg,/home/capstone2/zroact-stage2/benchmark2/data2/no_bbox_frames/climb-over-fence_smart_rgb/intrusion_climb-over-fence_rgb_0005_cctv2/30fps_frame_236.jpg,/home/capstone2/zroact-stage2/benchmark2/data2/no_bbox_frames/climb-over-fence_smart_rgb/intrusion_climb-over-fence_rgb_0005_cctv2/30fps_frame_246.jpg,danger,danger
intrusion_climb-over-fence_rgb_0005_cctv2_f000256_000266_000276,climb-over-fence_smart_rgb,intrusion_climb-over-fence_rgb_0005_cctv2,"[256, 266, 276]",/home/capstone2/zroact-stage2/benchmark2/data2/no_bbox_frames/climb-over-fence_smart_rgb/intrusion_climb-over-fence_rgb_0005_cctv2/30fps_frame_256.jpg,/home/capstone2/zroact-stage2/benchmark2/data2/no_bbox_frames/climb-over-fence_smart_rgb/intrusion_climb-over-fence_rgb_0005_cctv2/30fps_frame_266.jpg,/home/capstone2/zroact-stage2/benchmark2/data2/no_bbox_frames/climb-over-fence_smart_rgb/intrusion_climb-over-fence_rgb_0005_cctv2/30fps_frame_276.jpg,danger,danger
intrusion_climb-over-fence_rgb_0005_cctv2_f000286_000296_000306,climb-over-fence_smart_rgb,intrusion_climb-over-fence_rgb_0005_cctv2,"[286, 296, 306]",/home/capstone2/zroact-stage2/benchmark2/data2/no_bbox_frames/climb-over-fence_smart_rgb/intrusion_climb-over-fence_rgb_0005_cctv2/30fps_frame_286.jpg,/home/capstone2/zroact-stage2/benchmark2/data2/no_bbox_frames/climb-over-fence_smart_rgb/intrusion_climb-over-fence_rgb_0005_cctv2/30fps_frame_296.jpg,/home/capstone2/zroact-stage2/benchmark2/data2/no_bbox_frames/climb-over-fence_smart_rgb/intrusion_climb-over-fence_rgb_0005_cctv2/30fps_frame_306.jpg,danger,danger
intrusion_climb-over-fence_rgb_0005_cctv2_f000316_000326_000336,climb-over-fence_smart_rgb,intrusion_climb-over-fence_rgb_0005_cctv2,"[316, 326, 336]",/home/capstone2/zroact-stage2/benchmark2/data2/no_bbox_frames/climb-over-fence_smart_rgb/intrusion_climb-over-fence_rgb_0005_cctv2/30fps_frame_316.jpg,/home/capstone2/zroact-stage2/benchmark2/data2/no_bbox_frames/climb-over-fence_smart_rgb/intrusion_climb-over-fence_rgb_0005_cctv2/30fps_frame_326.jpg,/home/capstone2/zroact-stage2/benchmark2/data2/no_bbox_frames/climb-over-fence_smart_rgb/intrusion_climb-over-fence_rgb_0005_cctv2/30fps_frame_336.jpg,danger,danger
intrusion_climb-over-fence_rgb_0005_cctv2_f000346_000356_000366,climb-over-fence_smart_rgb,intrusion_climb-over-fence_rgb_0005_cctv2,"[346, 356, 366]",/home/capstone2/zroact-stage2/benchmark2/data2/no_bbox_frames/climb-over-fence_smart_rgb/intrusion_climb-over-fence_rgb_0005_cctv2/30fps_frame_346.jpg,/home/capstone2/zroact-stage2/benchmark2/data2/no_bbox_frames/climb-over-fence_smart_rgb/intrusion_climb-over-fence_rgb_0005_cctv2/30fps_frame_356.jpg,/home/capstone2/zroact-stage2/benchmark2/data2/no_bbox_frames/climb-over-fence_smart_rgb/intrusion_climb-over-fence_rgb_0005_cctv2/30fps_frame_366.jpg,danger,danger
intrusion_climb-over-fence_rgb_0005_cctv2_f000376_000386_000396,climb-over-fence_smart_rgb,intrusion_climb-over-fence_rgb_0005_cctv2,"[376, 386, 396]",/home/capstone2/zroact-stage2/benchmark2/data2/no_bbox_frames/climb-over-fence_smart_rgb/intrusion_climb-over-fence_rgb_0005_cctv2/30fps_frame_376.jpg,/home/capstone2/zroact-stage2/benchmark2/data2/no_bbox_frames/climb-over-fence_smart_rgb/intrusion_climb-over-fence_rgb_0005_cctv2/30fps_frame_386.jpg,/home/capstone2/zroact-stage2/benchmark2/data2/no_bbox_frames/climb-over-fence_smart_rgb/intrusion_climb-over-fence_rgb_0005_cctv2/30fps_frame_396.jpg,danger,danger
intrusion_climb-over-fence_rgb_0005_cctv2_f000406_000416_000426,climb-over-fence_smart_rgb,intrusion_climb-over-fence_rgb_0005_cctv2,"[406, 416, 426]",/home/capstone2/zroact-stage2/benchmark2/data2/no_bbox_frames/climb-over-fence_smart_rgb/intrusion_climb-over-fence_rgb_0005_cctv2/30fps_frame_406.jpg,/home/capstone2/zroact-stage2/benchmark2/data2/no_bbox_frames/climb-over-fence_smart_rgb/intrusion_climb-over-fence_rgb_0005_cctv2/30fps_frame_416.jpg,/home/capstone2/zroact-stage2/benchmark2/data2/no_bbox_frames/climb-over-fence_smart_rgb/intrusion_climb-over-fence_rgb_0005_cctv2/30fps_frame_426.jpg,danger,danger
intrusion_climb-over-fence_rgb_0005_cctv2_f000436_000446_000456,climb-over-fence_smart_rgb,intrusion_climb-over-fence_rgb_0005_cctv2,"[436, 446, 456]",/home/capstone2/zroact-stage2/benchmark2/data2/no_bbox_frames/climb-over-fence_smart_rgb/intrusion_climb-over-fence_rgb_0005_cctv2/30fps_frame_436.jpg,/home/capstone2/zroact-stage2/benchmark2/data2/no_bbox_frames/climb-over-fence_smart_rgb/intrusion_climb-over-fence_rgb_0005_cctv2/30fps_frame_446.jpg,/home/capstone2/zroact-stage2/benchmark2/data2/no_bbox_frames/climb-over-fence_smart_rgb/intrusion_climb-over-fence_rgb_0005_cctv2/30fps_frame_456.jpg,danger,danger
intrusion_climb-over-fence_rgb_0005_cctv2_f000466_000476_000486,climb-over-fence_smart_rgb,intrusion_climb-over-fence_rgb_0005_cctv2,"[466, 476, 486]",/home/capstone2/zroact-stage2/benchmark2/data2/no_bbox_frames/climb-over-fence_smart_rgb/intrusion_climb-over-fence_rgb_0005_cctv2/30fps_frame_466.jpg,/home/capstone2/zroact-stage2/benchmark2/data2/no_bbox_frames/climb-over-fence_smart_rgb/intrusion_climb-over-fence_rgb_0005_cctv2/30fps_frame_476.jpg,/home/capstone2/zroact-stage2/benchmark2/data2/no_bbox_frames/climb-over-fence_smart_rgb/intrusion_climb-over-fence_rgb_0005_cctv2/30fps_frame_486.jpg,danger,danger
intrusion_climb-over-fence_rgb_0053_cctv1_f000016_000026_000036,climb-over-fence_smart_rgb,intrusion_climb-over-fence_rgb_0053_cctv1,"[16, 26, 36]",/home/capstone2/zroact-stage2/benchmark2/data2/no_bbox_frames/climb-over-fence_smart_rgb/intrusion_climb-over-fence_rgb_0053_cctv1/30fps_frame_016.jpg,/home/capstone2/zroact-stage2/benchmark2/data2/no_bbox_frames/climb-over-fence_smart_rgb/intrusion_climb-over-fence_rgb_0053_cctv1/30fps_frame_026.jpg,/home/capstone2/zroact-stage2/benchmark2/data2/no_bbox_frames/climb-over-fence_smart_rgb/intrusion_climb-over-fence_rgb_0053_cctv1/30fps_frame_036.jpg,unsafe,unsafe
intrusion_climb-over-fence_rgb_0053_cctv1_f000046_000056_000066,climb-over-fence_smart_rgb,intrusion_climb-over-fence_rgb_0053_cctv1,"[46, 56, 66]",/home/capstone2/zroact-stage2/benchmark2/data2/no_bbox_frames/climb-over-fence_smart_rgb/intrusion_climb-over-fence_rgb_0053_cctv1/30fps_frame_046.jpg,/home/capstone2/zroact-stage2/benchmark2/data2/no_bbox_frames/climb-over-fence_smart_rgb/intrusion_climb-over-fence_rgb_0053_cctv1/30fps_frame_056.jpg,/home/capstone2/zroact-stage2/benchmark2/data2/no_bbox_frames/climb-over-fence_smart_rgb/intrusion_climb-over-fence_rgb_0053_cctv1/30fps_frame_066.jpg,unsafe,unsafe
intrusion_climb-over-fence_rgb_0053_cctv1_f000076_000086_000096,climb-over-fence_smart_rgb,intrusion_climb-over-fence_rgb_0053_cctv1,"[76, 86, 96]",/home/capstone2/zroact-stage2/benchmark2/data2/no_bbox_frames/climb-over-fence_smart_rgb/intrusion_climb-over-fence_rgb_0053_cctv1/30fps_frame_076.jpg,/home/capstone2/zroact-stage2/benchmark2/data2/no_bbox_frames/climb-over-fence_smart_rgb/intrusion_climb-over-fence_rgb_0053_cctv1/30fps_frame_086.jpg,/home/capstone2/zroact-stage2/benchmark2/data2/no_bbox_frames/climb-over-fence_smart_rgb/intrusion_climb-over-fence_rgb_0053_cctv1/30fps_frame_096.jpg,danger,danger
intrusion_climb-over-fence_rgb_0053_cctv1_f000106_000116_000126,climb-over-fence_smart_rgb,intrusion_climb-over-fence_rgb_0053_cctv1,"[106, 116, 126]",/home/capstone2/zroact-stage2/benchmark2/data2/no_bbox_frames/climb-over-fence_smart_rgb/intrusion_climb-over-fence_rgb_0053_cctv1/30fps_frame_106.jpg,/home/capstone2/zroact-stage2/benchmark2/data2/no_bbox_frames/climb-over-fence_smart_rgb/intrusion_climb-over-fence_rgb_0053_cctv1/30fps_frame_116.jpg,/home/capstone2/zroact-stage2/benchmark2/data2/no_bbox_frames/climb-over-fence_smart_rgb/intrusion_climb-over-fence_rgb_0053_cctv1/30fps_frame_126.jpg,danger,danger
intrusion_climb-over-fence_rgb_0053_cctv1_f000136_000146_000156,climb-over-fence_smart_rgb,intrusion_climb-over-fence_rgb_0053_cctv1,"[136, 146, 156]",/home/capstone2/zroact-stage2/benchmark2/data2/no_bbox_frames/climb-over-fence_smart_rgb/intrusion_climb-over-fence_rgb_0053_cctv1/30fps_frame_136.jpg,/home/capstone2/zroact-stage2/benchmark2/data2/no_bbox_frames/climb-over-fence_smart_rgb/intrusion_climb-over-fence_rgb_0053_cctv1/30fps_frame_146.jpg,/home/capstone2/zroact-stage2/benchmark2/data2/no_bbox_frames/climb-over-fence_smart_rgb/intrusion_climb-over-fence_rgb_0053_cctv1/30fps_frame_156.jpg,danger,danger
intrusion_climb-over-fence_rgb_0053_cctv1_f000166_000176_000186,climb-over-fence_smart_rgb,intrusion_climb-over-fence_rgb_0053_cctv1,"[166, 176, 186]",/home/capstone2/zroact-stage2/benchmark2/data2/no_bbox_frames/climb-over-fence_smart_rgb/intrusion_climb-over-fence_rgb_0053_cctv1/30fps_frame_166.jpg,/home/capstone2/zroact-stage2/benchmark2/data2/no_bbox_frames/climb-over-fence_smart_rgb/intrusion_climb-over-fence_rgb_0053_cctv1/30fps_frame_176.jpg,/home/capstone2/zroact-stage2/benchmark2/data2/no_bbox_frames/climb-over-fence_smart_rgb/intrusion_climb-over-fence_rgb_0053_cctv1/30fps_frame_186.jpg,danger,danger
intrusion_climb-over-fence_rgb_0053_cctv1_f000196_000206_000216,climb-over-fence_smart_rgb,intrusion_climb-over-fence_rgb_0053_cctv1,"[196, 206, 216]",/home/capstone2/zroact-stage2/benchmark2/data2/no_bbox_frames/climb-over-fence_smart_rgb/intrusion_climb-over-fence_rgb_0053_cctv1/30fps_frame_196.jpg,/home/capstone2/zroact-stage2/benchmark2/data2/no_bbox_frames/climb-over-fence_smart_rgb/intrusion_climb-over-fence_rgb_0053_cctv1/30fps_frame_206.jpg,/home/capstone2/zroact-stage2/benchmark2/data2/no_bbox_frames/climb-over-fence_smart_rgb/intrusion_climb-over-fence_rgb_0053_cctv1/30fps_frame_216.jpg,danger,danger
intrusion_climb-over-fence_rgb_0053_cctv1_f000226_000236_000246,climb-over-fence_smart_rgb,intrusion_climb-over-fence_rgb_0053_cctv1,"[226, 236, 246]",/home/capstone2/zroact-stage2/benchmark2/data2/no_bbox_frames/climb-over-fence_smart_rgb/intrusion_climb-over-fence_rgb_0053_cctv1/30fps_frame_226.jpg,/home/capstone2/zroact-stage2/benchmark2/data2/no_bbox_frames/climb-over-fence_smart_rgb/intrusion_climb-over-fence_rgb_0053_cctv1/30fps_frame_236.jpg,/home/capstone2/zroact-stage2/benchmark2/data2/no_bbox_frames/climb-over-fence_smart_rgb/intrusion_climb-over-fence_rgb_0053_cctv1/30fps_frame_246.jpg,danger,danger
intrusion_climb-over-fence_rgb_0053_cctv1_f000256_000266_000276,climb-over-fence_smart_rgb,intrusion_climb-over-fence_rgb_0053_cctv1,"[256, 266, 276]",/home/capstone2/zroact-stage2/benchmark2/data2/no_bbox_frames/climb-over-fence_smart_rgb/intrusion_climb-over-fence_rgb_0053_cctv1/30fps_frame_256.jpg,/home/capstone2/zroact-stage2/benchmark2/data2/no_bbox_frames/climb-over-fence_smart_rgb/intrusion_climb-over-fence_rgb_0053_cctv1/30fps_frame_266.jpg,/home/capstone2/zroact-stage2/benchmark2/data2/no_bbox_frames/climb-over-fence_smart_rgb/intrusion_climb-over-fence_rgb_0053_cctv1/30fps_frame_276.jpg,danger,danger
intrusion_climb-over-fence_rgb_0053_cctv1_f000286_000296_000306,climb-over-fence_smart_rgb,intrusion_climb-over-fence_rgb_0053_cctv1,"[286, 296, 306]",/home/capstone2/zroact-stage2/benchmark2/data2/no_bbox_frames/climb-over-fence_smart_rgb/intrusion_climb-over-fence_rgb_0053_cctv1/30fps_frame_286.jpg,/home/capstone2/zroact-stage2/benchmark2/data2/no_bbox_frames/climb-over-fence_smart_rgb/intrusion_climb-over-fence_rgb_0053_cctv1/30fps_frame_296.jpg,/home/capstone2/zroact-stage2/benchmark2/data2/no_bbox_frames/climb-over-fence_smart_rgb/intrusion_climb-over-fence_rgb_0053_cctv1/30fps_frame_306.jpg,danger,danger
intrusion_climb-over-fence_rgb_0053_cctv1_f000316_000326_000336,climb-over-fence_smart_rgb,intrusion_climb-over-fence_rgb_0053_cctv1,"[316, 326, 336]",/home/capstone2/zroact-stage2/benchmark2/data2/no_bbox_frames/climb-over-fence_smart_rgb/intrusion_climb-over-fence_rgb_0053_cctv1/30fps_frame_316.jpg,/home/capstone2/zroact-stage2/benchmark2/data2/no_bbox_frames/climb-over-fence_smart_rgb/intrusion_climb-over-fence_rgb_0053_cctv1/30fps_frame_326.jpg,/home/capstone2/zroact-stage2/benchmark2/data2/no_bbox_frames/climb-over-fence_smart_rgb/intrusion_climb-over-fence_rgb_0053_cctv1/30fps_frame_336.jpg,danger,danger
intrusion_climb-over-fence_rgb_0053_cctv1_f000346_000356_000366,climb-over-fence_smart_rgb,intrusion_climb-over-fence_rgb_0053_cctv1,"[346, 356, 366]",/home/capstone2/zroact-stage2/benchmark2/data2/no_bbox_frames/climb-over-fence_smart_rgb/intrusion_climb-over-fence_rgb_0053_cctv1/30fps_frame_346.jpg,/home/capstone2/zroact-stage2/benchmark2/data2/no_bbox_frames/climb-over-fence_smart_rgb/intrusion_climb-over-fence_rgb_0053_cctv1/30fps_frame_356.jpg,/home/capstone2/zroact-stage2/benchmark2/data2/no_bbox_frames/climb-over-fence_smart_rgb/intrusion_climb-over-fence_rgb_0053_cctv1/30fps_frame_366.jpg,danger,danger
intrusion_climb-over-fence_rgb_0053_cctv1_f000376_000386_000396,climb-over-fence_smart_rgb,intrusion_climb-over-fence_rgb_0053_cctv1,"[376, 386, 396]",/home/capstone2/zroact-stage2/benchmark2/data2/no_bbox_frames/climb-over-fence_smart_rgb/intrusion_climb-over-fence_rgb_0053_cctv1/30fps_frame_376.jpg,/home/capstone2/zroact-stage2/benchmark2/data2/no_bbox_frames/climb-over-fence_smart_rgb/intrusion_climb-over-fence_rgb_0053_cctv1/30fps_frame_386.jpg,/home/capstone2/zroact-stage2/benchmark2/data2/no_bbox_frames/climb-over-fence_smart_rgb/intrusion_climb-over-fence_rgb_0053_cctv1/30fps_frame_396.jpg,danger,danger
intrusion_climb-over-fence_rgb_0053_cctv1_f000406_000416_000426,climb-over-fence_smart_rgb,intrusion_climb-over-fence_rgb_0053_cctv1,"[406, 416, 426]",/home/capstone2/zroact-stage2/benchmark2/data2/no_bbox_frames/climb-over-fence_smart_rgb/intrusion_climb-over-fence_rgb_0053_cctv1/30fps_frame_406.jpg,/home/capstone2/zroact-stage2/benchmark2/data2/no_bbox_frames/climb-over-fence_smart_rgb/intrusion_climb-over-fence_rgb_0053_cctv1/30fps_frame_416.jpg,/home/capstone2/zroact-stage2/benchmark2/data2/no_bbox_frames/climb-over-fence_smart_rgb/intrusion_climb-over-fence_rgb_0053_cctv1/30fps_frame_426.jpg,danger,danger
intrusion_climb-over-fence_rgb_0078_cctv3_f000016_000026_000036,climb-over-fence_smart_rgb,intrusion_climb-over-fence_rgb_0078_cctv3,"[16, 26, 36]",/home/capstone2/zroact-stage2/benchmark2/data2/no_bbox_frames/climb-over-fence_smart_rgb/intrusion_climb-over-fence_rgb_0078_cctv3/30fps_frame_016.jpg,/home/capstone2/zroact-stage2/benchmark2/data2/no_bbox_frames/climb-over-fence_smart_rgb/intrusion_climb-over-fence_rgb_0078_cctv3/30fps_frame_026.jpg,/home/capstone2/zroact-stage2/benchmark2/data2/no_bbox_frames/climb-over-fence_smart_rgb/intrusion_climb-over-fence_rgb_0078_cctv3/30fps_frame_036.jpg,unsafe,unsafe
intrusion_climb-over-fence_rgb_0078_cctv3_f000046_000056_000066,climb-over-fence_smart_rgb,intrusion_climb-over-fence_rgb_0078_cctv3,"[46, 56, 66]",/home/capstone2/zroact-stage2/benchmark2/data2/no_bbox_frames/climb-over-fence_smart_rgb/intrusion_climb-over-fence_rgb_0078_cctv3/30fps_frame_046.jpg,/home/capstone2/zroact-stage2/benchmark2/data2/no_bbox_frames/climb-over-fence_smart_rgb/intrusion_climb-over-fence_rgb_0078_cctv3/30fps_frame_056.jpg,/home/capstone2/zroact-stage2/benchmark2/data2/no_bbox_frames/climb-over-fence_smart_rgb/intrusion_climb-over-fence_rgb_0078_cctv3/30fps_frame_066.jpg,danger,danger
intrusion_climb-over-fence_rgb_0078_cctv3_f000076_000086_000096,climb-over-fence_smart_rgb,intrusion_climb-over-fence_rgb_0078_cctv3,"[76, 86, 96]",/home/capstone2/zroact-stage2/benchmark2/data2/no_bbox_frames/climb-over-fence_smart_rgb/intrusion_climb-over-fence_rgb_0078_cctv3/30fps_frame_076.jpg,/home/capstone2/zroact-stage2/benchmark2/data2/no_bbox_frames/climb-over-fence_smart_rgb/intrusion_climb-over-fence_rgb_0078_cctv3/30fps_frame_086.jpg,/home/capstone2/zroact-stage2/benchmark2/data2/no_bbox_frames/climb-over-fence_smart_rgb/intrusion_climb-over-fence_rgb_0078_cctv3/30fps_frame_096.jpg,danger,danger
intrusion_climb-over-fence_rgb_0078_cctv3_f000106_000116_000126,climb-over-fence_smart_rgb,intrusion_climb-over-fence_rgb_0078_cctv3,"[106, 116, 126]",/home/capstone2/zroact-stage2/benchmark2/data2/no_bbox_frames/climb-over-fence_smart_rgb/intrusion_climb-over-fence_rgb_0078_cctv3/30fps_frame_106.jpg,/home/capstone2/zroact-stage2/benchmark2/data2/no_bbox_frames/climb-over-fence_smart_rgb/intrusion_climb-over-fence_rgb_0078_cctv3/30fps_frame_116.jpg,/home/capstone2/zroact-stage2/benchmark2/data2/no_bbox_frames/climb-over-fence_smart_rgb/intrusion_climb-over-fence_rgb_0078_cctv3/30fps_frame_126.jpg,danger,danger
intrusion_climb-over-fence_rgb_0078_cctv3_f000136_000146_000156,climb-over-fence_smart_rgb,intrusion_climb-over-fence_rgb_0078_cctv3,"[136, 146, 156]",/home/capstone2/zroact-stage2/benchmark2/data2/no_bbox_frames/climb-over-fence_smart_rgb/intrusion_climb-over-fence_rgb_0078_cctv3/30fps_frame_136.jpg,/home/capstone2/zroact-stage2/benchmark2/data2/no_bbox_frames/climb-over-fence_smart_rgb/intrusion_climb-over-fence_rgb_0078_cctv3/30fps_frame_146.jpg,/home/capstone2/zroact-stage2/benchmark2/data2/no_bbox_frames/climb-over-fence_smart_rgb/intrusion_climb-over-fence_rgb_0078_cctv3/30fps_frame_156.jpg,danger,danger
intrusion_climb-over-fence_rgb_0078_cctv3_f000166_000176_000186,climb-over-fence_smart_rgb,intrusion_climb-over-fence_rgb_0078_cctv3,"[166, 176, 186]",/home/capstone2/zroact-stage2/benchmark2/data2/no_bbox_frames/climb-over-fence_smart_rgb/intrusion_climb-over-fence_rgb_0078_cctv3/30fps_frame_166.jpg,/home/capstone2/zroact-stage2/benchmark2/data2/no_bbox_frames/climb-over-fence_smart_rgb/intrusion_climb-over-fence_rgb_0078_cctv3/30fps_frame_176.jpg,/home/capstone2/zroact-stage2/benchmark2/data2/no_bbox_frames/climb-over-fence_smart_rgb/intrusion_climb-over-fence_rgb_0078_cctv3/30fps_frame_186.jpg,danger,danger
intrusion_climb-over-fence_rgb_0078_cctv3_f000196_000206_000216,climb-over-fence_smart_rgb,intrusion_climb-over-fence_rgb_0078_cctv3,"[196, 206, 216]",/home/capstone2/zroact-stage2/benchmark2/data2/no_bbox_frames/climb-over-fence_smart_rgb/intrusion_climb-over-fence_rgb_0078_cctv3/30fps_frame_196.jpg,/home/capstone2/zroact-stage2/benchmark2/data2/no_bbox_frames/climb-over-fence_smart_rgb/intrusion_climb-over-fence_rgb_0078_cctv3/30fps_frame_206.jpg,/home/capstone2/zroact-stage2/benchmark2/data2/no_bbox_frames/climb-over-fence_smart_rgb/intrusion_climb-over-fence_rgb_0078_cctv3/30fps_frame_216.jpg,danger,danger
intrusion_climb-over-fence_rgb_0078_cctv3_f000226_000236_000246,climb-over-fence_smart_rgb,intrusion_climb-over-fence_rgb_0078_cctv3,"[226, 236, 246]",/home/capstone2/zroact-stage2/benchmark2/data2/no_bbox_frames/climb-over-fence_smart_rgb/intrusion_climb-over-fence_rgb_0078_cctv3/30fps_frame_226.jpg,/home/capstone2/zroact-stage2/benchmark2/data2/no_bbox_frames/climb-over-fence_smart_rgb/intrusion_climb-over-fence_rgb_0078_cctv3/30fps_frame_236.jpg,/home/capstone2/zroact-stage2/benchmark2/data2/no_bbox_frames/climb-over-fence_smart_rgb/intrusion_climb-over-fence_rgb_0078_cctv3/30fps_frame_246.jpg,danger,danger
intrusion_climb-over-fence_rgb_0078_cctv3_f000256_000266_000276,climb-over-fence_smart_rgb,intrusion_climb-over-fence_rgb_0078_cctv3,"[256, 266, 276]",/home/capstone2/zroact-stage2/benchmark2/data2/no_bbox_frames/climb-over-fence_smart_rgb/intrusion_climb-over-fence_rgb_0078_cctv3/30fps_frame_256.jpg,/home/capstone2/zroact-stage2/benchmark2/data2/no_bbox_frames/climb-over-fence_smart_rgb/intrusion_climb-over-fence_rgb_0078_cctv3/30fps_frame_266.jpg,/home/capstone2/zroact-stage2/benchmark2/data2/no_bbox_frames/climb-over-fence_smart_rgb/intrusion_climb-over-fence_rgb_0078_cctv3/30fps_frame_276.jpg,danger,danger
intrusion_climb-over-fence_rgb_0078_cctv3_f000286_000296_000306,climb-over-fence_smart_rgb,intrusion_climb-over-fence_rgb_0078_cctv3,"[286, 296, 306]",/home/capstone2/zroact-stage2/benchmark2/data2/no_bbox_frames/climb-over-fence_smart_rgb/intrusion_climb-over-fence_rgb_0078_cctv3/30fps_frame_286.jpg,/home/capstone2/zroact-stage2/benchmark2/data2/no_bbox_frames/climb-over-fence_smart_rgb/intrusion_climb-over-fence_rgb_0078_cctv3/30fps_frame_296.jpg,/home/capstone2/zroact-stage2/benchmark2/data2/no_bbox_frames/climb-over-fence_smart_rgb/intrusion_climb-over-fence_rgb_0078_cctv3/30fps_frame_306.jpg,danger,danger
intrusion_climb-over-fence_rgb_0078_cctv3_f000316_000326_000336,climb-over-fence_smart_rgb,intrusion_climb-over-fence_rgb_0078_cctv3,"[316, 326, 336]",/home/capstone2/zroact-stage2/benchmark2/data2/no_bbox_frames/climb-over-fence_smart_rgb/intrusion_climb-over-fence_rgb_0078_cctv3/30fps_frame_316.jpg,/home/capstone2/zroact-stage2/benchmark2/data2/no_bbox_frames/climb-over-fence_smart_rgb/intrusion_climb-over-fence_rgb_0078_cctv3/30fps_frame_326.jpg,/home/capstone2/zroact-stage2/benchmark2/data2/no_bbox_frames/climb-over-fence_smart_rgb/intrusion_climb-over-fence_rgb_0078_cctv3/30fps_frame_336.jpg,danger,danger
intrusion_climb-over-fence_rgb_0078_cctv3_f000346_000356_000366,climb-over-fence_smart_rgb,intrusion_climb-over-fence_rgb_0078_cctv3,"[346, 356, 366]",/home/capstone2/zroact-stage2/benchmark2/data2/no_bbox_frames/climb-over-fence_smart_rgb/intrusion_climb-over-fence_rgb_0078_cctv3/30fps_frame_346.jpg,/home/capstone2/zroact-stage2/benchmark2/data2/no_bbox_frames/climb-over-fence_smart_rgb/intrusion_climb-over-fence_rgb_0078_cctv3/30fps_frame_356.jpg,/home/capstone2/zroact-stage2/benchmark2/data2/no_bbox_frames/climb-over-fence_smart_rgb/intrusion_climb-over-fence_rgb_0078_cctv3/30fps_frame_366.jpg,danger,danger
intrusion_climb-over-fence_rgb_0078_cctv3_f000376_000386_000396,climb-over-fence_smart_rgb,intrusion_climb-over-fence_rgb_0078_cctv3,"[376, 386, 396]",/home/capstone2/zroact-stage2/benchmark2/data2/no_bbox_frames/climb-over-fence_smart_rgb/intrusion_climb-over-fence_rgb_0078_cctv3/30fps_frame_376.jpg,/home/capstone2/zroact-stage2/benchmark2/data2/no_bbox_frames/climb-over-fence_smart_rgb/intrusion_climb-over-fence_rgb_0078_cctv3/30fps_frame_386.jpg,/home/capstone2/zroact-stage2/benchmark2/data2/no_bbox_frames/climb-over-fence_smart_rgb/intrusion_climb-over-fence_rgb_0078_cctv3/30fps_frame_396.jpg,danger,danger
intrusion_climb-over-fence_rgb_0078_cctv3_f000406_000416_000426,climb-over-fence_smart_rgb,intrusion_climb-over-fence_rgb_0078_cctv3,"[406, 416, 426]",/home/capstone2/zroact-stage2/benchmark2/data2/no_bbox_frames/climb-over-fence_smart_rgb/intrusion_climb-over-fence_rgb_0078_cctv3/30fps_frame_406.jpg,/home/capstone2/zroact-stage2/benchmark2/data2/no_bbox_frames/climb-over-fence_smart_rgb/intrusion_climb-over-fence_rgb_0078_cctv3/30fps_frame_416.jpg,/home/capstone2/zroact-stage2/benchmark2/data2/no_bbox_frames/climb-over-fence_smart_rgb/intrusion_climb-over-fence_rgb_0078_cctv3/30fps_frame_426.jpg,danger,danger
intrusion_climb-over-fence_rgb_0078_cctv3_f000436_000446_000456,climb-over-fence_smart_rgb,intrusion_climb-over-fence_rgb_0078_cctv3,"[436, 446, 456]",/home/capstone2/zroact-stage2/benchmark2/data2/no_bbox_frames/climb-over-fence_smart_rgb/intrusion_climb-over-fence_rgb_0078_cctv3/30fps_frame_436.jpg,/home/capstone2/zroact-stage2/benchmark2/data2/no_bbox_frames/climb-over-fence_smart_rgb/intrusion_climb-over-fence_rgb_0078_cctv3/30fps_frame_446.jpg,/home/capstone2/zroact-stage2/benchmark2/data2/no_bbox_frames/climb-over-fence_smart_rgb/intrusion_climb-over-fence_rgb_0078_cctv3/30fps_frame_456.jpg,danger,danger
intrusion_climb-over-fence_rgb_0079_cctv3_f000016_000026_000036,climb-over-fence_smart_rgb,intrusion_climb-over-fence_rgb_0079_cctv3,"[16, 26, 36]",/home/capstone2/zroact-stage2/benchmark2/data2/no_bbox_frames/climb-over-fence_smart_rgb/intrusion_climb-over-fence_rgb_0079_cctv3/30fps_frame_016.jpg,/home/capstone2/zroact-stage2/benchmark2/data2/no_bbox_frames/climb-over-fence_smart_rgb/intrusion_climb-over-fence_rgb_0079_cctv3/30fps_frame_026.jpg,/home/capstone2/zroact-stage2/benchmark2/data2/no_bbox_frames/climb-over-fence_smart_rgb/intrusion_climb-over-fence_rgb_0079_cctv3/30fps_frame_036.jpg,danger,danger
intrusion_climb-over-fence_rgb_0079_cctv3_f000046_000056_000066,climb-over-fence_smart_rgb,intrusion_climb-over-fence_rgb_0079_cctv3,"[46, 56, 66]",/home/capstone2/zroact-stage2/benchmark2/data2/no_bbox_frames/climb-over-fence_smart_rgb/intrusion_climb-over-fence_rgb_0079_cctv3/30fps_frame_046.jpg,/home/capstone2/zroact-stage2/benchmark2/data2/no_bbox_frames/climb-over-fence_smart_rgb/intrusion_climb-over-fence_rgb_0079_cctv3/30fps_frame_056.jpg,/home/capstone2/zroact-stage2/benchmark2/data2/no_bbox_frames/climb-over-fence_smart_rgb/intrusion_climb-over-fence_rgb_0079_cctv3/30fps_frame_066.jpg,danger,danger
intrusion_climb-over-fence_rgb_0079_cctv3_f000076_000086_000096,climb-over-fence_smart_rgb,intrusion_climb-over-fence_rgb_0079_cctv3,"[76, 86, 96]",/home/capstone2/zroact-stage2/benchmark2/data2/no_bbox_frames/climb-over-fence_smart_rgb/intrusion_climb-over-fence_rgb_0079_cctv3/30fps_frame_076.jpg,/home/capstone2/zroact-stage2/benchmark2/data2/no_bbox_frames/climb-over-fence_smart_rgb/intrusion_climb-over-fence_rgb_0079_cctv3/30fps_frame_086.jpg,/home/capstone2/zroact-stage2/benchmark2/data2/no_bbox_frames/climb-over-fence_smart_rgb/intrusion_climb-over-fence_rgb_0079_cctv3/30fps_frame_096.jpg,danger,danger
intrusion_climb-over-fence_rgb_0079_cctv3_f000106_000116_000126,climb-over-fence_smart_rgb,intrusion_climb-over-fence_rgb_0079_cctv3,"[106, 116, 126]",/home/capstone2/zroact-stage2/benchmark2/data2/no_bbox_frames/climb-over-fence_smart_rgb/intrusion_climb-over-fence_rgb_0079_cctv3/30fps_frame_106.jpg,/home/capstone2/zroact-stage2/benchmark2/data2/no_bbox_frames/climb-over-fence_smart_rgb/intrusion_climb-over-fence_rgb_0079_cctv3/30fps_frame_116.jpg,/home/capstone2/zroact-stage2/benchmark2/data2/no_bbox_frames/climb-over-fence_smart_rgb/intrusion_climb-over-fence_rgb_0079_cctv3/30fps_frame_126.jpg,danger,danger
intrusion_climb-over-fence_rgb_0079_cctv3_f000136_000146_000156,climb-over-fence_smart_rgb,intrusion_climb-over-fence_rgb_0079_cctv3,"[136, 146, 156]",/home/capstone2/zroact-stage2/benchmark2/data2/no_bbox_frames/climb-over-fence_smart_rgb/intrusion_climb-over-fence_rgb_0079_cctv3/30fps_frame_136.jpg,/home/capstone2/zroact-stage2/benchmark2/data2/no_bbox_frames/climb-over-fence_smart_rgb/intrusion_climb-over-fence_rgb_0079_cctv3/30fps_frame_146.jpg,/home/capstone2/zroact-stage2/benchmark2/data2/no_bbox_frames/climb-over-fence_smart_rgb/intrusion_climb-over-fence_rgb_0079_cctv3/30fps_frame_156.jpg,danger,danger
intrusion_climb-over-fence_rgb_0079_cctv3_f000166_000176_000186,climb-over-fence_smart_rgb,intrusion_climb-over-fence_rgb_0079_cctv3,"[166, 176, 186]",/home/capstone2/zroact-stage2/benchmark2/data2/no_bbox_frames/climb-over-fence_smart_rgb/intrusion_climb-over-fence_rgb_0079_cctv3/30fps_frame_166.jpg,/home/capstone2/zroact-stage2/benchmark2/data2/no_bbox_frames/climb-over-fence_smart_rgb/intrusion_climb-over-fence_rgb_0079_cctv3/30fps_frame_176.jpg,/home/capstone2/zroact-stage2/benchmark2/data2/no_bbox_frames/climb-over-fence_smart_rgb/intrusion_climb-over-fence_rgb_0079_cctv3/30fps_frame_186.jpg,danger,danger
intrusion_climb-over-fence_rgb_0079_cctv3_f000196_000206_000216,climb-over-fence_smart_rgb,intrusion_climb-over-fence_rgb_0079_cctv3,"[196, 206, 216]",/home/capstone2/zroact-stage2/benchmark2/data2/no_bbox_frames/climb-over-fence_smart_rgb/intrusion_climb-over-fence_rgb_0079_cctv3/30fps_frame_196.jpg,/home/capstone2/zroact-stage2/benchmark2/data2/no_bbox_frames/climb-over-fence_smart_rgb/intrusion_climb-over-fence_rgb_0079_cctv3/30fps_frame_206.jpg,/home/capstone2/zroact-stage2/benchmark2/data2/no_bbox_frames/climb-over-fence_smart_rgb/intrusion_climb-over-fence_rgb_0079_cctv3/30fps_frame_216.jpg,danger,danger
intrusion_climb-over-fence_rgb_0079_cctv3_f000226_000236_000246,climb-over-fence_smart_rgb,intrusion_climb-over-fence_rgb_0079_cctv3,"[226, 236, 246]",/home/capstone2/zroact-stage2/benchmark2/data2/no_bbox_frames/climb-over-fence_smart_rgb/intrusion_climb-over-fence_rgb_0079_cctv3/30fps_frame_226.jpg,/home/capstone2/zroact-stage2/benchmark2/data2/no_bbox_frames/climb-over-fence_smart_rgb/intrusion_climb-over-fence_rgb_0079_cctv3/30fps_frame_236.jpg,/home/capstone2/zroact-stage2/benchmark2/data2/no_bbox_frames/climb-over-fence_smart_rgb/intrusion_climb-over-fence_rgb_0079_cctv3/30fps_frame_246.jpg,danger,danger
intrusion_climb-over-fence_rgb_0079_cctv3_f000256_000266_000276,climb-over-fence_smart_rgb,intrusion_climb-over-fence_rgb_0079_cctv3,"[256, 266, 276]",/home/capstone2/zroact-stage2/benchmark2/data2/no_bbox_frames/climb-over-fence_smart_rgb/intrusion_climb-over-fence_rgb_0079_cctv3/30fps_frame_256.jpg,/home/capstone2/zroact-stage2/benchmark2/data2/no_bbox_frames/climb-over-fence_smart_rgb/intrusion_climb-over-fence_rgb_0079_cctv3/30fps_frame_266.jpg,/home/capstone2/zroact-stage2/benchmark2/data2/no_bbox_frames/climb-over-fence_smart_rgb/intrusion_climb-over-fence_rgb_0079_cctv3/30fps_frame_276.jpg,danger,danger
intrusion_climb-over-fence_rgb_0079_cctv3_f000286_000296_000306,climb-over-fence_smart_rgb,intrusion_climb-over-fence_rgb_0079_cctv3,"[286, 296, 306]",/home/capstone2/zroact-stage2/benchmark2/data2/no_bbox_frames/climb-over-fence_smart_rgb/intrusion_climb-over-fence_rgb_0079_cctv3/30fps_frame_286.jpg,/home/capstone2/zroact-stage2/benchmark2/data2/no_bbox_frames/climb-over-fence_smart_rgb/intrusion_climb-over-fence_rgb_0079_cctv3/30fps_frame_296.jpg,/home/capstone2/zroact-stage2/benchmark2/data2/no_bbox_frames/climb-over-fence_smart_rgb/intrusion_climb-over-fence_rgb_0079_cctv3/30fps_frame_306.jpg,danger,danger
intrusion_climb-over-fence_rgb_0079_cctv3_f000316_000326_000336,climb-over-fence_smart_rgb,intrusion_climb-over-fence_rgb_0079_cctv3,"[316, 326, 336]",/home/capstone2/zroact-stage2/benchmark2/data2/no_bbox_frames/climb-over-fence_smart_rgb/intrusion_climb-over-fence_rgb_0079_cctv3/30fps_frame_316.jpg,/home/capstone2/zroact-stage2/benchmark2/data2/no_bbox_frames/climb-over-fence_smart_rgb/intrusion_climb-over-fence_rgb_0079_cctv3/30fps_frame_326.jpg,/home/capstone2/zroact-stage2/benchmark2/data2/no_bbox_frames/climb-over-fence_smart_rgb/intrusion_climb-over-fence_rgb_0079_cctv3/30fps_frame_336.jpg,danger,danger
intrusion_climb-over-fence_rgb_0079_cctv3_f000346_000356_000366,climb-over-fence_smart_rgb,intrusion_climb-over-fence_rgb_0079_cctv3,"[346, 356, 366]",/home/capstone2/zroact-stage2/benchmark2/data2/no_bbox_frames/climb-over-fence_smart_rgb/intrusion_climb-over-fence_rgb_0079_cctv3/30fps_frame_346.jpg,/home/capstone2/zroact-stage2/benchmark2/data2/no_bbox_frames/climb-over-fence_smart_rgb/intrusion_climb-over-fence_rgb_0079_cctv3/30fps_frame_356.jpg,/home/capstone2/zroact-stage2/benchmark2/data2/no_bbox_frames/climb-over-fence_smart_rgb/intrusion_climb-over-fence_rgb_0079_cctv3/30fps_frame_366.jpg,danger,danger
intrusion_climb-over-fence_rgb_0079_cctv3_f000376_000386_000396,climb-over-fence_smart_rgb,intrusion_climb-over-fence_rgb_0079_cctv3,"[376, 386, 396]",/home/capstone2/zroact-stage2/benchmark2/data2/no_bbox_frames/climb-over-fence_smart_rgb/intrusion_climb-over-fence_rgb_0079_cctv3/30fps_frame_376.jpg,/home/capstone2/zroact-stage2/benchmark2/data2/no_bbox_frames/climb-over-fence_smart_rgb/intrusion_climb-over-fence_rgb_0079_cctv3/30fps_frame_386.jpg,/home/capstone2/zroact-stage2/benchmark2/data2/no_bbox_frames/climb-over-fence_smart_rgb/intrusion_climb-over-fence_rgb_0079_cctv3/30fps_frame_396.jpg,danger,danger
intrusion_climb-over-fence_rgb_0079_cctv3_f000406_000416_000426,climb-over-fence_smart_rgb,intrusion_climb-over-fence_rgb_0079_cctv3,"[406, 416, 426]",/home/capstone2/zroact-stage2/benchmark2/data2/no_bbox_frames/climb-over-fence_smart_rgb/intrusion_climb-over-fence_rgb_0079_cctv3/30fps_frame_406.jpg,/home/capstone2/zroact-stage2/benchmark2/data2/no_bbox_frames/climb-over-fence_smart_rgb/intrusion_climb-over-fence_rgb_0079_cctv3/30fps_frame_416.jpg,/home/capstone2/zroact-stage2/benchmark2/data2/no_bbox_frames/climb-over-fence_smart_rgb/intrusion_climb-over-fence_rgb_0079_cctv3/30fps_frame_426.jpg,danger,danger
intrusion_climb-over-fence_rgb_0079_cctv3_f000436_000446_000456,climb-over-fence_smart_rgb,intrusion_climb-over-fence_rgb_0079_cctv3,"[436, 446, 456]",/home/capstone2/zroact-stage2/benchmark2/data2/no_bbox_frames/climb-over-fence_smart_rgb/intrusion_climb-over-fence_rgb_0079_cctv3/30fps_frame_436.jpg,/home/capstone2/zroact-stage2/benchmark2/data2/no_bbox_frames/climb-over-fence_smart_rgb/intrusion_climb-over-fence_rgb_0079_cctv3/30fps_frame_446.jpg,/home/capstone2/zroact-stage2/benchmark2/data2/no_bbox_frames/climb-over-fence_smart_rgb/intrusion_climb-over-fence_rgb_0079_cctv3/30fps_frame_456.jpg,danger,danger
intrusion_climb-over-fence_rgb_0081_cctv4_f000016_000026_000036,climb-over-fence_smart_rgb,intrusion_climb-over-fence_rgb_0081_cctv4,"[16, 26, 36]",/home/capstone2/zroact-stage2/benchmark2/data2/no_bbox_frames/climb-over-fence_smart_rgb/intrusion_climb-over-fence_rgb_0081_cctv4/30fps_frame_016.jpg,/home/capstone2/zroact-stage2/benchmark2/data2/no_bbox_frames/climb-over-fence_smart_rgb/intrusion_climb-over-fence_rgb_0081_cctv4/30fps_frame_026.jpg,/home/capstone2/zroact-stage2/benchmark2/data2/no_bbox_frames/climb-over-fence_smart_rgb/intrusion_climb-over-fence_rgb_0081_cctv4/30fps_frame_036.jpg,unsafe,unsafe
intrusion_climb-over-fence_rgb_0081_cctv4_f000046_000056_000066,climb-over-fence_smart_rgb,intrusion_climb-over-fence_rgb_0081_cctv4,"[46, 56, 66]",/home/capstone2/zroact-stage2/benchmark2/data2/no_bbox_frames/climb-over-fence_smart_rgb/intrusion_climb-over-fence_rgb_0081_cctv4/30fps_frame_046.jpg,/home/capstone2/zroact-stage2/benchmark2/data2/no_bbox_frames/climb-over-fence_smart_rgb/intrusion_climb-over-fence_rgb_0081_cctv4/30fps_frame_056.jpg,/home/capstone2/zroact-stage2/benchmark2/data2/no_bbox_frames/climb-over-fence_smart_rgb/intrusion_climb-over-fence_rgb_0081_cctv4/30fps_frame_066.jpg,unsafe,unsafe
intrusion_climb-over-fence_rgb_0081_cctv4_f000076_000086_000096,climb-over-fence_smart_rgb,intrusion_climb-over-fence_rgb_0081_cctv4,"[76, 86, 96]",/home/capstone2/zroact-stage2/benchmark2/data2/no_bbox_frames/climb-over-fence_smart_rgb/intrusion_climb-over-fence_rgb_0081_cctv4/30fps_frame_076.jpg,/home/capstone2/zroact-stage2/benchmark2/data2/no_bbox_frames/climb-over-fence_smart_rgb/intrusion_climb-over-fence_rgb_0081_cctv4/30fps_frame_086.jpg,/home/capstone2/zroact-stage2/benchmark2/data2/no_bbox_frames/climb-over-fence_smart_rgb/intrusion_climb-over-fence_rgb_0081_cctv4/30fps_frame_096.jpg,unsafe,unsafe
intrusion_climb-over-fence_rgb_0081_cctv4_f000106_000116_000126,climb-over-fence_smart_rgb,intrusion_climb-over-fence_rgb_0081_cctv4,"[106, 116, 126]",/home/capstone2/zroact-stage2/benchmark2/data2/no_bbox_frames/climb-over-fence_smart_rgb/intrusion_climb-over-fence_rgb_0081_cctv4/30fps_frame_106.jpg,/home/capstone2/zroact-stage2/benchmark2/data2/no_bbox_frames/climb-over-fence_smart_rgb/intrusion_climb-over-fence_rgb_0081_cctv4/30fps_frame_116.jpg,/home/capstone2/zroact-stage2/benchmark2/data2/no_bbox_frames/climb-over-fence_smart_rgb/intrusion_climb-over-fence_rgb_0081_cctv4/30fps_frame_126.jpg,danger,danger
intrusion_climb-over-fence_rgb_0081_cctv4_f000136_000146_000156,climb-over-fence_smart_rgb,intrusion_climb-over-fence_rgb_0081_cctv4,"[136, 146, 156]",/home/capstone2/zroact-stage2/benchmark2/data2/no_bbox_frames/climb-over-fence_smart_rgb/intrusion_climb-over-fence_rgb_0081_cctv4/30fps_frame_136.jpg,/home/capstone2/zroact-stage2/benchmark2/data2/no_bbox_frames/climb-over-fence_smart_rgb/intrusion_climb-over-fence_rgb_0081_cctv4/30fps_frame_146.jpg,/home/capstone2/zroact-stage2/benchmark2/data2/no_bbox_frames/climb-over-fence_smart_rgb/intrusion_climb-over-fence_rgb_0081_cctv4/30fps_frame_156.jpg,danger,danger
intrusion_climb-over-fence_rgb_0081_cctv4_f000166_000176_000186,climb-over-fence_smart_rgb,intrusion_climb-over-fence_rgb_0081_cctv4,"[166, 176, 186]",/home/capstone2/zroact-stage2/benchmark2/data2/no_bbox_frames/climb-over-fence_smart_rgb/intrusion_climb-over-fence_rgb_0081_cctv4/30fps_frame_166.jpg,/home/capstone2/zroact-stage2/benchmark2/data2/no_bbox_frames/climb-over-fence_smart_rgb/intrusion_climb-over-fence_rgb_0081_cctv4/30fps_frame_176.jpg,/home/capstone2/zroact-stage2/benchmark2/data2/no_bbox_frames/climb-over-fence_smart_rgb/intrusion_climb-over-fence_rgb_0081_cctv4/30fps_frame_186.jpg,danger,danger
intrusion_climb-over-fence_rgb_0081_cctv4_f000196_000206_000216,climb-over-fence_smart_rgb,intrusion_climb-over-fence_rgb_0081_cctv4,"[196, 206, 216]",/home/capstone2/zroact-stage2/benchmark2/data2/no_bbox_frames/climb-over-fence_smart_rgb/intrusion_climb-over-fence_rgb_0081_cctv4/30fps_frame_196.jpg,/home/capstone2/zroact-stage2/benchmark2/data2/no_bbox_frames/climb-over-fence_smart_rgb/intrusion_climb-over-fence_rgb_0081_cctv4/30fps_frame_206.jpg,/home/capstone2/zroact-stage2/benchmark2/data2/no_bbox_frames/climb-over-fence_smart_rgb/intrusion_climb-over-fence_rgb_0081_cctv4/30fps_frame_216.jpg,danger,danger
intrusion_climb-over-fence_rgb_0081_cctv4_f000226_000236_000246,climb-over-fence_smart_rgb,intrusion_climb-over-fence_rgb_0081_cctv4,"[226, 236, 246]",/home/capstone2/zroact-stage2/benchmark2/data2/no_bbox_frames/climb-over-fence_smart_rgb/intrusion_climb-over-fence_rgb_0081_cctv4/30fps_frame_226.jpg,/home/capstone2/zroact-stage2/benchmark2/data2/no_bbox_frames/climb-over-fence_smart_rgb/intrusion_climb-over-fence_rgb_0081_cctv4/30fps_frame_236.jpg,/home/capstone2/zroact-stage2/benchmark2/data2/no_bbox_frames/climb-over-fence_smart_rgb/intrusion_climb-over-fence_rgb_0081_cctv4/30fps_frame_246.jpg,danger,danger
intrusion_climb-over-fence_rgb_0081_cctv4_f000256_000266_000276,climb-over-fence_smart_rgb,intrusion_climb-over-fence_rgb_0081_cctv4,"[256, 266, 276]",/home/capstone2/zroact-stage2/benchmark2/data2/no_bbox_frames/climb-over-fence_smart_rgb/intrusion_climb-over-fence_rgb_0081_cctv4/30fps_frame_256.jpg,/home/capstone2/zroact-stage2/benchmark2/data2/no_bbox_frames/climb-over-fence_smart_rgb/intrusion_climb-over-fence_rgb_0081_cctv4/30fps_frame_266.jpg,/home/capstone2/zroact-stage2/benchmark2/data2/no_bbox_frames/climb-over-fence_smart_rgb/intrusion_climb-over-fence_rgb_0081_cctv4/30fps_frame_276.jpg,danger,danger
intrusion_climb-over-fence_rgb_0081_cctv4_f000286_000296_000306,climb-over-fence_smart_rgb,intrusion_climb-over-fence_rgb_0081_cctv4,"[286, 296, 306]",/home/capstone2/zroact-stage2/benchmark2/data2/no_bbox_frames/climb-over-fence_smart_rgb/intrusion_climb-over-fence_rgb_0081_cctv4/30fps_frame_286.jpg,/home/capstone2/zroact-stage2/benchmark2/data2/no_bbox_frames/climb-over-fence_smart_rgb/intrusion_climb-over-fence_rgb_0081_cctv4/30fps_frame_296.jpg,/home/capstone2/zroact-stage2/benchmark2/data2/no_bbox_frames/climb-over-fence_smart_rgb/intrusion_climb-over-fence_rgb_0081_cctv4/30fps_frame_306.jpg,danger,danger
intrusion_climb-over-fence_rgb_0081_cctv4_f000316_000326_000336,climb-over-fence_smart_rgb,intrusion_climb-over-fence_rgb_0081_cctv4,"[316, 326, 336]",/home/capstone2/zroact-stage2/benchmark2/data2/no_bbox_frames/climb-over-fence_smart_rgb/intrusion_climb-over-fence_rgb_0081_cctv4/30fps_frame_316.jpg,/home/capstone2/zroact-stage2/benchmark2/data2/no_bbox_frames/climb-over-fence_smart_rgb/intrusion_climb-over-fence_rgb_0081_cctv4/30fps_frame_326.jpg,/home/capstone2/zroact-stage2/benchmark2/data2/no_bbox_frames/climb-over-fence_smart_rgb/intrusion_climb-over-fence_rgb_0081_cctv4/30fps_frame_336.jpg,danger,danger
intrusion_climb-over-fence_rgb_0081_cctv4_f000346_000356_000366,climb-over-fence_smart_rgb,intrusion_climb-over-fence_rgb_0081_cctv4,"[346, 356, 366]",/home/capstone2/zroact-stage2/benchmark2/data2/no_bbox_frames/climb-over-fence_smart_rgb/intrusion_climb-over-fence_rgb_0081_cctv4/30fps_frame_346.jpg,/home/capstone2/zroact-stage2/benchmark2/data2/no_bbox_frames/climb-over-fence_smart_rgb/intrusion_climb-over-fence_rgb_0081_cctv4/30fps_frame_356.jpg,/home/capstone2/zroact-stage2/benchmark2/data2/no_bbox_frames/climb-over-fence_smart_rgb/intrusion_climb-over-fence_rgb_0081_cctv4/30fps_frame_366.jpg,danger,danger
intrusion_climb-over-fence_rgb_0081_cctv4_f000376_000386_000396,climb-over-fence_smart_rgb,intrusion_climb-over-fence_rgb_0081_cctv4,"[376, 386, 396]",/home/capstone2/zroact-stage2/benchmark2/data2/no_bbox_frames/climb-over-fence_smart_rgb/intrusion_climb-over-fence_rgb_0081_cctv4/30fps_frame_376.jpg,/home/capstone2/zroact-stage2/benchmark2/data2/no_bbox_frames/climb-over-fence_smart_rgb/intrusion_climb-over-fence_rgb_0081_cctv4/30fps_frame_386.jpg,/home/capstone2/zroact-stage2/benchmark2/data2/no_bbox_frames/climb-over-fence_smart_rgb/intrusion_climb-over-fence_rgb_0081_cctv4/30fps_frame_396.jpg,danger,danger
intrusion_climb-over-fence_rgb_0091_cctv2_f000016_000026_000036,climb-over-fence_smart_rgb,intrusion_climb-over-fence_rgb_0091_cctv2,"[16, 26, 36]",/home/capstone2/zroact-stage2/benchmark2/data2/no_bbox_frames/climb-over-fence_smart_rgb/intrusion_climb-over-fence_rgb_0091_cctv2/30fps_frame_016.jpg,/home/capstone2/zroact-stage2/benchmark2/data2/no_bbox_frames/climb-over-fence_smart_rgb/intrusion_climb-over-fence_rgb_0091_cctv2/30fps_frame_026.jpg,/home/capstone2/zroact-stage2/benchmark2/data2/no_bbox_frames/climb-over-fence_smart_rgb/intrusion_climb-over-fence_rgb_0091_cctv2/30fps_frame_036.jpg,danger,danger
intrusion_climb-over-fence_rgb_0091_cctv2_f000046_000056_000066,climb-over-fence_smart_rgb,intrusion_climb-over-fence_rgb_0091_cctv2,"[46, 56, 66]",/home/capstone2/zroact-stage2/benchmark2/data2/no_bbox_frames/climb-over-fence_smart_rgb/intrusion_climb-over-fence_rgb_0091_cctv2/30fps_frame_046.jpg,/home/capstone2/zroact-stage2/benchmark2/data2/no_bbox_frames/climb-over-fence_smart_rgb/intrusion_climb-over-fence_rgb_0091_cctv2/30fps_frame_056.jpg,/home/capstone2/zroact-stage2/benchmark2/data2/no_bbox_frames/climb-over-fence_smart_rgb/intrusion_climb-over-fence_rgb_0091_cctv2/30fps_frame_066.jpg,danger,danger
intrusion_climb-over-fence_rgb_0091_cctv2_f000076_000086_000096,climb-over-fence_smart_rgb,intrusion_climb-over-fence_rgb_0091_cctv2,"[76, 86, 96]",/home/capstone2/zroact-stage2/benchmark2/data2/no_bbox_frames/climb-over-fence_smart_rgb/intrusion_climb-over-fence_rgb_0091_cctv2/30fps_frame_076.jpg,/home/capstone2/zroact-stage2/benchmark2/data2/no_bbox_frames/climb-over-fence_smart_rgb/intrusion_climb-over-fence_rgb_0091_cctv2/30fps_frame_086.jpg,/home/capstone2/zroact-stage2/benchmark2/data2/no_bbox_frames/climb-over-fence_smart_rgb/intrusion_climb-over-fence_rgb_0091_cctv2/30fps_frame_096.jpg,danger,danger
intrusion_climb-over-fence_rgb_0091_cctv2_f000106_000116_000126,climb-over-fence_smart_rgb,intrusion_climb-over-fence_rgb_0091_cctv2,"[106, 116, 126]",/home/capstone2/zroact-stage2/benchmark2/data2/no_bbox_frames/climb-over-fence_smart_rgb/intrusion_climb-over-fence_rgb_0091_cctv2/30fps_frame_106.jpg,/home/capstone2/zroact-stage2/benchmark2/data2/no_bbox_frames/climb-over-fence_smart_rgb/intrusion_climb-over-fence_rgb_0091_cctv2/30fps_frame_116.jpg,/home/capstone2/zroact-stage2/benchmark2/data2/no_bbox_frames/climb-over-fence_smart_rgb/intrusion_climb-over-fence_rgb_0091_cctv2/30fps_frame_126.jpg,danger,danger
intrusion_climb-over-fence_rgb_0091_cctv2_f000136_000146_000156,climb-over-fence_smart_rgb,intrusion_climb-over-fence_rgb_0091_cctv2,"[136, 146, 156]",/home/capstone2/zroact-stage2/benchmark2/data2/no_bbox_frames/climb-over-fence_smart_rgb/intrusion_climb-over-fence_rgb_0091_cctv2/30fps_frame_136.jpg,/home/capstone2/zroact-stage2/benchmark2/data2/no_bbox_frames/climb-over-fence_smart_rgb/intrusion_climb-over-fence_rgb_0091_cctv2/30fps_frame_146.jpg,/home/capstone2/zroact-stage2/benchmark2/data2/no_bbox_frames/climb-over-fence_smart_rgb/intrusion_climb-over-fence_rgb_0091_cctv2/30fps_frame_156.jpg,danger,danger
intrusion_climb-over-fence_rgb_0091_cctv2_f000166_000176_000186,climb-over-fence_smart_rgb,intrusion_climb-over-fence_rgb_0091_cctv2,"[166, 176, 186]",/home/capstone2/zroact-stage2/benchmark2/data2/no_bbox_frames/climb-over-fence_smart_rgb/intrusion_climb-over-fence_rgb_0091_cctv2/30fps_frame_166.jpg,/home/capstone2/zroact-stage2/benchmark2/data2/no_bbox_frames/climb-over-fence_smart_rgb/intrusion_climb-over-fence_rgb_0091_cctv2/30fps_frame_176.jpg,/home/capstone2/zroact-stage2/benchmark2/data2/no_bbox_frames/climb-over-fence_smart_rgb/intrusion_climb-over-fence_rgb_0091_cctv2/30fps_frame_186.jpg,danger,danger
intrusion_climb-over-fence_rgb_0091_cctv2_f000196_000206_000216,climb-over-fence_smart_rgb,intrusion_climb-over-fence_rgb_0091_cctv2,"[196, 206, 216]",/home/capstone2/zroact-stage2/benchmark2/data2/no_bbox_frames/climb-over-fence_smart_rgb/intrusion_climb-over-fence_rgb_0091_cctv2/30fps_frame_196.jpg,/home/capstone2/zroact-stage2/benchmark2/data2/no_bbox_frames/climb-over-fence_smart_rgb/intrusion_climb-over-fence_rgb_0091_cctv2/30fps_frame_206.jpg,/home/capstone2/zroact-stage2/benchmark2/data2/no_bbox_frames/climb-over-fence_smart_rgb/intrusion_climb-over-fence_rgb_0091_cctv2/30fps_frame_216.jpg,danger,danger
intrusion_climb-over-fence_rgb_0091_cctv2_f000226_000236_000246,climb-over-fence_smart_rgb,intrusion_climb-over-fence_rgb_0091_cctv2,"[226, 236, 246]",/home/capstone2/zroact-stage2/benchmark2/data2/no_bbox_frames/climb-over-fence_smart_rgb/intrusion_climb-over-fence_rgb_0091_cctv2/30fps_frame_226.jpg,/home/capstone2/zroact-stage2/benchmark2/data2/no_bbox_frames/climb-over-fence_smart_rgb/intrusion_climb-over-fence_rgb_0091_cctv2/30fps_frame_236.jpg,/home/capstone2/zroact-stage2/benchmark2/data2/no_bbox_frames/climb-over-fence_smart_rgb/intrusion_climb-over-fence_rgb_0091_cctv2/30fps_frame_246.jpg,danger,danger
intrusion_climb-over-fence_rgb_0091_cctv2_f000256_000266_000276,climb-over-fence_smart_rgb,intrusion_climb-over-fence_rgb_0091_cctv2,"[256, 266, 276]",/home/capstone2/zroact-stage2/benchmark2/data2/no_bbox_frames/climb-over-fence_smart_rgb/intrusion_climb-over-fence_rgb_0091_cctv2/30fps_frame_256.jpg,/home/capstone2/zroact-stage2/benchmark2/data2/no_bbox_frames/climb-over-fence_smart_rgb/intrusion_climb-over-fence_rgb_0091_cctv2/30fps_frame_266.jpg,/home/capstone2/zroact-stage2/benchmark2/data2/no_bbox_frames/climb-over-fence_smart_rgb/intrusion_climb-over-fence_rgb_0091_cctv2/30fps_frame_276.jpg,danger,danger
intrusion_climb-over-fence_rgb_0091_cctv2_f000286_000296_000306,climb-over-fence_smart_rgb,intrusion_climb-over-fence_rgb_0091_cctv2,"[286, 296, 306]",/home/capstone2/zroact-stage2/benchmark2/data2/no_bbox_frames/climb-over-fence_smart_rgb/intrusion_climb-over-fence_rgb_0091_cctv2/30fps_frame_286.jpg,/home/capstone2/zroact-stage2/benchmark2/data2/no_bbox_frames/climb-over-fence_smart_rgb/intrusion_climb-over-fence_rgb_0091_cctv2/30fps_frame_296.jpg,/home/capstone2/zroact-stage2/benchmark2/data2/no_bbox_frames/climb-over-fence_smart_rgb/intrusion_climb-over-fence_rgb_0091_cctv2/30fps_frame_306.jpg,danger,danger
intrusion_climb-over-fence_rgb_0091_cctv2_f000316_000326_000336,climb-over-fence_smart_rgb,intrusion_climb-over-fence_rgb_0091_cctv2,"[316, 326, 336]",/home/capstone2/zroact-stage2/benchmark2/data2/no_bbox_frames/climb-over-fence_smart_rgb/intrusion_climb-over-fence_rgb_0091_cctv2/30fps_frame_316.jpg,/home/capstone2/zroact-stage2/benchmark2/data2/no_bbox_frames/climb-over-fence_smart_rgb/intrusion_climb-over-fence_rgb_0091_cctv2/30fps_frame_326.jpg,/home/capstone2/zroact-stage2/benchmark2/data2/no_bbox_frames/climb-over-fence_smart_rgb/intrusion_climb-over-fence_rgb_0091_cctv2/30fps_frame_336.jpg,danger,danger
intrusion_climb-over-fence_rgb_0091_cctv2_f000346_000356_000366,climb-over-fence_smart_rgb,intrusion_climb-over-fence_rgb_0091_cctv2,"[346, 356, 366]",/home/capstone2/zroact-stage2/benchmark2/data2/no_bbox_frames/climb-over-fence_smart_rgb/intrusion_climb-over-fence_rgb_0091_cctv2/30fps_frame_346.jpg,/home/capstone2/zroact-stage2/benchmark2/data2/no_bbox_frames/climb-over-fence_smart_rgb/intrusion_climb-over-fence_rgb_0091_cctv2/30fps_frame_356.jpg,/home/capstone2/zroact-stage2/benchmark2/data2/no_bbox_frames/climb-over-fence_smart_rgb/intrusion_climb-over-fence_rgb_0091_cctv2/30fps_frame_366.jpg,danger,danger
intrusion_climb-over-fence_rgb_0091_cctv2_f000376_000386_000396,climb-over-fence_smart_rgb,intrusion_climb-over-fence_rgb_0091_cctv2,"[376, 386, 396]",/home/capstone2/zroact-stage2/benchmark2/data2/no_bbox_frames/climb-over-fence_smart_rgb/intrusion_climb-over-fence_rgb_0091_cctv2/30fps_frame_376.jpg,/home/capstone2/zroact-stage2/benchmark2/data2/no_bbox_frames/climb-over-fence_smart_rgb/intrusion_climb-over-fence_rgb_0091_cctv2/30fps_frame_386.jpg,/home/capstone2/zroact-stage2/benchmark2/data2/no_bbox_frames/climb-over-fence_smart_rgb/intrusion_climb-over-fence_rgb_0091_cctv2/30fps_frame_396.jpg,danger,danger
intrusion_climb-over-fence_rgb_0098_cctv3_f000016_000026_000036,climb-over-fence_smart_rgb,intrusion_climb-over-fence_rgb_0098_cctv3,"[16, 26, 36]",/home/capstone2/zroact-stage2/benchmark2/data2/no_bbox_frames/climb-over-fence_smart_rgb/intrusion_climb-over-fence_rgb_0098_cctv3/30fps_frame_016.jpg,/home/capstone2/zroact-stage2/benchmark2/data2/no_bbox_frames/climb-over-fence_smart_rgb/intrusion_climb-over-fence_rgb_0098_cctv3/30fps_frame_026.jpg,/home/capstone2/zroact-stage2/benchmark2/data2/no_bbox_frames/climb-over-fence_smart_rgb/intrusion_climb-over-fence_rgb_0098_cctv3/30fps_frame_036.jpg,danger,danger
intrusion_climb-over-fence_rgb_0098_cctv3_f000046_000056_000066,climb-over-fence_smart_rgb,intrusion_climb-over-fence_rgb_0098_cctv3,"[46, 56, 66]",/home/capstone2/zroact-stage2/benchmark2/data2/no_bbox_frames/climb-over-fence_smart_rgb/intrusion_climb-over-fence_rgb_0098_cctv3/30fps_frame_046.jpg,/home/capstone2/zroact-stage2/benchmark2/data2/no_bbox_frames/climb-over-fence_smart_rgb/intrusion_climb-over-fence_rgb_0098_cctv3/30fps_frame_056.jpg,/home/capstone2/zroact-stage2/benchmark2/data2/no_bbox_frames/climb-over-fence_smart_rgb/intrusion_climb-over-fence_rgb_0098_cctv3/30fps_frame_066.jpg,danger,danger
intrusion_climb-over-fence_rgb_0098_cctv3_f000076_000086_000096,climb-over-fence_smart_rgb,intrusion_climb-over-fence_rgb_0098_cctv3,"[76, 86, 96]",/home/capstone2/zroact-stage2/benchmark2/data2/no_bbox_frames/climb-over-fence_smart_rgb/intrusion_climb-over-fence_rgb_0098_cctv3/30fps_frame_076.jpg,/home/capstone2/zroact-stage2/benchmark2/data2/no_bbox_frames/climb-over-fence_smart_rgb/intrusion_climb-over-fence_rgb_0098_cctv3/30fps_frame_086.jpg,/home/capstone2/zroact-stage2/benchmark2/data2/no_bbox_frames/climb-over-fence_smart_rgb/intrusion_climb-over-fence_rgb_0098_cctv3/30fps_frame_096.jpg,danger,danger
intrusion_climb-over-fence_rgb_0098_cctv3_f000106_000116_000126,climb-over-fence_smart_rgb,intrusion_climb-over-fence_rgb_0098_cctv3,"[106, 116, 126]",/home/capstone2/zroact-stage2/benchmark2/data2/no_bbox_frames/climb-over-fence_smart_rgb/intrusion_climb-over-fence_rgb_0098_cctv3/30fps_frame_106.jpg,/home/capstone2/zroact-stage2/benchmark2/data2/no_bbox_frames/climb-over-fence_smart_rgb/intrusion_climb-over-fence_rgb_0098_cctv3/30fps_frame_116.jpg,/home/capstone2/zroact-stage2/benchmark2/data2/no_bbox_frames/climb-over-fence_smart_rgb/intrusion_climb-over-fence_rgb_0098_cctv3/30fps_frame_126.jpg,danger,danger
intrusion_climb-over-fence_rgb_0098_cctv3_f000136_000146_000156,climb-over-fence_smart_rgb,intrusion_climb-over-fence_rgb_0098_cctv3,"[136, 146, 156]",/home/capstone2/zroact-stage2/benchmark2/data2/no_bbox_frames/climb-over-fence_smart_rgb/intrusion_climb-over-fence_rgb_0098_cctv3/30fps_frame_136.jpg,/home/capstone2/zroact-stage2/benchmark2/data2/no_bbox_frames/climb-over-fence_smart_rgb/intrusion_climb-over-fence_rgb_0098_cctv3/30fps_frame_146.jpg,/home/capstone2/zroact-stage2/benchmark2/data2/no_bbox_frames/climb-over-fence_smart_rgb/intrusion_climb-over-fence_rgb_0098_cctv3/30fps_frame_156.jpg,danger,danger
intrusion_climb-over-fence_rgb_0098_cctv3_f000166_000176_000186,climb-over-fence_smart_rgb,intrusion_climb-over-fence_rgb_0098_cctv3,"[166, 176, 186]",/home/capstone2/zroact-stage2/benchmark2/data2/no_bbox_frames/climb-over-fence_smart_rgb/intrusion_climb-over-fence_rgb_0098_cctv3/30fps_frame_166.jpg,/home/capstone2/zroact-stage2/benchmark2/data2/no_bbox_frames/climb-over-fence_smart_rgb/intrusion_climb-over-fence_rgb_0098_cctv3/30fps_frame_176.jpg,/home/capstone2/zroact-stage2/benchmark2/data2/no_bbox_frames/climb-over-fence_smart_rgb/intrusion_climb-over-fence_rgb_0098_cctv3/30fps_frame_186.jpg,danger,danger
intrusion_climb-over-fence_rgb_0098_cctv3_f000196_000206_000216,climb-over-fence_smart_rgb,intrusion_climb-over-fence_rgb_0098_cctv3,"[196, 206, 216]",/home/capstone2/zroact-stage2/benchmark2/data2/no_bbox_frames/climb-over-fence_smart_rgb/intrusion_climb-over-fence_rgb_0098_cctv3/30fps_frame_196.jpg,/home/capstone2/zroact-stage2/benchmark2/data2/no_bbox_frames/climb-over-fence_smart_rgb/intrusion_climb-over-fence_rgb_0098_cctv3/30fps_frame_206.jpg,/home/capstone2/zroact-stage2/benchmark2/data2/no_bbox_frames/climb-over-fence_smart_rgb/intrusion_climb-over-fence_rgb_0098_cctv3/30fps_frame_216.jpg,danger,danger
intrusion_climb-over-fence_rgb_0098_cctv3_f000226_000236_000246,climb-over-fence_smart_rgb,intrusion_climb-over-fence_rgb_0098_cctv3,"[226, 236, 246]",/home/capstone2/zroact-stage2/benchmark2/data2/no_bbox_frames/climb-over-fence_smart_rgb/intrusion_climb-over-fence_rgb_0098_cctv3/30fps_frame_226.jpg,/home/capstone2/zroact-stage2/benchmark2/data2/no_bbox_frames/climb-over-fence_smart_rgb/intrusion_climb-over-fence_rgb_0098_cctv3/30fps_frame_236.jpg,/home/capstone2/zroact-stage2/benchmark2/data2/no_bbox_frames/climb-over-fence_smart_rgb/intrusion_climb-over-fence_rgb_0098_cctv3/30fps_frame_246.jpg,danger,danger
intrusion_climb-over-fence_rgb_0098_cctv3_f000256_000266_000276,climb-over-fence_smart_rgb,intrusion_climb-over-fence_rgb_0098_cctv3,"[256, 266, 276]",/home/capstone2/zroact-stage2/benchmark2/data2/no_bbox_frames/climb-over-fence_smart_rgb/intrusion_climb-over-fence_rgb_0098_cctv3/30fps_frame_256.jpg,/home/capstone2/zroact-stage2/benchmark2/data2/no_bbox_frames/climb-over-fence_smart_rgb/intrusion_climb-over-fence_rgb_0098_cctv3/30fps_frame_266.jpg,/home/capstone2/zroact-stage2/benchmark2/data2/no_bbox_frames/climb-over-fence_smart_rgb/intrusion_climb-over-fence_rgb_0098_cctv3/30fps_frame_276.jpg,danger,danger
intrusion_climb-over-fence_rgb_0098_cctv3_f000286_000296_000306,climb-over-fence_smart_rgb,intrusion_climb-over-fence_rgb_0098_cctv3,"[286, 296, 306]",/home/capstone2/zroact-stage2/benchmark2/data2/no_bbox_frames/climb-over-fence_smart_rgb/intrusion_climb-over-fence_rgb_0098_cctv3/30fps_frame_286.jpg,/home/capstone2/zroact-stage2/benchmark2/data2/no_bbox_frames/climb-over-fence_smart_rgb/intrusion_climb-over-fence_rgb_0098_cctv3/30fps_frame_296.jpg,/home/capstone2/zroact-stage2/benchmark2/data2/no_bbox_frames/climb-over-fence_smart_rgb/intrusion_climb-over-fence_rgb_0098_cctv3/30fps_frame_306.jpg,danger,danger
intrusion_climb-over-fence_rgb_0098_cctv3_f000316_000326_000336,climb-over-fence_smart_rgb,intrusion_climb-over-fence_rgb_0098_cctv3,"[316, 326, 336]",/home/capstone2/zroact-stage2/benchmark2/data2/no_bbox_frames/climb-over-fence_smart_rgb/intrusion_climb-over-fence_rgb_0098_cctv3/30fps_frame_316.jpg,/home/capstone2/zroact-stage2/benchmark2/data2/no_bbox_frames/climb-over-fence_smart_rgb/intrusion_climb-over-fence_rgb_0098_cctv3/30fps_frame_326.jpg,/home/capstone2/zroact-stage2/benchmark2/data2/no_bbox_frames/climb-over-fence_smart_rgb/intrusion_climb-over-fence_rgb_0098_cctv3/30fps_frame_336.jpg,danger,danger
intrusion_climb-over-fence_rgb_0098_cctv3_f000346_000356_000366,climb-over-fence_smart_rgb,intrusion_climb-over-fence_rgb_0098_cctv3,"[346, 356, 366]",/home/capstone2/zroact-stage2/benchmark2/data2/no_bbox_frames/climb-over-fence_smart_rgb/intrusion_climb-over-fence_rgb_0098_cctv3/30fps_frame_346.jpg,/home/capstone2/zroact-stage2/benchmark2/data2/no_bbox_frames/climb-over-fence_smart_rgb/intrusion_climb-over-fence_rgb_0098_cctv3/30fps_frame_356.jpg,/home/capstone2/zroact-stage2/benchmark2/data2/no_bbox_frames/climb-over-fence_smart_rgb/intrusion_climb-over-fence_rgb_0098_cctv3/30fps_frame_366.jpg,danger,danger
intrusion_climb-over-fence_rgb_0098_cctv3_f000376_000386_000396,climb-over-fence_smart_rgb,intrusion_climb-over-fence_rgb_0098_cctv3,"[376, 386, 396]",/home/capstone2/zroact-stage2/benchmark2/data2/no_bbox_frames/climb-over-fence_smart_rgb/intrusion_climb-over-fence_rgb_0098_cctv3/30fps_frame_376.jpg,/home/capstone2/zroact-stage2/benchmark2/data2/no_bbox_frames/climb-over-fence_smart_rgb/intrusion_climb-over-fence_rgb_0098_cctv3/30fps_frame_386.jpg,/home/capstone2/zroact-stage2/benchmark2/data2/no_bbox_frames/climb-over-fence_smart_rgb/intrusion_climb-over-fence_rgb_0098_cctv3/30fps_frame_396.jpg,danger,danger
intrusion_climb-over-fence_rgb_0106_cctv1_f000016_000026_000036,climb-over-fence_smart_rgb,intrusion_climb-over-fence_rgb_0106_cctv1,"[16, 26, 36]",/home/capstone2/zroact-stage2/benchmark2/data2/no_bbox_frames/climb-over-fence_smart_rgb/intrusion_climb-over-fence_rgb_0106_cctv1/30fps_frame_016.jpg,/home/capstone2/zroact-stage2/benchmark2/data2/no_bbox_frames/climb-over-fence_smart_rgb/intrusion_climb-over-fence_rgb_0106_cctv1/30fps_frame_026.jpg,/home/capstone2/zroact-stage2/benchmark2/data2/no_bbox_frames/climb-over-fence_smart_rgb/intrusion_climb-over-fence_rgb_0106_cctv1/30fps_frame_036.jpg,unsafe,unsafe
intrusion_climb-over-fence_rgb_0106_cctv1_f000046_000056_000066,climb-over-fence_smart_rgb,intrusion_climb-over-fence_rgb_0106_cctv1,"[46, 56, 66]",/home/capstone2/zroact-stage2/benchmark2/data2/no_bbox_frames/climb-over-fence_smart_rgb/intrusion_climb-over-fence_rgb_0106_cctv1/30fps_frame_046.jpg,/home/capstone2/zroact-stage2/benchmark2/data2/no_bbox_frames/climb-over-fence_smart_rgb/intrusion_climb-over-fence_rgb_0106_cctv1/30fps_frame_056.jpg,/home/capstone2/zroact-stage2/benchmark2/data2/no_bbox_frames/climb-over-fence_smart_rgb/intrusion_climb-over-fence_rgb_0106_cctv1/30fps_frame_066.jpg,danger,danger
intrusion_climb-over-fence_rgb_0106_cctv1_f000076_000086_000096,climb-over-fence_smart_rgb,intrusion_climb-over-fence_rgb_0106_cctv1,"[76, 86, 96]",/home/capstone2/zroact-stage2/benchmark2/data2/no_bbox_frames/climb-over-fence_smart_rgb/intrusion_climb-over-fence_rgb_0106_cctv1/30fps_frame_076.jpg,/home/capstone2/zroact-stage2/benchmark2/data2/no_bbox_frames/climb-over-fence_smart_rgb/intrusion_climb-over-fence_rgb_0106_cctv1/30fps_frame_086.jpg,/home/capstone2/zroact-stage2/benchmark2/data2/no_bbox_frames/climb-over-fence_smart_rgb/intrusion_climb-over-fence_rgb_0106_cctv1/30fps_frame_096.jpg,danger,danger
intrusion_climb-over-fence_rgb_0106_cctv1_f000106_000116_000126,climb-over-fence_smart_rgb,intrusion_climb-over-fence_rgb_0106_cctv1,"[106, 116, 126]",/home/capstone2/zroact-stage2/benchmark2/data2/no_bbox_frames/climb-over-fence_smart_rgb/intrusion_climb-over-fence_rgb_0106_cctv1/30fps_frame_106.jpg,/home/capstone2/zroact-stage2/benchmark2/data2/no_bbox_frames/climb-over-fence_smart_rgb/intrusion_climb-over-fence_rgb_0106_cctv1/30fps_frame_116.jpg,/home/capstone2/zroact-stage2/benchmark2/data2/no_bbox_frames/climb-over-fence_smart_rgb/intrusion_climb-over-fence_rgb_0106_cctv1/30fps_frame_126.jpg,danger,danger
intrusion_climb-over-fence_rgb_0106_cctv1_f000136_000146_000156,climb-over-fence_smart_rgb,intrusion_climb-over-fence_rgb_0106_cctv1,"[136, 146, 156]",/home/capstone2/zroact-stage2/benchmark2/data2/no_bbox_frames/climb-over-fence_smart_rgb/intrusion_climb-over-fence_rgb_0106_cctv1/30fps_frame_136.jpg,/home/capstone2/zroact-stage2/benchmark2/data2/no_bbox_frames/climb-over-fence_smart_rgb/intrusion_climb-over-fence_rgb_0106_cctv1/30fps_frame_146.jpg,/home/capstone2/zroact-stage2/benchmark2/data2/no_bbox_frames/climb-over-fence_smart_rgb/intrusion_climb-over-fence_rgb_0106_cctv1/30fps_frame_156.jpg,danger,danger
intrusion_climb-over-fence_rgb_0106_cctv1_f000166_000176_000186,climb-over-fence_smart_rgb,intrusion_climb-over-fence_rgb_0106_cctv1,"[166, 176, 186]",/home/capstone2/zroact-stage2/benchmark2/data2/no_bbox_frames/climb-over-fence_smart_rgb/intrusion_climb-over-fence_rgb_0106_cctv1/30fps_frame_166.jpg,/home/capstone2/zroact-stage2/benchmark2/data2/no_bbox_frames/climb-over-fence_smart_rgb/intrusion_climb-over-fence_rgb_0106_cctv1/30fps_frame_176.jpg,/home/capstone2/zroact-stage2/benchmark2/data2/no_bbox_frames/climb-over-fence_smart_rgb/intrusion_climb-over-fence_rgb_0106_cctv1/30fps_frame_186.jpg,danger,danger
intrusion_climb-over-fence_rgb_0106_cctv1_f000196_000206_000216,climb-over-fence_smart_rgb,intrusion_climb-over-fence_rgb_0106_cctv1,"[196, 206, 216]",/home/capstone2/zroact-stage2/benchmark2/data2/no_bbox_frames/climb-over-fence_smart_rgb/intrusion_climb-over-fence_rgb_0106_cctv1/30fps_frame_196.jpg,/home/capstone2/zroact-stage2/benchmark2/data2/no_bbox_frames/climb-over-fence_smart_rgb/intrusion_climb-over-fence_rgb_0106_cctv1/30fps_frame_206.jpg,/home/capstone2/zroact-stage2/benchmark2/data2/no_bbox_frames/climb-over-fence_smart_rgb/intrusion_climb-over-fence_rgb_0106_cctv1/30fps_frame_216.jpg,danger,danger
intrusion_climb-over-fence_rgb_0106_cctv1_f000226_000236_000246,climb-over-fence_smart_rgb,intrusion_climb-over-fence_rgb_0106_cctv1,"[226, 236, 246]",/home/capstone2/zroact-stage2/benchmark2/data2/no_bbox_frames/climb-over-fence_smart_rgb/intrusion_climb-over-fence_rgb_0106_cctv1/30fps_frame_226.jpg,/home/capstone2/zroact-stage2/benchmark2/data2/no_bbox_frames/climb-over-fence_smart_rgb/intrusion_climb-over-fence_rgb_0106_cctv1/30fps_frame_236.jpg,/home/capstone2/zroact-stage2/benchmark2/data2/no_bbox_frames/climb-over-fence_smart_rgb/intrusion_climb-over-fence_rgb_0106_cctv1/30fps_frame_246.jpg,danger,danger
intrusion_climb-over-fence_rgb_0106_cctv1_f000256_000266_000276,climb-over-fence_smart_rgb,intrusion_climb-over-fence_rgb_0106_cctv1,"[256, 266, 276]",/home/capstone2/zroact-stage2/benchmark2/data2/no_bbox_frames/climb-over-fence_smart_rgb/intrusion_climb-over-fence_rgb_0106_cctv1/30fps_frame_256.jpg,/home/capstone2/zroact-stage2/benchmark2/data2/no_bbox_frames/climb-over-fence_smart_rgb/intrusion_climb-over-fence_rgb_0106_cctv1/30fps_frame_266.jpg,/home/capstone2/zroact-stage2/benchmark2/data2/no_bbox_frames/climb-over-fence_smart_rgb/intrusion_climb-over-fence_rgb_0106_cctv1/30fps_frame_276.jpg,danger,danger
intrusion_climb-over-fence_rgb_0106_cctv1_f000286_000296_000306,climb-over-fence_smart_rgb,intrusion_climb-over-fence_rgb_0106_cctv1,"[286, 296, 306]",/home/capstone2/zroact-stage2/benchmark2/data2/no_bbox_frames/climb-over-fence_smart_rgb/intrusion_climb-over-fence_rgb_0106_cctv1/30fps_frame_286.jpg,/home/capstone2/zroact-stage2/benchmark2/data2/no_bbox_frames/climb-over-fence_smart_rgb/intrusion_climb-over-fence_rgb_0106_cctv1/30fps_frame_296.jpg,/home/capstone2/zroact-stage2/benchmark2/data2/no_bbox_frames/climb-over-fence_smart_rgb/intrusion_climb-over-fence_rgb_0106_cctv1/30fps_frame_306.jpg,danger,danger
intrusion_climb-over-fence_rgb_0106_cctv1_f000316_000326_000336,climb-over-fence_smart_rgb,intrusion_climb-over-fence_rgb_0106_cctv1,"[316, 326, 336]",/home/capstone2/zroact-stage2/benchmark2/data2/no_bbox_frames/climb-over-fence_smart_rgb/intrusion_climb-over-fence_rgb_0106_cctv1/30fps_frame_316.jpg,/home/capstone2/zroact-stage2/benchmark2/data2/no_bbox_frames/climb-over-fence_smart_rgb/intrusion_climb-over-fence_rgb_0106_cctv1/30fps_frame_326.jpg,/home/capstone2/zroact-stage2/benchmark2/data2/no_bbox_frames/climb-over-fence_smart_rgb/intrusion_climb-over-fence_rgb_0106_cctv1/30fps_frame_336.jpg,danger,danger
intrusion_climb-over-fence_rgb_0106_cctv1_f000346_000356_000366,climb-over-fence_smart_rgb,intrusion_climb-over-fence_rgb_0106_cctv1,"[346, 356, 366]",/home/capstone2/zroact-stage2/benchmark2/data2/no_bbox_frames/climb-over-fence_smart_rgb/intrusion_climb-over-fence_rgb_0106_cctv1/30fps_frame_346.jpg,/home/capstone2/zroact-stage2/benchmark2/data2/no_bbox_frames/climb-over-fence_smart_rgb/intrusion_climb-over-fence_rgb_0106_cctv1/30fps_frame_356.jpg,/home/capstone2/zroact-stage2/benchmark2/data2/no_bbox_frames/climb-over-fence_smart_rgb/intrusion_climb-over-fence_rgb_0106_cctv1/30fps_frame_366.jpg,danger,danger
intrusion_climb-over-fence_rgb_0106_cctv1_f000376_000386_000396,climb-over-fence_smart_rgb,intrusion_climb-over-fence_rgb_0106_cctv1,"[376, 386, 396]",/home/capstone2/zroact-stage2/benchmark2/data2/no_bbox_frames/climb-over-fence_smart_rgb/intrusion_climb-over-fence_rgb_0106_cctv1/30fps_frame_376.jpg,/home/capstone2/zroact-stage2/benchmark2/data2/no_bbox_frames/climb-over-fence_smart_rgb/intrusion_climb-over-fence_rgb_0106_cctv1/30fps_frame_386.jpg,/home/capstone2/zroact-stage2/benchmark2/data2/no_bbox_frames/climb-over-fence_smart_rgb/intrusion_climb-over-fence_rgb_0106_cctv1/30fps_frame_396.jpg,danger,danger
intrusion_climb-over-fence_rgb_0106_cctv1_f000406_000416_000426,climb-over-fence_smart_rgb,intrusion_climb-over-fence_rgb_0106_cctv1,"[406, 416, 426]",/home/capstone2/zroact-stage2/benchmark2/data2/no_bbox_frames/climb-over-fence_smart_rgb/intrusion_climb-over-fence_rgb_0106_cctv1/30fps_frame_406.jpg,/home/capstone2/zroact-stage2/benchmark2/data2/no_bbox_frames/climb-over-fence_smart_rgb/intrusion_climb-over-fence_rgb_0106_cctv1/30fps_frame_416.jpg,/home/capstone2/zroact-stage2/benchmark2/data2/no_bbox_frames/climb-over-fence_smart_rgb/intrusion_climb-over-fence_rgb_0106_cctv1/30fps_frame_426.jpg,danger,danger
intrusion_climb-over-fence_rgb_0106_cctv1_f000436_000446_000456,climb-over-fence_smart_rgb,intrusion_climb-over-fence_rgb_0106_cctv1,"[436, 446, 456]",/home/capstone2/zroact-stage2/benchmark2/data2/no_bbox_frames/climb-over-fence_smart_rgb/intrusion_climb-over-fence_rgb_0106_cctv1/30fps_frame_436.jpg,/home/capstone2/zroact-stage2/benchmark2/data2/no_bbox_frames/climb-over-fence_smart_rgb/intrusion_climb-over-fence_rgb_0106_cctv1/30fps_frame_446.jpg,/home/capstone2/zroact-stage2/benchmark2/data2/no_bbox_frames/climb-over-fence_smart_rgb/intrusion_climb-over-fence_rgb_0106_cctv1/30fps_frame_456.jpg,danger,danger
intrusion_climb-over-fence_rgb_0107_cctv1_f000016_000026_000036,climb-over-fence_smart_rgb,intrusion_climb-over-fence_rgb_0107_cctv1,"[16, 26, 36]",/home/capstone2/zroact-stage2/benchmark2/data2/no_bbox_frames/climb-over-fence_smart_rgb/intrusion_climb-over-fence_rgb_0107_cctv1/30fps_frame_016.jpg,/home/capstone2/zroact-stage2/benchmark2/data2/no_bbox_frames/climb-over-fence_smart_rgb/intrusion_climb-over-fence_rgb_0107_cctv1/30fps_frame_026.jpg,/home/capstone2/zroact-stage2/benchmark2/data2/no_bbox_frames/climb-over-fence_smart_rgb/intrusion_climb-over-fence_rgb_0107_cctv1/30fps_frame_036.jpg,normal,normal
intrusion_climb-over-fence_rgb_0107_cctv1_f000046_000056_000066,climb-over-fence_smart_rgb,intrusion_climb-over-fence_rgb_0107_cctv1,"[46, 56, 66]",/home/capstone2/zroact-stage2/benchmark2/data2/no_bbox_frames/climb-over-fence_smart_rgb/intrusion_climb-over-fence_rgb_0107_cctv1/30fps_frame_046.jpg,/home/capstone2/zroact-stage2/benchmark2/data2/no_bbox_frames/climb-over-fence_smart_rgb/intrusion_climb-over-fence_rgb_0107_cctv1/30fps_frame_056.jpg,/home/capstone2/zroact-stage2/benchmark2/data2/no_bbox_frames/climb-over-fence_smart_rgb/intrusion_climb-over-fence_rgb_0107_cctv1/30fps_frame_066.jpg,unsafe,unsafe
intrusion_climb-over-fence_rgb_0107_cctv1_f000076_000086_000096,climb-over-fence_smart_rgb,intrusion_climb-over-fence_rgb_0107_cctv1,"[76, 86, 96]",/home/capstone2/zroact-stage2/benchmark2/data2/no_bbox_frames/climb-over-fence_smart_rgb/intrusion_climb-over-fence_rgb_0107_cctv1/30fps_frame_076.jpg,/home/capstone2/zroact-stage2/benchmark2/data2/no_bbox_frames/climb-over-fence_smart_rgb/intrusion_climb-over-fence_rgb_0107_cctv1/30fps_frame_086.jpg,/home/capstone2/zroact-stage2/benchmark2/data2/no_bbox_frames/climb-over-fence_smart_rgb/intrusion_climb-over-fence_rgb_0107_cctv1/30fps_frame_096.jpg,unsafe,unsafe
intrusion_climb-over-fence_rgb_0107_cctv1_f000106_000116_000126,climb-over-fence_smart_rgb,intrusion_climb-over-fence_rgb_0107_cctv1,"[106, 116, 126]",/home/capstone2/zroact-stage2/benchmark2/data2/no_bbox_frames/climb-over-fence_smart_rgb/intrusion_climb-over-fence_rgb_0107_cctv1/30fps_frame_106.jpg,/home/capstone2/zroact-stage2/benchmark2/data2/no_bbox_frames/climb-over-fence_smart_rgb/intrusion_climb-over-fence_rgb_0107_cctv1/30fps_frame_116.jpg,/home/capstone2/zroact-stage2/benchmark2/data2/no_bbox_frames/climb-over-fence_smart_rgb/intrusion_climb-over-fence_rgb_0107_cctv1/30fps_frame_126.jpg,unsafe,unsafe
intrusion_climb-over-fence_rgb_0107_cctv1_f000136_000146_000156,climb-over-fence_smart_rgb,intrusion_climb-over-fence_rgb_0107_cctv1,"[136, 146, 156]",/home/capstone2/zroact-stage2/benchmark2/data2/no_bbox_frames/climb-over-fence_smart_rgb/intrusion_climb-over-fence_rgb_0107_cctv1/30fps_frame_136.jpg,/home/capstone2/zroact-stage2/benchmark2/data2/no_bbox_frames/climb-over-fence_smart_rgb/intrusion_climb-over-fence_rgb_0107_cctv1/30fps_frame_146.jpg,/home/capstone2/zroact-stage2/benchmark2/data2/no_bbox_frames/climb-over-fence_smart_rgb/intrusion_climb-over-fence_rgb_0107_cctv1/30fps_frame_156.jpg,unsafe,unsafe
intrusion_climb-over-fence_rgb_0107_cctv1_f000166_000176_000186,climb-over-fence_smart_rgb,intrusion_climb-over-fence_rgb_0107_cctv1,"[166, 176, 186]",/home/capstone2/zroact-stage2/benchmark2/data2/no_bbox_frames/climb-over-fence_smart_rgb/intrusion_climb-over-fence_rgb_0107_cctv1/30fps_frame_166.jpg,/home/capstone2/zroact-stage2/benchmark2/data2/no_bbox_frames/climb-over-fence_smart_rgb/intrusion_climb-over-fence_rgb_0107_cctv1/30fps_frame_176.jpg,/home/capstone2/zroact-stage2/benchmark2/data2/no_bbox_frames/climb-over-fence_smart_rgb/intrusion_climb-over-fence_rgb_0107_cctv1/30fps_frame_186.jpg,danger,danger
intrusion_climb-over-fence_rgb_0107_cctv1_f000196_000206_000216,climb-over-fence_smart_rgb,intrusion_climb-over-fence_rgb_0107_cctv1,"[196, 206, 216]",/home/capstone2/zroact-stage2/benchmark2/data2/no_bbox_frames/climb-over-fence_smart_rgb/intrusion_climb-over-fence_rgb_0107_cctv1/30fps_frame_196.jpg,/home/capstone2/zroact-stage2/benchmark2/data2/no_bbox_frames/climb-over-fence_smart_rgb/intrusion_climb-over-fence_rgb_0107_cctv1/30fps_frame_206.jpg,/home/capstone2/zroact-stage2/benchmark2/data2/no_bbox_frames/climb-over-fence_smart_rgb/intrusion_climb-over-fence_rgb_0107_cctv1/30fps_frame_216.jpg,danger,danger
intrusion_climb-over-fence_rgb_0107_cctv1_f000226_000236_000246,climb-over-fence_smart_rgb,intrusion_climb-over-fence_rgb_0107_cctv1,"[226, 236, 246]",/home/capstone2/zroact-stage2/benchmark2/data2/no_bbox_frames/climb-over-fence_smart_rgb/intrusion_climb-over-fence_rgb_0107_cctv1/30fps_frame_226.jpg,/home/capstone2/zroact-stage2/benchmark2/data2/no_bbox_frames/climb-over-fence_smart_rgb/intrusion_climb-over-fence_rgb_0107_cctv1/30fps_frame_236.jpg,/home/capstone2/zroact-stage2/benchmark2/data2/no_bbox_frames/climb-over-fence_smart_rgb/intrusion_climb-over-fence_rgb_0107_cctv1/30fps_frame_246.jpg,danger,danger
intrusion_climb-over-fence_rgb_0107_cctv1_f000256_000266_000276,climb-over-fence_smart_rgb,intrusion_climb-over-fence_rgb_0107_cctv1,"[256, 266, 276]",/home/capstone2/zroact-stage2/benchmark2/data2/no_bbox_frames/climb-over-fence_smart_rgb/intrusion_climb-over-fence_rgb_0107_cctv1/30fps_frame_256.jpg,/home/capstone2/zroact-stage2/benchmark2/data2/no_bbox_frames/climb-over-fence_smart_rgb/intrusion_climb-over-fence_rgb_0107_cctv1/30fps_frame_266.jpg,/home/capstone2/zroact-stage2/benchmark2/data2/no_bbox_frames/climb-over-fence_smart_rgb/intrusion_climb-over-fence_rgb_0107_cctv1/30fps_frame_276.jpg,danger,danger
intrusion_climb-over-fence_rgb_0107_cctv1_f000286_000296_000306,climb-over-fence_smart_rgb,intrusion_climb-over-fence_rgb_0107_cctv1,"[286, 296, 306]",/home/capstone2/zroact-stage2/benchmark2/data2/no_bbox_frames/climb-over-fence_smart_rgb/intrusion_climb-over-fence_rgb_0107_cctv1/30fps_frame_286.jpg,/home/capstone2/zroact-stage2/benchmark2/data2/no_bbox_frames/climb-over-fence_smart_rgb/intrusion_climb-over-fence_rgb_0107_cctv1/30fps_frame_296.jpg,/home/capstone2/zroact-stage2/benchmark2/data2/no_bbox_frames/climb-over-fence_smart_rgb/intrusion_climb-over-fence_rgb_0107_cctv1/30fps_frame_306.jpg,danger,danger
intrusion_climb-over-fence_rgb_0107_cctv1_f000316_000326_000336,climb-over-fence_smart_rgb,intrusion_climb-over-fence_rgb_0107_cctv1,"[316, 326, 336]",/home/capstone2/zroact-stage2/benchmark2/data2/no_bbox_frames/climb-over-fence_smart_rgb/intrusion_climb-over-fence_rgb_0107_cctv1/30fps_frame_316.jpg,/home/capstone2/zroact-stage2/benchmark2/data2/no_bbox_frames/climb-over-fence_smart_rgb/intrusion_climb-over-fence_rgb_0107_cctv1/30fps_frame_326.jpg,/home/capstone2/zroact-stage2/benchmark2/data2/no_bbox_frames/climb-over-fence_smart_rgb/intrusion_climb-over-fence_rgb_0107_cctv1/30fps_frame_336.jpg,danger,danger
intrusion_climb-over-fence_rgb_0107_cctv1_f000346_000356_000366,climb-over-fence_smart_rgb,intrusion_climb-over-fence_rgb_0107_cctv1,"[346, 356, 366]",/home/capstone2/zroact-stage2/benchmark2/data2/no_bbox_frames/climb-over-fence_smart_rgb/intrusion_climb-over-fence_rgb_0107_cctv1/30fps_frame_346.jpg,/home/capstone2/zroact-stage2/benchmark2/data2/no_bbox_frames/climb-over-fence_smart_rgb/intrusion_climb-over-fence_rgb_0107_cctv1/30fps_frame_356.jpg,/home/capstone2/zroact-stage2/benchmark2/data2/no_bbox_frames/climb-over-fence_smart_rgb/intrusion_climb-over-fence_rgb_0107_cctv1/30fps_frame_366.jpg,danger,danger
intrusion_climb-over-fence_rgb_0107_cctv1_f000376_000386_000396,climb-over-fence_smart_rgb,intrusion_climb-over-fence_rgb_0107_cctv1,"[376, 386, 396]",/home/capstone2/zroact-stage2/benchmark2/data2/no_bbox_frames/climb-over-fence_smart_rgb/intrusion_climb-over-fence_rgb_0107_cctv1/30fps_frame_376.jpg,/home/capstone2/zroact-stage2/benchmark2/data2/no_bbox_frames/climb-over-fence_smart_rgb/intrusion_climb-over-fence_rgb_0107_cctv1/30fps_frame_386.jpg,/home/capstone2/zroact-stage2/benchmark2/data2/no_bbox_frames/climb-over-fence_smart_rgb/intrusion_climb-over-fence_rgb_0107_cctv1/30fps_frame_396.jpg,danger,danger
intrusion_climb-over-fence_rgb_0107_cctv1_f000406_000416_000426,climb-over-fence_smart_rgb,intrusion_climb-over-fence_rgb_0107_cctv1,"[406, 416, 426]",/home/capstone2/zroact-stage2/benchmark2/data2/no_bbox_frames/climb-over-fence_smart_rgb/intrusion_climb-over-fence_rgb_0107_cctv1/30fps_frame_406.jpg,/home/capstone2/zroact-stage2/benchmark2/data2/no_bbox_frames/climb-over-fence_smart_rgb/intrusion_climb-over-fence_rgb_0107_cctv1/30fps_frame_416.jpg,/home/capstone2/zroact-stage2/benchmark2/data2/no_bbox_frames/climb-over-fence_smart_rgb/intrusion_climb-over-fence_rgb_0107_cctv1/30fps_frame_426.jpg,danger,danger
intrusion_climb-over-fence_rgb_0107_cctv1_f000436_000446_000456,climb-over-fence_smart_rgb,intrusion_climb-over-fence_rgb_0107_cctv1,"[436, 446, 456]",/home/capstone2/zroact-stage2/benchmark2/data2/no_bbox_frames/climb-over-fence_smart_rgb/intrusion_climb-over-fence_rgb_0107_cctv1/30fps_frame_436.jpg,/home/capstone2/zroact-stage2/benchmark2/data2/no_bbox_frames/climb-over-fence_smart_rgb/intrusion_climb-over-fence_rgb_0107_cctv1/30fps_frame_446.jpg,/home/capstone2/zroact-stage2/benchmark2/data2/no_bbox_frames/climb-over-fence_smart_rgb/intrusion_climb-over-fence_rgb_0107_cctv1/30fps_frame_456.jpg,danger,danger
intrusion_climb-over-fence_rgb_0107_cctv1_f000466_000476_000486,climb-over-fence_smart_rgb,intrusion_climb-over-fence_rgb_0107_cctv1,"[466, 476, 486]",/home/capstone2/zroact-stage2/benchmark2/data2/no_bbox_frames/climb-over-fence_smart_rgb/intrusion_climb-over-fence_rgb_0107_cctv1/30fps_frame_466.jpg,/home/capstone2/zroact-stage2/benchmark2/data2/no_bbox_frames/climb-over-fence_smart_rgb/intrusion_climb-over-fence_rgb_0107_cctv1/30fps_frame_476.jpg,/home/capstone2/zroact-stage2/benchmark2/data2/no_bbox_frames/climb-over-fence_smart_rgb/intrusion_climb-over-fence_rgb_0107_cctv1/30fps_frame_486.jpg,danger,danger
intrusion_normal_rgb_0060_cctv1_f000016_000026_000036,normal_plant_rgb,intrusion_normal_rgb_0060_cctv1,"[16, 26, 36]",/home/capstone2/zroact-stage2/benchmark2/data2/no_bbox_frames/normal_plant_rgb/intrusion_normal_rgb_0060_cctv1/30fps_frame_016.jpg,/home/capstone2/zroact-stage2/benchmark2/data2/no_bbox_frames/normal_plant_rgb/intrusion_normal_rgb_0060_cctv1/30fps_frame_026.jpg,/home/capstone2/zroact-stage2/benchmark2/data2/no_bbox_frames/normal_plant_rgb/intrusion_normal_rgb_0060_cctv1/30fps_frame_036.jpg,normal,normal
intrusion_normal_rgb_0060_cctv1_f000046_000056_000066,normal_plant_rgb,intrusion_normal_rgb_0060_cctv1,"[46, 56, 66]",/home/capstone2/zroact-stage2/benchmark2/data2/no_bbox_frames/normal_plant_rgb/intrusion_normal_rgb_0060_cctv1/30fps_frame_046.jpg,/home/capstone2/zroact-stage2/benchmark2/data2/no_bbox_frames/normal_plant_rgb/intrusion_normal_rgb_0060_cctv1/30fps_frame_056.jpg,/home/capstone2/zroact-stage2/benchmark2/data2/no_bbox_frames/normal_plant_rgb/intrusion_normal_rgb_0060_cctv1/30fps_frame_066.jpg,normal,normal
intrusion_normal_rgb_0060_cctv1_f000076_000086_000096,normal_plant_rgb,intrusion_normal_rgb_0060_cctv1,"[76, 86, 96]",/home/capstone2/zroact-stage2/benchmark2/data2/no_bbox_frames/normal_plant_rgb/intrusion_normal_rgb_0060_cctv1/30fps_frame_076.jpg,/home/capstone2/zroact-stage2/benchmark2/data2/no_bbox_frames/normal_plant_rgb/intrusion_normal_rgb_0060_cctv1/30fps_frame_086.jpg,/home/capstone2/zroact-stage2/benchmark2/data2/no_bbox_frames/normal_plant_rgb/intrusion_normal_rgb_0060_cctv1/30fps_frame_096.jpg,normal,normal
intrusion_normal_rgb_0060_cctv1_f000106_000116_000126,normal_plant_rgb,intrusion_normal_rgb_0060_cctv1,"[106, 116, 126]",/home/capstone2/zroact-stage2/benchmark2/data2/no_bbox_frames/normal_plant_rgb/intrusion_normal_rgb_0060_cctv1/30fps_frame_106.jpg,/home/capstone2/zroact-stage2/benchmark2/data2/no_bbox_frames/normal_plant_rgb/intrusion_normal_rgb_0060_cctv1/30fps_frame_116.jpg,/home/capstone2/zroact-stage2/benchmark2/data2/no_bbox_frames/normal_plant_rgb/intrusion_normal_rgb_0060_cctv1/30fps_frame_126.jpg,normal,normal
intrusion_normal_rgb_0060_cctv1_f000136_000146_000156,normal_plant_rgb,intrusion_normal_rgb_0060_cctv1,"[136, 146, 156]",/home/capstone2/zroact-stage2/benchmark2/data2/no_bbox_frames/normal_plant_rgb/intrusion_normal_rgb_0060_cctv1/30fps_frame_136.jpg,/home/capstone2/zroact-stage2/benchmark2/data2/no_bbox_frames/normal_plant_rgb/intrusion_normal_rgb_0060_cctv1/30fps_frame_146.jpg,/home/capstone2/zroact-stage2/benchmark2/data2/no_bbox_frames/normal_plant_rgb/intrusion_normal_rgb_0060_cctv1/30fps_frame_156.jpg,normal,normal
intrusion_normal_rgb_0088_cctv3_f000016_000026_000036,normal_plant_rgb,intrusion_normal_rgb_0088_cctv3,"[16, 26, 36]",/home/capstone2/zroact-stage2/benchmark2/data2/no_bbox_frames/normal_plant_rgb/intrusion_normal_rgb_0088_cctv3/30fps_frame_016.jpg,/home/capstone2/zroact-stage2/benchmark2/data2/no_bbox_frames/normal_plant_rgb/intrusion_normal_rgb_0088_cctv3/30fps_frame_026.jpg,/home/capstone2/zroact-stage2/benchmark2/data2/no_bbox_frames/normal_plant_rgb/intrusion_normal_rgb_0088_cctv3/30fps_frame_036.jpg,unsafe,unsafe
intrusion_normal_rgb_0088_cctv3_f000046_000056_000066,normal_plant_rgb,intrusion_normal_rgb_0088_cctv3,"[46, 56, 66]",/home/capstone2/zroact-stage2/benchmark2/data2/no_bbox_frames/normal_plant_rgb/intrusion_normal_rgb_0088_cctv3/30fps_frame_046.jpg,/home/capstone2/zroact-stage2/benchmark2/data2/no_bbox_frames/normal_plant_rgb/intrusion_normal_rgb_0088_cctv3/30fps_frame_056.jpg,/home/capstone2/zroact-stage2/benchmark2/data2/no_bbox_frames/normal_plant_rgb/intrusion_normal_rgb_0088_cctv3/30fps_frame_066.jpg,unsafe,unsafe
intrusion_normal_rgb_0088_cctv3_f000076_000086_000096,normal_plant_rgb,intrusion_normal_rgb_0088_cctv3,"[76, 86, 96]",/home/capstone2/zroact-stage2/benchmark2/data2/no_bbox_frames/normal_plant_rgb/intrusion_normal_rgb_0088_cctv3/30fps_frame_076.jpg,/home/capstone2/zroact-stage2/benchmark2/data2/no_bbox_frames/normal_plant_rgb/intrusion_normal_rgb_0088_cctv3/30fps_frame_086.jpg,/home/capstone2/zroact-stage2/benchmark2/data2/no_bbox_frames/normal_plant_rgb/intrusion_normal_rgb_0088_cctv3/30fps_frame_096.jpg,unsafe,unsafe
intrusion_normal_rgb_0088_cctv3_f000106_000116_000126,normal_plant_rgb,intrusion_normal_rgb_0088_cctv3,"[106, 116, 126]",/home/capstone2/zroact-stage2/benchmark2/data2/no_bbox_frames/normal_plant_rgb/intrusion_normal_rgb_0088_cctv3/30fps_frame_106.jpg,/home/capstone2/zroact-stage2/benchmark2/data2/no_bbox_frames/normal_plant_rgb/intrusion_normal_rgb_0088_cctv3/30fps_frame_116.jpg,/home/capstone2/zroact-stage2/benchmark2/data2/no_bbox_frames/normal_plant_rgb/intrusion_normal_rgb_0088_cctv3/30fps_frame_126.jpg,unsafe,unsafe
intrusion_normal_rgb_0088_cctv3_f000136_000146_000156,normal_plant_rgb,intrusion_normal_rgb_0088_cctv3,"[136, 146, 156]",/home/capstone2/zroact-stage2/benchmark2/data2/no_bbox_frames/normal_plant_rgb/intrusion_normal_rgb_0088_cctv3/30fps_frame_136.jpg,/home/capstone2/zroact-stage2/benchmark2/data2/no_bbox_frames/normal_plant_rgb/intrusion_normal_rgb_0088_cctv3/30fps_frame_146.jpg,/home/capstone2/zroact-stage2/benchmark2/data2/no_bbox_frames/normal_plant_rgb/intrusion_normal_rgb_0088_cctv3/30fps_frame_156.jpg,unsafe,unsafe
intrusion_normal_rgb_0088_cctv3_f000166_000176_000186,normal_plant_rgb,intrusion_normal_rgb_0088_cctv3,"[166, 176, 186]",/home/capstone2/zroact-stage2/benchmark2/data2/no_bbox_frames/normal_plant_rgb/intrusion_normal_rgb_0088_cctv3/30fps_frame_166.jpg,/home/capstone2/zroact-stage2/benchmark2/data2/no_bbox_frames/normal_plant_rgb/intrusion_normal_rgb_0088_cctv3/30fps_frame_176.jpg,/home/capstone2/zroact-stage2/benchmark2/data2/no_bbox_frames/normal_plant_rgb/intrusion_normal_rgb_0088_cctv3/30fps_frame_186.jpg,unsafe,unsafe
intrusion_normal_rgb_0088_cctv3_f000196_000206_000216,normal_plant_rgb,intrusion_normal_rgb_0088_cctv3,"[196, 206, 216]",/home/capstone2/zroact-stage2/benchmark2/data2/no_bbox_frames/normal_plant_rgb/intrusion_normal_rgb_0088_cctv3/30fps_frame_196.jpg,/home/capstone2/zroact-stage2/benchmark2/data2/no_bbox_frames/normal_plant_rgb/intrusion_normal_rgb_0088_cctv3/30fps_frame_206.jpg,/home/capstone2/zroact-stage2/benchmark2/data2/no_bbox_frames/normal_plant_rgb/intrusion_normal_rgb_0088_cctv3/30fps_frame_216.jpg,unsafe,unsafe
intrusion_normal_rgb_0088_cctv3_f000226_000236_000246,normal_plant_rgb,intrusion_normal_rgb_0088_cctv3,"[226, 236, 246]",/home/capstone2/zroact-stage2/benchmark2/data2/no_bbox_frames/normal_plant_rgb/intrusion_normal_rgb_0088_cctv3/30fps_frame_226.jpg,/home/capstone2/zroact-stage2/benchmark2/data2/no_bbox_frames/normal_plant_rgb/intrusion_normal_rgb_0088_cctv3/30fps_frame_236.jpg,/home/capstone2/zroact-stage2/benchmark2/data2/no_bbox_frames/normal_plant_rgb/intrusion_normal_rgb_0088_cctv3/30fps_frame_246.jpg,normal,normal
intrusion_normal_rgb_0088_cctv3_f000256_000266_000276,normal_plant_rgb,intrusion_normal_rgb_0088_cctv3,"[256, 266, 276]",/home/capstone2/zroact-stage2/benchmark2/data2/no_bbox_frames/normal_plant_rgb/intrusion_normal_rgb_0088_cctv3/30fps_frame_256.jpg,/home/capstone2/zroact-stage2/benchmark2/data2/no_bbox_frames/normal_plant_rgb/intrusion_normal_rgb_0088_cctv3/30fps_frame_266.jpg,/home/capstone2/zroact-stage2/benchmark2/data2/no_bbox_frames/normal_plant_rgb/intrusion_normal_rgb_0088_cctv3/30fps_frame_276.jpg,normal,normal
intrusion_normal_rgb_0088_cctv3_f000286_000296_000306,normal_plant_rgb,intrusion_normal_rgb_0088_cctv3,"[286, 296, 306]",/home/capstone2/zroact-stage2/benchmark2/data2/no_bbox_frames/normal_plant_rgb/intrusion_normal_rgb_0088_cctv3/30fps_frame_286.jpg,/home/capstone2/zroact-stage2/benchmark2/data2/no_bbox_frames/normal_plant_rgb/intrusion_normal_rgb_0088_cctv3/30fps_frame_296.jpg,/home/capstone2/zroact-stage2/benchmark2/data2/no_bbox_frames/normal_plant_rgb/intrusion_normal_rgb_0088_cctv3/30fps_frame_306.jpg,normal,normal
intrusion_normal_rgb_0088_cctv3_f000316_000326_000336,normal_plant_rgb,intrusion_normal_rgb_0088_cctv3,"[316, 326, 336]",/home/capstone2/zroact-stage2/benchmark2/data2/no_bbox_frames/normal_plant_rgb/intrusion_normal_rgb_0088_cctv3/30fps_frame_316.jpg,/home/capstone2/zroact-stage2/benchmark2/data2/no_bbox_frames/normal_plant_rgb/intrusion_normal_rgb_0088_cctv3/30fps_frame_326.jpg,/home/capstone2/zroact-stage2/benchmark2/data2/no_bbox_frames/normal_plant_rgb/intrusion_normal_rgb_0088_cctv3/30fps_frame_336.jpg,unsafe,unsafe
intrusion_normal_rgb_0088_cctv3_f000346_000356_000366,normal_plant_rgb,intrusion_normal_rgb_0088_cctv3,"[346, 356, 366]",/home/capstone2/zroact-stage2/benchmark2/data2/no_bbox_frames/normal_plant_rgb/intrusion_normal_rgb_0088_cctv3/30fps_frame_346.jpg,/home/capstone2/zroact-stage2/benchmark2/data2/no_bbox_frames/normal_plant_rgb/intrusion_normal_rgb_0088_cctv3/30fps_frame_356.jpg,/home/capstone2/zroact-stage2/benchmark2/data2/no_bbox_frames/normal_plant_rgb/intrusion_normal_rgb_0088_cctv3/30fps_frame_366.jpg,unsafe,unsafe
intrusion_normal_rgb_0088_cctv3_f000376_000386_000396,normal_plant_rgb,intrusion_normal_rgb_0088_cctv3,"[376, 386, 396]",/home/capstone2/zroact-stage2/benchmark2/data2/no_bbox_frames/normal_plant_rgb/intrusion_normal_rgb_0088_cctv3/30fps_frame_376.jpg,/home/capstone2/zroact-stage2/benchmark2/data2/no_bbox_frames/normal_plant_rgb/intrusion_normal_rgb_0088_cctv3/30fps_frame_386.jpg,/home/capstone2/zroact-stage2/benchmark2/data2/no_bbox_frames/normal_plant_rgb/intrusion_normal_rgb_0088_cctv3/30fps_frame_396.jpg,normal,normal
intrusion_normal_rgb_0088_cctv3_f000406_000416_000426,normal_plant_rgb,intrusion_normal_rgb_0088_cctv3,"[406, 416, 426]",/home/capstone2/zroact-stage2/benchmark2/data2/no_bbox_frames/normal_plant_rgb/intrusion_normal_rgb_0088_cctv3/30fps_frame_406.jpg,/home/capstone2/zroact-stage2/benchmark2/data2/no_bbox_frames/normal_plant_rgb/intrusion_normal_rgb_0088_cctv3/30fps_frame_416.jpg,/home/capstone2/zroact-stage2/benchmark2/data2/no_bbox_frames/normal_plant_rgb/intrusion_normal_rgb_0088_cctv3/30fps_frame_426.jpg,normal,normal
intrusion_normal_rgb_0091_cctv3_f000016_000026_000036,normal_plant_rgb,intrusion_normal_rgb_0091_cctv3,"[16, 26, 36]",/home/capstone2/zroact-stage2/benchmark2/data2/no_bbox_frames/normal_plant_rgb/intrusion_normal_rgb_0091_cctv3/30fps_frame_016.jpg,/home/capstone2/zroact-stage2/benchmark2/data2/no_bbox_frames/normal_plant_rgb/intrusion_normal_rgb_0091_cctv3/30fps_frame_026.jpg,/home/capstone2/zroact-stage2/benchmark2/data2/no_bbox_frames/normal_plant_rgb/intrusion_normal_rgb_0091_cctv3/30fps_frame_036.jpg,normal,normal
intrusion_normal_rgb_0091_cctv3_f000046_000056_000066,normal_plant_rgb,intrusion_normal_rgb_0091_cctv3,"[46, 56, 66]",/home/capstone2/zroact-stage2/benchmark2/data2/no_bbox_frames/normal_plant_rgb/intrusion_normal_rgb_0091_cctv3/30fps_frame_046.jpg,/home/capstone2/zroact-stage2/benchmark2/data2/no_bbox_frames/normal_plant_rgb/intrusion_normal_rgb_0091_cctv3/30fps_frame_056.jpg,/home/capstone2/zroact-stage2/benchmark2/data2/no_bbox_frames/normal_plant_rgb/intrusion_normal_rgb_0091_cctv3/30fps_frame_066.jpg,normal,normal
intrusion_normal_rgb_0091_cctv3_f000076_000086_000096,normal_plant_rgb,intrusion_normal_rgb_0091_cctv3,"[76, 86, 96]",/home/capstone2/zroact-stage2/benchmark2/data2/no_bbox_frames/normal_plant_rgb/intrusion_normal_rgb_0091_cctv3/30fps_frame_076.jpg,/home/capstone2/zroact-stage2/benchmark2/data2/no_bbox_frames/normal_plant_rgb/intrusion_normal_rgb_0091_cctv3/30fps_frame_086.jpg,/home/capstone2/zroact-stage2/benchmark2/data2/no_bbox_frames/normal_plant_rgb/intrusion_normal_rgb_0091_cctv3/30fps_frame_096.jpg,normal,normal
intrusion_normal_rgb_0091_cctv3_f000106_000116_000126,normal_plant_rgb,intrusion_normal_rgb_0091_cctv3,"[106, 116, 126]",/home/capstone2/zroact-stage2/benchmark2/data2/no_bbox_frames/normal_plant_rgb/intrusion_normal_rgb_0091_cctv3/30fps_frame_106.jpg,/home/capstone2/zroact-stage2/benchmark2/data2/no_bbox_frames/normal_plant_rgb/intrusion_normal_rgb_0091_cctv3/30fps_frame_116.jpg,/home/capstone2/zroact-stage2/benchmark2/data2/no_bbox_frames/normal_plant_rgb/intrusion_normal_rgb_0091_cctv3/30fps_frame_126.jpg,normal,normal
intrusion_normal_rgb_0091_cctv3_f000136_000146_000156,normal_plant_rgb,intrusion_normal_rgb_0091_cctv3,"[136, 146, 156]",/home/capstone2/zroact-stage2/benchmark2/data2/no_bbox_frames/normal_plant_rgb/intrusion_normal_rgb_0091_cctv3/30fps_frame_136.jpg,/home/capstone2/zroact-stage2/benchmark2/data2/no_bbox_frames/normal_plant_rgb/intrusion_normal_rgb_0091_cctv3/30fps_frame_146.jpg,/home/capstone2/zroact-stage2/benchmark2/data2/no_bbox_frames/normal_plant_rgb/intrusion_normal_rgb_0091_cctv3/30fps_frame_156.jpg,normal,normal
intrusion_normal_rgb_0091_cctv3_f000166_000176_000186,normal_plant_rgb,intrusion_normal_rgb_0091_cctv3,"[166, 176, 186]",/home/capstone2/zroact-stage2/benchmark2/data2/no_bbox_frames/normal_plant_rgb/intrusion_normal_rgb_0091_cctv3/30fps_frame_166.jpg,/home/capstone2/zroact-stage2/benchmark2/data2/no_bbox_frames/normal_plant_rgb/intrusion_normal_rgb_0091_cctv3/30fps_frame_176.jpg,/home/capstone2/zroact-stage2/benchmark2/data2/no_bbox_frames/normal_plant_rgb/intrusion_normal_rgb_0091_cctv3/30fps_frame_186.jpg,normal,normal
intrusion_normal_rgb_0093_cctv3_f000016_000026_000036,normal_plant_rgb,intrusion_normal_rgb_0093_cctv3,"[16, 26, 36]",/home/capstone2/zroact-stage2/benchmark2/data2/no_bbox_frames/normal_plant_rgb/intrusion_normal_rgb_0093_cctv3/30fps_frame_016.jpg,/home/capstone2/zroact-stage2/benchmark2/data2/no_bbox_frames/normal_plant_rgb/intrusion_normal_rgb_0093_cctv3/30fps_frame_026.jpg,/home/capstone2/zroact-stage2/benchmark2/data2/no_bbox_frames/normal_plant_rgb/intrusion_normal_rgb_0093_cctv3/30fps_frame_036.jpg,normal,normal
intrusion_normal_rgb_0093_cctv3_f000046_000056_000066,normal_plant_rgb,intrusion_normal_rgb_0093_cctv3,"[46, 56, 66]",/home/capstone2/zroact-stage2/benchmark2/data2/no_bbox_frames/normal_plant_rgb/intrusion_normal_rgb_0093_cctv3/30fps_frame_046.jpg,/home/capstone2/zroact-stage2/benchmark2/data2/no_bbox_frames/normal_plant_rgb/intrusion_normal_rgb_0093_cctv3/30fps_frame_056.jpg,/home/capstone2/zroact-stage2/benchmark2/data2/no_bbox_frames/normal_plant_rgb/intrusion_normal_rgb_0093_cctv3/30fps_frame_066.jpg,normal,normal
intrusion_normal_rgb_0093_cctv3_f000076_000086_000096,normal_plant_rgb,intrusion_normal_rgb_0093_cctv3,"[76, 86, 96]",/home/capstone2/zroact-stage2/benchmark2/data2/no_bbox_frames/normal_plant_rgb/intrusion_normal_rgb_0093_cctv3/30fps_frame_076.jpg,/home/capstone2/zroact-stage2/benchmark2/data2/no_bbox_frames/normal_plant_rgb/intrusion_normal_rgb_0093_cctv3/30fps_frame_086.jpg,/home/capstone2/zroact-stage2/benchmark2/data2/no_bbox_frames/normal_plant_rgb/intrusion_normal_rgb_0093_cctv3/30fps_frame_096.jpg,normal,normal
intrusion_normal_rgb_0093_cctv3_f000106_000116_000126,normal_plant_rgb,intrusion_normal_rgb_0093_cctv3,"[106, 116, 126]",/home/capstone2/zroact-stage2/benchmark2/data2/no_bbox_frames/normal_plant_rgb/intrusion_normal_rgb_0093_cctv3/30fps_frame_106.jpg,/home/capstone2/zroact-stage2/benchmark2/data2/no_bbox_frames/normal_plant_rgb/intrusion_normal_rgb_0093_cctv3/30fps_frame_116.jpg,/home/capstone2/zroact-stage2/benchmark2/data2/no_bbox_frames/normal_plant_rgb/intrusion_normal_rgb_0093_cctv3/30fps_frame_126.jpg,normal,normal
intrusion_normal_rgb_0093_cctv3_f000136_000146_000156,normal_plant_rgb,intrusion_normal_rgb_0093_cctv3,"[136, 146, 156]",/home/capstone2/zroact-stage2/benchmark2/data2/no_bbox_frames/normal_plant_rgb/intrusion_normal_rgb_0093_cctv3/30fps_frame_136.jpg,/home/capstone2/zroact-stage2/benchmark2/data2/no_bbox_frames/normal_plant_rgb/intrusion_normal_rgb_0093_cctv3/30fps_frame_146.jpg,/home/capstone2/zroact-stage2/benchmark2/data2/no_bbox_frames/normal_plant_rgb/intrusion_normal_rgb_0093_cctv3/30fps_frame_156.jpg,normal,normal
intrusion_normal_rgb_0103_cctv4_f000016_000026_000036,normal_plant_rgb,intrusion_normal_rgb_0103_cctv4,"[16, 26, 36]",/home/capstone2/zroact-stage2/benchmark2/data2/no_bbox_frames/normal_plant_rgb/intrusion_normal_rgb_0103_cctv4/30fps_frame_016.jpg,/home/capstone2/zroact-stage2/benchmark2/data2/no_bbox_frames/normal_plant_rgb/intrusion_normal_rgb_0103_cctv4/30fps_frame_026.jpg,/home/capstone2/zroact-stage2/benchmark2/data2/no_bbox_frames/normal_plant_rgb/intrusion_normal_rgb_0103_cctv4/30fps_frame_036.jpg,normal,normal
intrusion_normal_rgb_0103_cctv4_f000046_000056_000066,normal_plant_rgb,intrusion_normal_rgb_0103_cctv4,"[46, 56, 66]",/home/capstone2/zroact-stage2/benchmark2/data2/no_bbox_frames/normal_plant_rgb/intrusion_normal_rgb_0103_cctv4/30fps_frame_046.jpg,/home/capstone2/zroact-stage2/benchmark2/data2/no_bbox_frames/normal_plant_rgb/intrusion_normal_rgb_0103_cctv4/30fps_frame_056.jpg,/home/capstone2/zroact-stage2/benchmark2/data2/no_bbox_frames/normal_plant_rgb/intrusion_normal_rgb_0103_cctv4/30fps_frame_066.jpg,normal,normal
intrusion_normal_rgb_0103_cctv4_f000076_000086_000096,normal_plant_rgb,intrusion_normal_rgb_0103_cctv4,"[76, 86, 96]",/home/capstone2/zroact-stage2/benchmark2/data2/no_bbox_frames/normal_plant_rgb/intrusion_normal_rgb_0103_cctv4/30fps_frame_076.jpg,/home/capstone2/zroact-stage2/benchmark2/data2/no_bbox_frames/normal_plant_rgb/intrusion_normal_rgb_0103_cctv4/30fps_frame_086.jpg,/home/capstone2/zroact-stage2/benchmark2/data2/no_bbox_frames/normal_plant_rgb/intrusion_normal_rgb_0103_cctv4/30fps_frame_096.jpg,normal,normal
intrusion_normal_rgb_0103_cctv4_f000106_000116_000126,normal_plant_rgb,intrusion_normal_rgb_0103_cctv4,"[106, 116, 126]",/home/capstone2/zroact-stage2/benchmark2/data2/no_bbox_frames/normal_plant_rgb/intrusion_normal_rgb_0103_cctv4/30fps_frame_106.jpg,/home/capstone2/zroact-stage2/benchmark2/data2/no_bbox_frames/normal_plant_rgb/intrusion_normal_rgb_0103_cctv4/30fps_frame_116.jpg,/home/capstone2/zroact-stage2/benchmark2/data2/no_bbox_frames/normal_plant_rgb/intrusion_normal_rgb_0103_cctv4/30fps_frame_126.jpg,normal,normal
intrusion_normal_rgb_0103_cctv4_f000136_000146_000156,normal_plant_rgb,intrusion_normal_rgb_0103_cctv4,"[136, 146, 156]",/home/capstone2/zroact-stage2/benchmark2/data2/no_bbox_frames/normal_plant_rgb/intrusion_normal_rgb_0103_cctv4/30fps_frame_136.jpg,/home/capstone2/zroact-stage2/benchmark2/data2/no_bbox_frames/normal_plant_rgb/intrusion_normal_rgb_0103_cctv4/30fps_frame_146.jpg,/home/capstone2/zroact-stage2/benchmark2/data2/no_bbox_frames/normal_plant_rgb/intrusion_normal_rgb_0103_cctv4/30fps_frame_156.jpg,normal,normal
intrusion_normal_rgb_0114_cctv4_f000016_000026_000036,normal_plant_rgb,intrusion_normal_rgb_0114_cctv4,"[16, 26, 36]",/home/capstone2/zroact-stage2/benchmark2/data2/no_bbox_frames/normal_plant_rgb/intrusion_normal_rgb_0114_cctv4/30fps_frame_016.jpg,/home/capstone2/zroact-stage2/benchmark2/data2/no_bbox_frames/normal_plant_rgb/intrusion_normal_rgb_0114_cctv4/30fps_frame_026.jpg,/home/capstone2/zroact-stage2/benchmark2/data2/no_bbox_frames/normal_plant_rgb/intrusion_normal_rgb_0114_cctv4/30fps_frame_036.jpg,normal,normal
intrusion_normal_rgb_0114_cctv4_f000046_000056_000066,normal_plant_rgb,intrusion_normal_rgb_0114_cctv4,"[46, 56, 66]",/home/capstone2/zroact-stage2/benchmark2/data2/no_bbox_frames/normal_plant_rgb/intrusion_normal_rgb_0114_cctv4/30fps_frame_046.jpg,/home/capstone2/zroact-stage2/benchmark2/data2/no_bbox_frames/normal_plant_rgb/intrusion_normal_rgb_0114_cctv4/30fps_frame_056.jpg,/home/capstone2/zroact-stage2/benchmark2/data2/no_bbox_frames/normal_plant_rgb/intrusion_normal_rgb_0114_cctv4/30fps_frame_066.jpg,normal,normal
intrusion_normal_rgb_0114_cctv4_f000076_000086_000096,normal_plant_rgb,intrusion_normal_rgb_0114_cctv4,"[76, 86, 96]",/home/capstone2/zroact-stage2/benchmark2/data2/no_bbox_frames/normal_plant_rgb/intrusion_normal_rgb_0114_cctv4/30fps_frame_076.jpg,/home/capstone2/zroact-stage2/benchmark2/data2/no_bbox_frames/normal_plant_rgb/intrusion_normal_rgb_0114_cctv4/30fps_frame_086.jpg,/home/capstone2/zroact-stage2/benchmark2/data2/no_bbox_frames/normal_plant_rgb/intrusion_normal_rgb_0114_cctv4/30fps_frame_096.jpg,normal,normal
intrusion_normal_rgb_0114_cctv4_f000106_000116_000126,normal_plant_rgb,intrusion_normal_rgb_0114_cctv4,"[106, 116, 126]",/home/capstone2/zroact-stage2/benchmark2/data2/no_bbox_frames/normal_plant_rgb/intrusion_normal_rgb_0114_cctv4/30fps_frame_106.jpg,/home/capstone2/zroact-stage2/benchmark2/data2/no_bbox_frames/normal_plant_rgb/intrusion_normal_rgb_0114_cctv4/30fps_frame_116.jpg,/home/capstone2/zroact-stage2/benchmark2/data2/no_bbox_frames/normal_plant_rgb/intrusion_normal_rgb_0114_cctv4/30fps_frame_126.jpg,normal,normal
intrusion_normal_rgb_0114_cctv4_f000136_000146_000156,normal_plant_rgb,intrusion_normal_rgb_0114_cctv4,"[136, 146, 156]",/home/capstone2/zroact-stage2/benchmark2/data2/no_bbox_frames/normal_plant_rgb/intrusion_normal_rgb_0114_cctv4/30fps_frame_136.jpg,/home/capstone2/zroact-stage2/benchmark2/data2/no_bbox_frames/normal_plant_rgb/intrusion_normal_rgb_0114_cctv4/30fps_frame_146.jpg,/home/capstone2/zroact-stage2/benchmark2/data2/no_bbox_frames/normal_plant_rgb/intrusion_normal_rgb_0114_cctv4/30fps_frame_156.jpg,normal,normal
intrusion_normal_rgb_0120_cctv3_f000016_000026_000036,normal_plant_rgb,intrusion_normal_rgb_0120_cctv3,"[16, 26, 36]",/home/capstone2/zroact-stage2/benchmark2/data2/no_bbox_frames/normal_plant_rgb/intrusion_normal_rgb_0120_cctv3/30fps_frame_016.jpg,/home/capstone2/zroact-stage2/benchmark2/data2/no_bbox_frames/normal_plant_rgb/intrusion_normal_rgb_0120_cctv3/30fps_frame_026.jpg,/home/capstone2/zroact-stage2/benchmark2/data2/no_bbox_frames/normal_plant_rgb/intrusion_normal_rgb_0120_cctv3/30fps_frame_036.jpg,normal,normal
intrusion_normal_rgb_0120_cctv3_f000046_000056_000066,normal_plant_rgb,intrusion_normal_rgb_0120_cctv3,"[46, 56, 66]",/home/capstone2/zroact-stage2/benchmark2/data2/no_bbox_frames/normal_plant_rgb/intrusion_normal_rgb_0120_cctv3/30fps_frame_046.jpg,/home/capstone2/zroact-stage2/benchmark2/data2/no_bbox_frames/normal_plant_rgb/intrusion_normal_rgb_0120_cctv3/30fps_frame_056.jpg,/home/capstone2/zroact-stage2/benchmark2/data2/no_bbox_frames/normal_plant_rgb/intrusion_normal_rgb_0120_cctv3/30fps_frame_066.jpg,normal,normal
intrusion_normal_rgb_0120_cctv3_f000076_000086_000096,normal_plant_rgb,intrusion_normal_rgb_0120_cctv3,"[76, 86, 96]",/home/capstone2/zroact-stage2/benchmark2/data2/no_bbox_frames/normal_plant_rgb/intrusion_normal_rgb_0120_cctv3/30fps_frame_076.jpg,/home/capstone2/zroact-stage2/benchmark2/data2/no_bbox_frames/normal_plant_rgb/intrusion_normal_rgb_0120_cctv3/30fps_frame_086.jpg,/home/capstone2/zroact-stage2/benchmark2/data2/no_bbox_frames/normal_plant_rgb/intrusion_normal_rgb_0120_cctv3/30fps_frame_096.jpg,normal,normal
intrusion_normal_rgb_0120_cctv3_f000106_000116_000126,normal_plant_rgb,intrusion_normal_rgb_0120_cctv3,"[106, 116, 126]",/home/capstone2/zroact-stage2/benchmark2/data2/no_bbox_frames/normal_plant_rgb/intrusion_normal_rgb_0120_cctv3/30fps_frame_106.jpg,/home/capstone2/zroact-stage2/benchmark2/data2/no_bbox_frames/normal_plant_rgb/intrusion_normal_rgb_0120_cctv3/30fps_frame_116.jpg,/home/capstone2/zroact-stage2/benchmark2/data2/no_bbox_frames/normal_plant_rgb/intrusion_normal_rgb_0120_cctv3/30fps_frame_126.jpg,normal,normal
intrusion_normal_rgb_0120_cctv3_f000136_000146_000156,normal_plant_rgb,intrusion_normal_rgb_0120_cctv3,"[136, 146, 156]",/home/capstone2/zroact-stage2/benchmark2/data2/no_bbox_frames/normal_plant_rgb/intrusion_normal_rgb_0120_cctv3/30fps_frame_136.jpg,/home/capstone2/zroact-stage2/benchmark2/data2/no_bbox_frames/normal_plant_rgb/intrusion_normal_rgb_0120_cctv3/30fps_frame_146.jpg,/home/capstone2/zroact-stage2/benchmark2/data2/no_bbox_frames/normal_plant_rgb/intrusion_normal_rgb_0120_cctv3/30fps_frame_156.jpg,normal,normal
intrusion_normal_rgb_0120_cctv3_f000166_000176_000186,normal_plant_rgb,intrusion_normal_rgb_0120_cctv3,"[166, 176, 186]",/home/capstone2/zroact-stage2/benchmark2/data2/no_bbox_frames/normal_plant_rgb/intrusion_normal_rgb_0120_cctv3/30fps_frame_166.jpg,/home/capstone2/zroact-stage2/benchmark2/data2/no_bbox_frames/normal_plant_rgb/intrusion_normal_rgb_0120_cctv3/30fps_frame_176.jpg,/home/capstone2/zroact-stage2/benchmark2/data2/no_bbox_frames/normal_plant_rgb/intrusion_normal_rgb_0120_cctv3/30fps_frame_186.jpg,normal,normal
intrusion_normal_rgb_0122_cctv3_f000016_000026_000036,normal_plant_rgb,intrusion_normal_rgb_0122_cctv3,"[16, 26, 36]",/home/capstone2/zroact-stage2/benchmark2/data2/no_bbox_frames/normal_plant_rgb/intrusion_normal_rgb_0122_cctv3/30fps_frame_016.jpg,/home/capstone2/zroact-stage2/benchmark2/data2/no_bbox_frames/normal_plant_rgb/intrusion_normal_rgb_0122_cctv3/30fps_frame_026.jpg,/home/capstone2/zroact-stage2/benchmark2/data2/no_bbox_frames/normal_plant_rgb/intrusion_normal_rgb_0122_cctv3/30fps_frame_036.jpg,normal,normal
intrusion_normal_rgb_0122_cctv3_f000046_000056_000066,normal_plant_rgb,intrusion_normal_rgb_0122_cctv3,"[46, 56, 66]",/home/capstone2/zroact-stage2/benchmark2/data2/no_bbox_frames/normal_plant_rgb/intrusion_normal_rgb_0122_cctv3/30fps_frame_046.jpg,/home/capstone2/zroact-stage2/benchmark2/data2/no_bbox_frames/normal_plant_rgb/intrusion_normal_rgb_0122_cctv3/30fps_frame_056.jpg,/home/capstone2/zroact-stage2/benchmark2/data2/no_bbox_frames/normal_plant_rgb/intrusion_normal_rgb_0122_cctv3/30fps_frame_066.jpg,normal,normal
intrusion_normal_rgb_0122_cctv3_f000076_000086_000096,normal_plant_rgb,intrusion_normal_rgb_0122_cctv3,"[76, 86, 96]",/home/capstone2/zroact-stage2/benchmark2/data2/no_bbox_frames/normal_plant_rgb/intrusion_normal_rgb_0122_cctv3/30fps_frame_076.jpg,/home/capstone2/zroact-stage2/benchmark2/data2/no_bbox_frames/normal_plant_rgb/intrusion_normal_rgb_0122_cctv3/30fps_frame_086.jpg,/home/capstone2/zroact-stage2/benchmark2/data2/no_bbox_frames/normal_plant_rgb/intrusion_normal_rgb_0122_cctv3/30fps_frame_096.jpg,normal,normal
intrusion_normal_rgb_0122_cctv3_f000106_000116_000126,normal_plant_rgb,intrusion_normal_rgb_0122_cctv3,"[106, 116, 126]",/home/capstone2/zroact-stage2/benchmark2/data2/no_bbox_frames/normal_plant_rgb/intrusion_normal_rgb_0122_cctv3/30fps_frame_106.jpg,/home/capstone2/zroact-stage2/benchmark2/data2/no_bbox_frames/normal_plant_rgb/intrusion_normal_rgb_0122_cctv3/30fps_frame_116.jpg,/home/capstone2/zroact-stage2/benchmark2/data2/no_bbox_frames/normal_plant_rgb/intrusion_normal_rgb_0122_cctv3/30fps_frame_126.jpg,normal,normal
intrusion_normal_rgb_0125_cctv2_f000016_000026_000036,normal_plant_rgb,intrusion_normal_rgb_0125_cctv2,"[16, 26, 36]",/home/capstone2/zroact-stage2/benchmark2/data2/no_bbox_frames/normal_plant_rgb/intrusion_normal_rgb_0125_cctv2/30fps_frame_016.jpg,/home/capstone2/zroact-stage2/benchmark2/data2/no_bbox_frames/normal_plant_rgb/intrusion_normal_rgb_0125_cctv2/30fps_frame_026.jpg,/home/capstone2/zroact-stage2/benchmark2/data2/no_bbox_frames/normal_plant_rgb/intrusion_normal_rgb_0125_cctv2/30fps_frame_036.jpg,normal,normal
intrusion_normal_rgb_0125_cctv2_f000046_000056_000066,normal_plant_rgb,intrusion_normal_rgb_0125_cctv2,"[46, 56, 66]",/home/capstone2/zroact-stage2/benchmark2/data2/no_bbox_frames/normal_plant_rgb/intrusion_normal_rgb_0125_cctv2/30fps_frame_046.jpg,/home/capstone2/zroact-stage2/benchmark2/data2/no_bbox_frames/normal_plant_rgb/intrusion_normal_rgb_0125_cctv2/30fps_frame_056.jpg,/home/capstone2/zroact-stage2/benchmark2/data2/no_bbox_frames/normal_plant_rgb/intrusion_normal_rgb_0125_cctv2/30fps_frame_066.jpg,normal,normal
intrusion_normal_rgb_0125_cctv2_f000076_000086_000096,normal_plant_rgb,intrusion_normal_rgb_0125_cctv2,"[76, 86, 96]",/home/capstone2/zroact-stage2/benchmark2/data2/no_bbox_frames/normal_plant_rgb/intrusion_normal_rgb_0125_cctv2/30fps_frame_076.jpg,/home/capstone2/zroact-stage2/benchmark2/data2/no_bbox_frames/normal_plant_rgb/intrusion_normal_rgb_0125_cctv2/30fps_frame_086.jpg,/home/capstone2/zroact-stage2/benchmark2/data2/no_bbox_frames/normal_plant_rgb/intrusion_normal_rgb_0125_cctv2/30fps_frame_096.jpg,normal,normal
intrusion_normal_rgb_0125_cctv2_f000106_000116_000126,normal_plant_rgb,intrusion_normal_rgb_0125_cctv2,"[106, 116, 126]",/home/capstone2/zroact-stage2/benchmark2/data2/no_bbox_frames/normal_plant_rgb/intrusion_normal_rgb_0125_cctv2/30fps_frame_106.jpg,/home/capstone2/zroact-stage2/benchmark2/data2/no_bbox_frames/normal_plant_rgb/intrusion_normal_rgb_0125_cctv2/30fps_frame_116.jpg,/home/capstone2/zroact-stage2/benchmark2/data2/no_bbox_frames/normal_plant_rgb/intrusion_normal_rgb_0125_cctv2/30fps_frame_126.jpg,normal,normal
intrusion_normal_rgb_0125_cctv2_f000136_000146_000156,normal_plant_rgb,intrusion_normal_rgb_0125_cctv2,"[136, 146, 156]",/home/capstone2/zroact-stage2/benchmark2/data2/no_bbox_frames/normal_plant_rgb/intrusion_normal_rgb_0125_cctv2/30fps_frame_136.jpg,/home/capstone2/zroact-stage2/benchmark2/data2/no_bbox_frames/normal_plant_rgb/intrusion_normal_rgb_0125_cctv2/30fps_frame_146.jpg,/home/capstone2/zroact-stage2/benchmark2/data2/no_bbox_frames/normal_plant_rgb/intrusion_normal_rgb_0125_cctv2/30fps_frame_156.jpg,normal,normal
intrusion_normal_rgb_0128_cctv1_f000016_000026_000036,normal_plant_rgb,intrusion_normal_rgb_0128_cctv1,"[16, 26, 36]",/home/capstone2/zroact-stage2/benchmark2/data2/no_bbox_frames/normal_plant_rgb/intrusion_normal_rgb_0128_cctv1/30fps_frame_016.jpg,/home/capstone2/zroact-stage2/benchmark2/data2/no_bbox_frames/normal_plant_rgb/intrusion_normal_rgb_0128_cctv1/30fps_frame_026.jpg,/home/capstone2/zroact-stage2/benchmark2/data2/no_bbox_frames/normal_plant_rgb/intrusion_normal_rgb_0128_cctv1/30fps_frame_036.jpg,normal,normal
intrusion_normal_rgb_0128_cctv1_f000046_000056_000066,normal_plant_rgb,intrusion_normal_rgb_0128_cctv1,"[46, 56, 66]",/home/capstone2/zroact-stage2/benchmark2/data2/no_bbox_frames/normal_plant_rgb/intrusion_normal_rgb_0128_cctv1/30fps_frame_046.jpg,/home/capstone2/zroact-stage2/benchmark2/data2/no_bbox_frames/normal_plant_rgb/intrusion_normal_rgb_0128_cctv1/30fps_frame_056.jpg,/home/capstone2/zroact-stage2/benchmark2/data2/no_bbox_frames/normal_plant_rgb/intrusion_normal_rgb_0128_cctv1/30fps_frame_066.jpg,normal,normal
intrusion_normal_rgb_0128_cctv1_f000076_000086_000096,normal_plant_rgb,intrusion_normal_rgb_0128_cctv1,"[76, 86, 96]",/home/capstone2/zroact-stage2/benchmark2/data2/no_bbox_frames/normal_plant_rgb/intrusion_normal_rgb_0128_cctv1/30fps_frame_076.jpg,/home/capstone2/zroact-stage2/benchmark2/data2/no_bbox_frames/normal_plant_rgb/intrusion_normal_rgb_0128_cctv1/30fps_frame_086.jpg,/home/capstone2/zroact-stage2/benchmark2/data2/no_bbox_frames/normal_plant_rgb/intrusion_normal_rgb_0128_cctv1/30fps_frame_096.jpg,normal,normal
intrusion_normal_rgb_0128_cctv1_f000106_000116_000126,normal_plant_rgb,intrusion_normal_rgb_0128_cctv1,"[106, 116, 126]",/home/capstone2/zroact-stage2/benchmark2/data2/no_bbox_frames/normal_plant_rgb/intrusion_normal_rgb_0128_cctv1/30fps_frame_106.jpg,/home/capstone2/zroact-stage2/benchmark2/data2/no_bbox_frames/normal_plant_rgb/intrusion_normal_rgb_0128_cctv1/30fps_frame_116.jpg,/home/capstone2/zroact-stage2/benchmark2/data2/no_bbox_frames/normal_plant_rgb/intrusion_normal_rgb_0128_cctv1/30fps_frame_126.jpg,normal,normal
intrusion_normal_rgb_0128_cctv1_f000136_000146_000156,normal_plant_rgb,intrusion_normal_rgb_0128_cctv1,"[136, 146, 156]",/home/capstone2/zroact-stage2/benchmark2/data2/no_bbox_frames/normal_plant_rgb/intrusion_normal_rgb_0128_cctv1/30fps_frame_136.jpg,/home/capstone2/zroact-stage2/benchmark2/data2/no_bbox_frames/normal_plant_rgb/intrusion_normal_rgb_0128_cctv1/30fps_frame_146.jpg,/home/capstone2/zroact-stage2/benchmark2/data2/no_bbox_frames/normal_plant_rgb/intrusion_normal_rgb_0128_cctv1/30fps_frame_156.jpg,normal,normal
intrusion_normal_rgb_0133_cctv1_f000016_000026_000036,normal_plant_rgb,intrusion_normal_rgb_0133_cctv1,"[16, 26, 36]",/home/capstone2/zroact-stage2/benchmark2/data2/no_bbox_frames/normal_plant_rgb/intrusion_normal_rgb_0133_cctv1/30fps_frame_016.jpg,/home/capstone2/zroact-stage2/benchmark2/data2/no_bbox_frames/normal_plant_rgb/intrusion_normal_rgb_0133_cctv1/30fps_frame_026.jpg,/home/capstone2/zroact-stage2/benchmark2/data2/no_bbox_frames/normal_plant_rgb/intrusion_normal_rgb_0133_cctv1/30fps_frame_036.jpg,normal,normal
intrusion_normal_rgb_0133_cctv1_f000046_000056_000066,normal_plant_rgb,intrusion_normal_rgb_0133_cctv1,"[46, 56, 66]",/home/capstone2/zroact-stage2/benchmark2/data2/no_bbox_frames/normal_plant_rgb/intrusion_normal_rgb_0133_cctv1/30fps_frame_046.jpg,/home/capstone2/zroact-stage2/benchmark2/data2/no_bbox_frames/normal_plant_rgb/intrusion_normal_rgb_0133_cctv1/30fps_frame_056.jpg,/home/capstone2/zroact-stage2/benchmark2/data2/no_bbox_frames/normal_plant_rgb/intrusion_normal_rgb_0133_cctv1/30fps_frame_066.jpg,normal,normal
intrusion_normal_rgb_0133_cctv1_f000076_000086_000096,normal_plant_rgb,intrusion_normal_rgb_0133_cctv1,"[76, 86, 96]",/home/capstone2/zroact-stage2/benchmark2/data2/no_bbox_frames/normal_plant_rgb/intrusion_normal_rgb_0133_cctv1/30fps_frame_076.jpg,/home/capstone2/zroact-stage2/benchmark2/data2/no_bbox_frames/normal_plant_rgb/intrusion_normal_rgb_0133_cctv1/30fps_frame_086.jpg,/home/capstone2/zroact-stage2/benchmark2/data2/no_bbox_frames/normal_plant_rgb/intrusion_normal_rgb_0133_cctv1/30fps_frame_096.jpg,normal,normal
intrusion_normal_rgb_0133_cctv1_f000106_000116_000126,normal_plant_rgb,intrusion_normal_rgb_0133_cctv1,"[106, 116, 126]",/home/capstone2/zroact-stage2/benchmark2/data2/no_bbox_frames/normal_plant_rgb/intrusion_normal_rgb_0133_cctv1/30fps_frame_106.jpg,/home/capstone2/zroact-stage2/benchmark2/data2/no_bbox_frames/normal_plant_rgb/intrusion_normal_rgb_0133_cctv1/30fps_frame_116.jpg,/home/capstone2/zroact-stage2/benchmark2/data2/no_bbox_frames/normal_plant_rgb/intrusion_normal_rgb_0133_cctv1/30fps_frame_126.jpg,normal,normal
intrusion_normal_rgb_0133_cctv1_f000136_000146_000156,normal_plant_rgb,intrusion_normal_rgb_0133_cctv1,"[136, 146, 156]",/home/capstone2/zroact-stage2/benchmark2/data2/no_bbox_frames/normal_plant_rgb/intrusion_normal_rgb_0133_cctv1/30fps_frame_136.jpg,/home/capstone2/zroact-stage2/benchmark2/data2/no_bbox_frames/normal_plant_rgb/intrusion_normal_rgb_0133_cctv1/30fps_frame_146.jpg,/home/capstone2/zroact-stage2/benchmark2/data2/no_bbox_frames/normal_plant_rgb/intrusion_normal_rgb_0133_cctv1/30fps_frame_156.jpg,normal,normal
intrusion_normal_rgb_0138_cctv2_f000016_000026_000036,normal_plant_rgb,intrusion_normal_rgb_0138_cctv2,"[16, 26, 36]",/home/capstone2/zroact-stage2/benchmark2/data2/no_bbox_frames/normal_plant_rgb/intrusion_normal_rgb_0138_cctv2/30fps_frame_016.jpg,/home/capstone2/zroact-stage2/benchmark2/data2/no_bbox_frames/normal_plant_rgb/intrusion_normal_rgb_0138_cctv2/30fps_frame_026.jpg,/home/capstone2/zroact-stage2/benchmark2/data2/no_bbox_frames/normal_plant_rgb/intrusion_normal_rgb_0138_cctv2/30fps_frame_036.jpg,normal,normal
intrusion_normal_rgb_0138_cctv2_f000046_000056_000066,normal_plant_rgb,intrusion_normal_rgb_0138_cctv2,"[46, 56, 66]",/home/capstone2/zroact-stage2/benchmark2/data2/no_bbox_frames/normal_plant_rgb/intrusion_normal_rgb_0138_cctv2/30fps_frame_046.jpg,/home/capstone2/zroact-stage2/benchmark2/data2/no_bbox_frames/normal_plant_rgb/intrusion_normal_rgb_0138_cctv2/30fps_frame_056.jpg,/home/capstone2/zroact-stage2/benchmark2/data2/no_bbox_frames/normal_plant_rgb/intrusion_normal_rgb_0138_cctv2/30fps_frame_066.jpg,normal,normal
intrusion_normal_rgb_0138_cctv2_f000076_000086_000096,normal_plant_rgb,intrusion_normal_rgb_0138_cctv2,"[76, 86, 96]",/home/capstone2/zroact-stage2/benchmark2/data2/no_bbox_frames/normal_plant_rgb/intrusion_normal_rgb_0138_cctv2/30fps_frame_076.jpg,/home/capstone2/zroact-stage2/benchmark2/data2/no_bbox_frames/normal_plant_rgb/intrusion_normal_rgb_0138_cctv2/30fps_frame_086.jpg,/home/capstone2/zroact-stage2/benchmark2/data2/no_bbox_frames/normal_plant_rgb/intrusion_normal_rgb_0138_cctv2/30fps_frame_096.jpg,normal,normal
intrusion_normal_rgb_0138_cctv2_f000106_000116_000126,normal_plant_rgb,intrusion_normal_rgb_0138_cctv2,"[106, 116, 126]",/home/capstone2/zroact-stage2/benchmark2/data2/no_bbox_frames/normal_plant_rgb/intrusion_normal_rgb_0138_cctv2/30fps_frame_106.jpg,/home/capstone2/zroact-stage2/benchmark2/data2/no_bbox_frames/normal_plant_rgb/intrusion_normal_rgb_0138_cctv2/30fps_frame_116.jpg,/home/capstone2/zroact-stage2/benchmark2/data2/no_bbox_frames/normal_plant_rgb/intrusion_normal_rgb_0138_cctv2/30fps_frame_126.jpg,normal,normal
intrusion_normal_rgb_0138_cctv2_f000136_000146_000156,normal_plant_rgb,intrusion_normal_rgb_0138_cctv2,"[136, 146, 156]",/home/capstone2/zroact-stage2/benchmark2/data2/no_bbox_frames/normal_plant_rgb/intrusion_normal_rgb_0138_cctv2/30fps_frame_136.jpg,/home/capstone2/zroact-stage2/benchmark2/data2/no_bbox_frames/normal_plant_rgb/intrusion_normal_rgb_0138_cctv2/30fps_frame_146.jpg,/home/capstone2/zroact-stage2/benchmark2/data2/no_bbox_frames/normal_plant_rgb/intrusion_normal_rgb_0138_cctv2/30fps_frame_156.jpg,normal,normal
intrusion_normal_rgb_0140_cctv4_f000016_000026_000036,normal_plant_rgb,intrusion_normal_rgb_0140_cctv4,"[16, 26, 36]",/home/capstone2/zroact-stage2/benchmark2/data2/no_bbox_frames/normal_plant_rgb/intrusion_normal_rgb_0140_cctv4/30fps_frame_016.jpg,/home/capstone2/zroact-stage2/benchmark2/data2/no_bbox_frames/normal_plant_rgb/intrusion_normal_rgb_0140_cctv4/30fps_frame_026.jpg,/home/capstone2/zroact-stage2/benchmark2/data2/no_bbox_frames/normal_plant_rgb/intrusion_normal_rgb_0140_cctv4/30fps_frame_036.jpg,normal,normal
intrusion_normal_rgb_0140_cctv4_f000046_000056_000066,normal_plant_rgb,intrusion_normal_rgb_0140_cctv4,"[46, 56, 66]",/home/capstone2/zroact-stage2/benchmark2/data2/no_bbox_frames/normal_plant_rgb/intrusion_normal_rgb_0140_cctv4/30fps_frame_046.jpg,/home/capstone2/zroact-stage2/benchmark2/data2/no_bbox_frames/normal_plant_rgb/intrusion_normal_rgb_0140_cctv4/30fps_frame_056.jpg,/home/capstone2/zroact-stage2/benchmark2/data2/no_bbox_frames/normal_plant_rgb/intrusion_normal_rgb_0140_cctv4/30fps_frame_066.jpg,normal,normal
intrusion_normal_rgb_0140_cctv4_f000076_000086_000096,normal_plant_rgb,intrusion_normal_rgb_0140_cctv4,"[76, 86, 96]",/home/capstone2/zroact-stage2/benchmark2/data2/no_bbox_frames/normal_plant_rgb/intrusion_normal_rgb_0140_cctv4/30fps_frame_076.jpg,/home/capstone2/zroact-stage2/benchmark2/data2/no_bbox_frames/normal_plant_rgb/intrusion_normal_rgb_0140_cctv4/30fps_frame_086.jpg,/home/capstone2/zroact-stage2/benchmark2/data2/no_bbox_frames/normal_plant_rgb/intrusion_normal_rgb_0140_cctv4/30fps_frame_096.jpg,normal,normal
intrusion_normal_rgb_0140_cctv4_f000106_000116_000126,normal_plant_rgb,intrusion_normal_rgb_0140_cctv4,"[106, 116, 126]",/home/capstone2/zroact-stage2/benchmark2/data2/no_bbox_frames/normal_plant_rgb/intrusion_normal_rgb_0140_cctv4/30fps_frame_106.jpg,/home/capstone2/zroact-stage2/benchmark2/data2/no_bbox_frames/normal_plant_rgb/intrusion_normal_rgb_0140_cctv4/30fps_frame_116.jpg,/home/capstone2/zroact-stage2/benchmark2/data2/no_bbox_frames/normal_plant_rgb/intrusion_normal_rgb_0140_cctv4/30fps_frame_126.jpg,normal,normal
intrusion_normal_rgb_0140_cctv4_f000136_000146_000156,normal_plant_rgb,intrusion_normal_rgb_0140_cctv4,"[136, 146, 156]",/home/capstone2/zroact-stage2/benchmark2/data2/no_bbox_frames/normal_plant_rgb/intrusion_normal_rgb_0140_cctv4/30fps_frame_136.jpg,/home/capstone2/zroact-stage2/benchmark2/data2/no_bbox_frames/normal_plant_rgb/intrusion_normal_rgb_0140_cctv4/30fps_frame_146.jpg,/home/capstone2/zroact-stage2/benchmark2/data2/no_bbox_frames/normal_plant_rgb/intrusion_normal_rgb_0140_cctv4/30fps_frame_156.jpg,normal,normal
intrusion_normal_rgb_0156_cctv2_f000016_000026_000036,normal_plant_rgb,intrusion_normal_rgb_0156_cctv2,"[16, 26, 36]",/home/capstone2/zroact-stage2/benchmark2/data2/no_bbox_frames/normal_plant_rgb/intrusion_normal_rgb_0156_cctv2/30fps_frame_016.jpg,/home/capstone2/zroact-stage2/benchmark2/data2/no_bbox_frames/normal_plant_rgb/intrusion_normal_rgb_0156_cctv2/30fps_frame_026.jpg,/home/capstone2/zroact-stage2/benchmark2/data2/no_bbox_frames/normal_plant_rgb/intrusion_normal_rgb_0156_cctv2/30fps_frame_036.jpg,normal,normal
intrusion_normal_rgb_0156_cctv2_f000046_000056_000066,normal_plant_rgb,intrusion_normal_rgb_0156_cctv2,"[46, 56, 66]",/home/capstone2/zroact-stage2/benchmark2/data2/no_bbox_frames/normal_plant_rgb/intrusion_normal_rgb_0156_cctv2/30fps_frame_046.jpg,/home/capstone2/zroact-stage2/benchmark2/data2/no_bbox_frames/normal_plant_rgb/intrusion_normal_rgb_0156_cctv2/30fps_frame_056.jpg,/home/capstone2/zroact-stage2/benchmark2/data2/no_bbox_frames/normal_plant_rgb/intrusion_normal_rgb_0156_cctv2/30fps_frame_066.jpg,normal,normal
intrusion_normal_rgb_0156_cctv2_f000076_000086_000096,normal_plant_rgb,intrusion_normal_rgb_0156_cctv2,"[76, 86, 96]",/home/capstone2/zroact-stage2/benchmark2/data2/no_bbox_frames/normal_plant_rgb/intrusion_normal_rgb_0156_cctv2/30fps_frame_076.jpg,/home/capstone2/zroact-stage2/benchmark2/data2/no_bbox_frames/normal_plant_rgb/intrusion_normal_rgb_0156_cctv2/30fps_frame_086.jpg,/home/capstone2/zroact-stage2/benchmark2/data2/no_bbox_frames/normal_plant_rgb/intrusion_normal_rgb_0156_cctv2/30fps_frame_096.jpg,normal,normal
intrusion_normal_rgb_0156_cctv2_f000106_000116_000126,normal_plant_rgb,intrusion_normal_rgb_0156_cctv2,"[106, 116, 126]",/home/capstone2/zroact-stage2/benchmark2/data2/no_bbox_frames/normal_plant_rgb/intrusion_normal_rgb_0156_cctv2/30fps_frame_106.jpg,/home/capstone2/zroact-stage2/benchmark2/data2/no_bbox_frames/normal_plant_rgb/intrusion_normal_rgb_0156_cctv2/30fps_frame_116.jpg,/home/capstone2/zroact-stage2/benchmark2/data2/no_bbox_frames/normal_plant_rgb/intrusion_normal_rgb_0156_cctv2/30fps_frame_126.jpg,normal,normal
intrusion_normal_rgb_0156_cctv2_f000136_000146_000156,normal_plant_rgb,intrusion_normal_rgb_0156_cctv2,"[136, 146, 156]",/home/capstone2/zroact-stage2/benchmark2/data2/no_bbox_frames/normal_plant_rgb/intrusion_normal_rgb_0156_cctv2/30fps_frame_136.jpg,/home/capstone2/zroact-stage2/benchmark2/data2/no_bbox_frames/normal_plant_rgb/intrusion_normal_rgb_0156_cctv2/30fps_frame_146.jpg,/home/capstone2/zroact-stage2/benchmark2/data2/no_bbox_frames/normal_plant_rgb/intrusion_normal_rgb_0156_cctv2/30fps_frame_156.jpg,normal,normal
intrusion_normal_rgb_0156_cctv2_f000166_000176_000186,normal_plant_rgb,intrusion_normal_rgb_0156_cctv2,"[166, 176, 186]",/home/capstone2/zroact-stage2/benchmark2/data2/no_bbox_frames/normal_plant_rgb/intrusion_normal_rgb_0156_cctv2/30fps_frame_166.jpg,/home/capstone2/zroact-stage2/benchmark2/data2/no_bbox_frames/normal_plant_rgb/intrusion_normal_rgb_0156_cctv2/30fps_frame_176.jpg,/home/capstone2/zroact-stage2/benchmark2/data2/no_bbox_frames/normal_plant_rgb/intrusion_normal_rgb_0156_cctv2/30fps_frame_186.jpg,normal,normal
intrusion_normal_rgb_0156_cctv2_f000196_000206_000216,normal_plant_rgb,intrusion_normal_rgb_0156_cctv2,"[196, 206, 216]",/home/capstone2/zroact-stage2/benchmark2/data2/no_bbox_frames/normal_plant_rgb/intrusion_normal_rgb_0156_cctv2/30fps_frame_196.jpg,/home/capstone2/zroact-stage2/benchmark2/data2/no_bbox_frames/normal_plant_rgb/intrusion_normal_rgb_0156_cctv2/30fps_frame_206.jpg,/home/capstone2/zroact-stage2/benchmark2/data2/no_bbox_frames/normal_plant_rgb/intrusion_normal_rgb_0156_cctv2/30fps_frame_216.jpg,normal,normal
intrusion_normal_rgb_0158_cctv2_f000016_000026_000036,normal_plant_rgb,intrusion_normal_rgb_0158_cctv2,"[16, 26, 36]",/home/capstone2/zroact-stage2/benchmark2/data2/no_bbox_frames/normal_plant_rgb/intrusion_normal_rgb_0158_cctv2/30fps_frame_016.jpg,/home/capstone2/zroact-stage2/benchmark2/data2/no_bbox_frames/normal_plant_rgb/intrusion_normal_rgb_0158_cctv2/30fps_frame_026.jpg,/home/capstone2/zroact-stage2/benchmark2/data2/no_bbox_frames/normal_plant_rgb/intrusion_normal_rgb_0158_cctv2/30fps_frame_036.jpg,normal,normal
intrusion_normal_rgb_0158_cctv2_f000046_000056_000066,normal_plant_rgb,intrusion_normal_rgb_0158_cctv2,"[46, 56, 66]",/home/capstone2/zroact-stage2/benchmark2/data2/no_bbox_frames/normal_plant_rgb/intrusion_normal_rgb_0158_cctv2/30fps_frame_046.jpg,/home/capstone2/zroact-stage2/benchmark2/data2/no_bbox_frames/normal_plant_rgb/intrusion_normal_rgb_0158_cctv2/30fps_frame_056.jpg,/home/capstone2/zroact-stage2/benchmark2/data2/no_bbox_frames/normal_plant_rgb/intrusion_normal_rgb_0158_cctv2/30fps_frame_066.jpg,normal,normal
intrusion_normal_rgb_0158_cctv2_f000076_000086_000096,normal_plant_rgb,intrusion_normal_rgb_0158_cctv2,"[76, 86, 96]",/home/capstone2/zroact-stage2/benchmark2/data2/no_bbox_frames/normal_plant_rgb/intrusion_normal_rgb_0158_cctv2/30fps_frame_076.jpg,/home/capstone2/zroact-stage2/benchmark2/data2/no_bbox_frames/normal_plant_rgb/intrusion_normal_rgb_0158_cctv2/30fps_frame_086.jpg,/home/capstone2/zroact-stage2/benchmark2/data2/no_bbox_frames/normal_plant_rgb/intrusion_normal_rgb_0158_cctv2/30fps_frame_096.jpg,normal,normal
intrusion_normal_rgb_0158_cctv2_f000106_000116_000126,normal_plant_rgb,intrusion_normal_rgb_0158_cctv2,"[106, 116, 126]",/home/capstone2/zroact-stage2/benchmark2/data2/no_bbox_frames/normal_plant_rgb/intrusion_normal_rgb_0158_cctv2/30fps_frame_106.jpg,/home/capstone2/zroact-stage2/benchmark2/data2/no_bbox_frames/normal_plant_rgb/intrusion_normal_rgb_0158_cctv2/30fps_frame_116.jpg,/home/capstone2/zroact-stage2/benchmark2/data2/no_bbox_frames/normal_plant_rgb/intrusion_normal_rgb_0158_cctv2/30fps_frame_126.jpg,normal,normal
intrusion_normal_rgb_0158_cctv2_f000136_000146_000156,normal_plant_rgb,intrusion_normal_rgb_0158_cctv2,"[136, 146, 156]",/home/capstone2/zroact-stage2/benchmark2/data2/no_bbox_frames/normal_plant_rgb/intrusion_normal_rgb_0158_cctv2/30fps_frame_136.jpg,/home/capstone2/zroact-stage2/benchmark2/data2/no_bbox_frames/normal_plant_rgb/intrusion_normal_rgb_0158_cctv2/30fps_frame_146.jpg,/home/capstone2/zroact-stage2/benchmark2/data2/no_bbox_frames/normal_plant_rgb/intrusion_normal_rgb_0158_cctv2/30fps_frame_156.jpg,normal,normal
intrusion_normal_rgb_0161_cctv4_f000016_000026_000036,normal_plant_rgb,intrusion_normal_rgb_0161_cctv4,"[16, 26, 36]",/home/capstone2/zroact-stage2/benchmark2/data2/no_bbox_frames/normal_plant_rgb/intrusion_normal_rgb_0161_cctv4/30fps_frame_016.jpg,/home/capstone2/zroact-stage2/benchmark2/data2/no_bbox_frames/normal_plant_rgb/intrusion_normal_rgb_0161_cctv4/30fps_frame_026.jpg,/home/capstone2/zroact-stage2/benchmark2/data2/no_bbox_frames/normal_plant_rgb/intrusion_normal_rgb_0161_cctv4/30fps_frame_036.jpg,normal,normal
intrusion_normal_rgb_0161_cctv4_f000046_000056_000066,normal_plant_rgb,intrusion_normal_rgb_0161_cctv4,"[46, 56, 66]",/home/capstone2/zroact-stage2/benchmark2/data2/no_bbox_frames/normal_plant_rgb/intrusion_normal_rgb_0161_cctv4/30fps_frame_046.jpg,/home/capstone2/zroact-stage2/benchmark2/data2/no_bbox_frames/normal_plant_rgb/intrusion_normal_rgb_0161_cctv4/30fps_frame_056.jpg,/home/capstone2/zroact-stage2/benchmark2/data2/no_bbox_frames/normal_plant_rgb/intrusion_normal_rgb_0161_cctv4/30fps_frame_066.jpg,normal,normal
intrusion_normal_rgb_0161_cctv4_f000076_000086_000096,normal_plant_rgb,intrusion_normal_rgb_0161_cctv4,"[76, 86, 96]",/home/capstone2/zroact-stage2/benchmark2/data2/no_bbox_frames/normal_plant_rgb/intrusion_normal_rgb_0161_cctv4/30fps_frame_076.jpg,/home/capstone2/zroact-stage2/benchmark2/data2/no_bbox_frames/normal_plant_rgb/intrusion_normal_rgb_0161_cctv4/30fps_frame_086.jpg,/home/capstone2/zroact-stage2/benchmark2/data2/no_bbox_frames/normal_plant_rgb/intrusion_normal_rgb_0161_cctv4/30fps_frame_096.jpg,normal,normal
intrusion_normal_rgb_0161_cctv4_f000106_000116_000126,normal_plant_rgb,intrusion_normal_rgb_0161_cctv4,"[106, 116, 126]",/home/capstone2/zroact-stage2/benchmark2/data2/no_bbox_frames/normal_plant_rgb/intrusion_normal_rgb_0161_cctv4/30fps_frame_106.jpg,/home/capstone2/zroact-stage2/benchmark2/data2/no_bbox_frames/normal_plant_rgb/intrusion_normal_rgb_0161_cctv4/30fps_frame_116.jpg,/home/capstone2/zroact-stage2/benchmark2/data2/no_bbox_frames/normal_plant_rgb/intrusion_normal_rgb_0161_cctv4/30fps_frame_126.jpg,normal,normal
intrusion_normal_rgb_0161_cctv4_f000136_000146_000156,normal_plant_rgb,intrusion_normal_rgb_0161_cctv4,"[136, 146, 156]",/home/capstone2/zroact-stage2/benchmark2/data2/no_bbox_frames/normal_plant_rgb/intrusion_normal_rgb_0161_cctv4/30fps_frame_136.jpg,/home/capstone2/zroact-stage2/benchmark2/data2/no_bbox_frames/normal_plant_rgb/intrusion_normal_rgb_0161_cctv4/30fps_frame_146.jpg,/home/capstone2/zroact-stage2/benchmark2/data2/no_bbox_frames/normal_plant_rgb/intrusion_normal_rgb_0161_cctv4/30fps_frame_156.jpg,normal,normal
intrusion_normal_rgb_0162_cctv2_f000016_000026_000036,normal_plant_rgb,intrusion_normal_rgb_0162_cctv2,"[16, 26, 36]",/home/capstone2/zroact-stage2/benchmark2/data2/no_bbox_frames/normal_plant_rgb/intrusion_normal_rgb_0162_cctv2/30fps_frame_016.jpg,/home/capstone2/zroact-stage2/benchmark2/data2/no_bbox_frames/normal_plant_rgb/intrusion_normal_rgb_0162_cctv2/30fps_frame_026.jpg,/home/capstone2/zroact-stage2/benchmark2/data2/no_bbox_frames/normal_plant_rgb/intrusion_normal_rgb_0162_cctv2/30fps_frame_036.jpg,normal,normal
intrusion_normal_rgb_0162_cctv2_f000046_000056_000066,normal_plant_rgb,intrusion_normal_rgb_0162_cctv2,"[46, 56, 66]",/home/capstone2/zroact-stage2/benchmark2/data2/no_bbox_frames/normal_plant_rgb/intrusion_normal_rgb_0162_cctv2/30fps_frame_046.jpg,/home/capstone2/zroact-stage2/benchmark2/data2/no_bbox_frames/normal_plant_rgb/intrusion_normal_rgb_0162_cctv2/30fps_frame_056.jpg,/home/capstone2/zroact-stage2/benchmark2/data2/no_bbox_frames/normal_plant_rgb/intrusion_normal_rgb_0162_cctv2/30fps_frame_066.jpg,normal,normal
intrusion_normal_rgb_0162_cctv2_f000076_000086_000096,normal_plant_rgb,intrusion_normal_rgb_0162_cctv2,"[76, 86, 96]",/home/capstone2/zroact-stage2/benchmark2/data2/no_bbox_frames/normal_plant_rgb/intrusion_normal_rgb_0162_cctv2/30fps_frame_076.jpg,/home/capstone2/zroact-stage2/benchmark2/data2/no_bbox_frames/normal_plant_rgb/intrusion_normal_rgb_0162_cctv2/30fps_frame_086.jpg,/home/capstone2/zroact-stage2/benchmark2/data2/no_bbox_frames/normal_plant_rgb/intrusion_normal_rgb_0162_cctv2/30fps_frame_096.jpg,normal,normal
intrusion_normal_rgb_0162_cctv2_f000106_000116_000126,normal_plant_rgb,intrusion_normal_rgb_0162_cctv2,"[106, 116, 126]",/home/capstone2/zroact-stage2/benchmark2/data2/no_bbox_frames/normal_plant_rgb/intrusion_normal_rgb_0162_cctv2/30fps_frame_106.jpg,/home/capstone2/zroact-stage2/benchmark2/data2/no_bbox_frames/normal_plant_rgb/intrusion_normal_rgb_0162_cctv2/30fps_frame_116.jpg,/home/capstone2/zroact-stage2/benchmark2/data2/no_bbox_frames/normal_plant_rgb/intrusion_normal_rgb_0162_cctv2/30fps_frame_126.jpg,normal,normal
intrusion_normal_rgb_0162_cctv2_f000136_000146_000156,normal_plant_rgb,intrusion_normal_rgb_0162_cctv2,"[136, 146, 156]",/home/capstone2/zroact-stage2/benchmark2/data2/no_bbox_frames/normal_plant_rgb/intrusion_normal_rgb_0162_cctv2/30fps_frame_136.jpg,/home/capstone2/zroact-stage2/benchmark2/data2/no_bbox_frames/normal_plant_rgb/intrusion_normal_rgb_0162_cctv2/30fps_frame_146.jpg,/home/capstone2/zroact-stage2/benchmark2/data2/no_bbox_frames/normal_plant_rgb/intrusion_normal_rgb_0162_cctv2/30fps_frame_156.jpg,normal,normal
intrusion_normal_rgb_0163_cctv2_f000016_000026_000036,normal_plant_rgb,intrusion_normal_rgb_0163_cctv2,"[16, 26, 36]",/home/capstone2/zroact-stage2/benchmark2/data2/no_bbox_frames/normal_plant_rgb/intrusion_normal_rgb_0163_cctv2/30fps_frame_016.jpg,/home/capstone2/zroact-stage2/benchmark2/data2/no_bbox_frames/normal_plant_rgb/intrusion_normal_rgb_0163_cctv2/30fps_frame_026.jpg,/home/capstone2/zroact-stage2/benchmark2/data2/no_bbox_frames/normal_plant_rgb/intrusion_normal_rgb_0163_cctv2/30fps_frame_036.jpg,normal,normal
intrusion_normal_rgb_0163_cctv2_f000046_000056_000066,normal_plant_rgb,intrusion_normal_rgb_0163_cctv2,"[46, 56, 66]",/home/capstone2/zroact-stage2/benchmark2/data2/no_bbox_frames/normal_plant_rgb/intrusion_normal_rgb_0163_cctv2/30fps_frame_046.jpg,/home/capstone2/zroact-stage2/benchmark2/data2/no_bbox_frames/normal_plant_rgb/intrusion_normal_rgb_0163_cctv2/30fps_frame_056.jpg,/home/capstone2/zroact-stage2/benchmark2/data2/no_bbox_frames/normal_plant_rgb/intrusion_normal_rgb_0163_cctv2/30fps_frame_066.jpg,normal,normal
intrusion_normal_rgb_0163_cctv2_f000076_000086_000096,normal_plant_rgb,intrusion_normal_rgb_0163_cctv2,"[76, 86, 96]",/home/capstone2/zroact-stage2/benchmark2/data2/no_bbox_frames/normal_plant_rgb/intrusion_normal_rgb_0163_cctv2/30fps_frame_076.jpg,/home/capstone2/zroact-stage2/benchmark2/data2/no_bbox_frames/normal_plant_rgb/intrusion_normal_rgb_0163_cctv2/30fps_frame_086.jpg,/home/capstone2/zroact-stage2/benchmark2/data2/no_bbox_frames/normal_plant_rgb/intrusion_normal_rgb_0163_cctv2/30fps_frame_096.jpg,normal,normal
intrusion_normal_rgb_0163_cctv2_f000106_000116_000126,normal_plant_rgb,intrusion_normal_rgb_0163_cctv2,"[106, 116, 126]",/home/capstone2/zroact-stage2/benchmark2/data2/no_bbox_frames/normal_plant_rgb/intrusion_normal_rgb_0163_cctv2/30fps_frame_106.jpg,/home/capstone2/zroact-stage2/benchmark2/data2/no_bbox_frames/normal_plant_rgb/intrusion_normal_rgb_0163_cctv2/30fps_frame_116.jpg,/home/capstone2/zroact-stage2/benchmark2/data2/no_bbox_frames/normal_plant_rgb/intrusion_normal_rgb_0163_cctv2/30fps_frame_126.jpg,normal,normal
intrusion_normal_rgb_0163_cctv2_f000136_000146_000156,normal_plant_rgb,intrusion_normal_rgb_0163_cctv2,"[136, 146, 156]",/home/capstone2/zroact-stage2/benchmark2/data2/no_bbox_frames/normal_plant_rgb/intrusion_normal_rgb_0163_cctv2/30fps_frame_136.jpg,/home/capstone2/zroact-stage2/benchmark2/data2/no_bbox_frames/normal_plant_rgb/intrusion_normal_rgb_0163_cctv2/30fps_frame_146.jpg,/home/capstone2/zroact-stage2/benchmark2/data2/no_bbox_frames/normal_plant_rgb/intrusion_normal_rgb_0163_cctv2/30fps_frame_156.jpg,normal,normal
intrusion_normal_rgb_0164_cctv4_f000016_000026_000036,normal_plant_rgb,intrusion_normal_rgb_0164_cctv4,"[16, 26, 36]",/home/capstone2/zroact-stage2/benchmark2/data2/no_bbox_frames/normal_plant_rgb/intrusion_normal_rgb_0164_cctv4/30fps_frame_016.jpg,/home/capstone2/zroact-stage2/benchmark2/data2/no_bbox_frames/normal_plant_rgb/intrusion_normal_rgb_0164_cctv4/30fps_frame_026.jpg,/home/capstone2/zroact-stage2/benchmark2/data2/no_bbox_frames/normal_plant_rgb/intrusion_normal_rgb_0164_cctv4/30fps_frame_036.jpg,normal,normal
intrusion_normal_rgb_0164_cctv4_f000046_000056_000066,normal_plant_rgb,intrusion_normal_rgb_0164_cctv4,"[46, 56, 66]",/home/capstone2/zroact-stage2/benchmark2/data2/no_bbox_frames/normal_plant_rgb/intrusion_normal_rgb_0164_cctv4/30fps_frame_046.jpg,/home/capstone2/zroact-stage2/benchmark2/data2/no_bbox_frames/normal_plant_rgb/intrusion_normal_rgb_0164_cctv4/30fps_frame_056.jpg,/home/capstone2/zroact-stage2/benchmark2/data2/no_bbox_frames/normal_plant_rgb/intrusion_normal_rgb_0164_cctv4/30fps_frame_066.jpg,normal,normal
intrusion_normal_rgb_0164_cctv4_f000076_000086_000096,normal_plant_rgb,intrusion_normal_rgb_0164_cctv4,"[76, 86, 96]",/home/capstone2/zroact-stage2/benchmark2/data2/no_bbox_frames/normal_plant_rgb/intrusion_normal_rgb_0164_cctv4/30fps_frame_076.jpg,/home/capstone2/zroact-stage2/benchmark2/data2/no_bbox_frames/normal_plant_rgb/intrusion_normal_rgb_0164_cctv4/30fps_frame_086.jpg,/home/capstone2/zroact-stage2/benchmark2/data2/no_bbox_frames/normal_plant_rgb/intrusion_normal_rgb_0164_cctv4/30fps_frame_096.jpg,normal,normal
intrusion_normal_rgb_0164_cctv4_f000106_000116_000126,normal_plant_rgb,intrusion_normal_rgb_0164_cctv4,"[106, 116, 126]",/home/capstone2/zroact-stage2/benchmark2/data2/no_bbox_frames/normal_plant_rgb/intrusion_normal_rgb_0164_cctv4/30fps_frame_106.jpg,/home/capstone2/zroact-stage2/benchmark2/data2/no_bbox_frames/normal_plant_rgb/intrusion_normal_rgb_0164_cctv4/30fps_frame_116.jpg,/home/capstone2/zroact-stage2/benchmark2/data2/no_bbox_frames/normal_plant_rgb/intrusion_normal_rgb_0164_cctv4/30fps_frame_126.jpg,normal,normal
intrusion_normal_rgb_0164_cctv4_f000136_000146_000156,normal_plant_rgb,intrusion_normal_rgb_0164_cctv4,"[136, 146, 156]",/home/capstone2/zroact-stage2/benchmark2/data2/no_bbox_frames/normal_plant_rgb/intrusion_normal_rgb_0164_cctv4/30fps_frame_136.jpg,/home/capstone2/zroact-stage2/benchmark2/data2/no_bbox_frames/normal_plant_rgb/intrusion_normal_rgb_0164_cctv4/30fps_frame_146.jpg,/home/capstone2/zroact-stage2/benchmark2/data2/no_bbox_frames/normal_plant_rgb/intrusion_normal_rgb_0164_cctv4/30fps_frame_156.jpg,normal,normal
intrusion_normal_rgb_0166_cctv1_f000016_000026_000036,normal_plant_rgb,intrusion_normal_rgb_0166_cctv1,"[16, 26, 36]",/home/capstone2/zroact-stage2/benchmark2/data2/no_bbox_frames/normal_plant_rgb/intrusion_normal_rgb_0166_cctv1/30fps_frame_016.jpg,/home/capstone2/zroact-stage2/benchmark2/data2/no_bbox_frames/normal_plant_rgb/intrusion_normal_rgb_0166_cctv1/30fps_frame_026.jpg,/home/capstone2/zroact-stage2/benchmark2/data2/no_bbox_frames/normal_plant_rgb/intrusion_normal_rgb_0166_cctv1/30fps_frame_036.jpg,normal,normal
intrusion_normal_rgb_0166_cctv1_f000046_000056_000066,normal_plant_rgb,intrusion_normal_rgb_0166_cctv1,"[46, 56, 66]",/home/capstone2/zroact-stage2/benchmark2/data2/no_bbox_frames/normal_plant_rgb/intrusion_normal_rgb_0166_cctv1/30fps_frame_046.jpg,/home/capstone2/zroact-stage2/benchmark2/data2/no_bbox_frames/normal_plant_rgb/intrusion_normal_rgb_0166_cctv1/30fps_frame_056.jpg,/home/capstone2/zroact-stage2/benchmark2/data2/no_bbox_frames/normal_plant_rgb/intrusion_normal_rgb_0166_cctv1/30fps_frame_066.jpg,normal,normal
intrusion_normal_rgb_0166_cctv1_f000076_000086_000096,normal_plant_rgb,intrusion_normal_rgb_0166_cctv1,"[76, 86, 96]",/home/capstone2/zroact-stage2/benchmark2/data2/no_bbox_frames/normal_plant_rgb/intrusion_normal_rgb_0166_cctv1/30fps_frame_076.jpg,/home/capstone2/zroact-stage2/benchmark2/data2/no_bbox_frames/normal_plant_rgb/intrusion_normal_rgb_0166_cctv1/30fps_frame_086.jpg,/home/capstone2/zroact-stage2/benchmark2/data2/no_bbox_frames/normal_plant_rgb/intrusion_normal_rgb_0166_cctv1/30fps_frame_096.jpg,normal,normal
intrusion_normal_rgb_0166_cctv1_f000106_000116_000126,normal_plant_rgb,intrusion_normal_rgb_0166_cctv1,"[106, 116, 126]",/home/capstone2/zroact-stage2/benchmark2/data2/no_bbox_frames/normal_plant_rgb/intrusion_normal_rgb_0166_cctv1/30fps_frame_106.jpg,/home/capstone2/zroact-stage2/benchmark2/data2/no_bbox_frames/normal_plant_rgb/intrusion_normal_rgb_0166_cctv1/30fps_frame_116.jpg,/home/capstone2/zroact-stage2/benchmark2/data2/no_bbox_frames/normal_plant_rgb/intrusion_normal_rgb_0166_cctv1/30fps_frame_126.jpg,normal,normal
