request_id,group,video_id,folder_coarse_label,folder_binary_label,frame_indices,frame_times_sec,sequence_coverage,stage1_actions,sampled_frame_gt,sampled_only_gt,coverage_frame_count,coverage_ratio,coverage_based_gt,sequence_gt,gt_risk_state,use_for_eval,needs_review,gt_source,gt_rule,pred_risk_state,pred_binary,folder_binary_match,json_success,schema_success,latency_sec,raw_response,gt_match
intrusion_climb-over-fence_rgb_0007_cctv3_f000016_000026_000036,climb-over-fence_plant_rgb,intrusion_climb-over-fence_rgb_0007_cctv3,intrusion_candidate,intrusion,"[16, 26, 36]","[0.533, 0.867, 1.2]","{""start_frame"": 1, ""end_frame"": 36}","[""stand, carry/hold (an object)"", ""stand, carry/hold (an object)"", ""stand, carry/hold (an object)""]","[""danger"", ""danger"", ""danger""]",danger,"{""normal"": 0, ""unsafe"": 0, ""danger"": 36}","{""normal"": 0.0, ""unsafe"": 0.0, ""danger"": 1.0}",danger,danger,danger,True,False,labeling_yolo_sequence_coverage,sampled_danger_then_danger_ratio_sampled_unsafe_then_unsafe_ratio_else_normal,danger,intrusion,True,True,True,2.2907,"{
""risk_state"": ""danger""
}
",True
intrusion_climb-over-fence_rgb_0007_cctv3_f000046_000056_000066,climb-over-fence_plant_rgb,intrusion_climb-over-fence_rgb_0007_cctv3,intrusion_candidate,intrusion,"[46, 56, 66]","[1.533, 1.867, 2.2]","{""start_frame"": 31, ""end_frame"": 66}","[""stand, carry/hold (an object)"", ""stand, carry/hold (an object)"", ""stand, carry/hold (an object)""]","[""danger"", ""danger"", ""danger""]",danger,"{""normal"": 0, ""unsafe"": 0, ""danger"": 36}","{""normal"": 0.0, ""unsafe"": 0.0, ""danger"": 1.0}",danger,danger,danger,True,False,labeling_yolo_sequence_coverage,sampled_danger_then_danger_ratio_sampled_unsafe_then_unsafe_ratio_else_normal,danger,intrusion,True,True,True,1.4664,"{
""risk_state"": ""danger""
}
",True
intrusion_climb-over-fence_rgb_0007_cctv3_f000076_000086_000096,climb-over-fence_plant_rgb,intrusion_climb-over-fence_rgb_0007_cctv3,intrusion_candidate,intrusion,"[76, 86, 96]","[2.533, 2.867, 3.2]","{""start_frame"": 61, ""end_frame"": 96}","[""stand, carry/hold (an object)"", ""stand, carry/hold (an object)"", ""stand, carry/hold (an object)""]","[""danger"", ""danger"", ""danger""]",danger,"{""normal"": 0, ""unsafe"": 0, ""danger"": 36}","{""normal"": 0.0, ""unsafe"": 0.0, ""danger"": 1.0}",danger,danger,danger,True,False,labeling_yolo_sequence_coverage,sampled_danger_then_danger_ratio_sampled_unsafe_then_unsafe_ratio_else_normal,danger,intrusion,True,True,True,1.5899,"```json
{
  ""risk_state"": ""danger""
}
```
",True
intrusion_climb-over-fence_rgb_0007_cctv3_f000106_000116_000126,climb-over-fence_plant_rgb,intrusion_climb-over-fence_rgb_0007_cctv3,intrusion_candidate,intrusion,"[106, 116, 126]","[3.533, 3.867, 4.2]","{""start_frame"": 91, ""end_frame"": 126}","[""stand, carry/hold (an object)"", ""stand, carry/hold (an object)"", ""stand, carry/hold (an object)""]","[""danger"", ""danger"", ""danger""]",danger,"{""normal"": 0, ""unsafe"": 0, ""danger"": 36}","{""normal"": 0.0, ""unsafe"": 0.0, ""danger"": 1.0}",danger,danger,danger,True,False,labeling_yolo_sequence_coverage,sampled_danger_then_danger_ratio_sampled_unsafe_then_unsafe_ratio_else_normal,danger,intrusion,True,True,True,1.572,"{
""risk_state"": ""danger""
}
",True
intrusion_climb-over-fence_rgb_0007_cctv3_f000136_000146_000156,climb-over-fence_plant_rgb,intrusion_climb-over-fence_rgb_0007_cctv3,intrusion_candidate,intrusion,"[136, 146, 156]","[4.533, 4.867, 5.2]","{""start_frame"": 121, ""end_frame"": 156}","[""stand, carry/hold (an object)"", ""stand, carry/hold (an object)"", ""stand, carry/hold (an object)""]","[""danger"", ""danger"", ""danger""]",danger,"{""normal"": 0, ""unsafe"": 0, ""danger"": 36}","{""normal"": 0.0, ""unsafe"": 0.0, ""danger"": 1.0}",danger,danger,danger,True,False,labeling_yolo_sequence_coverage,sampled_danger_then_danger_ratio_sampled_unsafe_then_unsafe_ratio_else_normal,danger,intrusion,True,True,True,1.5986,"```json
{
  ""risk_state"": ""danger""
}
```
",True
intrusion_climb-over-fence_rgb_0007_cctv3_f000166_000176_000186,climb-over-fence_plant_rgb,intrusion_climb-over-fence_rgb_0007_cctv3,intrusion_candidate,intrusion,"[166, 176, 186]","[5.533, 5.867, 6.2]","{""start_frame"": 151, ""end_frame"": 186}","[""stand, carry/hold (an object)"", ""stand, carry/hold (an object)"", ""stand, carry/hold (an object)""]","[""danger"", ""danger"", ""danger""]",danger,"{""normal"": 0, ""unsafe"": 0, ""danger"": 36}","{""normal"": 0.0, ""unsafe"": 0.0, ""danger"": 1.0}",danger,danger,danger,True,False,labeling_yolo_sequence_coverage,sampled_danger_then_danger_ratio_sampled_unsafe_then_unsafe_ratio_else_normal,danger,intrusion,True,True,True,1.5878,"```json
{
  ""risk_state"": ""danger""
}
```
",True
intrusion_climb-over-fence_rgb_0007_cctv3_f000196_000206_000216,climb-over-fence_plant_rgb,intrusion_climb-over-fence_rgb_0007_cctv3,intrusion_candidate,intrusion,"[196, 206, 216]","[6.533, 6.867, 7.2]","{""start_frame"": 181, ""end_frame"": 216}","[""stand, carry/hold (an object)"", ""stand, carry/hold (an object)"", ""stand, carry/hold (an object)""]","[""danger"", ""danger"", ""danger""]",danger,"{""normal"": 0, ""unsafe"": 0, ""danger"": 36}","{""normal"": 0.0, ""unsafe"": 0.0, ""danger"": 1.0}",danger,danger,danger,True,False,labeling_yolo_sequence_coverage,sampled_danger_then_danger_ratio_sampled_unsafe_then_unsafe_ratio_else_normal,danger,intrusion,True,True,True,1.4621,"{
""risk_state"": ""danger""
}
",True
intrusion_climb-over-fence_rgb_0007_cctv3_f000226_000236_000246,climb-over-fence_plant_rgb,intrusion_climb-over-fence_rgb_0007_cctv3,intrusion_candidate,intrusion,"[226, 236, 246]","[7.533, 7.867, 8.2]","{""start_frame"": 211, ""end_frame"": 246}","[""stand, carry/hold (an object)"", ""stand, carry/hold (an object)"", ""stand, carry/hold (an object)""]","[""danger"", ""danger"", ""danger""]",danger,"{""normal"": 0, ""unsafe"": 0, ""danger"": 36}","{""normal"": 0.0, ""unsafe"": 0.0, ""danger"": 1.0}",danger,danger,danger,True,False,labeling_yolo_sequence_coverage,sampled_danger_then_danger_ratio_sampled_unsafe_then_unsafe_ratio_else_normal,danger,intrusion,True,True,True,1.5885,"```json
{
  ""risk_state"": ""danger""
}
```
",True
intrusion_climb-over-fence_rgb_0007_cctv3_f000256_000266_000276,climb-over-fence_plant_rgb,intrusion_climb-over-fence_rgb_0007_cctv3,intrusion_candidate,intrusion,"[256, 266, 276]","[8.533, 8.867, 9.2]","{""start_frame"": 241, ""end_frame"": 276}","[""stand, carry/hold (an object)"", ""stand, carry/hold (an object)"", ""stand, carry/hold (an object)""]","[""danger"", ""danger"", ""danger""]",danger,"{""normal"": 0, ""unsafe"": 0, ""danger"": 36}","{""normal"": 0.0, ""unsafe"": 0.0, ""danger"": 1.0}",danger,danger,danger,True,False,labeling_yolo_sequence_coverage,sampled_danger_then_danger_ratio_sampled_unsafe_then_unsafe_ratio_else_normal,danger,intrusion,True,True,True,1.4676,"{
""risk_state"": ""danger""
}
",True
intrusion_climb-over-fence_rgb_0007_cctv3_f000286_000296_000306,climb-over-fence_plant_rgb,intrusion_climb-over-fence_rgb_0007_cctv3,intrusion_candidate,intrusion,"[286, 296, 306]","[9.533, 9.867, 10.2]","{""start_frame"": 271, ""end_frame"": 306}","[""stand, carry/hold (an object)"", ""stand, carry/hold (an object)"", ""stand, carry/hold (an object)""]","[""danger"", ""danger"", ""danger""]",danger,"{""normal"": 0, ""unsafe"": 0, ""danger"": 36}","{""normal"": 0.0, ""unsafe"": 0.0, ""danger"": 1.0}",danger,danger,danger,True,False,labeling_yolo_sequence_coverage,sampled_danger_then_danger_ratio_sampled_unsafe_then_unsafe_ratio_else_normal,danger,intrusion,True,True,True,1.5714,"{
""risk_state"": ""danger""
}
",True
intrusion_climb-over-fence_rgb_0007_cctv3_f000316_000326_000336,climb-over-fence_plant_rgb,intrusion_climb-over-fence_rgb_0007_cctv3,intrusion_candidate,intrusion,"[316, 326, 336]","[10.533, 10.867, 11.2]","{""start_frame"": 301, ""end_frame"": 336}","[""stand, carry/hold (an object)"", ""stand, carry/hold (an object)"", ""stand, carry/hold (an object)""]","[""danger"", ""danger"", ""danger""]",danger,"{""normal"": 0, ""unsafe"": 0, ""danger"": 36}","{""normal"": 0.0, ""unsafe"": 0.0, ""danger"": 1.0}",danger,danger,danger,True,False,labeling_yolo_sequence_coverage,sampled_danger_then_danger_ratio_sampled_unsafe_then_unsafe_ratio_else_normal,danger,intrusion,True,True,True,1.5637,"```json
{""risk_state"":""danger""}
```
",True
intrusion_climb-over-fence_rgb_0007_cctv3_f000346_000356_000366,climb-over-fence_plant_rgb,intrusion_climb-over-fence_rgb_0007_cctv3,intrusion_candidate,intrusion,"[346, 356, 366]","[11.533, 11.867, 12.2]","{""start_frame"": 331, ""end_frame"": 366}","[""stand, carry/hold (an object)"", ""stand, carry/hold (an object)"", ""stand, carry/hold (an object)""]","[""danger"", ""danger"", ""danger""]",danger,"{""normal"": 0, ""unsafe"": 0, ""danger"": 36}","{""normal"": 0.0, ""unsafe"": 0.0, ""danger"": 1.0}",danger,danger,danger,True,False,labeling_yolo_sequence_coverage,sampled_danger_then_danger_ratio_sampled_unsafe_then_unsafe_ratio_else_normal,danger,intrusion,True,True,True,1.459,"{
""risk_state"": ""danger""
}
",True
intrusion_climb-over-fence_rgb_0007_cctv3_f000376_000386_000396,climb-over-fence_plant_rgb,intrusion_climb-over-fence_rgb_0007_cctv3,intrusion_candidate,intrusion,"[376, 386, 396]","[12.533, 12.867, 13.2]","{""start_frame"": 361, ""end_frame"": 396}","[""stand, carry/hold (an object)"", ""stand, carry/hold (an object)"", ""stand, carry/hold (an object)""]","[""danger"", ""danger"", ""danger""]",danger,"{""normal"": 0, ""unsafe"": 0, ""danger"": 36}","{""normal"": 0.0, ""unsafe"": 0.0, ""danger"": 1.0}",danger,danger,danger,True,False,labeling_yolo_sequence_coverage,sampled_danger_then_danger_ratio_sampled_unsafe_then_unsafe_ratio_else_normal,danger,intrusion,True,True,True,1.5854,"```json
{
  ""risk_state"": ""danger""
}
```
",True
intrusion_climb-over-fence_rgb_0008_cctv2_f000016_000026_000036,climb-over-fence_plant_rgb,intrusion_climb-over-fence_rgb_0008_cctv2,intrusion_candidate,intrusion,"[16, 26, 36]","[0.533, 0.867, 1.2]","{""start_frame"": 1, ""end_frame"": 36}","[""bend/bow (at the waist), carry/hold (an object)"", ""bend/bow (at the waist), carry/hold (an object)"", ""bend/bow (at the waist), carry/hold (an object)""]","[""unsafe"", ""unsafe"", ""unsafe""]",unsafe,"{""normal"": 0, ""unsafe"": 36, ""danger"": 0}","{""normal"": 0.0, ""unsafe"": 1.0, ""danger"": 0.0}",unsafe,unsafe,unsafe,True,False,labeling_yolo_sequence_coverage,sampled_danger_then_danger_ratio_sampled_unsafe_then_unsafe_ratio_else_normal,unsafe,intrusion,True,True,True,1.6845,"```json
{
  ""risk_state"": ""unsafe""
}
```
",True
intrusion_climb-over-fence_rgb_0008_cctv2_f000046_000056_000066,climb-over-fence_plant_rgb,intrusion_climb-over-fence_rgb_0008_cctv2,intrusion_candidate,intrusion,"[46, 56, 66]","[1.533, 1.867, 2.2]","{""start_frame"": 31, ""end_frame"": 66}","[""bend/bow (at the waist), carry/hold (an object)"", ""stand, carry/hold (an object)"", ""stand, carry/hold (an object)""]","[""danger"", ""danger"", ""danger""]",danger,"{""normal"": 0, ""unsafe"": 6, ""danger"": 30}","{""normal"": 0.0, ""unsafe"": 0.1667, ""danger"": 0.8333}",danger,danger,danger,True,False,labeling_yolo_sequence_coverage,sampled_danger_then_danger_ratio_sampled_unsafe_then_unsafe_ratio_else_normal,danger,intrusion,True,True,True,1.5789,"```json
{
  ""risk_state"": ""danger""
}
```
",True
intrusion_climb-over-fence_rgb_0008_cctv2_f000076_000086_000096,climb-over-fence_plant_rgb,intrusion_climb-over-fence_rgb_0008_cctv2,intrusion_candidate,intrusion,"[76, 86, 96]","[2.533, 2.867, 3.2]","{""start_frame"": 61, ""end_frame"": 96}","[""stand, carry/hold (an object)"", ""walk, carry/hold (an object)"", ""walk, carry/hold (an object)""]","[""danger"", ""danger"", ""danger""]",danger,"{""normal"": 0, ""unsafe"": 0, ""danger"": 36}","{""normal"": 0.0, ""unsafe"": 0.0, ""danger"": 1.0}",danger,danger,danger,True,False,labeling_yolo_sequence_coverage,sampled_danger_then_danger_ratio_sampled_unsafe_then_unsafe_ratio_else_normal,danger,intrusion,True,True,True,1.5879,"```json
{
  ""risk_state"": ""danger""
}
```
",True
intrusion_climb-over-fence_rgb_0008_cctv2_f000106_000116_000126,climb-over-fence_plant_rgb,intrusion_climb-over-fence_rgb_0008_cctv2,intrusion_candidate,intrusion,"[106, 116, 126]","[3.533, 3.867, 4.2]","{""start_frame"": 91, ""end_frame"": 126}","[""walk, carry/hold (an object)"", ""carry/hold (an object), walk"", ""stand, carry/hold (an object)""]","[""danger"", ""danger"", ""danger""]",danger,"{""normal"": 0, ""unsafe"": 0, ""danger"": 36}","{""normal"": 0.0, ""unsafe"": 0.0, ""danger"": 1.0}",danger,danger,danger,True,False,labeling_yolo_sequence_coverage,sampled_danger_then_danger_ratio_sampled_unsafe_then_unsafe_ratio_else_normal,danger,intrusion,True,True,True,1.6887,"```json
{
  ""risk_state"": ""danger""
}
```
",True
intrusion_climb-over-fence_rgb_0008_cctv2_f000136_000146_000156,climb-over-fence_plant_rgb,intrusion_climb-over-fence_rgb_0008_cctv2,intrusion_candidate,intrusion,"[136, 146, 156]","[4.533, 4.867, 5.2]","{""start_frame"": 121, ""end_frame"": 156}","[""carry/hold (an object), stand"", ""stand, carry/hold (an object)"", ""stand, carry/hold (an object)""]","[""danger"", ""danger"", ""danger""]",danger,"{""normal"": 0, ""unsafe"": 0, ""danger"": 36}","{""normal"": 0.0, ""unsafe"": 0.0, ""danger"": 1.0}",danger,danger,danger,True,False,labeling_yolo_sequence_coverage,sampled_danger_then_danger_ratio_sampled_unsafe_then_unsafe_ratio_else_normal,danger,intrusion,True,True,True,1.454,"{
""risk_state"": ""danger""
}
",True
intrusion_climb-over-fence_rgb_0008_cctv2_f000166_000176_000186,climb-over-fence_plant_rgb,intrusion_climb-over-fence_rgb_0008_cctv2,intrusion_candidate,intrusion,"[166, 176, 186]","[5.533, 5.867, 6.2]","{""start_frame"": 151, ""end_frame"": 186}","[""stand, carry/hold (an object)"", ""stand, carry/hold (an object)"", ""stand, carry/hold (an object)""]","[""danger"", ""danger"", ""danger""]",danger,"{""normal"": 0, ""unsafe"": 0, ""danger"": 36}","{""normal"": 0.0, ""unsafe"": 0.0, ""danger"": 1.0}",danger,danger,danger,True,False,labeling_yolo_sequence_coverage,sampled_danger_then_danger_ratio_sampled_unsafe_then_unsafe_ratio_else_normal,danger,intrusion,True,True,True,1.4593,"{
""risk_state"": ""danger""
}
",True
intrusion_climb-over-fence_rgb_0008_cctv2_f000196_000206_000216,climb-over-fence_plant_rgb,intrusion_climb-over-fence_rgb_0008_cctv2,intrusion_candidate,intrusion,"[196, 206, 216]","[6.533, 6.867, 7.2]","{""start_frame"": 181, ""end_frame"": 216}","[""stand, carry/hold (an object)"", ""stand, carry/hold (an object)"", ""stand, carry/hold (an object)""]","[""danger"", ""danger"", ""danger""]",danger,"{""normal"": 0, ""unsafe"": 0, ""danger"": 36}","{""normal"": 0.0, ""unsafe"": 0.0, ""danger"": 1.0}",danger,danger,danger,True,False,labeling_yolo_sequence_coverage,sampled_danger_then_danger_ratio_sampled_unsafe_then_unsafe_ratio_else_normal,danger,intrusion,True,True,True,1.4574,"{
""risk_state"": ""danger""
}
",True
intrusion_climb-over-fence_rgb_0008_cctv2_f000226_000236_000246,climb-over-fence_plant_rgb,intrusion_climb-over-fence_rgb_0008_cctv2,intrusion_candidate,intrusion,"[226, 236, 246]","[7.533, 7.867, 8.2]","{""start_frame"": 211, ""end_frame"": 246}","[""stand, carry/hold (an object)"", ""stand"", ""stand, carry/hold (an object)""]","[""danger"", ""danger"", ""danger""]",danger,"{""normal"": 0, ""unsafe"": 0, ""danger"": 36}","{""normal"": 0.0, ""unsafe"": 0.0, ""danger"": 1.0}",danger,danger,danger,True,False,labeling_yolo_sequence_coverage,sampled_danger_then_danger_ratio_sampled_unsafe_then_unsafe_ratio_else_normal,danger,intrusion,True,True,True,1.6855,"```json
{
  ""risk_state"": ""danger""
}
```
",True
intrusion_climb-over-fence_rgb_0008_cctv2_f000256_000266_000276,climb-over-fence_plant_rgb,intrusion_climb-over-fence_rgb_0008_cctv2,intrusion_candidate,intrusion,"[256, 266, 276]","[8.533, 8.867, 9.2]","{""start_frame"": 241, ""end_frame"": 276}","[""walk, stand"", ""stand, walk"", ""stand, carry/hold (an object)""]","[""danger"", ""danger"", ""danger""]",danger,"{""normal"": 0, ""unsafe"": 0, ""danger"": 36}","{""normal"": 0.0, ""unsafe"": 0.0, ""danger"": 1.0}",danger,danger,danger,True,False,labeling_yolo_sequence_coverage,sampled_danger_then_danger_ratio_sampled_unsafe_then_unsafe_ratio_else_normal,danger,intrusion,True,True,True,1.6857,"```json
{
  ""risk_state"": ""danger""
}
```
",True
intrusion_climb-over-fence_rgb_0008_cctv2_f000286_000296_000306,climb-over-fence_plant_rgb,intrusion_climb-over-fence_rgb_0008_cctv2,intrusion_candidate,intrusion,"[286, 296, 306]","[9.533, 9.867, 10.2]","{""start_frame"": 271, ""end_frame"": 306}","[""stand, carry/hold (an object)"", ""stand, carry/hold (an object)"", ""stand, carry/hold (an object)""]","[""danger"", ""danger"", ""danger""]",danger,"{""normal"": 0, ""unsafe"": 0, ""danger"": 36}","{""normal"": 0.0, ""unsafe"": 0.0, ""danger"": 1.0}",danger,danger,danger,True,False,labeling_yolo_sequence_coverage,sampled_danger_then_danger_ratio_sampled_unsafe_then_unsafe_ratio_else_normal,danger,intrusion,True,True,True,1.5887,"```json
{
  ""risk_state"": ""danger""
}
```
",True
intrusion_climb-over-fence_rgb_0008_cctv2_f000316_000326_000336,climb-over-fence_plant_rgb,intrusion_climb-over-fence_rgb_0008_cctv2,intrusion_candidate,intrusion,"[316, 326, 336]","[10.533, 10.867, 11.2]","{""start_frame"": 301, ""end_frame"": 336}","[""bend/bow (at the waist), stand"", ""bend/bow (at the waist), carry/hold (an object)"", ""bend/bow (at the waist), carry/hold (an object)""]","[""danger"", ""danger"", ""danger""]",danger,"{""normal"": 0, ""unsafe"": 0, ""danger"": 36}","{""normal"": 0.0, ""unsafe"": 0.0, ""danger"": 1.0}",danger,danger,danger,True,False,labeling_yolo_sequence_coverage,sampled_danger_then_danger_ratio_sampled_unsafe_then_unsafe_ratio_else_normal,danger,intrusion,True,True,True,1.6004,"```json
{
  ""risk_state"": ""danger""
}
```
",True
intrusion_climb-over-fence_rgb_0008_cctv2_f000346_000356_000366,climb-over-fence_plant_rgb,intrusion_climb-over-fence_rgb_0008_cctv2,intrusion_candidate,intrusion,"[346, 356, 366]","[11.533, 11.867, 12.2]","{""start_frame"": 331, ""end_frame"": 366}","[""stand, bend/bow (at the waist)"", ""stand, carry/hold (an object)"", ""stand, carry/hold (an object)""]","[""danger"", ""danger"", ""danger""]",danger,"{""normal"": 0, ""unsafe"": 0, ""danger"": 36}","{""normal"": 0.0, ""unsafe"": 0.0, ""danger"": 1.0}",danger,danger,danger,True,False,labeling_yolo_sequence_coverage,sampled_danger_then_danger_ratio_sampled_unsafe_then_unsafe_ratio_else_normal,danger,intrusion,True,True,True,1.711,"```json
{
  ""risk_state"": ""danger""
}
```
",True
intrusion_climb-over-fence_rgb_0008_cctv2_f000376_000386_000396,climb-over-fence_plant_rgb,intrusion_climb-over-fence_rgb_0008_cctv2,intrusion_candidate,intrusion,"[376, 386, 396]","[12.533, 12.867, 13.2]","{""start_frame"": 361, ""end_frame"": 396}","[""stand, bend/bow (at the waist)"", ""stand, carry/hold (an object)"", ""stand, carry/hold (an object)""]","[""danger"", ""danger"", ""danger""]",danger,"{""normal"": 0, ""unsafe"": 0, ""danger"": 36}","{""normal"": 0.0, ""unsafe"": 0.0, ""danger"": 1.0}",danger,danger,danger,True,False,labeling_yolo_sequence_coverage,sampled_danger_then_danger_ratio_sampled_unsafe_then_unsafe_ratio_else_normal,danger,intrusion,True,True,True,1.4605,"{
""risk_state"": ""danger""
}
",True
intrusion_climb-over-fence_rgb_0017_cctv1_f000016_000026_000036,climb-over-fence_plant_rgb,intrusion_climb-over-fence_rgb_0017_cctv1,intrusion_candidate,intrusion,"[16, 26, 36]","[0.533, 0.867, 1.2]","{""start_frame"": 1, ""end_frame"": 36}","[""carry/hold (an object), walk"", ""walk, carry/hold (an object)"", ""walk""]","[""danger"", ""danger"", ""danger""]",danger,"{""normal"": 0, ""unsafe"": 0, ""danger"": 36}","{""normal"": 0.0, ""unsafe"": 0.0, ""danger"": 1.0}",danger,danger,danger,True,False,labeling_yolo_sequence_coverage,sampled_danger_then_danger_ratio_sampled_unsafe_then_unsafe_ratio_else_normal,danger,intrusion,True,True,True,1.5763,"```json
{
  ""risk_state"": ""danger""
}
```
",True
intrusion_climb-over-fence_rgb_0017_cctv1_f000046_000056_000066,climb-over-fence_plant_rgb,intrusion_climb-over-fence_rgb_0017_cctv1,intrusion_candidate,intrusion,"[46, 56, 66]","[1.533, 1.867, 2.2]","{""start_frame"": 31, ""end_frame"": 66}","[""none"", ""stand"", ""stand""]","[""danger"", ""danger"", ""danger""]",danger,"{""normal"": 0, ""unsafe"": 0, ""danger"": 36}","{""normal"": 0.0, ""unsafe"": 0.0, ""danger"": 1.0}",danger,danger,danger,True,False,labeling_yolo_sequence_coverage,sampled_danger_then_danger_ratio_sampled_unsafe_then_unsafe_ratio_else_normal,danger,intrusion,True,True,True,1.7054,"```json
{
  ""risk_state"": ""danger""
}
```
",True
intrusion_climb-over-fence_rgb_0017_cctv1_f000076_000086_000096,climb-over-fence_plant_rgb,intrusion_climb-over-fence_rgb_0017_cctv1,intrusion_candidate,intrusion,"[76, 86, 96]","[2.533, 2.867, 3.2]","{""start_frame"": 61, ""end_frame"": 96}","[""stand"", ""stand"", ""stand""]","[""danger"", ""danger"", ""danger""]",danger,"{""normal"": 0, ""unsafe"": 0, ""danger"": 36}","{""normal"": 0.0, ""unsafe"": 0.0, ""danger"": 1.0}",danger,danger,danger,True,False,labeling_yolo_sequence_coverage,sampled_danger_then_danger_ratio_sampled_unsafe_then_unsafe_ratio_else_normal,danger,intrusion,True,True,True,1.5783,"```json
{
  ""risk_state"": ""danger""
}
```
",True
intrusion_climb-over-fence_rgb_0017_cctv1_f000106_000116_000126,climb-over-fence_plant_rgb,intrusion_climb-over-fence_rgb_0017_cctv1,intrusion_candidate,intrusion,"[106, 116, 126]","[3.533, 3.867, 4.2]","{""start_frame"": 91, ""end_frame"": 126}","[""stand"", ""stand"", ""stand""]","[""danger"", ""danger"", ""danger""]",danger,"{""normal"": 0, ""unsafe"": 0, ""danger"": 36}","{""normal"": 0.0, ""unsafe"": 0.0, ""danger"": 1.0}",danger,danger,danger,True,False,labeling_yolo_sequence_coverage,sampled_danger_then_danger_ratio_sampled_unsafe_then_unsafe_ratio_else_normal,danger,intrusion,True,True,True,1.682,"```json
{
  ""risk_state"": ""danger""
}
```
",True
intrusion_climb-over-fence_rgb_0017_cctv1_f000136_000146_000156,climb-over-fence_plant_rgb,intrusion_climb-over-fence_rgb_0017_cctv1,intrusion_candidate,intrusion,"[136, 146, 156]","[4.533, 4.867, 5.2]","{""start_frame"": 121, ""end_frame"": 156}","[""stand"", ""none"", ""stand""]","[""danger"", ""danger"", ""danger""]",danger,"{""normal"": 0, ""unsafe"": 0, ""danger"": 36}","{""normal"": 0.0, ""unsafe"": 0.0, ""danger"": 1.0}",danger,danger,danger,True,False,labeling_yolo_sequence_coverage,sampled_danger_then_danger_ratio_sampled_unsafe_then_unsafe_ratio_else_normal,danger,intrusion,True,True,True,1.5905,"```json
{
  ""risk_state"": ""danger""
}
```
",True
intrusion_climb-over-fence_rgb_0017_cctv1_f000166_000176_000186,climb-over-fence_plant_rgb,intrusion_climb-over-fence_rgb_0017_cctv1,intrusion_candidate,intrusion,"[166, 176, 186]","[5.533, 5.867, 6.2]","{""start_frame"": 151, ""end_frame"": 186}","[""stand"", ""none"", ""stand""]","[""danger"", ""danger"", ""danger""]",danger,"{""normal"": 0, ""unsafe"": 0, ""danger"": 36}","{""normal"": 0.0, ""unsafe"": 0.0, ""danger"": 1.0}",danger,danger,danger,True,False,labeling_yolo_sequence_coverage,sampled_danger_then_danger_ratio_sampled_unsafe_then_unsafe_ratio_else_normal,danger,intrusion,True,True,True,1.4541,"```json
{""risk_state"":""danger""}
```
",True
intrusion_climb-over-fence_rgb_0017_cctv1_f000196_000206_000216,climb-over-fence_plant_rgb,intrusion_climb-over-fence_rgb_0017_cctv1,intrusion_candidate,intrusion,"[196, 206, 216]","[6.533, 6.867, 7.2]","{""start_frame"": 181, ""end_frame"": 216}","[""stand"", ""stand"", ""stand""]","[""danger"", ""danger"", ""danger""]",danger,"{""normal"": 0, ""unsafe"": 0, ""danger"": 36}","{""normal"": 0.0, ""unsafe"": 0.0, ""danger"": 1.0}",danger,danger,danger,True,False,labeling_yolo_sequence_coverage,sampled_danger_then_danger_ratio_sampled_unsafe_then_unsafe_ratio_else_normal,danger,intrusion,True,True,True,1.5781,"```json
{
  ""risk_state"": ""danger""
}
```
",True
intrusion_climb-over-fence_rgb_0019_cctv1_f000016_000026_000036,climb-over-fence_plant_rgb,intrusion_climb-over-fence_rgb_0019_cctv1,intrusion_candidate,intrusion,"[16, 26, 36]","[0.533, 0.867, 1.2]","{""start_frame"": 1, ""end_frame"": 36}","[""stand, carry/hold (an object)"", ""stand, carry/hold (an object)"", ""stand, carry/hold (an object)""]","[""danger"", ""danger"", ""danger""]",danger,"{""normal"": 0, ""unsafe"": 0, ""danger"": 36}","{""normal"": 0.0, ""unsafe"": 0.0, ""danger"": 1.0}",danger,danger,danger,True,False,labeling_yolo_sequence_coverage,sampled_danger_then_danger_ratio_sampled_unsafe_then_unsafe_ratio_else_normal,danger,intrusion,True,True,True,1.5888,"```json
{
  ""risk_state"": ""danger""
}
```
",True
intrusion_climb-over-fence_rgb_0019_cctv1_f000046_000056_000066,climb-over-fence_plant_rgb,intrusion_climb-over-fence_rgb_0019_cctv1,intrusion_candidate,intrusion,"[46, 56, 66]","[1.533, 1.867, 2.2]","{""start_frame"": 31, ""end_frame"": 66}","[""stand, carry/hold (an object)"", ""stand, carry/hold (an object)"", ""stand""]","[""danger"", ""danger"", ""danger""]",danger,"{""normal"": 0, ""unsafe"": 0, ""danger"": 36}","{""normal"": 0.0, ""unsafe"": 0.0, ""danger"": 1.0}",danger,danger,danger,True,False,labeling_yolo_sequence_coverage,sampled_danger_then_danger_ratio_sampled_unsafe_then_unsafe_ratio_else_normal,danger,intrusion,True,True,True,1.6904,"```json
{
  ""risk_state"": ""danger""
}
```
",True
intrusion_climb-over-fence_rgb_0019_cctv1_f000076_000086_000096,climb-over-fence_plant_rgb,intrusion_climb-over-fence_rgb_0019_cctv1,intrusion_candidate,intrusion,"[76, 86, 96]","[2.533, 2.867, 3.2]","{""start_frame"": 61, ""end_frame"": 96}","[""stand"", ""stand"", ""stand""]","[""danger"", ""danger"", ""danger""]",danger,"{""normal"": 0, ""unsafe"": 0, ""danger"": 36}","{""normal"": 0.0, ""unsafe"": 0.0, ""danger"": 1.0}",danger,danger,danger,True,False,labeling_yolo_sequence_coverage,sampled_danger_then_danger_ratio_sampled_unsafe_then_unsafe_ratio_else_normal,danger,intrusion,True,True,True,1.5848,"```json
{
  ""risk_state"": ""danger""
}
```
",True
intrusion_climb-over-fence_rgb_0019_cctv1_f000106_000116_000126,climb-over-fence_plant_rgb,intrusion_climb-over-fence_rgb_0019_cctv1,intrusion_candidate,intrusion,"[106, 116, 126]","[3.533, 3.867, 4.2]","{""start_frame"": 91, ""end_frame"": 126}","[""stand, carry/hold (an object)"", ""stand"", ""stand""]","[""danger"", ""danger"", ""danger""]",danger,"{""normal"": 0, ""unsafe"": 0, ""danger"": 36}","{""normal"": 0.0, ""unsafe"": 0.0, ""danger"": 1.0}",danger,danger,danger,True,False,labeling_yolo_sequence_coverage,sampled_danger_then_danger_ratio_sampled_unsafe_then_unsafe_ratio_else_normal,danger,intrusion,True,True,True,1.6971,"```json
{
  ""risk_state"": ""danger""
}
```
",True
intrusion_climb-over-fence_rgb_0019_cctv1_f000136_000146_000156,climb-over-fence_plant_rgb,intrusion_climb-over-fence_rgb_0019_cctv1,intrusion_candidate,intrusion,"[136, 146, 156]","[4.533, 4.867, 5.2]","{""start_frame"": 121, ""end_frame"": 156}","[""stand"", ""stand"", ""stand""]","[""danger"", ""danger"", ""danger""]",danger,"{""normal"": 0, ""unsafe"": 0, ""danger"": 36}","{""normal"": 0.0, ""unsafe"": 0.0, ""danger"": 1.0}",danger,danger,danger,True,False,labeling_yolo_sequence_coverage,sampled_danger_then_danger_ratio_sampled_unsafe_then_unsafe_ratio_else_normal,danger,intrusion,True,True,True,1.5729,"```json
{
  ""risk_state"": ""danger""
}
```
",True
intrusion_climb-over-fence_rgb_0019_cctv1_f000166_000176_000186,climb-over-fence_plant_rgb,intrusion_climb-over-fence_rgb_0019_cctv1,intrusion_candidate,intrusion,"[166, 176, 186]","[5.533, 5.867, 6.2]","{""start_frame"": 151, ""end_frame"": 186}","[""stand, carry/hold (an object)"", ""stand, carry/hold (an object)"", ""stand, carry/hold (an object)""]","[""danger"", ""danger"", ""danger""]",danger,"{""normal"": 0, ""unsafe"": 0, ""danger"": 36}","{""normal"": 0.0, ""unsafe"": 0.0, ""danger"": 1.0}",danger,danger,danger,True,False,labeling_yolo_sequence_coverage,sampled_danger_then_danger_ratio_sampled_unsafe_then_unsafe_ratio_else_normal,danger,intrusion,True,True,True,1.5821,"```json
{
  ""risk_state"": ""danger""
}
```
",True
intrusion_climb-over-fence_rgb_0019_cctv1_f000196_000206_000216,climb-over-fence_plant_rgb,intrusion_climb-over-fence_rgb_0019_cctv1,intrusion_candidate,intrusion,"[196, 206, 216]","[6.533, 6.867, 7.2]","{""start_frame"": 181, ""end_frame"": 216}","[""stand"", ""stand"", ""stand""]","[""danger"", ""danger"", ""danger""]",danger,"{""normal"": 0, ""unsafe"": 0, ""danger"": 36}","{""normal"": 0.0, ""unsafe"": 0.0, ""danger"": 1.0}",danger,danger,danger,True,False,labeling_yolo_sequence_coverage,sampled_danger_then_danger_ratio_sampled_unsafe_then_unsafe_ratio_else_normal,danger,intrusion,True,True,True,1.5823,"```json
{
  ""risk_state"": ""danger""
}
```
",True
intrusion_climb-over-fence_rgb_0024_cctv3_f000016_000026_000036,climb-over-fence_plant_rgb,intrusion_climb-over-fence_rgb_0024_cctv3,intrusion_candidate,intrusion,"[16, 26, 36]","[0.533, 0.867, 1.2]","{""start_frame"": 1, ""end_frame"": 36}","[""carry/hold (an object), walk"", ""walk, carry/hold (an object)"", ""walk, carry/hold (an object)""]","[""danger"", ""danger"", ""danger""]",danger,"{""normal"": 0, ""unsafe"": 0, ""danger"": 36}","{""normal"": 0.0, ""unsafe"": 0.0, ""danger"": 1.0}",danger,danger,danger,True,False,labeling_yolo_sequence_coverage,sampled_danger_then_danger_ratio_sampled_unsafe_then_unsafe_ratio_else_normal,danger,intrusion,True,True,True,1.5438,"{
""risk_state"":""danger""
}
",True
intrusion_climb-over-fence_rgb_0024_cctv3_f000046_000056_000066,climb-over-fence_plant_rgb,intrusion_climb-over-fence_rgb_0024_cctv3,intrusion_candidate,intrusion,"[46, 56, 66]","[1.533, 1.867, 2.2]","{""start_frame"": 31, ""end_frame"": 66}","[""walk, carry/hold (an object)"", ""walk, carry/hold (an object)"", ""walk, carry/hold (an object)""]","[""danger"", ""danger"", ""danger""]",danger,"{""normal"": 0, ""unsafe"": 0, ""danger"": 36}","{""normal"": 0.0, ""unsafe"": 0.0, ""danger"": 1.0}",danger,danger,danger,True,False,labeling_yolo_sequence_coverage,sampled_danger_then_danger_ratio_sampled_unsafe_then_unsafe_ratio_else_normal,danger,intrusion,True,True,True,1.4615,"```json
{""risk_state"":""danger""}
```
",True
intrusion_climb-over-fence_rgb_0024_cctv3_f000076_000086_000096,climb-over-fence_plant_rgb,intrusion_climb-over-fence_rgb_0024_cctv3,intrusion_candidate,intrusion,"[76, 86, 96]","[2.533, 2.867, 3.2]","{""start_frame"": 61, ""end_frame"": 96}","[""stand, walk"", ""carry/hold (an object), stand"", ""bend/bow (at the waist), carry/hold (an object)""]","[""danger"", ""danger"", ""danger""]",danger,"{""normal"": 0, ""unsafe"": 0, ""danger"": 36}","{""normal"": 0.0, ""unsafe"": 0.0, ""danger"": 1.0}",danger,danger,danger,True,False,labeling_yolo_sequence_coverage,sampled_danger_then_danger_ratio_sampled_unsafe_then_unsafe_ratio_else_normal,danger,intrusion,True,True,True,1.4412,"{
""risk_state"":""danger""
}
",True
intrusion_climb-over-fence_rgb_0024_cctv3_f000106_000116_000126,climb-over-fence_plant_rgb,intrusion_climb-over-fence_rgb_0024_cctv3,intrusion_candidate,intrusion,"[106, 116, 126]","[3.533, 3.867, 4.2]","{""start_frame"": 91, ""end_frame"": 126}","[""bend/bow (at the waist), carry/hold (an object)"", ""bend/bow (at the waist), carry/hold (an object)"", ""bend/bow (at the waist), carry/hold (an object)""]","[""danger"", ""danger"", ""danger""]",danger,"{""normal"": 0, ""unsafe"": 0, ""danger"": 36}","{""normal"": 0.0, ""unsafe"": 0.0, ""danger"": 1.0}",danger,danger,danger,True,False,labeling_yolo_sequence_coverage,sampled_danger_then_danger_ratio_sampled_unsafe_then_unsafe_ratio_else_normal,danger,intrusion,True,True,True,1.5447,"{
""risk_state"":""danger""
}
",True
intrusion_climb-over-fence_rgb_0024_cctv3_f000136_000146_000156,climb-over-fence_plant_rgb,intrusion_climb-over-fence_rgb_0024_cctv3,intrusion_candidate,intrusion,"[136, 146, 156]","[4.533, 4.867, 5.2]","{""start_frame"": 121, ""end_frame"": 156}","[""bend/bow (at the waist), carry/hold (an object)"", ""bend/bow (at the waist)"", ""bend/bow (at the waist), carry/hold (an object)""]","[""danger"", ""danger"", ""danger""]",danger,"{""normal"": 0, ""unsafe"": 0, ""danger"": 36}","{""normal"": 0.0, ""unsafe"": 0.0, ""danger"": 1.0}",danger,danger,danger,True,False,labeling_yolo_sequence_coverage,sampled_danger_then_danger_ratio_sampled_unsafe_then_unsafe_ratio_else_normal,danger,intrusion,True,True,True,1.5686,"```json
{""risk_state"":""danger""}
```
",True
intrusion_climb-over-fence_rgb_0024_cctv3_f000166_000176_000186,climb-over-fence_plant_rgb,intrusion_climb-over-fence_rgb_0024_cctv3,intrusion_candidate,intrusion,"[166, 176, 186]","[5.533, 5.867, 6.2]","{""start_frame"": 151, ""end_frame"": 186}","[""bend/bow (at the waist), carry/hold (an object)"", ""bend/bow (at the waist)"", ""bend/bow (at the waist)""]","[""danger"", ""danger"", ""danger""]",danger,"{""normal"": 0, ""unsafe"": 0, ""danger"": 36}","{""normal"": 0.0, ""unsafe"": 0.0, ""danger"": 1.0}",danger,danger,danger,True,False,labeling_yolo_sequence_coverage,sampled_danger_then_danger_ratio_sampled_unsafe_then_unsafe_ratio_else_normal,danger,intrusion,True,True,True,1.4579,"```json
{""risk_state"":""danger""}
```
",True
intrusion_climb-over-fence_rgb_0024_cctv3_f000196_000206_000216,climb-over-fence_plant_rgb,intrusion_climb-over-fence_rgb_0024_cctv3,intrusion_candidate,intrusion,"[196, 206, 216]","[6.533, 6.867, 7.2]","{""start_frame"": 181, ""end_frame"": 216}","[""bend/bow (at the waist)"", ""bend/bow (at the waist)"", ""bend/bow (at the waist), carry/hold (an object)""]","[""danger"", ""danger"", ""danger""]",danger,"{""normal"": 0, ""unsafe"": 0, ""danger"": 36}","{""normal"": 0.0, ""unsafe"": 0.0, ""danger"": 1.0}",danger,danger,danger,True,False,labeling_yolo_sequence_coverage,sampled_danger_then_danger_ratio_sampled_unsafe_then_unsafe_ratio_else_normal,danger,intrusion,True,True,True,1.4654,"```json
{""risk_state"":""danger""}
```
",True
intrusion_climb-over-fence_rgb_0024_cctv3_f000226_000236_000246,climb-over-fence_plant_rgb,intrusion_climb-over-fence_rgb_0024_cctv3,intrusion_candidate,intrusion,"[226, 236, 246]","[7.533, 7.867, 8.2]","{""start_frame"": 211, ""end_frame"": 246}","[""bend/bow (at the waist), carry/hold (an object)"", ""bend/bow (at the waist), carry/hold (an object)"", ""bend/bow (at the waist), carry/hold (an object)""]","[""danger"", ""danger"", ""danger""]",danger,"{""normal"": 0, ""unsafe"": 0, ""danger"": 36}","{""normal"": 0.0, ""unsafe"": 0.0, ""danger"": 1.0}",danger,danger,danger,True,False,labeling_yolo_sequence_coverage,sampled_danger_then_danger_ratio_sampled_unsafe_then_unsafe_ratio_else_normal,danger,intrusion,True,True,True,1.4673,"```json
{""risk_state"":""danger""}
```
",True
intrusion_climb-over-fence_rgb_0025_cctv2_f000016_000026_000036,climb-over-fence_plant_rgb,intrusion_climb-over-fence_rgb_0025_cctv2,intrusion_candidate,intrusion,"[16, 26, 36]","[0.533, 0.867, 1.2]","{""start_frame"": 1, ""end_frame"": 36}","[""walk, carry/hold (an object)"", ""bend/bow (at the waist), carry/hold (an object)"", ""bend/bow (at the waist), carry/hold (an object)""]","[""danger"", ""danger"", ""danger""]",danger,"{""normal"": 0, ""unsafe"": 0, ""danger"": 36}","{""normal"": 0.0, ""unsafe"": 0.0, ""danger"": 1.0}",danger,danger,danger,True,False,labeling_yolo_sequence_coverage,sampled_danger_then_danger_ratio_sampled_unsafe_then_unsafe_ratio_else_normal,danger,intrusion,True,True,True,1.5688,"```json
{""risk_state"":""danger""}
```
",True
intrusion_climb-over-fence_rgb_0025_cctv2_f000046_000056_000066,climb-over-fence_plant_rgb,intrusion_climb-over-fence_rgb_0025_cctv2,intrusion_candidate,intrusion,"[46, 56, 66]","[1.533, 1.867, 2.2]","{""start_frame"": 31, ""end_frame"": 66}","[""bend/bow (at the waist), carry/hold (an object)"", ""bend/bow (at the waist), carry/hold (an object)"", ""bend/bow (at the waist), carry/hold (an object)""]","[""danger"", ""danger"", ""danger""]",danger,"{""normal"": 0, ""unsafe"": 0, ""danger"": 36}","{""normal"": 0.0, ""unsafe"": 0.0, ""danger"": 1.0}",danger,danger,danger,True,False,labeling_yolo_sequence_coverage,sampled_danger_then_danger_ratio_sampled_unsafe_then_unsafe_ratio_else_normal,danger,intrusion,True,True,True,1.4609,"```json
{""risk_state"":""danger""}
```
",True
intrusion_climb-over-fence_rgb_0025_cctv2_f000076_000086_000096,climb-over-fence_plant_rgb,intrusion_climb-over-fence_rgb_0025_cctv2,intrusion_candidate,intrusion,"[76, 86, 96]","[2.533, 2.867, 3.2]","{""start_frame"": 61, ""end_frame"": 96}","[""bend/bow (at the waist), carry/hold (an object)"", ""bend/bow (at the waist), carry/hold (an object)"", ""bend/bow (at the waist), carry/hold (an object)""]","[""danger"", ""danger"", ""danger""]",danger,"{""normal"": 0, ""unsafe"": 0, ""danger"": 36}","{""normal"": 0.0, ""unsafe"": 0.0, ""danger"": 1.0}",danger,danger,danger,True,False,labeling_yolo_sequence_coverage,sampled_danger_then_danger_ratio_sampled_unsafe_then_unsafe_ratio_else_normal,danger,intrusion,True,True,True,1.4369,"{
""risk_state"":""danger""
}
",True
intrusion_climb-over-fence_rgb_0025_cctv2_f000106_000116_000126,climb-over-fence_plant_rgb,intrusion_climb-over-fence_rgb_0025_cctv2,intrusion_candidate,intrusion,"[106, 116, 126]","[3.533, 3.867, 4.2]","{""start_frame"": 91, ""end_frame"": 126}","[""bend/bow (at the waist), carry/hold (an object)"", ""bend/bow (at the waist), carry/hold (an object)"", ""bend/bow (at the waist), carry/hold (an object)""]","[""danger"", ""danger"", ""danger""]",danger,"{""normal"": 0, ""unsafe"": 0, ""danger"": 36}","{""normal"": 0.0, ""unsafe"": 0.0, ""danger"": 1.0}",danger,danger,danger,True,False,labeling_yolo_sequence_coverage,sampled_danger_then_danger_ratio_sampled_unsafe_then_unsafe_ratio_else_normal,danger,intrusion,True,True,True,1.4361,"{
""risk_state"":""danger""
}
",True
intrusion_climb-over-fence_rgb_0025_cctv2_f000136_000146_000156,climb-over-fence_plant_rgb,intrusion_climb-over-fence_rgb_0025_cctv2,intrusion_candidate,intrusion,"[136, 146, 156]","[4.533, 4.867, 5.2]","{""start_frame"": 121, ""end_frame"": 156}","[""bend/bow (at the waist), carry/hold (an object)"", ""bend/bow (at the waist), carry/hold (an object)"", ""bend/bow (at the waist), carry/hold (an object)""]","[""danger"", ""danger"", ""danger""]",danger,"{""normal"": 0, ""unsafe"": 0, ""danger"": 36}","{""normal"": 0.0, ""unsafe"": 0.0, ""danger"": 1.0}",danger,danger,danger,True,False,labeling_yolo_sequence_coverage,sampled_danger_then_danger_ratio_sampled_unsafe_then_unsafe_ratio_else_normal,danger,intrusion,True,True,True,1.4373,"{
""risk_state"":""danger""
}
",True
intrusion_climb-over-fence_rgb_0025_cctv2_f000166_000176_000186,climb-over-fence_plant_rgb,intrusion_climb-over-fence_rgb_0025_cctv2,intrusion_candidate,intrusion,"[166, 176, 186]","[5.533, 5.867, 6.2]","{""start_frame"": 151, ""end_frame"": 186}","[""bend/bow (at the waist), carry/hold (an object)"", ""bend/bow (at the waist), carry/hold (an object)"", ""bend/bow (at the waist), carry/hold (an object)""]","[""danger"", ""danger"", ""danger""]",danger,"{""normal"": 0, ""unsafe"": 0, ""danger"": 36}","{""normal"": 0.0, ""unsafe"": 0.0, ""danger"": 1.0}",danger,danger,danger,True,False,labeling_yolo_sequence_coverage,sampled_danger_then_danger_ratio_sampled_unsafe_then_unsafe_ratio_else_normal,danger,intrusion,True,True,True,1.4381,"{
""risk_state"":""danger""
}
",True
intrusion_climb-over-fence_rgb_0025_cctv2_f000196_000206_000216,climb-over-fence_plant_rgb,intrusion_climb-over-fence_rgb_0025_cctv2,intrusion_candidate,intrusion,"[196, 206, 216]","[6.533, 6.867, 7.2]","{""start_frame"": 181, ""end_frame"": 216}","[""bend/bow (at the waist), carry/hold (an object)"", ""bend/bow (at the waist), carry/hold (an object)"", ""bend/bow (at the waist), carry/hold (an object)""]","[""danger"", ""danger"", ""danger""]",danger,"{""normal"": 0, ""unsafe"": 0, ""danger"": 36}","{""normal"": 0.0, ""unsafe"": 0.0, ""danger"": 1.0}",danger,danger,danger,True,False,labeling_yolo_sequence_coverage,sampled_danger_then_danger_ratio_sampled_unsafe_then_unsafe_ratio_else_normal,danger,intrusion,True,True,True,1.4521,"{
""risk_state"":""danger""
}
",True
intrusion_climb-over-fence_rgb_0034_cctv3_f000016_000026_000036,climb-over-fence_plant_rgb,intrusion_climb-over-fence_rgb_0034_cctv3,intrusion_candidate,intrusion,"[16, 26, 36]","[0.533, 0.867, 1.2]","{""start_frame"": 1, ""end_frame"": 36}","[""walk, carry/hold (an object)"", ""walk, carry/hold (an object)"", ""walk, carry/hold (an object)""]","[""danger"", ""danger"", ""danger""]",danger,"{""normal"": 0, ""unsafe"": 0, ""danger"": 36}","{""normal"": 0.0, ""unsafe"": 0.0, ""danger"": 1.0}",danger,danger,danger,True,False,labeling_yolo_sequence_coverage,sampled_danger_then_danger_ratio_sampled_unsafe_then_unsafe_ratio_else_normal,unsafe,intrusion,True,True,True,1.462,"```json
{""risk_state"":""unsafe""}
```
",False
intrusion_climb-over-fence_rgb_0034_cctv3_f000046_000056_000066,climb-over-fence_plant_rgb,intrusion_climb-over-fence_rgb_0034_cctv3,intrusion_candidate,intrusion,"[46, 56, 66]","[1.533, 1.867, 2.2]","{""start_frame"": 31, ""end_frame"": 66}","[""carry/hold (an object), walk"", ""carry/hold (an object), walk"", ""carry/hold (an object), stand""]","[""danger"", ""danger"", ""danger""]",danger,"{""normal"": 0, ""unsafe"": 0, ""danger"": 36}","{""normal"": 0.0, ""unsafe"": 0.0, ""danger"": 1.0}",danger,danger,danger,True,False,labeling_yolo_sequence_coverage,sampled_danger_then_danger_ratio_sampled_unsafe_then_unsafe_ratio_else_normal,danger,intrusion,True,True,True,1.5634,"```json
{""risk_state"":""danger""}
```
",True
intrusion_climb-over-fence_rgb_0034_cctv3_f000076_000086_000096,climb-over-fence_plant_rgb,intrusion_climb-over-fence_rgb_0034_cctv3,intrusion_candidate,intrusion,"[76, 86, 96]","[2.533, 2.867, 3.2]","{""start_frame"": 61, ""end_frame"": 96}","[""bend/bow (at the waist), carry/hold (an object)"", ""bend/bow (at the waist), carry/hold (an object)"", ""bend/bow (at the waist), carry/hold (an object)""]","[""danger"", ""danger"", ""danger""]",danger,"{""normal"": 0, ""unsafe"": 0, ""danger"": 36}","{""normal"": 0.0, ""unsafe"": 0.0, ""danger"": 1.0}",danger,danger,danger,True,False,labeling_yolo_sequence_coverage,sampled_danger_then_danger_ratio_sampled_unsafe_then_unsafe_ratio_else_normal,danger,intrusion,True,True,True,1.4715,"```json
{""risk_state"":""danger""}
```
",True
intrusion_climb-over-fence_rgb_0034_cctv3_f000106_000116_000126,climb-over-fence_plant_rgb,intrusion_climb-over-fence_rgb_0034_cctv3,intrusion_candidate,intrusion,"[106, 116, 126]","[3.533, 3.867, 4.2]","{""start_frame"": 91, ""end_frame"": 126}","[""bend/bow (at the waist), carry/hold (an object)"", ""bend/bow (at the waist), carry/hold (an object)"", ""bend/bow (at the waist), carry/hold (an object)""]","[""danger"", ""danger"", ""danger""]",danger,"{""normal"": 0, ""unsafe"": 0, ""danger"": 36}","{""normal"": 0.0, ""unsafe"": 0.0, ""danger"": 1.0}",danger,danger,danger,True,False,labeling_yolo_sequence_coverage,sampled_danger_then_danger_ratio_sampled_unsafe_then_unsafe_ratio_else_normal,danger,intrusion,True,True,True,1.4698,"```json
{""risk_state"":""danger""}
```
",True
intrusion_climb-over-fence_rgb_0034_cctv3_f000136_000146_000156,climb-over-fence_plant_rgb,intrusion_climb-over-fence_rgb_0034_cctv3,intrusion_candidate,intrusion,"[136, 146, 156]","[4.533, 4.867, 5.2]","{""start_frame"": 121, ""end_frame"": 156}","[""bend/bow (at the waist), carry/hold (an object)"", ""bend/bow (at the waist), carry/hold (an object)"", ""bend/bow (at the waist), carry/hold (an object)""]","[""danger"", ""danger"", ""danger""]",danger,"{""normal"": 0, ""unsafe"": 0, ""danger"": 36}","{""normal"": 0.0, ""unsafe"": 0.0, ""danger"": 1.0}",danger,danger,danger,True,False,labeling_yolo_sequence_coverage,sampled_danger_then_danger_ratio_sampled_unsafe_then_unsafe_ratio_else_normal,danger,intrusion,True,True,True,1.4694,"{
""risk_state"": ""danger""
}
",True
intrusion_climb-over-fence_rgb_0034_cctv3_f000166_000176_000186,climb-over-fence_plant_rgb,intrusion_climb-over-fence_rgb_0034_cctv3,intrusion_candidate,intrusion,"[166, 176, 186]","[5.533, 5.867, 6.2]","{""start_frame"": 151, ""end_frame"": 186}","[""bend/bow (at the waist), carry/hold (an object)"", ""bend/bow (at the waist), carry/hold (an object)"", ""bend/bow (at the waist), carry/hold (an object)""]","[""danger"", ""danger"", ""danger""]",danger,"{""normal"": 0, ""unsafe"": 0, ""danger"": 36}","{""normal"": 0.0, ""unsafe"": 0.0, ""danger"": 1.0}",danger,danger,danger,True,False,labeling_yolo_sequence_coverage,sampled_danger_then_danger_ratio_sampled_unsafe_then_unsafe_ratio_else_normal,danger,intrusion,True,True,True,1.4553,"{
""risk_state"": ""danger""
}
",True
intrusion_climb-over-fence_rgb_0034_cctv3_f000196_000206_000216,climb-over-fence_plant_rgb,intrusion_climb-over-fence_rgb_0034_cctv3,intrusion_candidate,intrusion,"[196, 206, 216]","[6.533, 6.867, 7.2]","{""start_frame"": 181, ""end_frame"": 216}","[""bend/bow (at the waist), carry/hold (an object)"", ""bend/bow (at the waist), carry/hold (an object)"", ""bend/bow (at the waist), carry/hold (an object)""]","[""danger"", ""danger"", ""danger""]",danger,"{""normal"": 0, ""unsafe"": 0, ""danger"": 36}","{""normal"": 0.0, ""unsafe"": 0.0, ""danger"": 1.0}",danger,danger,danger,True,False,labeling_yolo_sequence_coverage,sampled_danger_then_danger_ratio_sampled_unsafe_then_unsafe_ratio_else_normal,danger,intrusion,True,True,True,1.4669,"```json
{""risk_state"":""danger""}
```
",True
intrusion_climb-over-fence_rgb_0038_cctv3_f000016_000026_000036,climb-over-fence_plant_rgb,intrusion_climb-over-fence_rgb_0038_cctv3,intrusion_candidate,intrusion,"[16, 26, 36]","[0.533, 0.867, 1.2]","{""start_frame"": 1, ""end_frame"": 36}","[""walk, carry/hold (an object)"", ""stand, carry/hold (an object)"", ""walk, carry/hold (an object)""]","[""danger"", ""danger"", ""danger""]",danger,"{""normal"": 0, ""unsafe"": 0, ""danger"": 36}","{""normal"": 0.0, ""unsafe"": 0.0, ""danger"": 1.0}",danger,danger,danger,True,False,labeling_yolo_sequence_coverage,sampled_danger_then_danger_ratio_sampled_unsafe_then_unsafe_ratio_else_normal,danger,intrusion,True,True,True,1.4486,"{
""risk_state"":""danger""
}
",True
intrusion_climb-over-fence_rgb_0038_cctv3_f000046_000056_000066,climb-over-fence_plant_rgb,intrusion_climb-over-fence_rgb_0038_cctv3,intrusion_candidate,intrusion,"[46, 56, 66]","[1.533, 1.867, 2.2]","{""start_frame"": 31, ""end_frame"": 66}","[""carry/hold (an object), run/jog"", ""walk, carry/hold (an object)"", ""walk, carry/hold (an object)""]","[""danger"", ""danger"", ""danger""]",danger,"{""normal"": 0, ""unsafe"": 0, ""danger"": 36}","{""normal"": 0.0, ""unsafe"": 0.0, ""danger"": 1.0}",danger,danger,danger,True,False,labeling_yolo_sequence_coverage,sampled_danger_then_danger_ratio_sampled_unsafe_then_unsafe_ratio_else_normal,danger,intrusion,True,True,True,1.5697,"```json
{""risk_state"":""danger""}
```
",True
intrusion_climb-over-fence_rgb_0038_cctv3_f000076_000086_000096,climb-over-fence_plant_rgb,intrusion_climb-over-fence_rgb_0038_cctv3,intrusion_candidate,intrusion,"[76, 86, 96]","[2.533, 2.867, 3.2]","{""start_frame"": 61, ""end_frame"": 96}","[""walk, carry/hold (an object)"", ""walk, stand"", ""walk, carry/hold (an object)""]","[""danger"", ""danger"", ""danger""]",danger,"{""normal"": 0, ""unsafe"": 0, ""danger"": 36}","{""normal"": 0.0, ""unsafe"": 0.0, ""danger"": 1.0}",danger,danger,danger,True,False,labeling_yolo_sequence_coverage,sampled_danger_then_danger_ratio_sampled_unsafe_then_unsafe_ratio_else_normal,danger,intrusion,True,True,True,1.564,"```json
{""risk_state"":""danger""}
```
",True
intrusion_climb-over-fence_rgb_0038_cctv3_f000106_000116_000126,climb-over-fence_plant_rgb,intrusion_climb-over-fence_rgb_0038_cctv3,intrusion_candidate,intrusion,"[106, 116, 126]","[3.533, 3.867, 4.2]","{""start_frame"": 91, ""end_frame"": 126}","[""stand, carry/hold (an object)"", ""stand, walk"", ""walk, carry/hold (an object)""]","[""danger"", ""danger"", ""danger""]",danger,"{""normal"": 0, ""unsafe"": 0, ""danger"": 36}","{""normal"": 0.0, ""unsafe"": 0.0, ""danger"": 1.0}",danger,danger,danger,True,False,labeling_yolo_sequence_coverage,sampled_danger_then_danger_ratio_sampled_unsafe_then_unsafe_ratio_else_normal,danger,intrusion,True,True,True,1.4713,"```json
{""risk_state"":""danger""}
```
",True
intrusion_climb-over-fence_rgb_0038_cctv3_f000136_000146_000156,climb-over-fence_plant_rgb,intrusion_climb-over-fence_rgb_0038_cctv3,intrusion_candidate,intrusion,"[136, 146, 156]","[4.533, 4.867, 5.2]","{""start_frame"": 121, ""end_frame"": 156}","[""carry/hold (an object), walk"", ""carry/hold (an object), stand"", ""stand, carry/hold (an object)""]","[""danger"", ""danger"", ""danger""]",danger,"{""normal"": 0, ""unsafe"": 0, ""danger"": 36}","{""normal"": 0.0, ""unsafe"": 0.0, ""danger"": 1.0}",danger,danger,danger,True,False,labeling_yolo_sequence_coverage,sampled_danger_then_danger_ratio_sampled_unsafe_then_unsafe_ratio_else_normal,danger,intrusion,True,True,True,1.466,"```json
{""risk_state"":""danger""}
```
",True
intrusion_climb-over-fence_rgb_0038_cctv3_f000166_000176_000186,climb-over-fence_plant_rgb,intrusion_climb-over-fence_rgb_0038_cctv3,intrusion_candidate,intrusion,"[166, 176, 186]","[5.533, 5.867, 6.2]","{""start_frame"": 151, ""end_frame"": 186}","[""stand, carry/hold (an object)"", ""bend/bow (at the waist), carry/hold (an object)"", ""bend/bow (at the waist)""]","[""danger"", ""danger"", ""danger""]",danger,"{""normal"": 0, ""unsafe"": 0, ""danger"": 36}","{""normal"": 0.0, ""unsafe"": 0.0, ""danger"": 1.0}",danger,danger,danger,True,False,labeling_yolo_sequence_coverage,sampled_danger_then_danger_ratio_sampled_unsafe_then_unsafe_ratio_else_normal,danger,intrusion,True,True,True,1.5707,"```json
{""risk_state"":""danger""}
```
",True
intrusion_climb-over-fence_rgb_0038_cctv3_f000196_000206_000216,climb-over-fence_plant_rgb,intrusion_climb-over-fence_rgb_0038_cctv3,intrusion_candidate,intrusion,"[196, 206, 216]","[6.533, 6.867, 7.2]","{""start_frame"": 181, ""end_frame"": 216}","[""bend/bow (at the waist), carry/hold (an object)"", ""bend/bow (at the waist), carry/hold (an object)"", ""bend/bow (at the waist), carry/hold (an object)""]","[""danger"", ""danger"", ""danger""]",danger,"{""normal"": 0, ""unsafe"": 0, ""danger"": 36}","{""normal"": 0.0, ""unsafe"": 0.0, ""danger"": 1.0}",danger,danger,danger,True,False,labeling_yolo_sequence_coverage,sampled_danger_then_danger_ratio_sampled_unsafe_then_unsafe_ratio_else_normal,danger,intrusion,True,True,True,1.4463,"{
""risk_state"":""danger""
}
",True
intrusion_climb-over-fence_rgb_0038_cctv3_f000226_000236_000246,climb-over-fence_plant_rgb,intrusion_climb-over-fence_rgb_0038_cctv3,intrusion_candidate,intrusion,"[226, 236, 246]","[7.533, 7.867, 8.2]","{""start_frame"": 211, ""end_frame"": 246}","[""bend/bow (at the waist), carry/hold (an object)"", ""bend/bow (at the waist), carry/hold (an object)"", ""bend/bow (at the waist), carry/hold (an object)""]","[""danger"", ""danger"", ""danger""]",danger,"{""normal"": 0, ""unsafe"": 0, ""danger"": 36}","{""normal"": 0.0, ""unsafe"": 0.0, ""danger"": 1.0}",danger,danger,danger,True,False,labeling_yolo_sequence_coverage,sampled_danger_then_danger_ratio_sampled_unsafe_then_unsafe_ratio_else_normal,danger,intrusion,True,True,True,1.4401,"{
""risk_state"":""danger""
}
",True
intrusion_climb-over-fence_rgb_0052_cctv1_f000016_000026_000036,climb-over-fence_plant_rgb,intrusion_climb-over-fence_rgb_0052_cctv1,intrusion_candidate,intrusion,"[16, 26, 36]","[0.533, 0.867, 1.2]","{""start_frame"": 1, ""end_frame"": 36}","[""carry/hold (an object), walk"", ""bend/bow (at the waist), carry/hold (an object)"", ""bend/bow (at the waist), carry/hold (an object)""]","[""danger"", ""danger"", ""danger""]",danger,"{""normal"": 0, ""unsafe"": 0, ""danger"": 36}","{""normal"": 0.0, ""unsafe"": 0.0, ""danger"": 1.0}",danger,danger,danger,True,False,labeling_yolo_sequence_coverage,sampled_danger_then_danger_ratio_sampled_unsafe_then_unsafe_ratio_else_normal,danger,intrusion,True,True,True,1.5517,"{
""risk_state"":""danger""
}
",True
intrusion_climb-over-fence_rgb_0052_cctv1_f000046_000056_000066,climb-over-fence_plant_rgb,intrusion_climb-over-fence_rgb_0052_cctv1,intrusion_candidate,intrusion,"[46, 56, 66]","[1.533, 1.867, 2.2]","{""start_frame"": 31, ""end_frame"": 66}","[""bend/bow (at the waist), carry/hold (an object)"", ""bend/bow (at the waist)"", ""bend/bow (at the waist)""]","[""danger"", ""danger"", ""danger""]",danger,"{""normal"": 0, ""unsafe"": 0, ""danger"": 36}","{""normal"": 0.0, ""unsafe"": 0.0, ""danger"": 1.0}",danger,danger,danger,True,False,labeling_yolo_sequence_coverage,sampled_danger_then_danger_ratio_sampled_unsafe_then_unsafe_ratio_else_normal,danger,intrusion,True,True,True,1.4495,"{
""risk_state"":""danger""
}
",True
intrusion_climb-over-fence_rgb_0052_cctv1_f000076_000086_000096,climb-over-fence_plant_rgb,intrusion_climb-over-fence_rgb_0052_cctv1,intrusion_candidate,intrusion,"[76, 86, 96]","[2.533, 2.867, 3.2]","{""start_frame"": 61, ""end_frame"": 96}","[""bend/bow (at the waist), carry/hold (an object)"", ""bend/bow (at the waist), stand"", ""bend/bow (at the waist), carry/hold (an object)""]","[""danger"", ""danger"", ""danger""]",danger,"{""normal"": 0, ""unsafe"": 0, ""danger"": 36}","{""normal"": 0.0, ""unsafe"": 0.0, ""danger"": 1.0}",danger,danger,danger,True,False,labeling_yolo_sequence_coverage,sampled_danger_then_danger_ratio_sampled_unsafe_then_unsafe_ratio_else_normal,danger,intrusion,True,True,True,1.4656,"```json
{""risk_state"":""danger""}
```
",True
intrusion_climb-over-fence_rgb_0052_cctv1_f000106_000116_000126,climb-over-fence_plant_rgb,intrusion_climb-over-fence_rgb_0052_cctv1,intrusion_candidate,intrusion,"[106, 116, 126]","[3.533, 3.867, 4.2]","{""start_frame"": 91, ""end_frame"": 126}","[""stand, carry/hold (an object)"", ""stand, carry/hold (an object)"", ""stand, bend/bow (at the waist)""]","[""danger"", ""danger"", ""danger""]",danger,"{""normal"": 0, ""unsafe"": 0, ""danger"": 36}","{""normal"": 0.0, ""unsafe"": 0.0, ""danger"": 1.0}",danger,danger,danger,True,False,labeling_yolo_sequence_coverage,sampled_danger_then_danger_ratio_sampled_unsafe_then_unsafe_ratio_else_normal,danger,intrusion,True,True,True,1.4449,"{
""risk_state"":""danger""
}
",True
intrusion_climb-over-fence_rgb_0052_cctv1_f000136_000146_000156,climb-over-fence_plant_rgb,intrusion_climb-over-fence_rgb_0052_cctv1,intrusion_candidate,intrusion,"[136, 146, 156]","[4.533, 4.867, 5.2]","{""start_frame"": 121, ""end_frame"": 156}","[""stand, carry/hold (an object)"", ""bend/bow (at the waist), carry/hold (an object)"", ""bend/bow (at the waist), carry/hold (an object)""]","[""danger"", ""danger"", ""danger""]",danger,"{""normal"": 0, ""unsafe"": 0, ""danger"": 36}","{""normal"": 0.0, ""unsafe"": 0.0, ""danger"": 1.0}",danger,danger,danger,True,False,labeling_yolo_sequence_coverage,sampled_danger_then_danger_ratio_sampled_unsafe_then_unsafe_ratio_else_normal,danger,intrusion,True,True,True,1.5441,"{
""risk_state"":""danger""
}
",True
intrusion_climb-over-fence_rgb_0052_cctv1_f000166_000176_000186,climb-over-fence_plant_rgb,intrusion_climb-over-fence_rgb_0052_cctv1,intrusion_candidate,intrusion,"[166, 176, 186]","[5.533, 5.867, 6.2]","{""start_frame"": 151, ""end_frame"": 186}","[""bend/bow (at the waist)"", ""bend/bow (at the waist), stand"", ""stand, carry/hold (an object)""]","[""danger"", ""danger"", ""danger""]",danger,"{""normal"": 0, ""unsafe"": 0, ""danger"": 36}","{""normal"": 0.0, ""unsafe"": 0.0, ""danger"": 1.0}",danger,danger,danger,True,False,labeling_yolo_sequence_coverage,sampled_danger_then_danger_ratio_sampled_unsafe_then_unsafe_ratio_else_normal,danger,intrusion,True,True,True,1.4454,"{
""risk_state"":""danger""
}
",True
intrusion_climb-over-fence_rgb_0052_cctv1_f000196_000206_000216,climb-over-fence_plant_rgb,intrusion_climb-over-fence_rgb_0052_cctv1,intrusion_candidate,intrusion,"[196, 206, 216]","[6.533, 6.867, 7.2]","{""start_frame"": 181, ""end_frame"": 216}","[""stand, carry/hold (an object)"", ""stand, carry/hold (an object)"", ""none""]","[""danger"", ""danger"", ""danger""]",danger,"{""normal"": 0, ""unsafe"": 0, ""danger"": 36}","{""normal"": 0.0, ""unsafe"": 0.0, ""danger"": 1.0}",danger,danger,danger,True,False,labeling_yolo_sequence_coverage,sampled_danger_then_danger_ratio_sampled_unsafe_then_unsafe_ratio_else_normal,danger,intrusion,True,True,True,1.4331,"{
""risk_state"":""danger""
}
",True
intrusion_climb-over-fence_rgb_0052_cctv1_f000226_000236_000246,climb-over-fence_plant_rgb,intrusion_climb-over-fence_rgb_0052_cctv1,intrusion_candidate,intrusion,"[226, 236, 246]","[7.533, 7.867, 8.2]","{""start_frame"": 211, ""end_frame"": 246}","[""stand, carry/hold (an object)"", ""stand, carry/hold (an object)"", ""stand, carry/hold (an object)""]","[""danger"", ""danger"", ""danger""]",danger,"{""normal"": 0, ""unsafe"": 0, ""danger"": 36}","{""normal"": 0.0, ""unsafe"": 0.0, ""danger"": 1.0}",danger,danger,danger,True,False,labeling_yolo_sequence_coverage,sampled_danger_then_danger_ratio_sampled_unsafe_then_unsafe_ratio_else_normal,unsafe,intrusion,True,True,True,1.4526,"{
""risk_state"":""unsafe""
}
",False
intrusion_climb-over-fence_rgb_0054_cctv1_f000016_000026_000036,climb-over-fence_plant_rgb,intrusion_climb-over-fence_rgb_0054_cctv1,intrusion_candidate,intrusion,"[16, 26, 36]","[0.533, 0.867, 1.2]","{""start_frame"": 1, ""end_frame"": 36}","[""bend/bow (at the waist), carry/hold (an object)"", ""bend/bow (at the waist), carry/hold (an object)"", ""bend/bow (at the waist), carry/hold (an object)""]","[""danger"", ""danger"", ""danger""]",danger,"{""normal"": 0, ""unsafe"": 0, ""danger"": 36}","{""normal"": 0.0, ""unsafe"": 0.0, ""danger"": 1.0}",danger,danger,danger,True,False,labeling_yolo_sequence_coverage,sampled_danger_then_danger_ratio_sampled_unsafe_then_unsafe_ratio_else_normal,danger,intrusion,True,True,True,1.4521,"{
""risk_state"":""danger""
}
",True
intrusion_climb-over-fence_rgb_0054_cctv1_f000046_000056_000066,climb-over-fence_plant_rgb,intrusion_climb-over-fence_rgb_0054_cctv1,intrusion_candidate,intrusion,"[46, 56, 66]","[1.533, 1.867, 2.2]","{""start_frame"": 31, ""end_frame"": 66}","[""bend/bow (at the waist), carry/hold (an object)"", ""bend/bow (at the waist), stand"", ""bend/bow (at the waist), stand""]","[""danger"", ""danger"", ""danger""]",danger,"{""normal"": 0, ""unsafe"": 0, ""danger"": 36}","{""normal"": 0.0, ""unsafe"": 0.0, ""danger"": 1.0}",danger,danger,danger,True,False,labeling_yolo_sequence_coverage,sampled_danger_then_danger_ratio_sampled_unsafe_then_unsafe_ratio_else_normal,danger,intrusion,True,True,True,1.4469,"{
""risk_state"":""danger""
}
",True
intrusion_climb-over-fence_rgb_0054_cctv1_f000076_000086_000096,climb-over-fence_plant_rgb,intrusion_climb-over-fence_rgb_0054_cctv1,intrusion_candidate,intrusion,"[76, 86, 96]","[2.533, 2.867, 3.2]","{""start_frame"": 61, ""end_frame"": 96}","[""stand, carry/hold (an object)"", ""stand, carry/hold (an object)"", ""stand, carry/hold (an object)""]","[""danger"", ""danger"", ""danger""]",danger,"{""normal"": 0, ""unsafe"": 0, ""danger"": 36}","{""normal"": 0.0, ""unsafe"": 0.0, ""danger"": 1.0}",danger,danger,danger,True,False,labeling_yolo_sequence_coverage,sampled_danger_then_danger_ratio_sampled_unsafe_then_unsafe_ratio_else_normal,danger,intrusion,True,True,True,1.4688,"```json
{""risk_state"":""danger""}
```
",True
intrusion_climb-over-fence_rgb_0054_cctv1_f000106_000116_000126,climb-over-fence_plant_rgb,intrusion_climb-over-fence_rgb_0054_cctv1,intrusion_candidate,intrusion,"[106, 116, 126]","[3.533, 3.867, 4.2]","{""start_frame"": 91, ""end_frame"": 126}","[""stand, carry/hold (an object)"", ""carry/hold (an object), stand"", ""carry/hold (an object), bend/bow (at the waist)""]","[""danger"", ""danger"", ""danger""]",danger,"{""normal"": 0, ""unsafe"": 0, ""danger"": 36}","{""normal"": 0.0, ""unsafe"": 0.0, ""danger"": 1.0}",danger,danger,danger,True,False,labeling_yolo_sequence_coverage,sampled_danger_then_danger_ratio_sampled_unsafe_then_unsafe_ratio_else_normal,danger,intrusion,True,True,True,1.4522,"{
""risk_state"":""danger""
}
",True
intrusion_climb-over-fence_rgb_0054_cctv1_f000136_000146_000156,climb-over-fence_plant_rgb,intrusion_climb-over-fence_rgb_0054_cctv1,intrusion_candidate,intrusion,"[136, 146, 156]","[4.533, 4.867, 5.2]","{""start_frame"": 121, ""end_frame"": 156}","[""stand, carry/hold (an object)"", ""stand, carry/hold (an object)"", ""stand, carry/hold (an object)""]","[""danger"", ""danger"", ""danger""]",danger,"{""normal"": 0, ""unsafe"": 0, ""danger"": 36}","{""normal"": 0.0, ""unsafe"": 0.0, ""danger"": 1.0}",danger,danger,danger,True,False,labeling_yolo_sequence_coverage,sampled_danger_then_danger_ratio_sampled_unsafe_then_unsafe_ratio_else_normal,danger,intrusion,True,True,True,1.4592,"```json
{""risk_state"":""danger""}
```
",True
intrusion_climb-over-fence_rgb_0004_cctv1_f000016_000026_000036,climb-over-fence_smart_rgb,intrusion_climb-over-fence_rgb_0004_cctv1,intrusion_candidate,intrusion,"[16, 26, 36]","[0.533, 0.867, 1.2]","{""start_frame"": 1, ""end_frame"": 36}","[""walk, carry/hold (an object)"", ""walk, carry/hold (an object)"", ""walk, carry/hold (an object)""]","[""normal"", ""normal"", ""unsafe""]",unsafe,"{""normal"": 28, ""unsafe"": 8, ""danger"": 0}","{""normal"": 0.7778, ""unsafe"": 0.2222, ""danger"": 0.0}",normal,unsafe,unsafe,True,False,labeling_yolo_sequence_coverage,sampled_danger_then_danger_ratio_sampled_unsafe_then_unsafe_ratio_else_normal,unsafe,intrusion,True,True,True,1.4628,"```json
{""risk_state"":""unsafe""}
```
",True
intrusion_climb-over-fence_rgb_0004_cctv1_f000046_000056_000066,climb-over-fence_smart_rgb,intrusion_climb-over-fence_rgb_0004_cctv1,intrusion_candidate,intrusion,"[46, 56, 66]","[1.533, 1.867, 2.2]","{""start_frame"": 31, ""end_frame"": 66}","[""run/jog, carry/hold (an object)"", ""carry/hold (an object), walk"", ""walk, carry/hold (an object)""]","[""danger"", ""danger"", ""danger""]",danger,"{""normal"": 0, ""unsafe"": 10, ""danger"": 26}","{""normal"": 0.0, ""unsafe"": 0.2778, ""danger"": 0.7222}",danger,danger,danger,True,False,labeling_yolo_sequence_coverage,sampled_danger_then_danger_ratio_sampled_unsafe_then_unsafe_ratio_else_normal,danger,intrusion,True,True,True,1.4609,"```json
{""risk_state"":""danger""}
```
",True
intrusion_climb-over-fence_rgb_0004_cctv1_f000076_000086_000096,climb-over-fence_smart_rgb,intrusion_climb-over-fence_rgb_0004_cctv1,intrusion_candidate,intrusion,"[76, 86, 96]","[2.533, 2.867, 3.2]","{""start_frame"": 61, ""end_frame"": 96}","[""walk, carry/hold (an object)"", ""stand, carry/hold (an object)"", ""stand, answer phone""]","[""danger"", ""danger"", ""danger""]",danger,"{""normal"": 0, ""unsafe"": 0, ""danger"": 36}","{""normal"": 0.0, ""unsafe"": 0.0, ""danger"": 1.0}",danger,danger,danger,True,False,labeling_yolo_sequence_coverage,sampled_danger_then_danger_ratio_sampled_unsafe_then_unsafe_ratio_else_normal,danger,intrusion,True,True,True,1.4584,"```json
{""risk_state"":""danger""}
```
",True
intrusion_climb-over-fence_rgb_0004_cctv1_f000106_000116_000126,climb-over-fence_smart_rgb,intrusion_climb-over-fence_rgb_0004_cctv1,intrusion_candidate,intrusion,"[106, 116, 126]","[3.533, 3.867, 4.2]","{""start_frame"": 91, ""end_frame"": 126}","[""stand"", ""stand, answer phone"", ""stand, answer phone""]","[""danger"", ""danger"", ""danger""]",danger,"{""normal"": 0, ""unsafe"": 0, ""danger"": 36}","{""normal"": 0.0, ""unsafe"": 0.0, ""danger"": 1.0}",danger,danger,danger,True,False,labeling_yolo_sequence_coverage,sampled_danger_then_danger_ratio_sampled_unsafe_then_unsafe_ratio_else_normal,unsafe,intrusion,True,True,True,1.5639,"```json
{""risk_state"":""unsafe""}
```
",False
intrusion_climb-over-fence_rgb_0004_cctv1_f000136_000146_000156,climb-over-fence_smart_rgb,intrusion_climb-over-fence_rgb_0004_cctv1,intrusion_candidate,intrusion,"[136, 146, 156]","[4.533, 4.867, 5.2]","{""start_frame"": 121, ""end_frame"": 156}","[""stand, answer phone"", ""stand, answer phone"", ""stand, answer phone""]","[""danger"", ""danger"", ""danger""]",danger,"{""normal"": 0, ""unsafe"": 0, ""danger"": 36}","{""normal"": 0.0, ""unsafe"": 0.0, ""danger"": 1.0}",danger,danger,danger,True,False,labeling_yolo_sequence_coverage,sampled_danger_then_danger_ratio_sampled_unsafe_then_unsafe_ratio_else_normal,danger,intrusion,True,True,True,1.6997,"```json
{
  ""risk_state"": ""danger""
}
```
",True
intrusion_climb-over-fence_rgb_0004_cctv1_f000166_000176_000186,climb-over-fence_smart_rgb,intrusion_climb-over-fence_rgb_0004_cctv1,intrusion_candidate,intrusion,"[166, 176, 186]","[5.533, 5.867, 6.2]","{""start_frame"": 151, ""end_frame"": 186}","[""stand, carry/hold (an object)"", ""walk, carry/hold (an object)"", ""stand, carry/hold (an object)""]","[""danger"", ""danger"", ""danger""]",danger,"{""normal"": 0, ""unsafe"": 0, ""danger"": 36}","{""normal"": 0.0, ""unsafe"": 0.0, ""danger"": 1.0}",danger,danger,danger,True,False,labeling_yolo_sequence_coverage,sampled_danger_then_danger_ratio_sampled_unsafe_then_unsafe_ratio_else_normal,danger,intrusion,True,True,True,1.5861,"```json
{
  ""risk_state"": ""danger""
}
```
",True
intrusion_climb-over-fence_rgb_0004_cctv1_f000196_000206_000216,climb-over-fence_smart_rgb,intrusion_climb-over-fence_rgb_0004_cctv1,intrusion_candidate,intrusion,"[196, 206, 216]","[6.533, 6.867, 7.2]","{""start_frame"": 181, ""end_frame"": 216}","[""stand, carry/hold (an object)"", ""stand, walk"", ""bend/bow (at the waist), carry/hold (an object)""]","[""danger"", ""danger"", ""danger""]",danger,"{""normal"": 0, ""unsafe"": 0, ""danger"": 36}","{""normal"": 0.0, ""unsafe"": 0.0, ""danger"": 1.0}",danger,danger,danger,True,False,labeling_yolo_sequence_coverage,sampled_danger_then_danger_ratio_sampled_unsafe_then_unsafe_ratio_else_normal,danger,intrusion,True,True,True,1.4618,"```json
{""risk_state"":""danger""}
```
",True
intrusion_climb-over-fence_rgb_0004_cctv1_f000226_000236_000246,climb-over-fence_smart_rgb,intrusion_climb-over-fence_rgb_0004_cctv1,intrusion_candidate,intrusion,"[226, 236, 246]","[7.533, 7.867, 8.2]","{""start_frame"": 211, ""end_frame"": 246}","[""bend/bow (at the waist), carry/hold (an object)"", ""bend/bow (at the waist), carry/hold (an object)"", ""stand, carry/hold (an object)""]","[""danger"", ""danger"", ""danger""]",danger,"{""normal"": 0, ""unsafe"": 0, ""danger"": 36}","{""normal"": 0.0, ""unsafe"": 0.0, ""danger"": 1.0}",danger,danger,danger,True,False,labeling_yolo_sequence_coverage,sampled_danger_then_danger_ratio_sampled_unsafe_then_unsafe_ratio_else_normal,danger,intrusion,True,True,True,1.4689,"```json
{""risk_state"":""danger""}
```
",True
intrusion_climb-over-fence_rgb_0004_cctv1_f000256_000266_000276,climb-over-fence_smart_rgb,intrusion_climb-over-fence_rgb_0004_cctv1,intrusion_candidate,intrusion,"[256, 266, 276]","[8.533, 8.867, 9.2]","{""start_frame"": 241, ""end_frame"": 276}","[""stand, answer phone"", ""stand, answer phone"", ""stand, answer phone""]","[""danger"", ""danger"", ""danger""]",danger,"{""normal"": 0, ""unsafe"": 0, ""danger"": 36}","{""normal"": 0.0, ""unsafe"": 0.0, ""danger"": 1.0}",danger,danger,danger,True,False,labeling_yolo_sequence_coverage,sampled_danger_then_danger_ratio_sampled_unsafe_then_unsafe_ratio_else_normal,danger,intrusion,True,True,True,1.587,"```json
{
  ""risk_state"": ""danger""
}
```
",True
intrusion_climb-over-fence_rgb_0004_cctv1_f000286_000296_000306,climb-over-fence_smart_rgb,intrusion_climb-over-fence_rgb_0004_cctv1,intrusion_candidate,intrusion,"[286, 296, 306]","[9.533, 9.867, 10.2]","{""start_frame"": 271, ""end_frame"": 306}","[""stand, carry/hold (an object)"", ""bend/bow (at the waist), carry/hold (an object)"", ""stand, carry/hold (an object)""]","[""danger"", ""danger"", ""danger""]",danger,"{""normal"": 0, ""unsafe"": 0, ""danger"": 36}","{""normal"": 0.0, ""unsafe"": 0.0, ""danger"": 1.0}",danger,danger,danger,True,False,labeling_yolo_sequence_coverage,sampled_danger_then_danger_ratio_sampled_unsafe_then_unsafe_ratio_else_normal,danger,intrusion,True,True,True,1.6959,"```json
{
  ""risk_state"": ""danger""
}
```
",True
intrusion_climb-over-fence_rgb_0004_cctv1_f000316_000326_000336,climb-over-fence_smart_rgb,intrusion_climb-over-fence_rgb_0004_cctv1,intrusion_candidate,intrusion,"[316, 326, 336]","[10.533, 10.867, 11.2]","{""start_frame"": 301, ""end_frame"": 336}","[""stand, carry/hold (an object)"", ""bend/bow (at the waist), carry/hold (an object)"", ""stand, answer phone""]","[""danger"", ""danger"", ""danger""]",danger,"{""normal"": 0, ""unsafe"": 0, ""danger"": 36}","{""normal"": 0.0, ""unsafe"": 0.0, ""danger"": 1.0}",danger,danger,danger,True,False,labeling_yolo_sequence_coverage,sampled_danger_then_danger_ratio_sampled_unsafe_then_unsafe_ratio_else_normal,danger,intrusion,True,True,True,1.5936,"```json
{
  ""risk_state"": ""danger""
}
```
",True
intrusion_climb-over-fence_rgb_0004_cctv1_f000346_000356_000366,climb-over-fence_smart_rgb,intrusion_climb-over-fence_rgb_0004_cctv1,intrusion_candidate,intrusion,"[346, 356, 366]","[11.533, 11.867, 12.2]","{""start_frame"": 331, ""end_frame"": 366}","[""stand, answer phone"", ""bend/bow (at the waist), stand"", ""bend/bow (at the waist), carry/hold (an object)""]","[""danger"", ""danger"", ""danger""]",danger,"{""normal"": 0, ""unsafe"": 0, ""danger"": 36}","{""normal"": 0.0, ""unsafe"": 0.0, ""danger"": 1.0}",danger,danger,danger,True,False,labeling_yolo_sequence_coverage,sampled_danger_then_danger_ratio_sampled_unsafe_then_unsafe_ratio_else_normal,danger,intrusion,True,True,True,1.5953,"```json
{
  ""risk_state"": ""danger""
}
```
",True
intrusion_climb-over-fence_rgb_0004_cctv1_f000376_000386_000396,climb-over-fence_smart_rgb,intrusion_climb-over-fence_rgb_0004_cctv1,intrusion_candidate,intrusion,"[376, 386, 396]","[12.533, 12.867, 13.2]","{""start_frame"": 361, ""end_frame"": 396}","[""bend/bow (at the waist), stand"", ""bend/bow (at the waist), stand"", ""sit, stand""]","[""danger"", ""danger"", ""danger""]",danger,"{""normal"": 0, ""unsafe"": 0, ""danger"": 36}","{""normal"": 0.0, ""unsafe"": 0.0, ""danger"": 1.0}",danger,danger,danger,True,False,labeling_yolo_sequence_coverage,sampled_danger_then_danger_ratio_sampled_unsafe_then_unsafe_ratio_else_normal,danger,intrusion,True,True,True,1.603,"```json
{
  ""risk_state"": ""danger""
}
```
",True
intrusion_climb-over-fence_rgb_0004_cctv1_f000406_000416_000426,climb-over-fence_smart_rgb,intrusion_climb-over-fence_rgb_0004_cctv1,intrusion_candidate,intrusion,"[406, 416, 426]","[13.533, 13.867, 14.2]","{""start_frame"": 391, ""end_frame"": 426}","[""stand, sit"", ""stand"", ""stand""]","[""danger"", ""danger"", ""danger""]",danger,"{""normal"": 0, ""unsafe"": 0, ""danger"": 36}","{""normal"": 0.0, ""unsafe"": 0.0, ""danger"": 1.0}",danger,danger,danger,True,False,labeling_yolo_sequence_coverage,sampled_danger_then_danger_ratio_sampled_unsafe_then_unsafe_ratio_else_normal,danger,intrusion,True,True,True,1.6901,"```json
{
  ""risk_state"": ""danger""
}
```
",True
intrusion_climb-over-fence_rgb_0004_cctv1_f000436_000446_000456,climb-over-fence_smart_rgb,intrusion_climb-over-fence_rgb_0004_cctv1,intrusion_candidate,intrusion,"[436, 446, 456]","[14.533, 14.867, 15.2]","{""start_frame"": 421, ""end_frame"": 456}","[""bend/bow (at the waist), stand"", ""bend/bow (at the waist), carry/hold (an object)"", ""bend/bow (at the waist), carry/hold (an object)""]","[""danger"", ""danger"", ""danger""]",danger,"{""normal"": 0, ""unsafe"": 0, ""danger"": 36}","{""normal"": 0.0, ""unsafe"": 0.0, ""danger"": 1.0}",danger,danger,danger,True,False,labeling_yolo_sequence_coverage,sampled_danger_then_danger_ratio_sampled_unsafe_then_unsafe_ratio_else_normal,danger,intrusion,True,True,True,1.5966,"```json
{
  ""risk_state"": ""danger""
}
```
",True
intrusion_climb-over-fence_rgb_0005_cctv2_f000016_000026_000036,climb-over-fence_smart_rgb,intrusion_climb-over-fence_rgb_0005_cctv2,intrusion_candidate,intrusion,"[16, 26, 36]","[0.533, 0.867, 1.2]","{""start_frame"": 1, ""end_frame"": 36}","[""walk, carry/hold (an object)"", ""walk, carry/hold (an object)"", ""walk, carry/hold (an object)""]","[""normal"", ""normal"", ""normal""]",normal,"{""normal"": 36, ""unsafe"": 0, ""danger"": 0}","{""normal"": 1.0, ""unsafe"": 0.0, ""danger"": 0.0}",normal,normal,normal,True,False,labeling_yolo_sequence_coverage,sampled_danger_then_danger_ratio_sampled_unsafe_then_unsafe_ratio_else_normal,normal,normal,False,True,True,1.4702,"{
""risk_state"": ""normal""
}
",True
intrusion_climb-over-fence_rgb_0005_cctv2_f000046_000056_000066,climb-over-fence_smart_rgb,intrusion_climb-over-fence_rgb_0005_cctv2,intrusion_candidate,intrusion,"[46, 56, 66]","[1.533, 1.867, 2.2]","{""start_frame"": 31, ""end_frame"": 66}","[""walk, carry/hold (an object)"", ""walk, carry/hold (an object)"", ""walk, carry/hold (an object)""]","[""normal"", ""normal"", ""unsafe""]",unsafe,"{""normal"": 28, ""unsafe"": 8, ""danger"": 0}","{""normal"": 0.7778, ""unsafe"": 0.2222, ""danger"": 0.0}",normal,unsafe,unsafe,True,False,labeling_yolo_sequence_coverage,sampled_danger_then_danger_ratio_sampled_unsafe_then_unsafe_ratio_else_normal,normal,normal,False,True,True,1.4617,"{
""risk_state"": ""normal""
}
",False
intrusion_climb-over-fence_rgb_0005_cctv2_f000076_000086_000096,climb-over-fence_smart_rgb,intrusion_climb-over-fence_rgb_0005_cctv2,intrusion_candidate,intrusion,"[76, 86, 96]","[2.533, 2.867, 3.2]","{""start_frame"": 61, ""end_frame"": 96}","[""walk, carry/hold (an object)"", ""carry/hold (an object), stand"", ""carry/hold (an object), walk""]","[""unsafe"", ""danger"", ""danger""]",danger,"{""normal"": 0, ""unsafe"": 25, ""danger"": 11}","{""normal"": 0.0, ""unsafe"": 0.6944, ""danger"": 0.3056}",danger,danger,danger,True,False,labeling_yolo_sequence_coverage,sampled_danger_then_danger_ratio_sampled_unsafe_then_unsafe_ratio_else_normal,danger,intrusion,True,True,True,1.6844,"```json
{
  ""risk_state"": ""danger""
}
```
",True
intrusion_climb-over-fence_rgb_0005_cctv2_f000106_000116_000126,climb-over-fence_smart_rgb,intrusion_climb-over-fence_rgb_0005_cctv2,intrusion_candidate,intrusion,"[106, 116, 126]","[3.533, 3.867, 4.2]","{""start_frame"": 91, ""end_frame"": 126}","[""carry/hold (an object), stand"", ""carry/hold (an object), stand"", ""carry/hold (an object), walk""]","[""danger"", ""danger"", ""danger""]",danger,"{""normal"": 0, ""unsafe"": 0, ""danger"": 36}","{""normal"": 0.0, ""unsafe"": 0.0, ""danger"": 1.0}",danger,danger,danger,True,False,labeling_yolo_sequence_coverage,sampled_danger_then_danger_ratio_sampled_unsafe_then_unsafe_ratio_else_normal,danger,intrusion,True,True,True,1.4701,"```json
{""risk_state"":""danger""}
```
",True
intrusion_climb-over-fence_rgb_0005_cctv2_f000136_000146_000156,climb-over-fence_smart_rgb,intrusion_climb-over-fence_rgb_0005_cctv2,intrusion_candidate,intrusion,"[136, 146, 156]","[4.533, 4.867, 5.2]","{""start_frame"": 121, ""end_frame"": 156}","[""run/jog, walk"", ""stand, walk"", ""stand, carry/hold (an object)""]","[""danger"", ""danger"", ""danger""]",danger,"{""normal"": 0, ""unsafe"": 0, ""danger"": 36}","{""normal"": 0.0, ""unsafe"": 0.0, ""danger"": 1.0}",danger,danger,danger,True,False,labeling_yolo_sequence_coverage,sampled_danger_then_danger_ratio_sampled_unsafe_then_unsafe_ratio_else_normal,danger,intrusion,True,True,True,1.5667,"```json
{""risk_state"":""danger""}
```
",True
intrusion_climb-over-fence_rgb_0005_cctv2_f000166_000176_000186,climb-over-fence_smart_rgb,intrusion_climb-over-fence_rgb_0005_cctv2,intrusion_candidate,intrusion,"[166, 176, 186]","[5.533, 5.867, 6.2]","{""start_frame"": 151, ""end_frame"": 186}","[""stand, carry/hold (an object)"", ""stand, carry/hold (an object)"", ""stand, carry/hold (an object)""]","[""danger"", ""danger"", ""danger""]",danger,"{""normal"": 0, ""unsafe"": 0, ""danger"": 36}","{""normal"": 0.0, ""unsafe"": 0.0, ""danger"": 1.0}",danger,danger,danger,True,False,labeling_yolo_sequence_coverage,sampled_danger_then_danger_ratio_sampled_unsafe_then_unsafe_ratio_else_normal,danger,intrusion,True,True,True,1.4693,"```json
{""risk_state"":""danger""}
```
",True
intrusion_climb-over-fence_rgb_0005_cctv2_f000196_000206_000216,climb-over-fence_smart_rgb,intrusion_climb-over-fence_rgb_0005_cctv2,intrusion_candidate,intrusion,"[196, 206, 216]","[6.533, 6.867, 7.2]","{""start_frame"": 181, ""end_frame"": 216}","[""stand, carry/hold (an object)"", ""stand, carry/hold (an object)"", ""carry/hold (an object), stand""]","[""danger"", ""danger"", ""danger""]",danger,"{""normal"": 0, ""unsafe"": 0, ""danger"": 36}","{""normal"": 0.0, ""unsafe"": 0.0, ""danger"": 1.0}",danger,danger,danger,True,False,labeling_yolo_sequence_coverage,sampled_danger_then_danger_ratio_sampled_unsafe_then_unsafe_ratio_else_normal,danger,intrusion,True,True,True,1.4668,"```json
{""risk_state"":""danger""}
```
",True
intrusion_climb-over-fence_rgb_0005_cctv2_f000226_000236_000246,climb-over-fence_smart_rgb,intrusion_climb-over-fence_rgb_0005_cctv2,intrusion_candidate,intrusion,"[226, 236, 246]","[7.533, 7.867, 8.2]","{""start_frame"": 211, ""end_frame"": 246}","[""stand, carry/hold (an object)"", ""stand, carry/hold (an object)"", ""stand, carry/hold (an object)""]","[""danger"", ""danger"", ""danger""]",danger,"{""normal"": 0, ""unsafe"": 0, ""danger"": 36}","{""normal"": 0.0, ""unsafe"": 0.0, ""danger"": 1.0}",danger,danger,danger,True,False,labeling_yolo_sequence_coverage,sampled_danger_then_danger_ratio_sampled_unsafe_then_unsafe_ratio_else_normal,danger,intrusion,True,True,True,1.458,"```json
{""risk_state"":""danger""}
```
",True
intrusion_climb-over-fence_rgb_0005_cctv2_f000256_000266_000276,climb-over-fence_smart_rgb,intrusion_climb-over-fence_rgb_0005_cctv2,intrusion_candidate,intrusion,"[256, 266, 276]","[8.533, 8.867, 9.2]","{""start_frame"": 241, ""end_frame"": 276}","[""walk, stand"", ""stand, carry/hold (an object)"", ""stand, carry/hold (an object)""]","[""danger"", ""danger"", ""danger""]",danger,"{""normal"": 0, ""unsafe"": 0, ""danger"": 36}","{""normal"": 0.0, ""unsafe"": 0.0, ""danger"": 1.0}",danger,danger,danger,True,False,labeling_yolo_sequence_coverage,sampled_danger_then_danger_ratio_sampled_unsafe_then_unsafe_ratio_else_normal,danger,intrusion,True,True,True,1.5795,"```json
{
  ""risk_state"": ""danger""
}
```
",True
intrusion_climb-over-fence_rgb_0005_cctv2_f000286_000296_000306,climb-over-fence_smart_rgb,intrusion_climb-over-fence_rgb_0005_cctv2,intrusion_candidate,intrusion,"[286, 296, 306]","[9.533, 9.867, 10.2]","{""start_frame"": 271, ""end_frame"": 306}","[""bend/bow (at the waist), carry/hold (an object)"", ""bend/bow (at the waist), stand"", ""stand, bend/bow (at the waist)""]","[""danger"", ""danger"", ""danger""]",danger,"{""normal"": 0, ""unsafe"": 0, ""danger"": 36}","{""normal"": 0.0, ""unsafe"": 0.0, ""danger"": 1.0}",danger,danger,danger,True,False,labeling_yolo_sequence_coverage,sampled_danger_then_danger_ratio_sampled_unsafe_then_unsafe_ratio_else_normal,danger,intrusion,True,True,True,1.473,"```json
{""risk_state"":""danger""}
```
",True
intrusion_climb-over-fence_rgb_0005_cctv2_f000316_000326_000336,climb-over-fence_smart_rgb,intrusion_climb-over-fence_rgb_0005_cctv2,intrusion_candidate,intrusion,"[316, 326, 336]","[10.533, 10.867, 11.2]","{""start_frame"": 301, ""end_frame"": 336}","[""bend/bow (at the waist), carry/hold (an object)"", ""bend/bow (at the waist), stand"", ""stand, bend/bow (at the waist)""]","[""danger"", ""danger"", ""danger""]",danger,"{""normal"": 0, ""unsafe"": 0, ""danger"": 36}","{""normal"": 0.0, ""unsafe"": 0.0, ""danger"": 1.0}",danger,danger,danger,True,False,labeling_yolo_sequence_coverage,sampled_danger_then_danger_ratio_sampled_unsafe_then_unsafe_ratio_else_normal,danger,intrusion,True,True,True,1.6843,"```json
{
  ""risk_state"": ""danger""
}
```
",True
intrusion_climb-over-fence_rgb_0005_cctv2_f000346_000356_000366,climb-over-fence_smart_rgb,intrusion_climb-over-fence_rgb_0005_cctv2,intrusion_candidate,intrusion,"[346, 356, 366]","[11.533, 11.867, 12.2]","{""start_frame"": 331, ""end_frame"": 366}","[""stand, bend/bow (at the waist)"", ""stand, walk"", ""stand, walk""]","[""danger"", ""danger"", ""danger""]",danger,"{""normal"": 0, ""unsafe"": 0, ""danger"": 36}","{""normal"": 0.0, ""unsafe"": 0.0, ""danger"": 1.0}",danger,danger,danger,True,False,labeling_yolo_sequence_coverage,sampled_danger_then_danger_ratio_sampled_unsafe_then_unsafe_ratio_else_normal,danger,intrusion,True,True,True,1.4571,"```json
{""risk_state"":""danger""}
```
",True
intrusion_climb-over-fence_rgb_0005_cctv2_f000376_000386_000396,climb-over-fence_smart_rgb,intrusion_climb-over-fence_rgb_0005_cctv2,intrusion_candidate,intrusion,"[376, 386, 396]","[12.533, 12.867, 13.2]","{""start_frame"": 361, ""end_frame"": 396}","[""stand, walk"", ""stand, walk"", ""stand, bend/bow (at the waist)""]","[""danger"", ""danger"", ""danger""]",danger,"{""normal"": 0, ""unsafe"": 0, ""danger"": 36}","{""normal"": 0.0, ""unsafe"": 0.0, ""danger"": 1.0}",danger,danger,danger,True,False,labeling_yolo_sequence_coverage,sampled_danger_then_danger_ratio_sampled_unsafe_then_unsafe_ratio_else_normal,danger,intrusion,True,True,True,1.4572,"```json
{""risk_state"":""danger""}
```
",True
intrusion_climb-over-fence_rgb_0005_cctv2_f000406_000416_000426,climb-over-fence_smart_rgb,intrusion_climb-over-fence_rgb_0005_cctv2,intrusion_candidate,intrusion,"[406, 416, 426]","[13.533, 13.867, 14.2]","{""start_frame"": 391, ""end_frame"": 426}","[""bend/bow (at the waist), stand"", ""bend/bow (at the waist), stand"", ""bend/bow (at the waist), carry/hold (an object)""]","[""danger"", ""danger"", ""danger""]",danger,"{""normal"": 0, ""unsafe"": 0, ""danger"": 36}","{""normal"": 0.0, ""unsafe"": 0.0, ""danger"": 1.0}",danger,danger,danger,True,False,labeling_yolo_sequence_coverage,sampled_danger_then_danger_ratio_sampled_unsafe_then_unsafe_ratio_else_normal,danger,intrusion,True,True,True,1.5843,"```json
{
  ""risk_state"": ""danger""
}
```
",True
intrusion_climb-over-fence_rgb_0005_cctv2_f000436_000446_000456,climb-over-fence_smart_rgb,intrusion_climb-over-fence_rgb_0005_cctv2,intrusion_candidate,intrusion,"[436, 446, 456]","[14.533, 14.867, 15.2]","{""start_frame"": 421, ""end_frame"": 456}","[""bend/bow (at the waist), stand"", ""bend/bow (at the waist), stand"", ""stand""]","[""danger"", ""danger"", ""danger""]",danger,"{""normal"": 0, ""unsafe"": 0, ""danger"": 36}","{""normal"": 0.0, ""unsafe"": 0.0, ""danger"": 1.0}",danger,danger,danger,True,False,labeling_yolo_sequence_coverage,sampled_danger_then_danger_ratio_sampled_unsafe_then_unsafe_ratio_else_normal,danger,intrusion,True,True,True,1.5816,"```json
{
    ""risk_state"": ""danger""
}
```
",True
intrusion_climb-over-fence_rgb_0005_cctv2_f000466_000476_000486,climb-over-fence_smart_rgb,intrusion_climb-over-fence_rgb_0005_cctv2,intrusion_candidate,intrusion,"[466, 476, 486]","[15.533, 15.867, 16.2]","{""start_frame"": 451, ""end_frame"": 486}","[""stand, bend/bow (at the waist)"", ""stand"", ""stand""]","[""danger"", ""danger"", ""danger""]",danger,"{""normal"": 0, ""unsafe"": 0, ""danger"": 36}","{""normal"": 0.0, ""unsafe"": 0.0, ""danger"": 1.0}",danger,danger,danger,True,False,labeling_yolo_sequence_coverage,sampled_danger_then_danger_ratio_sampled_unsafe_then_unsafe_ratio_else_normal,danger,intrusion,True,True,True,1.589,"```json
{
    ""risk_state"": ""danger""
}
```
",True
intrusion_climb-over-fence_rgb_0053_cctv1_f000016_000026_000036,climb-over-fence_smart_rgb,intrusion_climb-over-fence_rgb_0053_cctv1,intrusion_candidate,intrusion,"[16, 26, 36]","[0.533, 0.867, 1.2]","{""start_frame"": 1, ""end_frame"": 36}","[""walk, carry/hold (an object)"", ""walk, run/jog"", ""walk, carry/hold (an object)""]","[""normal"", ""normal"", ""unsafe""]",unsafe,"{""normal"": 33, ""unsafe"": 3, ""danger"": 0}","{""normal"": 0.9167, ""unsafe"": 0.0833, ""danger"": 0.0}",normal,unsafe,unsafe,True,False,labeling_yolo_sequence_coverage,sampled_danger_then_danger_ratio_sampled_unsafe_then_unsafe_ratio_else_normal,unsafe,intrusion,True,True,True,1.5634,"```json
{""risk_state"":""unsafe""}
```
",True
intrusion_climb-over-fence_rgb_0053_cctv1_f000046_000056_000066,climb-over-fence_smart_rgb,intrusion_climb-over-fence_rgb_0053_cctv1,intrusion_candidate,intrusion,"[46, 56, 66]","[1.533, 1.867, 2.2]","{""start_frame"": 31, ""end_frame"": 66}","[""walk, carry/hold (an object)"", ""walk, carry/hold (an object)"", ""walk, carry/hold (an object)""]","[""unsafe"", ""unsafe"", ""unsafe""]",unsafe,"{""normal"": 3, ""unsafe"": 33, ""danger"": 0}","{""normal"": 0.0833, ""unsafe"": 0.9167, ""danger"": 0.0}",unsafe,unsafe,unsafe,True,False,labeling_yolo_sequence_coverage,sampled_danger_then_danger_ratio_sampled_unsafe_then_unsafe_ratio_else_normal,danger,intrusion,True,True,True,1.5961,"```json
{
    ""risk_state"": ""danger""
}
```
",False
intrusion_climb-over-fence_rgb_0053_cctv1_f000076_000086_000096,climb-over-fence_smart_rgb,intrusion_climb-over-fence_rgb_0053_cctv1,intrusion_candidate,intrusion,"[76, 86, 96]","[2.533, 2.867, 3.2]","{""start_frame"": 61, ""end_frame"": 96}","[""stand, walk"", ""stand, walk"", ""walk, carry/hold (an object)""]","[""unsafe"", ""unsafe"", ""danger""]",danger,"{""normal"": 0, ""unsafe"": 32, ""danger"": 4}","{""normal"": 0.0, ""unsafe"": 0.8889, ""danger"": 0.1111}",unsafe,danger,danger,True,False,labeling_yolo_sequence_coverage,sampled_danger_then_danger_ratio_sampled_unsafe_then_unsafe_ratio_else_normal,danger,intrusion,True,True,True,1.584,"```json
{
    ""risk_state"": ""danger""
}
```
",True
intrusion_climb-over-fence_rgb_0053_cctv1_f000106_000116_000126,climb-over-fence_smart_rgb,intrusion_climb-over-fence_rgb_0053_cctv1,intrusion_candidate,intrusion,"[106, 116, 126]","[3.533, 3.867, 4.2]","{""start_frame"": 91, ""end_frame"": 126}","[""walk, carry/hold (an object)"", ""stand, carry/hold (an object)"", ""walk, stand""]","[""danger"", ""danger"", ""danger""]",danger,"{""normal"": 0, ""unsafe"": 2, ""danger"": 34}","{""normal"": 0.0, ""unsafe"": 0.0556, ""danger"": 0.9444}",danger,danger,danger,True,False,labeling_yolo_sequence_coverage,sampled_danger_then_danger_ratio_sampled_unsafe_then_unsafe_ratio_else_normal,danger,intrusion,True,True,True,1.5977,"```json
{
    ""risk_state"": ""danger""
}
```
",True
intrusion_climb-over-fence_rgb_0053_cctv1_f000136_000146_000156,climb-over-fence_smart_rgb,intrusion_climb-over-fence_rgb_0053_cctv1,intrusion_candidate,intrusion,"[136, 146, 156]","[4.533, 4.867, 5.2]","{""start_frame"": 121, ""end_frame"": 156}","[""stand, carry/hold (an object)"", ""stand, carry/hold (an object)"", ""bend/bow (at the waist), carry/hold (an object)""]","[""danger"", ""danger"", ""danger""]",danger,"{""normal"": 0, ""unsafe"": 0, ""danger"": 36}","{""normal"": 0.0, ""unsafe"": 0.0, ""danger"": 1.0}",danger,danger,danger,True,False,labeling_yolo_sequence_coverage,sampled_danger_then_danger_ratio_sampled_unsafe_then_unsafe_ratio_else_normal,danger,intrusion,True,True,True,1.6929,"```json
{
    ""risk_state"": ""danger""
}
```
",True
intrusion_climb-over-fence_rgb_0053_cctv1_f000166_000176_000186,climb-over-fence_smart_rgb,intrusion_climb-over-fence_rgb_0053_cctv1,intrusion_candidate,intrusion,"[166, 176, 186]","[5.533, 5.867, 6.2]","{""start_frame"": 151, ""end_frame"": 186}","[""bend/bow (at the waist), carry/hold (an object)"", ""stand, carry/hold (an object)"", ""stand, carry/hold (an object)""]","[""danger"", ""danger"", ""danger""]",danger,"{""normal"": 0, ""unsafe"": 0, ""danger"": 36}","{""normal"": 0.0, ""unsafe"": 0.0, ""danger"": 1.0}",danger,danger,danger,True,False,labeling_yolo_sequence_coverage,sampled_danger_then_danger_ratio_sampled_unsafe_then_unsafe_ratio_else_normal,danger,intrusion,True,True,True,1.5859,"```json
{
    ""risk_state"": ""danger""
}
```
",True
intrusion_climb-over-fence_rgb_0053_cctv1_f000196_000206_000216,climb-over-fence_smart_rgb,intrusion_climb-over-fence_rgb_0053_cctv1,intrusion_candidate,intrusion,"[196, 206, 216]","[6.533, 6.867, 7.2]","{""start_frame"": 181, ""end_frame"": 216}","[""stand, carry/hold (an object)"", ""stand, carry/hold (an object)"", ""stand, carry/hold (an object)""]","[""danger"", ""danger"", ""danger""]",danger,"{""normal"": 0, ""unsafe"": 0, ""danger"": 36}","{""normal"": 0.0, ""unsafe"": 0.0, ""danger"": 1.0}",danger,danger,danger,True,False,labeling_yolo_sequence_coverage,sampled_danger_then_danger_ratio_sampled_unsafe_then_unsafe_ratio_else_normal,danger,intrusion,True,True,True,1.5887,"```json
{
    ""risk_state"": ""danger""
}
```
",True
intrusion_climb-over-fence_rgb_0053_cctv1_f000226_000236_000246,climb-over-fence_smart_rgb,intrusion_climb-over-fence_rgb_0053_cctv1,intrusion_candidate,intrusion,"[226, 236, 246]","[7.533, 7.867, 8.2]","{""start_frame"": 211, ""end_frame"": 246}","[""stand, carry/hold (an object)"", ""stand, carry/hold (an object)"", ""stand, answer phone""]","[""danger"", ""danger"", ""danger""]",danger,"{""normal"": 0, ""unsafe"": 0, ""danger"": 36}","{""normal"": 0.0, ""unsafe"": 0.0, ""danger"": 1.0}",danger,danger,danger,True,False,labeling_yolo_sequence_coverage,sampled_danger_then_danger_ratio_sampled_unsafe_then_unsafe_ratio_else_normal,danger,intrusion,True,True,True,1.5857,"```json
{
  ""risk_state"": ""danger""
}
```
",True
intrusion_climb-over-fence_rgb_0053_cctv1_f000256_000266_000276,climb-over-fence_smart_rgb,intrusion_climb-over-fence_rgb_0053_cctv1,intrusion_candidate,intrusion,"[256, 266, 276]","[8.533, 8.867, 9.2]","{""start_frame"": 241, ""end_frame"": 276}","[""stand, answer phone"", ""stand, answer phone"", ""stand, carry/hold (an object)""]","[""danger"", ""danger"", ""danger""]",danger,"{""normal"": 0, ""unsafe"": 0, ""danger"": 36}","{""normal"": 0.0, ""unsafe"": 0.0, ""danger"": 1.0}",danger,danger,danger,True,False,labeling_yolo_sequence_coverage,sampled_danger_then_danger_ratio_sampled_unsafe_then_unsafe_ratio_else_normal,danger,intrusion,True,True,True,1.5902,"```json
{
  ""risk_state"": ""danger""
}
```
",True
intrusion_climb-over-fence_rgb_0053_cctv1_f000286_000296_000306,climb-over-fence_smart_rgb,intrusion_climb-over-fence_rgb_0053_cctv1,intrusion_candidate,intrusion,"[286, 296, 306]","[9.533, 9.867, 10.2]","{""start_frame"": 271, ""end_frame"": 306}","[""stand, carry/hold (an object)"", ""stand, carry/hold (an object)"", ""stand, carry/hold (an object)""]","[""danger"", ""danger"", ""danger""]",danger,"{""normal"": 0, ""unsafe"": 0, ""danger"": 36}","{""normal"": 0.0, ""unsafe"": 0.0, ""danger"": 1.0}",danger,danger,danger,True,False,labeling_yolo_sequence_coverage,sampled_danger_then_danger_ratio_sampled_unsafe_then_unsafe_ratio_else_normal,danger,intrusion,True,True,True,1.4598,"```json
{""risk_state"":""danger""}
```
",True
intrusion_climb-over-fence_rgb_0053_cctv1_f000316_000326_000336,climb-over-fence_smart_rgb,intrusion_climb-over-fence_rgb_0053_cctv1,intrusion_candidate,intrusion,"[316, 326, 336]","[10.533, 10.867, 11.2]","{""start_frame"": 301, ""end_frame"": 336}","[""stand, carry/hold (an object)"", ""stand, bend/bow (at the waist)"", ""stand, carry/hold (an object)""]","[""danger"", ""danger"", ""danger""]",danger,"{""normal"": 0, ""unsafe"": 0, ""danger"": 36}","{""normal"": 0.0, ""unsafe"": 0.0, ""danger"": 1.0}",danger,danger,danger,True,False,labeling_yolo_sequence_coverage,sampled_danger_then_danger_ratio_sampled_unsafe_then_unsafe_ratio_else_normal,danger,intrusion,True,True,True,1.5928,"```json
{
  ""risk_state"": ""danger""
}
```
",True
intrusion_climb-over-fence_rgb_0053_cctv1_f000346_000356_000366,climb-over-fence_smart_rgb,intrusion_climb-over-fence_rgb_0053_cctv1,intrusion_candidate,intrusion,"[346, 356, 366]","[11.533, 11.867, 12.2]","{""start_frame"": 331, ""end_frame"": 366}","[""stand, carry/hold (an object)"", ""stand, carry/hold (an object)"", ""stand, bend/bow (at the waist)""]","[""danger"", ""danger"", ""danger""]",danger,"{""normal"": 0, ""unsafe"": 0, ""danger"": 36}","{""normal"": 0.0, ""unsafe"": 0.0, ""danger"": 1.0}",danger,danger,danger,True,False,labeling_yolo_sequence_coverage,sampled_danger_then_danger_ratio_sampled_unsafe_then_unsafe_ratio_else_normal,danger,intrusion,True,True,True,1.5876,"```json
{
    ""risk_state"": ""danger""
}
```
",True
intrusion_climb-over-fence_rgb_0053_cctv1_f000376_000386_000396,climb-over-fence_smart_rgb,intrusion_climb-over-fence_rgb_0053_cctv1,intrusion_candidate,intrusion,"[376, 386, 396]","[12.533, 12.867, 13.2]","{""start_frame"": 361, ""end_frame"": 396}","[""stand, bend/bow (at the waist)"", ""stand, bend/bow (at the waist)"", ""bend/bow (at the waist), stand""]","[""danger"", ""danger"", ""danger""]",danger,"{""normal"": 0, ""unsafe"": 0, ""danger"": 36}","{""normal"": 0.0, ""unsafe"": 0.0, ""danger"": 1.0}",danger,danger,danger,True,False,labeling_yolo_sequence_coverage,sampled_danger_then_danger_ratio_sampled_unsafe_then_unsafe_ratio_else_normal,danger,intrusion,True,True,True,1.5903,"```json
{
    ""risk_state"": ""danger""
}
```
",True
intrusion_climb-over-fence_rgb_0053_cctv1_f000406_000416_000426,climb-over-fence_smart_rgb,intrusion_climb-over-fence_rgb_0053_cctv1,intrusion_candidate,intrusion,"[406, 416, 426]","[13.533, 13.867, 14.2]","{""start_frame"": 391, ""end_frame"": 426}","[""bend/bow (at the waist), stand"", ""bend/bow (at the waist), stand"", ""bend/bow (at the waist), stand""]","[""danger"", ""danger"", ""danger""]",danger,"{""normal"": 0, ""unsafe"": 0, ""danger"": 36}","{""normal"": 0.0, ""unsafe"": 0.0, ""danger"": 1.0}",danger,danger,danger,True,False,labeling_yolo_sequence_coverage,sampled_danger_then_danger_ratio_sampled_unsafe_then_unsafe_ratio_else_normal,danger,intrusion,True,True,True,1.5902,"```json
{
  ""risk_state"": ""danger""
}
```
",True
intrusion_climb-over-fence_rgb_0078_cctv3_f000016_000026_000036,climb-over-fence_smart_rgb,intrusion_climb-over-fence_rgb_0078_cctv3,intrusion_candidate,intrusion,"[16, 26, 36]","[0.533, 0.867, 1.2]","{""start_frame"": 1, ""end_frame"": 36}","[""walk, carry/hold (an object)"", ""walk, carry/hold (an object)"", ""walk, carry/hold (an object)""]","[""unsafe"", ""unsafe"", ""unsafe""]",unsafe,"{""normal"": 0, ""unsafe"": 36, ""danger"": 0}","{""normal"": 0.0, ""unsafe"": 1.0, ""danger"": 0.0}",unsafe,unsafe,unsafe,True,False,labeling_yolo_sequence_coverage,sampled_danger_then_danger_ratio_sampled_unsafe_then_unsafe_ratio_else_normal,unsafe,intrusion,True,True,True,1.4596,"```json
{""risk_state"":""unsafe""}
```
",True
intrusion_climb-over-fence_rgb_0078_cctv3_f000046_000056_000066,climb-over-fence_smart_rgb,intrusion_climb-over-fence_rgb_0078_cctv3,intrusion_candidate,intrusion,"[46, 56, 66]","[1.533, 1.867, 2.2]","{""start_frame"": 31, ""end_frame"": 66}","[""walk, carry/hold (an object)"", ""walk, carry/hold (an object)"", ""walk, carry/hold (an object)""]","[""unsafe"", ""danger"", ""danger""]",danger,"{""normal"": 0, ""unsafe"": 16, ""danger"": 20}","{""normal"": 0.0, ""unsafe"": 0.4444, ""danger"": 0.5556}",danger,danger,danger,True,False,labeling_yolo_sequence_coverage,sampled_danger_then_danger_ratio_sampled_unsafe_then_unsafe_ratio_else_normal,danger,intrusion,True,True,True,1.5989,"```json
{
  ""risk_state"": ""danger""
}
```
",True
intrusion_climb-over-fence_rgb_0078_cctv3_f000076_000086_000096,climb-over-fence_smart_rgb,intrusion_climb-over-fence_rgb_0078_cctv3,intrusion_candidate,intrusion,"[76, 86, 96]","[2.533, 2.867, 3.2]","{""start_frame"": 61, ""end_frame"": 96}","[""walk, carry/hold (an object)"", ""carry/hold (an object), walk"", ""walk, carry/hold (an object)""]","[""danger"", ""danger"", ""danger""]",danger,"{""normal"": 0, ""unsafe"": 0, ""danger"": 36}","{""normal"": 0.0, ""unsafe"": 0.0, ""danger"": 1.0}",danger,danger,danger,True,False,labeling_yolo_sequence_coverage,sampled_danger_then_danger_ratio_sampled_unsafe_then_unsafe_ratio_else_normal,danger,intrusion,True,True,True,1.5952,"```json
{
  ""risk_state"": ""danger""
}
```
",True
intrusion_climb-over-fence_rgb_0078_cctv3_f000106_000116_000126,climb-over-fence_smart_rgb,intrusion_climb-over-fence_rgb_0078_cctv3,intrusion_candidate,intrusion,"[106, 116, 126]","[3.533, 3.867, 4.2]","{""start_frame"": 91, ""end_frame"": 126}","[""walk, carry/hold (an object)"", ""walk, stand"", ""stand, carry/hold (an object)""]","[""danger"", ""danger"", ""danger""]",danger,"{""normal"": 0, ""unsafe"": 0, ""danger"": 36}","{""normal"": 0.0, ""unsafe"": 0.0, ""danger"": 1.0}",danger,danger,danger,True,False,labeling_yolo_sequence_coverage,sampled_danger_then_danger_ratio_sampled_unsafe_then_unsafe_ratio_else_normal,danger,intrusion,True,True,True,1.585,"```json
{
  ""risk_state"": ""danger""
}
```
",True
intrusion_climb-over-fence_rgb_0078_cctv3_f000136_000146_000156,climb-over-fence_smart_rgb,intrusion_climb-over-fence_rgb_0078_cctv3,intrusion_candidate,intrusion,"[136, 146, 156]","[4.533, 4.867, 5.2]","{""start_frame"": 121, ""end_frame"": 156}","[""walk, carry/hold (an object)"", ""walk, carry/hold (an object)"", ""walk, stand""]","[""danger"", ""danger"", ""danger""]",danger,"{""normal"": 0, ""unsafe"": 0, ""danger"": 36}","{""normal"": 0.0, ""unsafe"": 0.0, ""danger"": 1.0}",danger,danger,danger,True,False,labeling_yolo_sequence_coverage,sampled_danger_then_danger_ratio_sampled_unsafe_then_unsafe_ratio_else_normal,danger,intrusion,True,True,True,1.5824,"```json
{
  ""risk_state"": ""danger""
}
```
",True
intrusion_climb-over-fence_rgb_0078_cctv3_f000166_000176_000186,climb-over-fence_smart_rgb,intrusion_climb-over-fence_rgb_0078_cctv3,intrusion_candidate,intrusion,"[166, 176, 186]","[5.533, 5.867, 6.2]","{""start_frame"": 151, ""end_frame"": 186}","[""stand, carry/hold (an object)"", ""stand, carry/hold (an object)"", ""stand, carry/hold (an object)""]","[""danger"", ""danger"", ""danger""]",danger,"{""normal"": 0, ""unsafe"": 0, ""danger"": 36}","{""normal"": 0.0, ""unsafe"": 0.0, ""danger"": 1.0}",danger,danger,danger,True,False,labeling_yolo_sequence_coverage,sampled_danger_then_danger_ratio_sampled_unsafe_then_unsafe_ratio_else_normal,danger,intrusion,True,True,True,1.6047,"```json
{
  ""risk_state"": ""danger""
}
```
",True
intrusion_climb-over-fence_rgb_0078_cctv3_f000196_000206_000216,climb-over-fence_smart_rgb,intrusion_climb-over-fence_rgb_0078_cctv3,intrusion_candidate,intrusion,"[196, 206, 216]","[6.533, 6.867, 7.2]","{""start_frame"": 181, ""end_frame"": 216}","[""stand, answer phone"", ""walk, carry/hold (an object)"", ""walk, carry/hold (an object)""]","[""danger"", ""danger"", ""danger""]",danger,"{""normal"": 0, ""unsafe"": 0, ""danger"": 36}","{""normal"": 0.0, ""unsafe"": 0.0, ""danger"": 1.0}",danger,danger,danger,True,False,labeling_yolo_sequence_coverage,sampled_danger_then_danger_ratio_sampled_unsafe_then_unsafe_ratio_else_normal,danger,intrusion,True,True,True,1.5708,"```json
{
  ""risk_state"": ""danger""
}
```
",True
intrusion_climb-over-fence_rgb_0078_cctv3_f000226_000236_000246,climb-over-fence_smart_rgb,intrusion_climb-over-fence_rgb_0078_cctv3,intrusion_candidate,intrusion,"[226, 236, 246]","[7.533, 7.867, 8.2]","{""start_frame"": 211, ""end_frame"": 246}","[""stand, walk"", ""stand, carry/hold (an object)"", ""stand, answer phone""]","[""danger"", ""danger"", ""danger""]",danger,"{""normal"": 0, ""unsafe"": 0, ""danger"": 36}","{""normal"": 0.0, ""unsafe"": 0.0, ""danger"": 1.0}",danger,danger,danger,True,False,labeling_yolo_sequence_coverage,sampled_danger_then_danger_ratio_sampled_unsafe_then_unsafe_ratio_else_normal,danger,intrusion,True,True,True,1.5777,"```json
{
  ""risk_state"": ""danger""
}
```
",True
intrusion_climb-over-fence_rgb_0078_cctv3_f000256_000266_000276,climb-over-fence_smart_rgb,intrusion_climb-over-fence_rgb_0078_cctv3,intrusion_candidate,intrusion,"[256, 266, 276]","[8.533, 8.867, 9.2]","{""start_frame"": 241, ""end_frame"": 276}","[""stand, carry/hold (an object)"", ""stand, carry/hold (an object)"", ""bend/bow (at the waist), stand""]","[""danger"", ""danger"", ""danger""]",danger,"{""normal"": 0, ""unsafe"": 0, ""danger"": 36}","{""normal"": 0.0, ""unsafe"": 0.0, ""danger"": 1.0}",danger,danger,danger,True,False,labeling_yolo_sequence_coverage,sampled_danger_then_danger_ratio_sampled_unsafe_then_unsafe_ratio_else_normal,danger,intrusion,True,True,True,1.5952,"```json
{
  ""risk_state"": ""danger""
}
```
",True
intrusion_climb-over-fence_rgb_0078_cctv3_f000286_000296_000306,climb-over-fence_smart_rgb,intrusion_climb-over-fence_rgb_0078_cctv3,intrusion_candidate,intrusion,"[286, 296, 306]","[9.533, 9.867, 10.2]","{""start_frame"": 271, ""end_frame"": 306}","[""stand, carry/hold (an object)"", ""stand, carry/hold (an object)"", ""stand, carry/hold (an object)""]","[""danger"", ""danger"", ""danger""]",danger,"{""normal"": 0, ""unsafe"": 0, ""danger"": 36}","{""normal"": 0.0, ""unsafe"": 0.0, ""danger"": 1.0}",danger,danger,danger,True,False,labeling_yolo_sequence_coverage,sampled_danger_then_danger_ratio_sampled_unsafe_then_unsafe_ratio_else_normal,danger,intrusion,True,True,True,1.4654,"```json
{""risk_state"":""danger""}
```
",True
intrusion_climb-over-fence_rgb_0078_cctv3_f000316_000326_000336,climb-over-fence_smart_rgb,intrusion_climb-over-fence_rgb_0078_cctv3,intrusion_candidate,intrusion,"[316, 326, 336]","[10.533, 10.867, 11.2]","{""start_frame"": 301, ""end_frame"": 336}","[""stand, carry/hold (an object)"", ""stand, carry/hold (an object)"", ""stand, carry/hold (an object)""]","[""danger"", ""danger"", ""danger""]",danger,"{""normal"": 0, ""unsafe"": 0, ""danger"": 36}","{""normal"": 0.0, ""unsafe"": 0.0, ""danger"": 1.0}",danger,danger,danger,True,False,labeling_yolo_sequence_coverage,sampled_danger_then_danger_ratio_sampled_unsafe_then_unsafe_ratio_else_normal,danger,intrusion,True,True,True,1.5852,"```json
{
  ""risk_state"": ""danger""
}
```
",True
intrusion_climb-over-fence_rgb_0078_cctv3_f000346_000356_000366,climb-over-fence_smart_rgb,intrusion_climb-over-fence_rgb_0078_cctv3,intrusion_candidate,intrusion,"[346, 356, 366]","[11.533, 11.867, 12.2]","{""start_frame"": 331, ""end_frame"": 366}","[""stand, carry/hold (an object)"", ""stand, carry/hold (an object)"", ""stand, walk""]","[""danger"", ""danger"", ""danger""]",danger,"{""normal"": 0, ""unsafe"": 0, ""danger"": 36}","{""normal"": 0.0, ""unsafe"": 0.0, ""danger"": 1.0}",danger,danger,danger,True,False,labeling_yolo_sequence_coverage,sampled_danger_then_danger_ratio_sampled_unsafe_then_unsafe_ratio_else_normal,danger,intrusion,True,True,True,1.5945,"```json
{
  ""risk_state"": ""danger""
}
```
",True
intrusion_climb-over-fence_rgb_0078_cctv3_f000376_000386_000396,climb-over-fence_smart_rgb,intrusion_climb-over-fence_rgb_0078_cctv3,intrusion_candidate,intrusion,"[376, 386, 396]","[12.533, 12.867, 13.2]","{""start_frame"": 361, ""end_frame"": 396}","[""walk, stand"", ""stand, walk"", ""stand, walk""]","[""danger"", ""danger"", ""danger""]",danger,"{""normal"": 0, ""unsafe"": 0, ""danger"": 36}","{""normal"": 0.0, ""unsafe"": 0.0, ""danger"": 1.0}",danger,danger,danger,True,False,labeling_yolo_sequence_coverage,sampled_danger_then_danger_ratio_sampled_unsafe_then_unsafe_ratio_else_normal,danger,intrusion,True,True,True,1.5816,"```json
{
  ""risk_state"": ""danger""
}
```
",True
intrusion_climb-over-fence_rgb_0078_cctv3_f000406_000416_000426,climb-over-fence_smart_rgb,intrusion_climb-over-fence_rgb_0078_cctv3,intrusion_candidate,intrusion,"[406, 416, 426]","[13.533, 13.867, 14.2]","{""start_frame"": 391, ""end_frame"": 426}","[""stand"", ""walk, stand"", ""stand, walk""]","[""danger"", ""danger"", ""danger""]",danger,"{""normal"": 0, ""unsafe"": 0, ""danger"": 36}","{""normal"": 0.0, ""unsafe"": 0.0, ""danger"": 1.0}",danger,danger,danger,True,False,labeling_yolo_sequence_coverage,sampled_danger_then_danger_ratio_sampled_unsafe_then_unsafe_ratio_else_normal,danger,intrusion,True,True,True,1.6862,"```json
{
  ""risk_state"": ""danger""
}
```
",True
intrusion_climb-over-fence_rgb_0078_cctv3_f000436_000446_000456,climb-over-fence_smart_rgb,intrusion_climb-over-fence_rgb_0078_cctv3,intrusion_candidate,intrusion,"[436, 446, 456]","[14.533, 14.867, 15.2]","{""start_frame"": 421, ""end_frame"": 456}","[""stand, walk"", ""stand, carry/hold (an object)"", ""stand, carry/hold (an object)""]","[""danger"", ""danger"", ""danger""]",danger,"{""normal"": 0, ""unsafe"": 0, ""danger"": 36}","{""normal"": 0.0, ""unsafe"": 0.0, ""danger"": 1.0}",danger,danger,danger,True,False,labeling_yolo_sequence_coverage,sampled_danger_then_danger_ratio_sampled_unsafe_then_unsafe_ratio_else_normal,danger,intrusion,True,True,True,1.587,"```json
{
  ""risk_state"": ""danger""
}
```
",True
intrusion_climb-over-fence_rgb_0079_cctv3_f000016_000026_000036,climb-over-fence_smart_rgb,intrusion_climb-over-fence_rgb_0079_cctv3,intrusion_candidate,intrusion,"[16, 26, 36]","[0.533, 0.867, 1.2]","{""start_frame"": 1, ""end_frame"": 36}","[""walk, stand"", ""walk, carry/hold (an object)"", ""walk, carry/hold (an object)""]","[""unsafe"", ""danger"", ""danger""]",danger,"{""normal"": 0, ""unsafe"": 21, ""danger"": 15}","{""normal"": 0.0, ""unsafe"": 0.5833, ""danger"": 0.4167}",danger,danger,danger,True,False,labeling_yolo_sequence_coverage,sampled_danger_then_danger_ratio_sampled_unsafe_then_unsafe_ratio_else_normal,unsafe,intrusion,True,True,True,1.4587,"```json
{""risk_state"":""unsafe""}
```
",False
intrusion_climb-over-fence_rgb_0079_cctv3_f000046_000056_000066,climb-over-fence_smart_rgb,intrusion_climb-over-fence_rgb_0079_cctv3,intrusion_candidate,intrusion,"[46, 56, 66]","[1.533, 1.867, 2.2]","{""start_frame"": 31, ""end_frame"": 66}","[""walk, carry/hold (an object)"", ""walk, carry/hold (an object)"", ""walk, carry/hold (an object)""]","[""danger"", ""danger"", ""danger""]",danger,"{""normal"": 0, ""unsafe"": 0, ""danger"": 36}","{""normal"": 0.0, ""unsafe"": 0.0, ""danger"": 1.0}",danger,danger,danger,True,False,labeling_yolo_sequence_coverage,sampled_danger_then_danger_ratio_sampled_unsafe_then_unsafe_ratio_else_normal,danger,intrusion,True,True,True,1.5934,"```json
{
  ""risk_state"": ""danger""
}
```
",True
intrusion_climb-over-fence_rgb_0079_cctv3_f000076_000086_000096,climb-over-fence_smart_rgb,intrusion_climb-over-fence_rgb_0079_cctv3,intrusion_candidate,intrusion,"[76, 86, 96]","[2.533, 2.867, 3.2]","{""start_frame"": 61, ""end_frame"": 96}","[""walk, carry/hold (an object)"", ""carry/hold (an object), walk"", ""carry/hold (an object), stand""]","[""danger"", ""danger"", ""danger""]",danger,"{""normal"": 0, ""unsafe"": 0, ""danger"": 36}","{""normal"": 0.0, ""unsafe"": 0.0, ""danger"": 1.0}",danger,danger,danger,True,False,labeling_yolo_sequence_coverage,sampled_danger_then_danger_ratio_sampled_unsafe_then_unsafe_ratio_else_normal,danger,intrusion,True,True,True,1.582,"```json
{
  ""risk_state"": ""danger""
}
```
",True
intrusion_climb-over-fence_rgb_0079_cctv3_f000106_000116_000126,climb-over-fence_smart_rgb,intrusion_climb-over-fence_rgb_0079_cctv3,intrusion_candidate,intrusion,"[106, 116, 126]","[3.533, 3.867, 4.2]","{""start_frame"": 91, ""end_frame"": 126}","[""carry/hold (an object), walk"", ""carry/hold (an object), walk"", ""stand, carry/hold (an object)""]","[""danger"", ""danger"", ""danger""]",danger,"{""normal"": 0, ""unsafe"": 0, ""danger"": 36}","{""normal"": 0.0, ""unsafe"": 0.0, ""danger"": 1.0}",danger,danger,danger,True,False,labeling_yolo_sequence_coverage,sampled_danger_then_danger_ratio_sampled_unsafe_then_unsafe_ratio_else_normal,danger,intrusion,True,True,True,1.6008,"```json
{
  ""risk_state"": ""danger""
}
```
",True
intrusion_climb-over-fence_rgb_0079_cctv3_f000136_000146_000156,climb-over-fence_smart_rgb,intrusion_climb-over-fence_rgb_0079_cctv3,intrusion_candidate,intrusion,"[136, 146, 156]","[4.533, 4.867, 5.2]","{""start_frame"": 121, ""end_frame"": 156}","[""stand, carry/hold (an object)"", ""stand, carry/hold (an object)"", ""stand, carry/hold (an object)""]","[""danger"", ""danger"", ""danger""]",danger,"{""normal"": 0, ""unsafe"": 0, ""danger"": 36}","{""normal"": 0.0, ""unsafe"": 0.0, ""danger"": 1.0}",danger,danger,danger,True,False,labeling_yolo_sequence_coverage,sampled_danger_then_danger_ratio_sampled_unsafe_then_unsafe_ratio_else_normal,danger,intrusion,True,True,True,1.5857,"```json
{
  ""risk_state"": ""danger""
}
```
",True
intrusion_climb-over-fence_rgb_0079_cctv3_f000166_000176_000186,climb-over-fence_smart_rgb,intrusion_climb-over-fence_rgb_0079_cctv3,intrusion_candidate,intrusion,"[166, 176, 186]","[5.533, 5.867, 6.2]","{""start_frame"": 151, ""end_frame"": 186}","[""stand, carry/hold (an object)"", ""stand, carry/hold (an object)"", ""stand, carry/hold (an object)""]","[""danger"", ""danger"", ""danger""]",danger,"{""normal"": 0, ""unsafe"": 0, ""danger"": 36}","{""normal"": 0.0, ""unsafe"": 0.0, ""danger"": 1.0}",danger,danger,danger,True,False,labeling_yolo_sequence_coverage,sampled_danger_then_danger_ratio_sampled_unsafe_then_unsafe_ratio_else_normal,danger,intrusion,True,True,True,1.5836,"```json
{
  ""risk_state"": ""danger""
}
```
",True
intrusion_climb-over-fence_rgb_0079_cctv3_f000196_000206_000216,climb-over-fence_smart_rgb,intrusion_climb-over-fence_rgb_0079_cctv3,intrusion_candidate,intrusion,"[196, 206, 216]","[6.533, 6.867, 7.2]","{""start_frame"": 181, ""end_frame"": 216}","[""stand, carry/hold (an object)"", ""stand, carry/hold (an object)"", ""stand, carry/hold (an object)""]","[""danger"", ""danger"", ""danger""]",danger,"{""normal"": 0, ""unsafe"": 0, ""danger"": 36}","{""normal"": 0.0, ""unsafe"": 0.0, ""danger"": 1.0}",danger,danger,danger,True,False,labeling_yolo_sequence_coverage,sampled_danger_then_danger_ratio_sampled_unsafe_then_unsafe_ratio_else_normal,danger,intrusion,True,True,True,1.5946,"```json
{
  ""risk_state"": ""danger""
}
```
",True
intrusion_climb-over-fence_rgb_0079_cctv3_f000226_000236_000246,climb-over-fence_smart_rgb,intrusion_climb-over-fence_rgb_0079_cctv3,intrusion_candidate,intrusion,"[226, 236, 246]","[7.533, 7.867, 8.2]","{""start_frame"": 211, ""end_frame"": 246}","[""stand, carry/hold (an object)"", ""stand, carry/hold (an object)"", ""walk, carry/hold (an object)""]","[""danger"", ""danger"", ""danger""]",danger,"{""normal"": 0, ""unsafe"": 0, ""danger"": 36}","{""normal"": 0.0, ""unsafe"": 0.0, ""danger"": 1.0}",danger,danger,danger,True,False,labeling_yolo_sequence_coverage,sampled_danger_then_danger_ratio_sampled_unsafe_then_unsafe_ratio_else_normal,danger,intrusion,True,True,True,1.5881,"```json
{
  ""risk_state"": ""danger""
}
```
",True
intrusion_climb-over-fence_rgb_0079_cctv3_f000256_000266_000276,climb-over-fence_smart_rgb,intrusion_climb-over-fence_rgb_0079_cctv3,intrusion_candidate,intrusion,"[256, 266, 276]","[8.533, 8.867, 9.2]","{""start_frame"": 241, ""end_frame"": 276}","[""walk, carry/hold (an object)"", ""stand, carry/hold (an object)"", ""stand, carry/hold (an object)""]","[""danger"", ""danger"", ""danger""]",danger,"{""normal"": 0, ""unsafe"": 0, ""danger"": 36}","{""normal"": 0.0, ""unsafe"": 0.0, ""danger"": 1.0}",danger,danger,danger,True,False,labeling_yolo_sequence_coverage,sampled_danger_then_danger_ratio_sampled_unsafe_then_unsafe_ratio_else_normal,danger,intrusion,True,True,True,1.584,"```json
{
  ""risk_state"": ""danger""
}
```
",True
intrusion_climb-over-fence_rgb_0079_cctv3_f000286_000296_000306,climb-over-fence_smart_rgb,intrusion_climb-over-fence_rgb_0079_cctv3,intrusion_candidate,intrusion,"[286, 296, 306]","[9.533, 9.867, 10.2]","{""start_frame"": 271, ""end_frame"": 306}","[""walk, carry/hold (an object)"", ""walk, stand"", ""stand, carry/hold (an object)""]","[""danger"", ""danger"", ""danger""]",danger,"{""normal"": 0, ""unsafe"": 0, ""danger"": 36}","{""normal"": 0.0, ""unsafe"": 0.0, ""danger"": 1.0}",danger,danger,danger,True,False,labeling_yolo_sequence_coverage,sampled_danger_then_danger_ratio_sampled_unsafe_then_unsafe_ratio_else_normal,danger,intrusion,True,True,True,1.5801,"```json
{
  ""risk_state"": ""danger""
}
```
",True
intrusion_climb-over-fence_rgb_0079_cctv3_f000316_000326_000336,climb-over-fence_smart_rgb,intrusion_climb-over-fence_rgb_0079_cctv3,intrusion_candidate,intrusion,"[316, 326, 336]","[10.533, 10.867, 11.2]","{""start_frame"": 301, ""end_frame"": 336}","[""stand, carry/hold (an object)"", ""stand, carry/hold (an object)"", ""stand, carry/hold (an object)""]","[""danger"", ""danger"", ""danger""]",danger,"{""normal"": 0, ""unsafe"": 0, ""danger"": 36}","{""normal"": 0.0, ""unsafe"": 0.0, ""danger"": 1.0}",danger,danger,danger,True,False,labeling_yolo_sequence_coverage,sampled_danger_then_danger_ratio_sampled_unsafe_then_unsafe_ratio_else_normal,danger,intrusion,True,True,True,1.5934,"```json
{
  ""risk_state"": ""danger""
}
```
",True
intrusion_climb-over-fence_rgb_0079_cctv3_f000346_000356_000366,climb-over-fence_smart_rgb,intrusion_climb-over-fence_rgb_0079_cctv3,intrusion_candidate,intrusion,"[346, 356, 366]","[11.533, 11.867, 12.2]","{""start_frame"": 331, ""end_frame"": 366}","[""stand, carry/hold (an object)"", ""stand, carry/hold (an object)"", ""stand, carry/hold (an object)""]","[""danger"", ""danger"", ""danger""]",danger,"{""normal"": 0, ""unsafe"": 0, ""danger"": 36}","{""normal"": 0.0, ""unsafe"": 0.0, ""danger"": 1.0}",danger,danger,danger,True,False,labeling_yolo_sequence_coverage,sampled_danger_then_danger_ratio_sampled_unsafe_then_unsafe_ratio_else_normal,danger,intrusion,True,True,True,1.5865,"```json
{
  ""risk_state"": ""danger""
}
```
",True
intrusion_climb-over-fence_rgb_0079_cctv3_f000376_000386_000396,climb-over-fence_smart_rgb,intrusion_climb-over-fence_rgb_0079_cctv3,intrusion_candidate,intrusion,"[376, 386, 396]","[12.533, 12.867, 13.2]","{""start_frame"": 361, ""end_frame"": 396}","[""stand, carry/hold (an object)"", ""stand, carry/hold (an object)"", ""stand, carry/hold (an object)""]","[""danger"", ""danger"", ""danger""]",danger,"{""normal"": 0, ""unsafe"": 0, ""danger"": 36}","{""normal"": 0.0, ""unsafe"": 0.0, ""danger"": 1.0}",danger,danger,danger,True,False,labeling_yolo_sequence_coverage,sampled_danger_then_danger_ratio_sampled_unsafe_then_unsafe_ratio_else_normal,danger,intrusion,True,True,True,1.5893,"```json
{
  ""risk_state"": ""danger""
}
```
",True
intrusion_climb-over-fence_rgb_0079_cctv3_f000406_000416_000426,climb-over-fence_smart_rgb,intrusion_climb-over-fence_rgb_0079_cctv3,intrusion_candidate,intrusion,"[406, 416, 426]","[13.533, 13.867, 14.2]","{""start_frame"": 391, ""end_frame"": 426}","[""stand, carry/hold (an object)"", ""stand, carry/hold (an object)"", ""stand, carry/hold (an object)""]","[""danger"", ""danger"", ""danger""]",danger,"{""normal"": 0, ""unsafe"": 0, ""danger"": 36}","{""normal"": 0.0, ""unsafe"": 0.0, ""danger"": 1.0}",danger,danger,danger,True,False,labeling_yolo_sequence_coverage,sampled_danger_then_danger_ratio_sampled_unsafe_then_unsafe_ratio_else_normal,danger,intrusion,True,True,True,1.4712,"```json
{""risk_state"":""danger""}
```
",True
intrusion_climb-over-fence_rgb_0079_cctv3_f000436_000446_000456,climb-over-fence_smart_rgb,intrusion_climb-over-fence_rgb_0079_cctv3,intrusion_candidate,intrusion,"[436, 446, 456]","[14.533, 14.867, 15.2]","{""start_frame"": 421, ""end_frame"": 456}","[""stand, carry/hold (an object)"", ""stand, carry/hold (an object)"", ""stand, carry/hold (an object)""]","[""danger"", ""danger"", ""danger""]",danger,"{""normal"": 0, ""unsafe"": 0, ""danger"": 36}","{""normal"": 0.0, ""unsafe"": 0.0, ""danger"": 1.0}",danger,danger,danger,True,False,labeling_yolo_sequence_coverage,sampled_danger_then_danger_ratio_sampled_unsafe_then_unsafe_ratio_else_normal,danger,intrusion,True,True,True,1.5967,"```json
{
  ""risk_state"": ""danger""
}
```
",True
intrusion_climb-over-fence_rgb_0081_cctv4_f000016_000026_000036,climb-over-fence_smart_rgb,intrusion_climb-over-fence_rgb_0081_cctv4,intrusion_candidate,intrusion,"[16, 26, 36]","[0.533, 0.867, 1.2]","{""start_frame"": 1, ""end_frame"": 36}","[""walk, carry/hold (an object)"", ""walk, carry/hold (an object)"", ""walk, sit""]","[""unsafe"", ""unsafe"", ""unsafe""]",unsafe,"{""normal"": 0, ""unsafe"": 36, ""danger"": 0}","{""normal"": 0.0, ""unsafe"": 1.0, ""danger"": 0.0}",unsafe,unsafe,unsafe,True,False,labeling_yolo_sequence_coverage,sampled_danger_then_danger_ratio_sampled_unsafe_then_unsafe_ratio_else_normal,unsafe,intrusion,True,True,True,1.5796,"```json
{
  ""risk_state"": ""unsafe""
}
```
",True
intrusion_climb-over-fence_rgb_0081_cctv4_f000046_000056_000066,climb-over-fence_smart_rgb,intrusion_climb-over-fence_rgb_0081_cctv4,intrusion_candidate,intrusion,"[46, 56, 66]","[1.533, 1.867, 2.2]","{""start_frame"": 31, ""end_frame"": 66}","[""walk, sit"", ""walk"", ""walk, carry/hold (an object)""]","[""unsafe"", ""unsafe"", ""unsafe""]",unsafe,"{""normal"": 0, ""unsafe"": 36, ""danger"": 0}","{""normal"": 0.0, ""unsafe"": 1.0, ""danger"": 0.0}",unsafe,unsafe,unsafe,True,False,labeling_yolo_sequence_coverage,sampled_danger_then_danger_ratio_sampled_unsafe_then_unsafe_ratio_else_normal,unsafe,intrusion,True,True,True,1.5901,"```json
{
  ""risk_state"": ""unsafe""
}
```
",True
intrusion_climb-over-fence_rgb_0081_cctv4_f000076_000086_000096,climb-over-fence_smart_rgb,intrusion_climb-over-fence_rgb_0081_cctv4,intrusion_candidate,intrusion,"[76, 86, 96]","[2.533, 2.867, 3.2]","{""start_frame"": 61, ""end_frame"": 96}","[""walk"", ""walk, carry/hold (an object)"", ""walk""]","[""unsafe"", ""unsafe"", ""unsafe""]",unsafe,"{""normal"": 0, ""unsafe"": 36, ""danger"": 0}","{""normal"": 0.0, ""unsafe"": 1.0, ""danger"": 0.0}",unsafe,unsafe,unsafe,True,False,labeling_yolo_sequence_coverage,sampled_danger_then_danger_ratio_sampled_unsafe_then_unsafe_ratio_else_normal,unsafe,intrusion,True,True,True,1.4585,"```json
{""risk_state"":""unsafe""}
```
",True
intrusion_climb-over-fence_rgb_0081_cctv4_f000106_000116_000126,climb-over-fence_smart_rgb,intrusion_climb-over-fence_rgb_0081_cctv4,intrusion_candidate,intrusion,"[106, 116, 126]","[3.533, 3.867, 4.2]","{""start_frame"": 91, ""end_frame"": 126}","[""walk"", ""walk, stand"", ""walk, carry/hold (an object)""]","[""unsafe"", ""unsafe"", ""danger""]",danger,"{""normal"": 0, ""unsafe"": 26, ""danger"": 10}","{""normal"": 0.0, ""unsafe"": 0.7222, ""danger"": 0.2778}",unsafe,danger,danger,True,False,labeling_yolo_sequence_coverage,sampled_danger_then_danger_ratio_sampled_unsafe_then_unsafe_ratio_else_normal,unsafe,intrusion,True,True,True,1.6971,"```json
{
  ""risk_state"": ""unsafe""
}
```
",False
intrusion_climb-over-fence_rgb_0081_cctv4_f000136_000146_000156,climb-over-fence_smart_rgb,intrusion_climb-over-fence_rgb_0081_cctv4,intrusion_candidate,intrusion,"[136, 146, 156]","[4.533, 4.867, 5.2]","{""start_frame"": 121, ""end_frame"": 156}","[""walk"", ""walk, stand"", ""walk""]","[""danger"", ""danger"", ""danger""]",danger,"{""normal"": 0, ""unsafe"": 0, ""danger"": 36}","{""normal"": 0.0, ""unsafe"": 0.0, ""danger"": 1.0}",danger,danger,danger,True,False,labeling_yolo_sequence_coverage,sampled_danger_then_danger_ratio_sampled_unsafe_then_unsafe_ratio_else_normal,danger,intrusion,True,True,True,1.7051,"```json
{
    ""risk_state"": ""danger""
}
```
",True
intrusion_climb-over-fence_rgb_0081_cctv4_f000166_000176_000186,climb-over-fence_smart_rgb,intrusion_climb-over-fence_rgb_0081_cctv4,intrusion_candidate,intrusion,"[166, 176, 186]","[5.533, 5.867, 6.2]","{""start_frame"": 151, ""end_frame"": 186}","[""walk, sit"", ""walk, stand"", ""walk""]","[""danger"", ""danger"", ""danger""]",danger,"{""normal"": 0, ""unsafe"": 0, ""danger"": 36}","{""normal"": 0.0, ""unsafe"": 0.0, ""danger"": 1.0}",danger,danger,danger,True,False,labeling_yolo_sequence_coverage,sampled_danger_then_danger_ratio_sampled_unsafe_then_unsafe_ratio_else_normal,danger,intrusion,True,True,True,1.6994,"```json
{
    ""risk_state"": ""danger""
}
```
",True
intrusion_climb-over-fence_rgb_0081_cctv4_f000196_000206_000216,climb-over-fence_smart_rgb,intrusion_climb-over-fence_rgb_0081_cctv4,intrusion_candidate,intrusion,"[196, 206, 216]","[6.533, 6.867, 7.2]","{""start_frame"": 181, ""end_frame"": 216}","[""walk"", ""walk, carry/hold (an object)"", ""walk, run/jog""]","[""danger"", ""danger"", ""danger""]",danger,"{""normal"": 0, ""unsafe"": 0, ""danger"": 36}","{""normal"": 0.0, ""unsafe"": 0.0, ""danger"": 1.0}",danger,danger,danger,True,False,labeling_yolo_sequence_coverage,sampled_danger_then_danger_ratio_sampled_unsafe_then_unsafe_ratio_else_normal,danger,intrusion,True,True,True,1.5829,"```json
{
    ""risk_state"": ""danger""
}
```
",True
intrusion_climb-over-fence_rgb_0081_cctv4_f000226_000236_000246,climb-over-fence_smart_rgb,intrusion_climb-over-fence_rgb_0081_cctv4,intrusion_candidate,intrusion,"[226, 236, 246]","[7.533, 7.867, 8.2]","{""start_frame"": 211, ""end_frame"": 246}","[""walk, stand"", ""walk, stand"", ""stand, sit""]","[""danger"", ""danger"", ""danger""]",danger,"{""normal"": 0, ""unsafe"": 0, ""danger"": 36}","{""normal"": 0.0, ""unsafe"": 0.0, ""danger"": 1.0}",danger,danger,danger,True,False,labeling_yolo_sequence_coverage,sampled_danger_then_danger_ratio_sampled_unsafe_then_unsafe_ratio_else_normal,danger,intrusion,True,True,True,1.5873,"```json
{
  ""risk_state"": ""danger""
}
```
",True
intrusion_climb-over-fence_rgb_0081_cctv4_f000256_000266_000276,climb-over-fence_smart_rgb,intrusion_climb-over-fence_rgb_0081_cctv4,intrusion_candidate,intrusion,"[256, 266, 276]","[8.533, 8.867, 9.2]","{""start_frame"": 241, ""end_frame"": 276}","[""stand"", ""stand"", ""stand, walk""]","[""danger"", ""danger"", ""danger""]",danger,"{""normal"": 0, ""unsafe"": 0, ""danger"": 36}","{""normal"": 0.0, ""unsafe"": 0.0, ""danger"": 1.0}",danger,danger,danger,True,False,labeling_yolo_sequence_coverage,sampled_danger_then_danger_ratio_sampled_unsafe_then_unsafe_ratio_else_normal,danger,intrusion,True,True,True,1.5819,"```json
{
  ""risk_state"": ""danger""
}
```
",True
intrusion_climb-over-fence_rgb_0081_cctv4_f000286_000296_000306,climb-over-fence_smart_rgb,intrusion_climb-over-fence_rgb_0081_cctv4,intrusion_candidate,intrusion,"[286, 296, 306]","[9.533, 9.867, 10.2]","{""start_frame"": 271, ""end_frame"": 306}","[""stand, walk"", ""stand, walk"", ""stand, walk""]","[""danger"", ""danger"", ""danger""]",danger,"{""normal"": 0, ""unsafe"": 0, ""danger"": 36}","{""normal"": 0.0, ""unsafe"": 0.0, ""danger"": 1.0}",danger,danger,danger,True,False,labeling_yolo_sequence_coverage,sampled_danger_then_danger_ratio_sampled_unsafe_then_unsafe_ratio_else_normal,danger,intrusion,True,True,True,1.5892,"```json
{
  ""risk_state"": ""danger""
}
```
",True
intrusion_climb-over-fence_rgb_0081_cctv4_f000316_000326_000336,climb-over-fence_smart_rgb,intrusion_climb-over-fence_rgb_0081_cctv4,intrusion_candidate,intrusion,"[316, 326, 336]","[10.533, 10.867, 11.2]","{""start_frame"": 301, ""end_frame"": 336}","[""stand, walk"", ""stand, walk"", ""stand, walk""]","[""danger"", ""danger"", ""danger""]",danger,"{""normal"": 0, ""unsafe"": 0, ""danger"": 36}","{""normal"": 0.0, ""unsafe"": 0.0, ""danger"": 1.0}",danger,danger,danger,True,False,labeling_yolo_sequence_coverage,sampled_danger_then_danger_ratio_sampled_unsafe_then_unsafe_ratio_else_normal,danger,intrusion,True,True,True,1.5944,"```json
{
  ""risk_state"": ""danger""
}
```
",True
intrusion_climb-over-fence_rgb_0081_cctv4_f000346_000356_000366,climb-over-fence_smart_rgb,intrusion_climb-over-fence_rgb_0081_cctv4,intrusion_candidate,intrusion,"[346, 356, 366]","[11.533, 11.867, 12.2]","{""start_frame"": 331, ""end_frame"": 366}","[""stand"", ""stand"", ""none""]","[""danger"", ""danger"", ""danger""]",danger,"{""normal"": 0, ""unsafe"": 0, ""danger"": 36}","{""normal"": 0.0, ""unsafe"": 0.0, ""danger"": 1.0}",danger,danger,danger,True,False,labeling_yolo_sequence_coverage,sampled_danger_then_danger_ratio_sampled_unsafe_then_unsafe_ratio_else_normal,danger,intrusion,True,True,True,1.7074,"```json
{
  ""risk_state"": ""danger""
}
```
",True
intrusion_climb-over-fence_rgb_0081_cctv4_f000376_000386_000396,climb-over-fence_smart_rgb,intrusion_climb-over-fence_rgb_0081_cctv4,intrusion_candidate,intrusion,"[376, 386, 396]","[12.533, 12.867, 13.2]","{""start_frame"": 361, ""end_frame"": 396}","[""none"", ""none"", ""none""]","[""danger"", ""danger"", ""danger""]",danger,"{""normal"": 0, ""unsafe"": 0, ""danger"": 36}","{""normal"": 0.0, ""unsafe"": 0.0, ""danger"": 1.0}",danger,danger,danger,True,False,labeling_yolo_sequence_coverage,sampled_danger_then_danger_ratio_sampled_unsafe_then_unsafe_ratio_else_normal,danger,intrusion,True,True,True,1.586,"```json
{
  ""risk_state"": ""danger""
}
```
",True
intrusion_climb-over-fence_rgb_0091_cctv2_f000016_000026_000036,climb-over-fence_smart_rgb,intrusion_climb-over-fence_rgb_0091_cctv2,intrusion_candidate,intrusion,"[16, 26, 36]","[0.533, 0.867, 1.2]","{""start_frame"": 1, ""end_frame"": 36}","[""walk, carry/hold (an object)"", ""walk, carry/hold (an object)"", ""walk, carry/hold (an object)""]","[""unsafe"", ""danger"", ""danger""]",danger,"{""normal"": 0, ""unsafe"": 25, ""danger"": 11}","{""normal"": 0.0, ""unsafe"": 0.6944, ""danger"": 0.3056}",danger,danger,danger,True,False,labeling_yolo_sequence_coverage,sampled_danger_then_danger_ratio_sampled_unsafe_then_unsafe_ratio_else_normal,unsafe,intrusion,True,True,True,1.5951,"```json
{
  ""risk_state"": ""unsafe""
}
```
",False
intrusion_climb-over-fence_rgb_0091_cctv2_f000046_000056_000066,climb-over-fence_smart_rgb,intrusion_climb-over-fence_rgb_0091_cctv2,intrusion_candidate,intrusion,"[46, 56, 66]","[1.533, 1.867, 2.2]","{""start_frame"": 31, ""end_frame"": 66}","[""stand, carry/hold (an object)"", ""stand, carry/hold (an object)"", ""carry/hold (an object), walk""]","[""danger"", ""danger"", ""danger""]",danger,"{""normal"": 0, ""unsafe"": 0, ""danger"": 36}","{""normal"": 0.0, ""unsafe"": 0.0, ""danger"": 1.0}",danger,danger,danger,True,False,labeling_yolo_sequence_coverage,sampled_danger_then_danger_ratio_sampled_unsafe_then_unsafe_ratio_else_normal,danger,intrusion,True,True,True,1.4662,"```json
{""risk_state"":""danger""}
```
",True
intrusion_climb-over-fence_rgb_0091_cctv2_f000076_000086_000096,climb-over-fence_smart_rgb,intrusion_climb-over-fence_rgb_0091_cctv2,intrusion_candidate,intrusion,"[76, 86, 96]","[2.533, 2.867, 3.2]","{""start_frame"": 61, ""end_frame"": 96}","[""carry/hold (an object), walk"", ""stand, carry/hold (an object)"", ""stand, answer phone""]","[""danger"", ""danger"", ""danger""]",danger,"{""normal"": 0, ""unsafe"": 0, ""danger"": 36}","{""normal"": 0.0, ""unsafe"": 0.0, ""danger"": 1.0}",danger,danger,danger,True,False,labeling_yolo_sequence_coverage,sampled_danger_then_danger_ratio_sampled_unsafe_then_unsafe_ratio_else_normal,danger,intrusion,True,True,True,1.4621,"```json
{""risk_state"":""danger""}
```
",True
intrusion_climb-over-fence_rgb_0091_cctv2_f000106_000116_000126,climb-over-fence_smart_rgb,intrusion_climb-over-fence_rgb_0091_cctv2,intrusion_candidate,intrusion,"[106, 116, 126]","[3.533, 3.867, 4.2]","{""start_frame"": 91, ""end_frame"": 126}","[""stand, answer phone"", ""stand, answer phone"", ""stand, answer phone""]","[""danger"", ""danger"", ""danger""]",danger,"{""normal"": 0, ""unsafe"": 0, ""danger"": 36}","{""normal"": 0.0, ""unsafe"": 0.0, ""danger"": 1.0}",danger,danger,danger,True,False,labeling_yolo_sequence_coverage,sampled_danger_then_danger_ratio_sampled_unsafe_then_unsafe_ratio_else_normal,danger,intrusion,True,True,True,1.5829,"```json
{
  ""risk_state"": ""danger""
}
```
",True
intrusion_climb-over-fence_rgb_0091_cctv2_f000136_000146_000156,climb-over-fence_smart_rgb,intrusion_climb-over-fence_rgb_0091_cctv2,intrusion_candidate,intrusion,"[136, 146, 156]","[4.533, 4.867, 5.2]","{""start_frame"": 121, ""end_frame"": 156}","[""stand, answer phone"", ""stand, answer phone"", ""stand, carry/hold (an object)""]","[""danger"", ""danger"", ""danger""]",danger,"{""normal"": 0, ""unsafe"": 0, ""danger"": 36}","{""normal"": 0.0, ""unsafe"": 0.0, ""danger"": 1.0}",danger,danger,danger,True,False,labeling_yolo_sequence_coverage,sampled_danger_then_danger_ratio_sampled_unsafe_then_unsafe_ratio_else_normal,danger,intrusion,True,True,True,1.4675,"```json
{""risk_state"":""danger""}
```
",True
intrusion_climb-over-fence_rgb_0091_cctv2_f000166_000176_000186,climb-over-fence_smart_rgb,intrusion_climb-over-fence_rgb_0091_cctv2,intrusion_candidate,intrusion,"[166, 176, 186]","[5.533, 5.867, 6.2]","{""start_frame"": 151, ""end_frame"": 186}","[""carry/hold (an object), walk"", ""carry/hold (an object), stand"", ""stand, carry/hold (an object)""]","[""danger"", ""danger"", ""danger""]",danger,"{""normal"": 0, ""unsafe"": 0, ""danger"": 36}","{""normal"": 0.0, ""unsafe"": 0.0, ""danger"": 1.0}",danger,danger,danger,True,False,labeling_yolo_sequence_coverage,sampled_danger_then_danger_ratio_sampled_unsafe_then_unsafe_ratio_else_normal,danger,intrusion,True,True,True,1.4631,"```json
{""risk_state"":""danger""}
```
",True
intrusion_climb-over-fence_rgb_0091_cctv2_f000196_000206_000216,climb-over-fence_smart_rgb,intrusion_climb-over-fence_rgb_0091_cctv2,intrusion_candidate,intrusion,"[196, 206, 216]","[6.533, 6.867, 7.2]","{""start_frame"": 181, ""end_frame"": 216}","[""stand, carry/hold (an object)"", ""walk, carry/hold (an object)"", ""walk, carry/hold (an object)""]","[""danger"", ""danger"", ""danger""]",danger,"{""normal"": 0, ""unsafe"": 0, ""danger"": 36}","{""normal"": 0.0, ""unsafe"": 0.0, ""danger"": 1.0}",danger,danger,danger,True,False,labeling_yolo_sequence_coverage,sampled_danger_then_danger_ratio_sampled_unsafe_then_unsafe_ratio_else_normal,danger,intrusion,True,True,True,1.4627,"```json
{""risk_state"":""danger""}
```
",True
intrusion_climb-over-fence_rgb_0091_cctv2_f000226_000236_000246,climb-over-fence_smart_rgb,intrusion_climb-over-fence_rgb_0091_cctv2,intrusion_candidate,intrusion,"[226, 236, 246]","[7.533, 7.867, 8.2]","{""start_frame"": 211, ""end_frame"": 246}","[""bend/bow (at the waist), stand"", ""bend/bow (at the waist), stand"", ""stand, carry/hold (an object)""]","[""danger"", ""danger"", ""danger""]",danger,"{""normal"": 0, ""unsafe"": 0, ""danger"": 36}","{""normal"": 0.0, ""unsafe"": 0.0, ""danger"": 1.0}",danger,danger,danger,True,False,labeling_yolo_sequence_coverage,sampled_danger_then_danger_ratio_sampled_unsafe_then_unsafe_ratio_else_normal,danger,intrusion,True,True,True,1.5961,"```json
{
  ""risk_state"": ""danger""
}
```
",True
intrusion_climb-over-fence_rgb_0091_cctv2_f000256_000266_000276,climb-over-fence_smart_rgb,intrusion_climb-over-fence_rgb_0091_cctv2,intrusion_candidate,intrusion,"[256, 266, 276]","[8.533, 8.867, 9.2]","{""start_frame"": 241, ""end_frame"": 276}","[""stand, carry/hold (an object)"", ""stand, walk"", ""stand, walk""]","[""danger"", ""danger"", ""danger""]",danger,"{""normal"": 0, ""unsafe"": 0, ""danger"": 36}","{""normal"": 0.0, ""unsafe"": 0.0, ""danger"": 1.0}",danger,danger,danger,True,False,labeling_yolo_sequence_coverage,sampled_danger_then_danger_ratio_sampled_unsafe_then_unsafe_ratio_else_normal,danger,intrusion,True,True,True,1.4569,"```json
{""risk_state"":""danger""}
```
",True
intrusion_climb-over-fence_rgb_0091_cctv2_f000286_000296_000306,climb-over-fence_smart_rgb,intrusion_climb-over-fence_rgb_0091_cctv2,intrusion_candidate,intrusion,"[286, 296, 306]","[9.533, 9.867, 10.2]","{""start_frame"": 271, ""end_frame"": 306}","[""stand, answer phone"", ""stand, answer phone"", ""stand, answer phone""]","[""danger"", ""danger"", ""danger""]",danger,"{""normal"": 0, ""unsafe"": 0, ""danger"": 36}","{""normal"": 0.0, ""unsafe"": 0.0, ""danger"": 1.0}",danger,danger,danger,True,False,labeling_yolo_sequence_coverage,sampled_danger_then_danger_ratio_sampled_unsafe_then_unsafe_ratio_else_normal,danger,intrusion,True,True,True,1.459,"```json
{""risk_state"":""danger""}
```
",True
intrusion_climb-over-fence_rgb_0091_cctv2_f000316_000326_000336,climb-over-fence_smart_rgb,intrusion_climb-over-fence_rgb_0091_cctv2,intrusion_candidate,intrusion,"[316, 326, 336]","[10.533, 10.867, 11.2]","{""start_frame"": 301, ""end_frame"": 336}","[""stand, answer phone"", ""stand, answer phone"", ""stand, walk""]","[""danger"", ""danger"", ""danger""]",danger,"{""normal"": 0, ""unsafe"": 0, ""danger"": 36}","{""normal"": 0.0, ""unsafe"": 0.0, ""danger"": 1.0}",danger,danger,danger,True,False,labeling_yolo_sequence_coverage,sampled_danger_then_danger_ratio_sampled_unsafe_then_unsafe_ratio_else_normal,danger,intrusion,True,True,True,1.7015,"```json
{
  ""risk_state"": ""danger""
}
```
",True
intrusion_climb-over-fence_rgb_0091_cctv2_f000346_000356_000366,climb-over-fence_smart_rgb,intrusion_climb-over-fence_rgb_0091_cctv2,intrusion_candidate,intrusion,"[346, 356, 366]","[11.533, 11.867, 12.2]","{""start_frame"": 331, ""end_frame"": 366}","[""stand, carry/hold (an object)"", ""stand, carry/hold (an object)"", ""stand, carry/hold (an object)""]","[""danger"", ""danger"", ""danger""]",danger,"{""normal"": 0, ""unsafe"": 0, ""danger"": 36}","{""normal"": 0.0, ""unsafe"": 0.0, ""danger"": 1.0}",danger,danger,danger,True,False,labeling_yolo_sequence_coverage,sampled_danger_then_danger_ratio_sampled_unsafe_then_unsafe_ratio_else_normal,danger,intrusion,True,True,True,1.5879,"```json
{
    ""risk_state"": ""danger""
}
```
",True
intrusion_climb-over-fence_rgb_0091_cctv2_f000376_000386_000396,climb-over-fence_smart_rgb,intrusion_climb-over-fence_rgb_0091_cctv2,intrusion_candidate,intrusion,"[376, 386, 396]","[12.533, 12.867, 13.2]","{""start_frame"": 361, ""end_frame"": 396}","[""stand, carry/hold (an object)"", ""stand, walk"", ""stand, carry/hold (an object)""]","[""danger"", ""danger"", ""danger""]",danger,"{""normal"": 0, ""unsafe"": 0, ""danger"": 36}","{""normal"": 0.0, ""unsafe"": 0.0, ""danger"": 1.0}",danger,danger,danger,True,False,labeling_yolo_sequence_coverage,sampled_danger_then_danger_ratio_sampled_unsafe_then_unsafe_ratio_else_normal,danger,intrusion,True,True,True,1.5871,"```json
{
    ""risk_state"": ""danger""
}
```
",True
intrusion_climb-over-fence_rgb_0098_cctv3_f000016_000026_000036,climb-over-fence_smart_rgb,intrusion_climb-over-fence_rgb_0098_cctv3,intrusion_candidate,intrusion,"[16, 26, 36]","[0.533, 0.867, 1.2]","{""start_frame"": 1, ""end_frame"": 36}","[""carry/hold (an object), walk"", ""carry/hold (an object), walk"", ""walk, carry/hold (an object)""]","[""danger"", ""danger"", ""danger""]",danger,"{""normal"": 0, ""unsafe"": 2, ""danger"": 34}","{""normal"": 0.0, ""unsafe"": 0.0556, ""danger"": 0.9444}",danger,danger,danger,True,False,labeling_yolo_sequence_coverage,sampled_danger_then_danger_ratio_sampled_unsafe_then_unsafe_ratio_else_normal,danger,intrusion,True,True,True,1.4656,"```json
{""risk_state"":""danger""}
```
",True
intrusion_climb-over-fence_rgb_0098_cctv3_f000046_000056_000066,climb-over-fence_smart_rgb,intrusion_climb-over-fence_rgb_0098_cctv3,intrusion_candidate,intrusion,"[46, 56, 66]","[1.533, 1.867, 2.2]","{""start_frame"": 31, ""end_frame"": 66}","[""stand, walk"", ""stand, carry/hold (an object)"", ""stand, carry/hold (an object)""]","[""danger"", ""danger"", ""danger""]",danger,"{""normal"": 0, ""unsafe"": 0, ""danger"": 36}","{""normal"": 0.0, ""unsafe"": 0.0, ""danger"": 1.0}",danger,danger,danger,True,False,labeling_yolo_sequence_coverage,sampled_danger_then_danger_ratio_sampled_unsafe_then_unsafe_ratio_else_normal,danger,intrusion,True,True,True,1.4612,"```json
{""risk_state"":""danger""}
```
",True
intrusion_climb-over-fence_rgb_0098_cctv3_f000076_000086_000096,climb-over-fence_smart_rgb,intrusion_climb-over-fence_rgb_0098_cctv3,intrusion_candidate,intrusion,"[76, 86, 96]","[2.533, 2.867, 3.2]","{""start_frame"": 61, ""end_frame"": 96}","[""stand, carry/hold (an object)"", ""walk, carry/hold (an object)"", ""walk, run/jog""]","[""danger"", ""danger"", ""danger""]",danger,"{""normal"": 0, ""unsafe"": 0, ""danger"": 36}","{""normal"": 0.0, ""unsafe"": 0.0, ""danger"": 1.0}",danger,danger,danger,True,False,labeling_yolo_sequence_coverage,sampled_danger_then_danger_ratio_sampled_unsafe_then_unsafe_ratio_else_normal,danger,intrusion,True,True,True,1.5873,"```json
{
  ""risk_state"": ""danger""
}
```
",True
intrusion_climb-over-fence_rgb_0098_cctv3_f000106_000116_000126,climb-over-fence_smart_rgb,intrusion_climb-over-fence_rgb_0098_cctv3,intrusion_candidate,intrusion,"[106, 116, 126]","[3.533, 3.867, 4.2]","{""start_frame"": 91, ""end_frame"": 126}","[""walk, carry/hold (an object)"", ""walk, carry/hold (an object)"", ""walk, carry/hold (an object)""]","[""danger"", ""danger"", ""danger""]",danger,"{""normal"": 0, ""unsafe"": 0, ""danger"": 36}","{""normal"": 0.0, ""unsafe"": 0.0, ""danger"": 1.0}",danger,danger,danger,True,False,labeling_yolo_sequence_coverage,sampled_danger_then_danger_ratio_sampled_unsafe_then_unsafe_ratio_else_normal,unsafe,intrusion,True,True,True,1.4723,"```json
{""risk_state"":""unsafe""}
```
",False
intrusion_climb-over-fence_rgb_0098_cctv3_f000136_000146_000156,climb-over-fence_smart_rgb,intrusion_climb-over-fence_rgb_0098_cctv3,intrusion_candidate,intrusion,"[136, 146, 156]","[4.533, 4.867, 5.2]","{""start_frame"": 121, ""end_frame"": 156}","[""walk, carry/hold (an object)"", ""walk, carry/hold (an object)"", ""carry/hold (an object), stand""]","[""danger"", ""danger"", ""danger""]",danger,"{""normal"": 0, ""unsafe"": 0, ""danger"": 36}","{""normal"": 0.0, ""unsafe"": 0.0, ""danger"": 1.0}",danger,danger,danger,True,False,labeling_yolo_sequence_coverage,sampled_danger_then_danger_ratio_sampled_unsafe_then_unsafe_ratio_else_normal,unsafe,intrusion,True,True,True,1.4604,"```json
{""risk_state"":""unsafe""}
```
",False
intrusion_climb-over-fence_rgb_0098_cctv3_f000166_000176_000186,climb-over-fence_smart_rgb,intrusion_climb-over-fence_rgb_0098_cctv3,intrusion_candidate,intrusion,"[166, 176, 186]","[5.533, 5.867, 6.2]","{""start_frame"": 151, ""end_frame"": 186}","[""walk, carry/hold (an object)"", ""walk, carry/hold (an object)"", ""walk, carry/hold (an object)""]","[""danger"", ""danger"", ""danger""]",danger,"{""normal"": 0, ""unsafe"": 0, ""danger"": 36}","{""normal"": 0.0, ""unsafe"": 0.0, ""danger"": 1.0}",danger,danger,danger,True,False,labeling_yolo_sequence_coverage,sampled_danger_then_danger_ratio_sampled_unsafe_then_unsafe_ratio_else_normal,danger,intrusion,True,True,True,1.4628,"```json
{""risk_state"":""danger""}
```
",True
intrusion_climb-over-fence_rgb_0098_cctv3_f000196_000206_000216,climb-over-fence_smart_rgb,intrusion_climb-over-fence_rgb_0098_cctv3,intrusion_candidate,intrusion,"[196, 206, 216]","[6.533, 6.867, 7.2]","{""start_frame"": 181, ""end_frame"": 216}","[""walk, carry/hold (an object)"", ""walk, carry/hold (an object)"", ""walk, carry/hold (an object)""]","[""danger"", ""danger"", ""danger""]",danger,"{""normal"": 0, ""unsafe"": 0, ""danger"": 36}","{""normal"": 0.0, ""unsafe"": 0.0, ""danger"": 1.0}",danger,danger,danger,True,False,labeling_yolo_sequence_coverage,sampled_danger_then_danger_ratio_sampled_unsafe_then_unsafe_ratio_else_normal,danger,intrusion,True,True,True,1.4708,"```json
{""risk_state"":""danger""}
```
",True
intrusion_climb-over-fence_rgb_0098_cctv3_f000226_000236_000246,climb-over-fence_smart_rgb,intrusion_climb-over-fence_rgb_0098_cctv3,intrusion_candidate,intrusion,"[226, 236, 246]","[7.533, 7.867, 8.2]","{""start_frame"": 211, ""end_frame"": 246}","[""stand, walk"", ""walk, carry/hold (an object)"", ""stand, walk""]","[""danger"", ""danger"", ""danger""]",danger,"{""normal"": 0, ""unsafe"": 0, ""danger"": 36}","{""normal"": 0.0, ""unsafe"": 0.0, ""danger"": 1.0}",danger,danger,danger,True,False,labeling_yolo_sequence_coverage,sampled_danger_then_danger_ratio_sampled_unsafe_then_unsafe_ratio_else_normal,danger,intrusion,True,True,True,1.5841,"```json
{
  ""risk_state"": ""danger""
}
```
",True
intrusion_climb-over-fence_rgb_0098_cctv3_f000256_000266_000276,climb-over-fence_smart_rgb,intrusion_climb-over-fence_rgb_0098_cctv3,intrusion_candidate,intrusion,"[256, 266, 276]","[8.533, 8.867, 9.2]","{""start_frame"": 241, ""end_frame"": 276}","[""stand, carry/hold (an object)"", ""stand, carry/hold (an object)"", ""stand, walk""]","[""danger"", ""danger"", ""danger""]",danger,"{""normal"": 0, ""unsafe"": 0, ""danger"": 36}","{""normal"": 0.0, ""unsafe"": 0.0, ""danger"": 1.0}",danger,danger,danger,True,False,labeling_yolo_sequence_coverage,sampled_danger_then_danger_ratio_sampled_unsafe_then_unsafe_ratio_else_normal,danger,intrusion,True,True,True,1.5901,"```json
{
  ""risk_state"": ""danger""
}
```
",True
intrusion_climb-over-fence_rgb_0098_cctv3_f000286_000296_000306,climb-over-fence_smart_rgb,intrusion_climb-over-fence_rgb_0098_cctv3,intrusion_candidate,intrusion,"[286, 296, 306]","[9.533, 9.867, 10.2]","{""start_frame"": 271, ""end_frame"": 306}","[""stand, walk"", ""stand, walk"", ""stand, walk""]","[""danger"", ""danger"", ""danger""]",danger,"{""normal"": 0, ""unsafe"": 0, ""danger"": 36}","{""normal"": 0.0, ""unsafe"": 0.0, ""danger"": 1.0}",danger,danger,danger,True,False,labeling_yolo_sequence_coverage,sampled_danger_then_danger_ratio_sampled_unsafe_then_unsafe_ratio_else_normal,danger,intrusion,True,True,True,1.4674,"```json
{""risk_state"":""danger""}
```
",True
intrusion_climb-over-fence_rgb_0098_cctv3_f000316_000326_000336,climb-over-fence_smart_rgb,intrusion_climb-over-fence_rgb_0098_cctv3,intrusion_candidate,intrusion,"[316, 326, 336]","[10.533, 10.867, 11.2]","{""start_frame"": 301, ""end_frame"": 336}","[""stand, answer phone"", ""stand, carry/hold (an object)"", ""walk, carry/hold (an object)""]","[""danger"", ""danger"", ""danger""]",danger,"{""normal"": 0, ""unsafe"": 0, ""danger"": 36}","{""normal"": 0.0, ""unsafe"": 0.0, ""danger"": 1.0}",danger,danger,danger,True,False,labeling_yolo_sequence_coverage,sampled_danger_then_danger_ratio_sampled_unsafe_then_unsafe_ratio_else_normal,danger,intrusion,True,True,True,1.5837,"```json
{
  ""risk_state"": ""danger""
}
```
",True
intrusion_climb-over-fence_rgb_0098_cctv3_f000346_000356_000366,climb-over-fence_smart_rgb,intrusion_climb-over-fence_rgb_0098_cctv3,intrusion_candidate,intrusion,"[346, 356, 366]","[11.533, 11.867, 12.2]","{""start_frame"": 331, ""end_frame"": 366}","[""walk, carry/hold (an object)"", ""stand, walk"", ""stand, carry/hold (an object)""]","[""danger"", ""danger"", ""danger""]",danger,"{""normal"": 0, ""unsafe"": 0, ""danger"": 36}","{""normal"": 0.0, ""unsafe"": 0.0, ""danger"": 1.0}",danger,danger,danger,True,False,labeling_yolo_sequence_coverage,sampled_danger_then_danger_ratio_sampled_unsafe_then_unsafe_ratio_else_normal,danger,intrusion,True,True,True,1.5919,"```json
{
  ""risk_state"": ""danger""
}
```
",True
intrusion_climb-over-fence_rgb_0098_cctv3_f000376_000386_000396,climb-over-fence_smart_rgb,intrusion_climb-over-fence_rgb_0098_cctv3,intrusion_candidate,intrusion,"[376, 386, 396]","[12.533, 12.867, 13.2]","{""start_frame"": 361, ""end_frame"": 396}","[""stand, walk"", ""stand, carry/hold (an object)"", ""stand, carry/hold (an object)""]","[""danger"", ""danger"", ""danger""]",danger,"{""normal"": 0, ""unsafe"": 0, ""danger"": 36}","{""normal"": 0.0, ""unsafe"": 0.0, ""danger"": 1.0}",danger,danger,danger,True,False,labeling_yolo_sequence_coverage,sampled_danger_then_danger_ratio_sampled_unsafe_then_unsafe_ratio_else_normal,danger,intrusion,True,True,True,1.596,"```json
{
  ""risk_state"": ""danger""
}
```
",True
intrusion_climb-over-fence_rgb_0106_cctv1_f000016_000026_000036,climb-over-fence_smart_rgb,intrusion_climb-over-fence_rgb_0106_cctv1,intrusion_candidate,intrusion,"[16, 26, 36]","[0.533, 0.867, 1.2]","{""start_frame"": 1, ""end_frame"": 36}","[""walk, carry/hold (an object)"", ""walk, carry/hold (an object)"", ""walk, carry/hold (an object)""]","[""unsafe"", ""unsafe"", ""unsafe""]",unsafe,"{""normal"": 0, ""unsafe"": 36, ""danger"": 0}","{""normal"": 0.0, ""unsafe"": 1.0, ""danger"": 0.0}",unsafe,unsafe,unsafe,True,False,labeling_yolo_sequence_coverage,sampled_danger_then_danger_ratio_sampled_unsafe_then_unsafe_ratio_else_normal,unsafe,intrusion,True,True,True,1.463,"```json
{""risk_state"":""unsafe""}
```
",True
intrusion_climb-over-fence_rgb_0106_cctv1_f000046_000056_000066,climb-over-fence_smart_rgb,intrusion_climb-over-fence_rgb_0106_cctv1,intrusion_candidate,intrusion,"[46, 56, 66]","[1.533, 1.867, 2.2]","{""start_frame"": 31, ""end_frame"": 66}","[""walk, carry/hold (an object)"", ""walk, carry/hold (an object)"", ""walk, carry/hold (an object)""]","[""unsafe"", ""unsafe"", ""danger""]",danger,"{""normal"": 0, ""unsafe"": 26, ""danger"": 10}","{""normal"": 0.0, ""unsafe"": 0.7222, ""danger"": 0.2778}",unsafe,danger,danger,True,False,labeling_yolo_sequence_coverage,sampled_danger_then_danger_ratio_sampled_unsafe_then_unsafe_ratio_else_normal,danger,intrusion,True,True,True,1.5859,"```json
{
    ""risk_state"": ""danger""
}
```
",True
intrusion_climb-over-fence_rgb_0106_cctv1_f000076_000086_000096,climb-over-fence_smart_rgb,intrusion_climb-over-fence_rgb_0106_cctv1,intrusion_candidate,intrusion,"[76, 86, 96]","[2.533, 2.867, 3.2]","{""start_frame"": 61, ""end_frame"": 96}","[""carry/hold (an object), walk"", ""carry/hold (an object), stand"", ""walk, carry/hold (an object)""]","[""danger"", ""danger"", ""danger""]",danger,"{""normal"": 0, ""unsafe"": 0, ""danger"": 36}","{""normal"": 0.0, ""unsafe"": 0.0, ""danger"": 1.0}",danger,danger,danger,True,False,labeling_yolo_sequence_coverage,sampled_danger_then_danger_ratio_sampled_unsafe_then_unsafe_ratio_else_normal,danger,intrusion,True,True,True,1.4651,"```json
{""risk_state"":""danger""}
```
",True
intrusion_climb-over-fence_rgb_0106_cctv1_f000106_000116_000126,climb-over-fence_smart_rgb,intrusion_climb-over-fence_rgb_0106_cctv1,intrusion_candidate,intrusion,"[106, 116, 126]","[3.533, 3.867, 4.2]","{""start_frame"": 91, ""end_frame"": 126}","[""walk, carry/hold (an object)"", ""walk, stand"", ""stand, carry/hold (an object)""]","[""danger"", ""danger"", ""danger""]",danger,"{""normal"": 0, ""unsafe"": 0, ""danger"": 36}","{""normal"": 0.0, ""unsafe"": 0.0, ""danger"": 1.0}",danger,danger,danger,True,False,labeling_yolo_sequence_coverage,sampled_danger_then_danger_ratio_sampled_unsafe_then_unsafe_ratio_else_normal,danger,intrusion,True,True,True,1.4561,"```json
{""risk_state"":""danger""}
```
",True
intrusion_climb-over-fence_rgb_0106_cctv1_f000136_000146_000156,climb-over-fence_smart_rgb,intrusion_climb-over-fence_rgb_0106_cctv1,intrusion_candidate,intrusion,"[136, 146, 156]","[4.533, 4.867, 5.2]","{""start_frame"": 121, ""end_frame"": 156}","[""stand, carry/hold (an object)"", ""stand, carry/hold (an object)"", ""stand, carry/hold (an object)""]","[""danger"", ""danger"", ""danger""]",danger,"{""normal"": 0, ""unsafe"": 0, ""danger"": 36}","{""normal"": 0.0, ""unsafe"": 0.0, ""danger"": 1.0}",danger,danger,danger,True,False,labeling_yolo_sequence_coverage,sampled_danger_then_danger_ratio_sampled_unsafe_then_unsafe_ratio_else_normal,unsafe,intrusion,True,True,True,1.4649,"```json
{""risk_state"":""unsafe""}
```
",False
intrusion_climb-over-fence_rgb_0106_cctv1_f000166_000176_000186,climb-over-fence_smart_rgb,intrusion_climb-over-fence_rgb_0106_cctv1,intrusion_candidate,intrusion,"[166, 176, 186]","[5.533, 5.867, 6.2]","{""start_frame"": 151, ""end_frame"": 186}","[""stand"", ""stand, carry/hold (an object)"", ""stand, carry/hold (an object)""]","[""danger"", ""danger"", ""danger""]",danger,"{""normal"": 0, ""unsafe"": 0, ""danger"": 36}","{""normal"": 0.0, ""unsafe"": 0.0, ""danger"": 1.0}",danger,danger,danger,True,False,labeling_yolo_sequence_coverage,sampled_danger_then_danger_ratio_sampled_unsafe_then_unsafe_ratio_else_normal,unsafe,intrusion,True,True,True,1.4592,"```json
{""risk_state"":""unsafe""}
```
",False
intrusion_climb-over-fence_rgb_0106_cctv1_f000196_000206_000216,climb-over-fence_smart_rgb,intrusion_climb-over-fence_rgb_0106_cctv1,intrusion_candidate,intrusion,"[196, 206, 216]","[6.533, 6.867, 7.2]","{""start_frame"": 181, ""end_frame"": 216}","[""carry/hold (an object), stand"", ""carry/hold (an object), stand"", ""carry/hold (an object), stand""]","[""danger"", ""danger"", ""danger""]",danger,"{""normal"": 0, ""unsafe"": 0, ""danger"": 36}","{""normal"": 0.0, ""unsafe"": 0.0, ""danger"": 1.0}",danger,danger,danger,True,False,labeling_yolo_sequence_coverage,sampled_danger_then_danger_ratio_sampled_unsafe_then_unsafe_ratio_else_normal,danger,intrusion,True,True,True,1.466,"```json
{""risk_state"":""danger""}
```
",True
intrusion_climb-over-fence_rgb_0106_cctv1_f000226_000236_000246,climb-over-fence_smart_rgb,intrusion_climb-over-fence_rgb_0106_cctv1,intrusion_candidate,intrusion,"[226, 236, 246]","[7.533, 7.867, 8.2]","{""start_frame"": 211, ""end_frame"": 246}","[""carry/hold (an object), walk"", ""bend/bow (at the waist), carry/hold (an object)"", ""bend/bow (at the waist), carry/hold (an object)""]","[""danger"", ""danger"", ""danger""]",danger,"{""normal"": 0, ""unsafe"": 0, ""danger"": 36}","{""normal"": 0.0, ""unsafe"": 0.0, ""danger"": 1.0}",danger,danger,danger,True,False,labeling_yolo_sequence_coverage,sampled_danger_then_danger_ratio_sampled_unsafe_then_unsafe_ratio_else_normal,danger,intrusion,True,True,True,1.4689,"```json
{""risk_state"":""danger""}
```
",True
intrusion_climb-over-fence_rgb_0106_cctv1_f000256_000266_000276,climb-over-fence_smart_rgb,intrusion_climb-over-fence_rgb_0106_cctv1,intrusion_candidate,intrusion,"[256, 266, 276]","[8.533, 8.867, 9.2]","{""start_frame"": 241, ""end_frame"": 276}","[""stand, carry/hold (an object)"", ""stand, carry/hold (an object)"", ""stand, carry/hold (an object)""]","[""danger"", ""danger"", ""danger""]",danger,"{""normal"": 0, ""unsafe"": 0, ""danger"": 36}","{""normal"": 0.0, ""unsafe"": 0.0, ""danger"": 1.0}",danger,danger,danger,True,False,labeling_yolo_sequence_coverage,sampled_danger_then_danger_ratio_sampled_unsafe_then_unsafe_ratio_else_normal,danger,intrusion,True,True,True,1.5885,"```json
{
  ""risk_state"": ""danger""
}
```
",True
intrusion_climb-over-fence_rgb_0106_cctv1_f000286_000296_000306,climb-over-fence_smart_rgb,intrusion_climb-over-fence_rgb_0106_cctv1,intrusion_candidate,intrusion,"[286, 296, 306]","[9.533, 9.867, 10.2]","{""start_frame"": 271, ""end_frame"": 306}","[""stand, carry/hold (an object)"", ""stand, answer phone"", ""stand, answer phone""]","[""danger"", ""danger"", ""danger""]",danger,"{""normal"": 0, ""unsafe"": 0, ""danger"": 36}","{""normal"": 0.0, ""unsafe"": 0.0, ""danger"": 1.0}",danger,danger,danger,True,False,labeling_yolo_sequence_coverage,sampled_danger_then_danger_ratio_sampled_unsafe_then_unsafe_ratio_else_normal,danger,intrusion,True,True,True,1.5669,"```json
{
  ""risk_state"": ""danger""
}
```
",True
intrusion_climb-over-fence_rgb_0106_cctv1_f000316_000326_000336,climb-over-fence_smart_rgb,intrusion_climb-over-fence_rgb_0106_cctv1,intrusion_candidate,intrusion,"[316, 326, 336]","[10.533, 10.867, 11.2]","{""start_frame"": 301, ""end_frame"": 336}","[""stand, answer phone"", ""stand, answer phone"", ""stand, answer phone""]","[""danger"", ""danger"", ""danger""]",danger,"{""normal"": 0, ""unsafe"": 0, ""danger"": 36}","{""normal"": 0.0, ""unsafe"": 0.0, ""danger"": 1.0}",danger,danger,danger,True,False,labeling_yolo_sequence_coverage,sampled_danger_then_danger_ratio_sampled_unsafe_then_unsafe_ratio_else_normal,danger,intrusion,True,True,True,1.5867,"```json
{
  ""risk_state"": ""danger""
}
```
",True
intrusion_climb-over-fence_rgb_0106_cctv1_f000346_000356_000366,climb-over-fence_smart_rgb,intrusion_climb-over-fence_rgb_0106_cctv1,intrusion_candidate,intrusion,"[346, 356, 366]","[11.533, 11.867, 12.2]","{""start_frame"": 331, ""end_frame"": 366}","[""stand"", ""stand, answer phone"", ""stand, answer phone""]","[""danger"", ""danger"", ""danger""]",danger,"{""normal"": 0, ""unsafe"": 0, ""danger"": 36}","{""normal"": 0.0, ""unsafe"": 0.0, ""danger"": 1.0}",danger,danger,danger,True,False,labeling_yolo_sequence_coverage,sampled_danger_then_danger_ratio_sampled_unsafe_then_unsafe_ratio_else_normal,danger,intrusion,True,True,True,1.5892,"```json
{
  ""risk_state"": ""danger""
}
```
",True
intrusion_climb-over-fence_rgb_0106_cctv1_f000376_000386_000396,climb-over-fence_smart_rgb,intrusion_climb-over-fence_rgb_0106_cctv1,intrusion_candidate,intrusion,"[376, 386, 396]","[12.533, 12.867, 13.2]","{""start_frame"": 361, ""end_frame"": 396}","[""stand, carry/hold (an object)"", ""stand, carry/hold (an object)"", ""stand, carry/hold (an object)""]","[""danger"", ""danger"", ""danger""]",danger,"{""normal"": 0, ""unsafe"": 0, ""danger"": 36}","{""normal"": 0.0, ""unsafe"": 0.0, ""danger"": 1.0}",danger,danger,danger,True,False,labeling_yolo_sequence_coverage,sampled_danger_then_danger_ratio_sampled_unsafe_then_unsafe_ratio_else_normal,danger,intrusion,True,True,True,1.5914,"```json
{
    ""risk_state"": ""danger""
}
```
",True
intrusion_climb-over-fence_rgb_0106_cctv1_f000406_000416_000426,climb-over-fence_smart_rgb,intrusion_climb-over-fence_rgb_0106_cctv1,intrusion_candidate,intrusion,"[406, 416, 426]","[13.533, 13.867, 14.2]","{""start_frame"": 391, ""end_frame"": 426}","[""stand, carry/hold (an object)"", ""stand, carry/hold (an object)"", ""stand""]","[""danger"", ""danger"", ""danger""]",danger,"{""normal"": 0, ""unsafe"": 0, ""danger"": 36}","{""normal"": 0.0, ""unsafe"": 0.0, ""danger"": 1.0}",danger,danger,danger,True,False,labeling_yolo_sequence_coverage,sampled_danger_then_danger_ratio_sampled_unsafe_then_unsafe_ratio_else_normal,unsafe,intrusion,True,True,True,1.5802,"```json
{
    ""risk_state"": ""unsafe""
}
```
",False
intrusion_climb-over-fence_rgb_0106_cctv1_f000436_000446_000456,climb-over-fence_smart_rgb,intrusion_climb-over-fence_rgb_0106_cctv1,intrusion_candidate,intrusion,"[436, 446, 456]","[14.533, 14.867, 15.2]","{""start_frame"": 421, ""end_frame"": 456}","[""stand"", ""stand"", ""stand""]","[""danger"", ""danger"", ""danger""]",danger,"{""normal"": 0, ""unsafe"": 0, ""danger"": 36}","{""normal"": 0.0, ""unsafe"": 0.0, ""danger"": 1.0}",danger,danger,danger,True,False,labeling_yolo_sequence_coverage,sampled_danger_then_danger_ratio_sampled_unsafe_then_unsafe_ratio_else_normal,unsafe,intrusion,True,True,True,1.464,"```json
{""risk_state"":""unsafe""}
```
",False
intrusion_climb-over-fence_rgb_0107_cctv1_f000016_000026_000036,climb-over-fence_smart_rgb,intrusion_climb-over-fence_rgb_0107_cctv1,intrusion_candidate,intrusion,"[16, 26, 36]","[0.533, 0.867, 1.2]","{""start_frame"": 1, ""end_frame"": 36}","[""walk, carry/hold (an object)"", ""walk, carry/hold (an object)"", ""walk, carry/hold (an object)""]","[""normal"", ""normal"", ""normal""]",normal,"{""normal"": 36, ""unsafe"": 0, ""danger"": 0}","{""normal"": 1.0, ""unsafe"": 0.0, ""danger"": 0.0}",normal,normal,normal,True,False,labeling_yolo_sequence_coverage,sampled_danger_then_danger_ratio_sampled_unsafe_then_unsafe_ratio_else_normal,unsafe,intrusion,True,True,True,1.4714,"```json
{""risk_state"":""unsafe""}
```
",False
intrusion_climb-over-fence_rgb_0107_cctv1_f000046_000056_000066,climb-over-fence_smart_rgb,intrusion_climb-over-fence_rgb_0107_cctv1,intrusion_candidate,intrusion,"[46, 56, 66]","[1.533, 1.867, 2.2]","{""start_frame"": 31, ""end_frame"": 66}","[""walk, carry/hold (an object)"", ""stand, carry/hold (an object)"", ""stand, walk""]","[""unsafe"", ""unsafe"", ""unsafe""]",unsafe,"{""normal"": 8, ""unsafe"": 28, ""danger"": 0}","{""normal"": 0.2222, ""unsafe"": 0.7778, ""danger"": 0.0}",unsafe,unsafe,unsafe,True,False,labeling_yolo_sequence_coverage,sampled_danger_then_danger_ratio_sampled_unsafe_then_unsafe_ratio_else_normal,unsafe,intrusion,True,True,True,1.4594,"```json
{""risk_state"":""unsafe""}
```
",True
intrusion_climb-over-fence_rgb_0107_cctv1_f000076_000086_000096,climb-over-fence_smart_rgb,intrusion_climb-over-fence_rgb_0107_cctv1,intrusion_candidate,intrusion,"[76, 86, 96]","[2.533, 2.867, 3.2]","{""start_frame"": 61, ""end_frame"": 96}","[""stand, walk"", ""walk, carry/hold (an object)"", ""walk, carry/hold (an object)""]","[""unsafe"", ""unsafe"", ""unsafe""]",unsafe,"{""normal"": 0, ""unsafe"": 36, ""danger"": 0}","{""normal"": 0.0, ""unsafe"": 1.0, ""danger"": 0.0}",unsafe,unsafe,unsafe,True,False,labeling_yolo_sequence_coverage,sampled_danger_then_danger_ratio_sampled_unsafe_then_unsafe_ratio_else_normal,unsafe,intrusion,True,True,True,1.5931,"```json
{
    ""risk_state"": ""unsafe""
}
```
",True
intrusion_climb-over-fence_rgb_0107_cctv1_f000106_000116_000126,climb-over-fence_smart_rgb,intrusion_climb-over-fence_rgb_0107_cctv1,intrusion_candidate,intrusion,"[106, 116, 126]","[3.533, 3.867, 4.2]","{""start_frame"": 91, ""end_frame"": 126}","[""stand, carry/hold (an object)"", ""walk, carry/hold (an object)"", ""walk, carry/hold (an object)""]","[""unsafe"", ""unsafe"", ""unsafe""]",unsafe,"{""normal"": 0, ""unsafe"": 36, ""danger"": 0}","{""normal"": 0.0, ""unsafe"": 1.0, ""danger"": 0.0}",unsafe,unsafe,unsafe,True,False,labeling_yolo_sequence_coverage,sampled_danger_then_danger_ratio_sampled_unsafe_then_unsafe_ratio_else_normal,unsafe,intrusion,True,True,True,1.4781,"```json
{""risk_state"":""unsafe""}
```
",True
intrusion_climb-over-fence_rgb_0107_cctv1_f000136_000146_000156,climb-over-fence_smart_rgb,intrusion_climb-over-fence_rgb_0107_cctv1,intrusion_candidate,intrusion,"[136, 146, 156]","[4.533, 4.867, 5.2]","{""start_frame"": 121, ""end_frame"": 156}","[""walk, carry/hold (an object)"", ""walk, carry/hold (an object)"", ""walk, carry/hold (an object)""]","[""unsafe"", ""unsafe"", ""unsafe""]",unsafe,"{""normal"": 0, ""unsafe"": 36, ""danger"": 0}","{""normal"": 0.0, ""unsafe"": 1.0, ""danger"": 0.0}",unsafe,unsafe,unsafe,True,False,labeling_yolo_sequence_coverage,sampled_danger_then_danger_ratio_sampled_unsafe_then_unsafe_ratio_else_normal,unsafe,intrusion,True,True,True,1.5935,"```json
{
    ""risk_state"": ""unsafe""
}
```
",True
intrusion_climb-over-fence_rgb_0107_cctv1_f000166_000176_000186,climb-over-fence_smart_rgb,intrusion_climb-over-fence_rgb_0107_cctv1,intrusion_candidate,intrusion,"[166, 176, 186]","[5.533, 5.867, 6.2]","{""start_frame"": 151, ""end_frame"": 186}","[""walk, carry/hold (an object)"", ""carry/hold (an object), stand"", ""carry/hold (an object), stand""]","[""danger"", ""danger"", ""danger""]",danger,"{""normal"": 0, ""unsafe"": 9, ""danger"": 27}","{""normal"": 0.0, ""unsafe"": 0.25, ""danger"": 0.75}",danger,danger,danger,True,False,labeling_yolo_sequence_coverage,sampled_danger_then_danger_ratio_sampled_unsafe_then_unsafe_ratio_else_normal,danger,intrusion,True,True,True,1.4751,"```json
{""risk_state"":""danger""}
```
",True
intrusion_climb-over-fence_rgb_0107_cctv1_f000196_000206_000216,climb-over-fence_smart_rgb,intrusion_climb-over-fence_rgb_0107_cctv1,intrusion_candidate,intrusion,"[196, 206, 216]","[6.533, 6.867, 7.2]","{""start_frame"": 181, ""end_frame"": 216}","[""stand, carry/hold (an object)"", ""carry/hold (an object), stand"", ""walk, carry/hold (an object)""]","[""danger"", ""danger"", ""danger""]",danger,"{""normal"": 0, ""unsafe"": 0, ""danger"": 36}","{""normal"": 0.0, ""unsafe"": 0.0, ""danger"": 1.0}",danger,danger,danger,True,False,labeling_yolo_sequence_coverage,sampled_danger_then_danger_ratio_sampled_unsafe_then_unsafe_ratio_else_normal,danger,intrusion,True,True,True,1.6002,"```json
{
    ""risk_state"": ""danger""
}
```
",True
intrusion_climb-over-fence_rgb_0107_cctv1_f000226_000236_000246,climb-over-fence_smart_rgb,intrusion_climb-over-fence_rgb_0107_cctv1,intrusion_candidate,intrusion,"[226, 236, 246]","[7.533, 7.867, 8.2]","{""start_frame"": 211, ""end_frame"": 246}","[""carry/hold (an object), walk"", ""carry/hold (an object), stand"", ""stand, carry/hold (an object)""]","[""danger"", ""danger"", ""danger""]",danger,"{""normal"": 0, ""unsafe"": 0, ""danger"": 36}","{""normal"": 0.0, ""unsafe"": 0.0, ""danger"": 1.0}",danger,danger,danger,True,False,labeling_yolo_sequence_coverage,sampled_danger_then_danger_ratio_sampled_unsafe_then_unsafe_ratio_else_normal,danger,intrusion,True,True,True,1.467,"```json
{""risk_state"":""danger""}
```
",True
intrusion_climb-over-fence_rgb_0107_cctv1_f000256_000266_000276,climb-over-fence_smart_rgb,intrusion_climb-over-fence_rgb_0107_cctv1,intrusion_candidate,intrusion,"[256, 266, 276]","[8.533, 8.867, 9.2]","{""start_frame"": 241, ""end_frame"": 276}","[""stand, carry/hold (an object)"", ""stand, carry/hold (an object)"", ""walk, carry/hold (an object)""]","[""danger"", ""danger"", ""danger""]",danger,"{""normal"": 0, ""unsafe"": 0, ""danger"": 36}","{""normal"": 0.0, ""unsafe"": 0.0, ""danger"": 1.0}",danger,danger,danger,True,False,labeling_yolo_sequence_coverage,sampled_danger_then_danger_ratio_sampled_unsafe_then_unsafe_ratio_else_normal,danger,intrusion,True,True,True,1.4752,"```json
{""risk_state"":""danger""}
```
",True
intrusion_climb-over-fence_rgb_0107_cctv1_f000286_000296_000306,climb-over-fence_smart_rgb,intrusion_climb-over-fence_rgb_0107_cctv1,intrusion_candidate,intrusion,"[286, 296, 306]","[9.533, 9.867, 10.2]","{""start_frame"": 271, ""end_frame"": 306}","[""walk, carry/hold (an object)"", ""bend/bow (at the waist), carry/hold (an object)"", ""bend/bow (at the waist), carry/hold (an object)""]","[""danger"", ""danger"", ""danger""]",danger,"{""normal"": 0, ""unsafe"": 0, ""danger"": 36}","{""normal"": 0.0, ""unsafe"": 0.0, ""danger"": 1.0}",danger,danger,danger,True,False,labeling_yolo_sequence_coverage,sampled_danger_then_danger_ratio_sampled_unsafe_then_unsafe_ratio_else_normal,danger,intrusion,True,True,True,1.5789,"```json
{""risk_state"":""danger""}
```
",True
intrusion_climb-over-fence_rgb_0107_cctv1_f000316_000326_000336,climb-over-fence_smart_rgb,intrusion_climb-over-fence_rgb_0107_cctv1,intrusion_candidate,intrusion,"[316, 326, 336]","[10.533, 10.867, 11.2]","{""start_frame"": 301, ""end_frame"": 336}","[""stand, answer phone"", ""stand, answer phone"", ""stand, answer phone""]","[""danger"", ""danger"", ""danger""]",danger,"{""normal"": 0, ""unsafe"": 0, ""danger"": 36}","{""normal"": 0.0, ""unsafe"": 0.0, ""danger"": 1.0}",danger,danger,danger,True,False,labeling_yolo_sequence_coverage,sampled_danger_then_danger_ratio_sampled_unsafe_then_unsafe_ratio_else_normal,danger,intrusion,True,True,True,1.5831,"```json
{
  ""risk_state"": ""danger""
}
```
",True
intrusion_climb-over-fence_rgb_0107_cctv1_f000346_000356_000366,climb-over-fence_smart_rgb,intrusion_climb-over-fence_rgb_0107_cctv1,intrusion_candidate,intrusion,"[346, 356, 366]","[11.533, 11.867, 12.2]","{""start_frame"": 331, ""end_frame"": 366}","[""stand, answer phone"", ""stand, answer phone"", ""stand, answer phone""]","[""danger"", ""danger"", ""danger""]",danger,"{""normal"": 0, ""unsafe"": 0, ""danger"": 36}","{""normal"": 0.0, ""unsafe"": 0.0, ""danger"": 1.0}",danger,danger,danger,True,False,labeling_yolo_sequence_coverage,sampled_danger_then_danger_ratio_sampled_unsafe_then_unsafe_ratio_else_normal,danger,intrusion,True,True,True,1.5994,"```json
{
  ""risk_state"": ""danger""
}
```
",True
intrusion_climb-over-fence_rgb_0107_cctv1_f000376_000386_000396,climb-over-fence_smart_rgb,intrusion_climb-over-fence_rgb_0107_cctv1,intrusion_candidate,intrusion,"[376, 386, 396]","[12.533, 12.867, 13.2]","{""start_frame"": 361, ""end_frame"": 396}","[""stand, carry/hold (an object)"", ""stand, carry/hold (an object)"", ""sit, carry/hold (an object)""]","[""danger"", ""danger"", ""danger""]",danger,"{""normal"": 0, ""unsafe"": 0, ""danger"": 36}","{""normal"": 0.0, ""unsafe"": 0.0, ""danger"": 1.0}",danger,danger,danger,True,False,labeling_yolo_sequence_coverage,sampled_danger_then_danger_ratio_sampled_unsafe_then_unsafe_ratio_else_normal,danger,intrusion,True,True,True,1.5951,"```json
{
  ""risk_state"": ""danger""
}
```
",True
intrusion_climb-over-fence_rgb_0107_cctv1_f000406_000416_000426,climb-over-fence_smart_rgb,intrusion_climb-over-fence_rgb_0107_cctv1,intrusion_candidate,intrusion,"[406, 416, 426]","[13.533, 13.867, 14.2]","{""start_frame"": 391, ""end_frame"": 426}","[""stand, carry/hold (an object)"", ""stand, carry/hold (an object)"", ""stand, carry/hold (an object)""]","[""danger"", ""danger"", ""danger""]",danger,"{""normal"": 0, ""unsafe"": 0, ""danger"": 36}","{""normal"": 0.0, ""unsafe"": 0.0, ""danger"": 1.0}",danger,danger,danger,True,False,labeling_yolo_sequence_coverage,sampled_danger_then_danger_ratio_sampled_unsafe_then_unsafe_ratio_else_normal,unsafe,intrusion,True,True,True,1.5868,"```json
{
    ""risk_state"": ""unsafe""
}
```
",False
intrusion_climb-over-fence_rgb_0107_cctv1_f000436_000446_000456,climb-over-fence_smart_rgb,intrusion_climb-over-fence_rgb_0107_cctv1,intrusion_candidate,intrusion,"[436, 446, 456]","[14.533, 14.867, 15.2]","{""start_frame"": 421, ""end_frame"": 456}","[""stand"", ""stand, watch (a person)"", ""stand, watch (a person)""]","[""danger"", ""danger"", ""danger""]",danger,"{""normal"": 0, ""unsafe"": 0, ""danger"": 36}","{""normal"": 0.0, ""unsafe"": 0.0, ""danger"": 1.0}",danger,danger,danger,True,False,labeling_yolo_sequence_coverage,sampled_danger_then_danger_ratio_sampled_unsafe_then_unsafe_ratio_else_normal,unsafe,intrusion,True,True,True,1.4557,"```json
{""risk_state"":""unsafe""}
```
",False
intrusion_climb-over-fence_rgb_0107_cctv1_f000466_000476_000486,climb-over-fence_smart_rgb,intrusion_climb-over-fence_rgb_0107_cctv1,intrusion_candidate,intrusion,"[466, 476, 486]","[15.533, 15.867, 16.2]","{""start_frame"": 451, ""end_frame"": 486}","[""stand"", ""stand, carry/hold (an object)"", ""stand, watch (a person)""]","[""danger"", ""danger"", ""danger""]",danger,"{""normal"": 0, ""unsafe"": 0, ""danger"": 36}","{""normal"": 0.0, ""unsafe"": 0.0, ""danger"": 1.0}",danger,danger,danger,True,False,labeling_yolo_sequence_coverage,sampled_danger_then_danger_ratio_sampled_unsafe_then_unsafe_ratio_else_normal,unsafe,intrusion,True,True,True,1.5882,"```json
{
    ""risk_state"": ""unsafe""
}
```
",False
intrusion_normal_rgb_0060_cctv1_f000016_000026_000036,normal_plant_rgb,intrusion_normal_rgb_0060_cctv1,normal_candidate,normal,"[16, 26, 36]","[0.533, 0.867, 1.2]","{""start_frame"": 1, ""end_frame"": 36}","[""walk, carry/hold (an object)"", ""walk, carry/hold (an object)"", ""stand, carry/hold (an object)""]","[""normal"", ""normal"", ""normal""]",normal,"{""normal"": 36, ""unsafe"": 0, ""danger"": 0}","{""normal"": 1.0, ""unsafe"": 0.0, ""danger"": 0.0}",normal,normal,normal,True,False,labeling_yolo_sequence_coverage,sampled_danger_then_danger_ratio_sampled_unsafe_then_unsafe_ratio_else_normal,normal,normal,True,True,True,1.4355,"{
""risk_state"":""normal""
}
",True
intrusion_normal_rgb_0060_cctv1_f000046_000056_000066,normal_plant_rgb,intrusion_normal_rgb_0060_cctv1,normal_candidate,normal,"[46, 56, 66]","[1.533, 1.867, 2.2]","{""start_frame"": 31, ""end_frame"": 66}","[""walk, carry/hold (an object)"", ""walk, carry/hold (an object)"", ""walk, stand""]","[""normal"", ""normal"", ""normal""]",normal,"{""normal"": 36, ""unsafe"": 0, ""danger"": 0}","{""normal"": 1.0, ""unsafe"": 0.0, ""danger"": 0.0}",normal,normal,normal,True,False,labeling_yolo_sequence_coverage,sampled_danger_then_danger_ratio_sampled_unsafe_then_unsafe_ratio_else_normal,normal,normal,True,True,True,1.4406,"{
""risk_state"":""normal""
}
",True
intrusion_normal_rgb_0060_cctv1_f000076_000086_000096,normal_plant_rgb,intrusion_normal_rgb_0060_cctv1,normal_candidate,normal,"[76, 86, 96]","[2.533, 2.867, 3.2]","{""start_frame"": 61, ""end_frame"": 96}","[""walk, carry/hold (an object)"", ""walk, carry/hold (an object)"", ""walk, stand""]","[""normal"", ""normal"", ""normal""]",normal,"{""normal"": 36, ""unsafe"": 0, ""danger"": 0}","{""normal"": 1.0, ""unsafe"": 0.0, ""danger"": 0.0}",normal,normal,normal,True,False,labeling_yolo_sequence_coverage,sampled_danger_then_danger_ratio_sampled_unsafe_then_unsafe_ratio_else_normal,normal,normal,True,True,True,1.4427,"{
""risk_state"":""normal""
}
",True
intrusion_normal_rgb_0060_cctv1_f000106_000116_000126,normal_plant_rgb,intrusion_normal_rgb_0060_cctv1,normal_candidate,normal,"[106, 116, 126]","[3.533, 3.867, 4.2]","{""start_frame"": 91, ""end_frame"": 126}","[""walk, carry/hold (an object)"", ""walk, carry/hold (an object)"", ""walk, carry/hold (an object)""]","[""normal"", ""normal"", ""normal""]",normal,"{""normal"": 36, ""unsafe"": 0, ""danger"": 0}","{""normal"": 1.0, ""unsafe"": 0.0, ""danger"": 0.0}",normal,normal,normal,True,False,labeling_yolo_sequence_coverage,sampled_danger_then_danger_ratio_sampled_unsafe_then_unsafe_ratio_else_normal,normal,normal,True,True,True,1.4414,"{
""risk_state"":""normal""
}
",True
intrusion_normal_rgb_0060_cctv1_f000136_000146_000156,normal_plant_rgb,intrusion_normal_rgb_0060_cctv1,normal_candidate,normal,"[136, 146, 156]","[4.533, 4.867, 5.2]","{""start_frame"": 121, ""end_frame"": 156}","[""walk, carry/hold (an object)"", ""walk, carry/hold (an object)"", ""walk, carry/hold (an object)""]","[""normal"", ""normal"", ""normal""]",normal,"{""normal"": 36, ""unsafe"": 0, ""danger"": 0}","{""normal"": 1.0, ""unsafe"": 0.0, ""danger"": 0.0}",normal,normal,normal,True,False,labeling_yolo_sequence_coverage,sampled_danger_then_danger_ratio_sampled_unsafe_then_unsafe_ratio_else_normal,normal,normal,True,True,True,1.4682,"{
""risk_state"": ""normal""
}
",True
intrusion_normal_rgb_0088_cctv3_f000016_000026_000036,normal_plant_rgb,intrusion_normal_rgb_0088_cctv3,normal_candidate,normal,"[16, 26, 36]","[0.533, 0.867, 1.2]","{""start_frame"": 1, ""end_frame"": 36}","[""walk, run/jog"", ""walk, run/jog"", ""walk, carry/hold (an object)""]","[""unsafe"", ""unsafe"", ""unsafe""]",unsafe,"{""normal"": 0, ""unsafe"": 36, ""danger"": 0}","{""normal"": 0.0, ""unsafe"": 1.0, ""danger"": 0.0}",unsafe,unsafe,unsafe,True,False,labeling_yolo_sequence_coverage,sampled_danger_then_danger_ratio_sampled_unsafe_then_unsafe_ratio_else_normal,unsafe,intrusion,False,True,True,1.5893,"```json
{
  ""risk_state"": ""unsafe""
}
```
",True
intrusion_normal_rgb_0088_cctv3_f000046_000056_000066,normal_plant_rgb,intrusion_normal_rgb_0088_cctv3,normal_candidate,normal,"[46, 56, 66]","[1.533, 1.867, 2.2]","{""start_frame"": 31, ""end_frame"": 66}","[""walk, carry/hold (an object)"", ""walk, carry/hold (an object)"", ""walk, carry/hold (an object)""]","[""unsafe"", ""unsafe"", ""unsafe""]",unsafe,"{""normal"": 0, ""unsafe"": 36, ""danger"": 0}","{""normal"": 0.0, ""unsafe"": 1.0, ""danger"": 0.0}",unsafe,unsafe,unsafe,True,False,labeling_yolo_sequence_coverage,sampled_danger_then_danger_ratio_sampled_unsafe_then_unsafe_ratio_else_normal,unsafe,intrusion,False,True,True,1.5865,"```json
{
  ""risk_state"": ""unsafe""
}
```
",True
intrusion_normal_rgb_0088_cctv3_f000076_000086_000096,normal_plant_rgb,intrusion_normal_rgb_0088_cctv3,normal_candidate,normal,"[76, 86, 96]","[2.533, 2.867, 3.2]","{""start_frame"": 61, ""end_frame"": 96}","[""walk, stand"", ""stand, walk"", ""stand, talk to (e.g., self, a person, a group)""]","[""unsafe"", ""unsafe"", ""unsafe""]",unsafe,"{""normal"": 0, ""unsafe"": 36, ""danger"": 0}","{""normal"": 0.0, ""unsafe"": 1.0, ""danger"": 0.0}",unsafe,unsafe,unsafe,True,False,labeling_yolo_sequence_coverage,sampled_danger_then_danger_ratio_sampled_unsafe_then_unsafe_ratio_else_normal,normal,normal,True,True,True,1.5928,"```json
{
  ""risk_state"": ""normal""
}
```
",False
intrusion_normal_rgb_0088_cctv3_f000106_000116_000126,normal_plant_rgb,intrusion_normal_rgb_0088_cctv3,normal_candidate,normal,"[106, 116, 126]","[3.533, 3.867, 4.2]","{""start_frame"": 91, ""end_frame"": 126}","[""stand, walk"", ""walk, stand"", ""walk, carry/hold (an object)""]","[""unsafe"", ""unsafe"", ""unsafe""]",unsafe,"{""normal"": 0, ""unsafe"": 36, ""danger"": 0}","{""normal"": 0.0, ""unsafe"": 1.0, ""danger"": 0.0}",unsafe,unsafe,unsafe,True,False,labeling_yolo_sequence_coverage,sampled_danger_then_danger_ratio_sampled_unsafe_then_unsafe_ratio_else_normal,unsafe,intrusion,False,True,True,1.5827,"```json
{
  ""risk_state"": ""unsafe""
}
```
",True
intrusion_normal_rgb_0088_cctv3_f000136_000146_000156,normal_plant_rgb,intrusion_normal_rgb_0088_cctv3,normal_candidate,normal,"[136, 146, 156]","[4.533, 4.867, 5.2]","{""start_frame"": 121, ""end_frame"": 156}","[""walk, carry/hold (an object)"", ""walk, carry/hold (an object)"", ""walk, carry/hold (an object)""]","[""unsafe"", ""unsafe"", ""unsafe""]",unsafe,"{""normal"": 0, ""unsafe"": 36, ""danger"": 0}","{""normal"": 0.0, ""unsafe"": 1.0, ""danger"": 0.0}",unsafe,unsafe,unsafe,True,False,labeling_yolo_sequence_coverage,sampled_danger_then_danger_ratio_sampled_unsafe_then_unsafe_ratio_else_normal,unsafe,intrusion,False,True,True,1.5863,"```json
{
  ""risk_state"": ""unsafe""
}
```
",True
intrusion_normal_rgb_0088_cctv3_f000166_000176_000186,normal_plant_rgb,intrusion_normal_rgb_0088_cctv3,normal_candidate,normal,"[166, 176, 186]","[5.533, 5.867, 6.2]","{""start_frame"": 151, ""end_frame"": 186}","[""walk, carry/hold (an object)"", ""walk, carry/hold (an object)"", ""walk, carry/hold (an object)""]","[""unsafe"", ""unsafe"", ""unsafe""]",unsafe,"{""normal"": 0, ""unsafe"": 36, ""danger"": 0}","{""normal"": 0.0, ""unsafe"": 1.0, ""danger"": 0.0}",unsafe,unsafe,unsafe,True,False,labeling_yolo_sequence_coverage,sampled_danger_then_danger_ratio_sampled_unsafe_then_unsafe_ratio_else_normal,unsafe,intrusion,False,True,True,1.5837,"```json
{
  ""risk_state"": ""unsafe""
}
```
",True
intrusion_normal_rgb_0088_cctv3_f000196_000206_000216,normal_plant_rgb,intrusion_normal_rgb_0088_cctv3,normal_candidate,normal,"[196, 206, 216]","[6.533, 6.867, 7.2]","{""start_frame"": 181, ""end_frame"": 216}","[""walk, carry/hold (an object)"", ""walk, carry/hold (an object)"", ""walk, carry/hold (an object)""]","[""unsafe"", ""normal"", ""normal""]",unsafe,"{""normal"": 19, ""unsafe"": 17, ""danger"": 0}","{""normal"": 0.5278, ""unsafe"": 0.4722, ""danger"": 0.0}",unsafe,unsafe,unsafe,True,False,labeling_yolo_sequence_coverage,sampled_danger_then_danger_ratio_sampled_unsafe_then_unsafe_ratio_else_normal,normal,normal,True,True,True,1.5857,"```json
{
  ""risk_state"": ""normal""
}
```
",False
intrusion_normal_rgb_0088_cctv3_f000226_000236_000246,normal_plant_rgb,intrusion_normal_rgb_0088_cctv3,normal_candidate,normal,"[226, 236, 246]","[7.533, 7.867, 8.2]","{""start_frame"": 211, ""end_frame"": 246}","[""walk, carry/hold (an object)"", ""walk, carry/hold (an object)"", ""run/jog, walk""]","[""normal"", ""normal"", ""normal""]",normal,"{""normal"": 36, ""unsafe"": 0, ""danger"": 0}","{""normal"": 1.0, ""unsafe"": 0.0, ""danger"": 0.0}",normal,normal,normal,True,False,labeling_yolo_sequence_coverage,sampled_danger_then_danger_ratio_sampled_unsafe_then_unsafe_ratio_else_normal,normal,normal,True,True,True,1.5778,"```json
{
  ""risk_state"": ""normal""
}
```
",True
intrusion_normal_rgb_0088_cctv3_f000256_000266_000276,normal_plant_rgb,intrusion_normal_rgb_0088_cctv3,normal_candidate,normal,"[256, 266, 276]","[8.533, 8.867, 9.2]","{""start_frame"": 241, ""end_frame"": 276}","[""walk, run/jog"", ""walk, carry/hold (an object)"", ""walk, carry/hold (an object)""]","[""normal"", ""normal"", ""normal""]",normal,"{""normal"": 36, ""unsafe"": 0, ""danger"": 0}","{""normal"": 1.0, ""unsafe"": 0.0, ""danger"": 0.0}",normal,normal,normal,True,False,labeling_yolo_sequence_coverage,sampled_danger_then_danger_ratio_sampled_unsafe_then_unsafe_ratio_else_normal,normal,normal,True,True,True,1.6008,"```json
{
  ""risk_state"": ""normal""
}
```
",True
intrusion_normal_rgb_0088_cctv3_f000286_000296_000306,normal_plant_rgb,intrusion_normal_rgb_0088_cctv3,normal_candidate,normal,"[286, 296, 306]","[9.533, 9.867, 10.2]","{""start_frame"": 271, ""end_frame"": 306}","[""walk, carry/hold (an object)"", ""walk, carry/hold (an object)"", ""walk, carry/hold (an object)""]","[""normal"", ""normal"", ""normal""]",normal,"{""normal"": 36, ""unsafe"": 0, ""danger"": 0}","{""normal"": 1.0, ""unsafe"": 0.0, ""danger"": 0.0}",normal,normal,normal,True,False,labeling_yolo_sequence_coverage,sampled_danger_then_danger_ratio_sampled_unsafe_then_unsafe_ratio_else_normal,normal,normal,True,True,True,1.5859,"```json
{
  ""risk_state"": ""normal""
}
```
",True
intrusion_normal_rgb_0088_cctv3_f000316_000326_000336,normal_plant_rgb,intrusion_normal_rgb_0088_cctv3,normal_candidate,normal,"[316, 326, 336]","[10.533, 10.867, 11.2]","{""start_frame"": 301, ""end_frame"": 336}","[""walk, carry/hold (an object)"", ""walk"", ""walk""]","[""normal"", ""unsafe"", ""unsafe""]",unsafe,"{""normal"": 19, ""unsafe"": 17, ""danger"": 0}","{""normal"": 0.5278, ""unsafe"": 0.4722, ""danger"": 0.0}",unsafe,unsafe,unsafe,True,False,labeling_yolo_sequence_coverage,sampled_danger_then_danger_ratio_sampled_unsafe_then_unsafe_ratio_else_normal,normal,normal,True,True,True,1.5842,"```json
{
  ""risk_state"": ""normal""
}
```
",False
intrusion_normal_rgb_0088_cctv3_f000346_000356_000366,normal_plant_rgb,intrusion_normal_rgb_0088_cctv3,normal_candidate,normal,"[346, 356, 366]","[11.533, 11.867, 12.2]","{""start_frame"": 331, ""end_frame"": 366}","[""walk, carry/hold (an object)"", ""walk, stand"", ""stand, walk""]","[""unsafe"", ""unsafe"", ""unsafe""]",unsafe,"{""normal"": 0, ""unsafe"": 36, ""danger"": 0}","{""normal"": 0.0, ""unsafe"": 1.0, ""danger"": 0.0}",unsafe,unsafe,unsafe,True,False,labeling_yolo_sequence_coverage,sampled_danger_then_danger_ratio_sampled_unsafe_then_unsafe_ratio_else_normal,unsafe,intrusion,False,True,True,1.5815,"```json
{
  ""risk_state"": ""unsafe""
}
```
",True
intrusion_normal_rgb_0088_cctv3_f000376_000386_000396,normal_plant_rgb,intrusion_normal_rgb_0088_cctv3,normal_candidate,normal,"[376, 386, 396]","[12.533, 12.867, 13.2]","{""start_frame"": 361, ""end_frame"": 396}","[""walk, stand"", ""walk, stand"", ""stand, walk""]","[""normal"", ""normal"", ""normal""]",normal,"{""normal"": 26, ""unsafe"": 10, ""danger"": 0}","{""normal"": 0.7222, ""unsafe"": 0.2778, ""danger"": 0.0}",normal,normal,normal,True,False,labeling_yolo_sequence_coverage,sampled_danger_then_danger_ratio_sampled_unsafe_then_unsafe_ratio_else_normal,normal,normal,True,True,True,1.598,"```json
{
  ""risk_state"": ""normal""
}
```
",True
intrusion_normal_rgb_0088_cctv3_f000406_000416_000426,normal_plant_rgb,intrusion_normal_rgb_0088_cctv3,normal_candidate,normal,"[406, 416, 426]","[13.533, 13.867, 14.2]","{""start_frame"": 391, ""end_frame"": 426}","[""walk, stand"", ""walk, carry/hold (an object)"", ""walk""]","[""normal"", ""normal"", ""normal""]",normal,"{""normal"": 36, ""unsafe"": 0, ""danger"": 0}","{""normal"": 1.0, ""unsafe"": 0.0, ""danger"": 0.0}",normal,normal,normal,True,False,labeling_yolo_sequence_coverage,sampled_danger_then_danger_ratio_sampled_unsafe_then_unsafe_ratio_else_normal,normal,normal,True,True,True,1.5825,"```json
{
  ""risk_state"": ""normal""
}
```
",True
intrusion_normal_rgb_0091_cctv3_f000016_000026_000036,normal_plant_rgb,intrusion_normal_rgb_0091_cctv3,normal_candidate,normal,"[16, 26, 36]","[0.533, 0.867, 1.2]","{""start_frame"": 1, ""end_frame"": 36}","[""walk, carry/hold (an object)"", ""walk, carry/hold (an object)"", ""walk, carry/hold (an object)""]","[""normal"", ""normal"", ""normal""]",normal,"{""normal"": 36, ""unsafe"": 0, ""danger"": 0}","{""normal"": 1.0, ""unsafe"": 0.0, ""danger"": 0.0}",normal,normal,normal,True,False,labeling_yolo_sequence_coverage,sampled_danger_then_danger_ratio_sampled_unsafe_then_unsafe_ratio_else_normal,normal,normal,True,True,True,1.4623,"{
""risk_state"": ""normal""
}
",True
intrusion_normal_rgb_0091_cctv3_f000046_000056_000066,normal_plant_rgb,intrusion_normal_rgb_0091_cctv3,normal_candidate,normal,"[46, 56, 66]","[1.533, 1.867, 2.2]","{""start_frame"": 31, ""end_frame"": 66}","[""walk, carry/hold (an object)"", ""walk, carry/hold (an object)"", ""walk, carry/hold (an object)""]","[""normal"", ""normal"", ""normal""]",normal,"{""normal"": 36, ""unsafe"": 0, ""danger"": 0}","{""normal"": 1.0, ""unsafe"": 0.0, ""danger"": 0.0}",normal,normal,normal,True,False,labeling_yolo_sequence_coverage,sampled_danger_then_danger_ratio_sampled_unsafe_then_unsafe_ratio_else_normal,normal,normal,True,True,True,1.5991,"```json
{
  ""risk_state"": ""normal""
}
```
",True
intrusion_normal_rgb_0091_cctv3_f000076_000086_000096,normal_plant_rgb,intrusion_normal_rgb_0091_cctv3,normal_candidate,normal,"[76, 86, 96]","[2.533, 2.867, 3.2]","{""start_frame"": 61, ""end_frame"": 96}","[""walk, carry/hold (an object)"", ""walk, carry/hold (an object)"", ""walk, carry/hold (an object)""]","[""normal"", ""normal"", ""normal""]",normal,"{""normal"": 36, ""unsafe"": 0, ""danger"": 0}","{""normal"": 1.0, ""unsafe"": 0.0, ""danger"": 0.0}",normal,normal,normal,True,False,labeling_yolo_sequence_coverage,sampled_danger_then_danger_ratio_sampled_unsafe_then_unsafe_ratio_else_normal,normal,normal,True,True,True,1.5882,"```json
{
  ""risk_state"": ""normal""
}
```
",True
intrusion_normal_rgb_0091_cctv3_f000106_000116_000126,normal_plant_rgb,intrusion_normal_rgb_0091_cctv3,normal_candidate,normal,"[106, 116, 126]","[3.533, 3.867, 4.2]","{""start_frame"": 91, ""end_frame"": 126}","[""walk, carry/hold (an object)"", ""walk, carry/hold (an object)"", ""walk, carry/hold (an object)""]","[""normal"", ""normal"", ""normal""]",normal,"{""normal"": 36, ""unsafe"": 0, ""danger"": 0}","{""normal"": 1.0, ""unsafe"": 0.0, ""danger"": 0.0}",normal,normal,normal,True,False,labeling_yolo_sequence_coverage,sampled_danger_then_danger_ratio_sampled_unsafe_then_unsafe_ratio_else_normal,normal,normal,True,True,True,1.463,"{
""risk_state"": ""normal""
}
",True
intrusion_normal_rgb_0091_cctv3_f000136_000146_000156,normal_plant_rgb,intrusion_normal_rgb_0091_cctv3,normal_candidate,normal,"[136, 146, 156]","[4.533, 4.867, 5.2]","{""start_frame"": 121, ""end_frame"": 156}","[""walk, carry/hold (an object)"", ""walk, carry/hold (an object)"", ""walk, carry/hold (an object)""]","[""normal"", ""normal"", ""normal""]",normal,"{""normal"": 36, ""unsafe"": 0, ""danger"": 0}","{""normal"": 1.0, ""unsafe"": 0.0, ""danger"": 0.0}",normal,normal,normal,True,False,labeling_yolo_sequence_coverage,sampled_danger_then_danger_ratio_sampled_unsafe_then_unsafe_ratio_else_normal,normal,normal,True,True,True,1.4693,"{
""risk_state"": ""normal""
}
",True
intrusion_normal_rgb_0091_cctv3_f000166_000176_000186,normal_plant_rgb,intrusion_normal_rgb_0091_cctv3,normal_candidate,normal,"[166, 176, 186]","[5.533, 5.867, 6.2]","{""start_frame"": 151, ""end_frame"": 186}","[""walk, carry/hold (an object)"", ""walk, carry/hold (an object)"", ""walk, carry/hold (an object)""]","[""normal"", ""normal"", ""normal""]",normal,"{""normal"": 36, ""unsafe"": 0, ""danger"": 0}","{""normal"": 1.0, ""unsafe"": 0.0, ""danger"": 0.0}",normal,normal,normal,True,False,labeling_yolo_sequence_coverage,sampled_danger_then_danger_ratio_sampled_unsafe_then_unsafe_ratio_else_normal,normal,normal,True,True,True,1.4605,"{
""risk_state"": ""normal""
}
",True
intrusion_normal_rgb_0093_cctv3_f000016_000026_000036,normal_plant_rgb,intrusion_normal_rgb_0093_cctv3,normal_candidate,normal,"[16, 26, 36]","[0.533, 0.867, 1.2]","{""start_frame"": 1, ""end_frame"": 36}","[""walk, carry/hold (an object)"", ""walk, carry/hold (an object)"", ""walk, carry/hold (an object)""]","[""normal"", ""normal"", ""normal""]",normal,"{""normal"": 36, ""unsafe"": 0, ""danger"": 0}","{""normal"": 1.0, ""unsafe"": 0.0, ""danger"": 0.0}",normal,normal,normal,True,False,labeling_yolo_sequence_coverage,sampled_danger_then_danger_ratio_sampled_unsafe_then_unsafe_ratio_else_normal,normal,normal,True,True,True,1.4569,"{
""risk_state"": ""normal""
}
",True
intrusion_normal_rgb_0093_cctv3_f000046_000056_000066,normal_plant_rgb,intrusion_normal_rgb_0093_cctv3,normal_candidate,normal,"[46, 56, 66]","[1.533, 1.867, 2.2]","{""start_frame"": 31, ""end_frame"": 66}","[""walk, carry/hold (an object)"", ""walk, carry/hold (an object)"", ""walk, carry/hold (an object)""]","[""normal"", ""normal"", ""normal""]",normal,"{""normal"": 36, ""unsafe"": 0, ""danger"": 0}","{""normal"": 1.0, ""unsafe"": 0.0, ""danger"": 0.0}",normal,normal,normal,True,False,labeling_yolo_sequence_coverage,sampled_danger_then_danger_ratio_sampled_unsafe_then_unsafe_ratio_else_normal,normal,normal,True,True,True,1.5971,"```json
{
  ""risk_state"": ""normal""
}
```
",True
intrusion_normal_rgb_0093_cctv3_f000076_000086_000096,normal_plant_rgb,intrusion_normal_rgb_0093_cctv3,normal_candidate,normal,"[76, 86, 96]","[2.533, 2.867, 3.2]","{""start_frame"": 61, ""end_frame"": 96}","[""walk, carry/hold (an object)"", ""walk, carry/hold (an object)"", ""walk, carry/hold (an object)""]","[""normal"", ""normal"", ""normal""]",normal,"{""normal"": 36, ""unsafe"": 0, ""danger"": 0}","{""normal"": 1.0, ""unsafe"": 0.0, ""danger"": 0.0}",normal,normal,normal,True,False,labeling_yolo_sequence_coverage,sampled_danger_then_danger_ratio_sampled_unsafe_then_unsafe_ratio_else_normal,normal,normal,True,True,True,1.4651,"{
""risk_state"": ""normal""
}
",True
intrusion_normal_rgb_0093_cctv3_f000106_000116_000126,normal_plant_rgb,intrusion_normal_rgb_0093_cctv3,normal_candidate,normal,"[106, 116, 126]","[3.533, 3.867, 4.2]","{""start_frame"": 91, ""end_frame"": 126}","[""walk, carry/hold (an object)"", ""walk, carry/hold (an object)"", ""walk, carry/hold (an object)""]","[""normal"", ""normal"", ""normal""]",normal,"{""normal"": 36, ""unsafe"": 0, ""danger"": 0}","{""normal"": 1.0, ""unsafe"": 0.0, ""danger"": 0.0}",normal,normal,normal,True,False,labeling_yolo_sequence_coverage,sampled_danger_then_danger_ratio_sampled_unsafe_then_unsafe_ratio_else_normal,normal,normal,True,True,True,1.5913,"```json
{
  ""risk_state"": ""normal""
}
```
",True
intrusion_normal_rgb_0093_cctv3_f000136_000146_000156,normal_plant_rgb,intrusion_normal_rgb_0093_cctv3,normal_candidate,normal,"[136, 146, 156]","[4.533, 4.867, 5.2]","{""start_frame"": 121, ""end_frame"": 156}","[""walk, carry/hold (an object)"", ""walk, carry/hold (an object)"", ""walk""]","[""normal"", ""normal"", ""normal""]",normal,"{""normal"": 36, ""unsafe"": 0, ""danger"": 0}","{""normal"": 1.0, ""unsafe"": 0.0, ""danger"": 0.0}",normal,normal,normal,True,False,labeling_yolo_sequence_coverage,sampled_danger_then_danger_ratio_sampled_unsafe_then_unsafe_ratio_else_normal,normal,normal,True,True,True,1.479,"{
""risk_state"": ""normal""
}
",True
intrusion_normal_rgb_0103_cctv4_f000016_000026_000036,normal_plant_rgb,intrusion_normal_rgb_0103_cctv4,normal_candidate,normal,"[16, 26, 36]","[0.533, 0.867, 1.2]","{""start_frame"": 1, ""end_frame"": 36}","[""walk, carry/hold (an object)"", ""walk, carry/hold (an object)"", ""walk, carry/hold (an object)""]","[""normal"", ""normal"", ""normal""]",normal,"{""normal"": 36, ""unsafe"": 0, ""danger"": 0}","{""normal"": 1.0, ""unsafe"": 0.0, ""danger"": 0.0}",normal,normal,normal,True,False,labeling_yolo_sequence_coverage,sampled_danger_then_danger_ratio_sampled_unsafe_then_unsafe_ratio_else_normal,normal,normal,True,True,True,1.4667,"{
""risk_state"": ""normal""
}
",True
intrusion_normal_rgb_0103_cctv4_f000046_000056_000066,normal_plant_rgb,intrusion_normal_rgb_0103_cctv4,normal_candidate,normal,"[46, 56, 66]","[1.533, 1.867, 2.2]","{""start_frame"": 31, ""end_frame"": 66}","[""walk, carry/hold (an object)"", ""walk, carry/hold (an object)"", ""walk, carry/hold (an object)""]","[""normal"", ""normal"", ""normal""]",normal,"{""normal"": 36, ""unsafe"": 0, ""danger"": 0}","{""normal"": 1.0, ""unsafe"": 0.0, ""danger"": 0.0}",normal,normal,normal,True,False,labeling_yolo_sequence_coverage,sampled_danger_then_danger_ratio_sampled_unsafe_then_unsafe_ratio_else_normal,normal,normal,True,True,True,1.5943,"```json
{
  ""risk_state"": ""normal""
}
```
",True
intrusion_normal_rgb_0103_cctv4_f000076_000086_000096,normal_plant_rgb,intrusion_normal_rgb_0103_cctv4,normal_candidate,normal,"[76, 86, 96]","[2.533, 2.867, 3.2]","{""start_frame"": 61, ""end_frame"": 96}","[""walk, carry/hold (an object)"", ""walk, carry/hold (an object)"", ""walk, carry/hold (an object)""]","[""normal"", ""normal"", ""normal""]",normal,"{""normal"": 36, ""unsafe"": 0, ""danger"": 0}","{""normal"": 1.0, ""unsafe"": 0.0, ""danger"": 0.0}",normal,normal,normal,True,False,labeling_yolo_sequence_coverage,sampled_danger_then_danger_ratio_sampled_unsafe_then_unsafe_ratio_else_normal,normal,normal,True,True,True,1.6044,"```json
{
  ""risk_state"": ""normal""
}
```
",True
intrusion_normal_rgb_0103_cctv4_f000106_000116_000126,normal_plant_rgb,intrusion_normal_rgb_0103_cctv4,normal_candidate,normal,"[106, 116, 126]","[3.533, 3.867, 4.2]","{""start_frame"": 91, ""end_frame"": 126}","[""walk, carry/hold (an object)"", ""walk, carry/hold (an object)"", ""walk, carry/hold (an object)""]","[""normal"", ""normal"", ""normal""]",normal,"{""normal"": 36, ""unsafe"": 0, ""danger"": 0}","{""normal"": 1.0, ""unsafe"": 0.0, ""danger"": 0.0}",normal,normal,normal,True,False,labeling_yolo_sequence_coverage,sampled_danger_then_danger_ratio_sampled_unsafe_then_unsafe_ratio_else_normal,normal,normal,True,True,True,1.4657,"{
""risk_state"": ""normal""
}
",True
intrusion_normal_rgb_0103_cctv4_f000136_000146_000156,normal_plant_rgb,intrusion_normal_rgb_0103_cctv4,normal_candidate,normal,"[136, 146, 156]","[4.533, 4.867, 5.2]","{""start_frame"": 121, ""end_frame"": 156}","[""walk, carry/hold (an object)"", ""walk, carry/hold (an object)"", ""walk""]","[""normal"", ""normal"", ""normal""]",normal,"{""normal"": 36, ""unsafe"": 0, ""danger"": 0}","{""normal"": 1.0, ""unsafe"": 0.0, ""danger"": 0.0}",normal,normal,normal,True,False,labeling_yolo_sequence_coverage,sampled_danger_then_danger_ratio_sampled_unsafe_then_unsafe_ratio_else_normal,normal,normal,True,True,True,1.4555,"{
""risk_state"": ""normal""
}
",True
intrusion_normal_rgb_0114_cctv4_f000016_000026_000036,normal_plant_rgb,intrusion_normal_rgb_0114_cctv4,normal_candidate,normal,"[16, 26, 36]","[0.533, 0.867, 1.2]","{""start_frame"": 1, ""end_frame"": 36}","[""walk, carry/hold (an object)"", ""walk, carry/hold (an object)"", ""walk, carry/hold (an object)""]","[""normal"", ""normal"", ""normal""]",normal,"{""normal"": 36, ""unsafe"": 0, ""danger"": 0}","{""normal"": 1.0, ""unsafe"": 0.0, ""danger"": 0.0}",normal,normal,normal,True,False,labeling_yolo_sequence_coverage,sampled_danger_then_danger_ratio_sampled_unsafe_then_unsafe_ratio_else_normal,normal,normal,True,True,True,1.6007,"```json
{
  ""risk_state"": ""normal""
}
```
",True
intrusion_normal_rgb_0114_cctv4_f000046_000056_000066,normal_plant_rgb,intrusion_normal_rgb_0114_cctv4,normal_candidate,normal,"[46, 56, 66]","[1.533, 1.867, 2.2]","{""start_frame"": 31, ""end_frame"": 66}","[""walk, carry/hold (an object)"", ""walk, carry/hold (an object)"", ""walk, carry/hold (an object)""]","[""normal"", ""normal"", ""normal""]",normal,"{""normal"": 36, ""unsafe"": 0, ""danger"": 0}","{""normal"": 1.0, ""unsafe"": 0.0, ""danger"": 0.0}",normal,normal,normal,True,False,labeling_yolo_sequence_coverage,sampled_danger_then_danger_ratio_sampled_unsafe_then_unsafe_ratio_else_normal,normal,normal,True,True,True,1.4651,"```json
{""risk_state"":""normal""}
```
",True
intrusion_normal_rgb_0114_cctv4_f000076_000086_000096,normal_plant_rgb,intrusion_normal_rgb_0114_cctv4,normal_candidate,normal,"[76, 86, 96]","[2.533, 2.867, 3.2]","{""start_frame"": 61, ""end_frame"": 96}","[""walk, carry/hold (an object)"", ""walk, carry/hold (an object)"", ""walk, carry/hold (an object)""]","[""normal"", ""normal"", ""normal""]",normal,"{""normal"": 36, ""unsafe"": 0, ""danger"": 0}","{""normal"": 1.0, ""unsafe"": 0.0, ""danger"": 0.0}",normal,normal,normal,True,False,labeling_yolo_sequence_coverage,sampled_danger_then_danger_ratio_sampled_unsafe_then_unsafe_ratio_else_normal,normal,normal,True,True,True,1.4672,"```json
{""risk_state"":""normal""}
```
",True
intrusion_normal_rgb_0114_cctv4_f000106_000116_000126,normal_plant_rgb,intrusion_normal_rgb_0114_cctv4,normal_candidate,normal,"[106, 116, 126]","[3.533, 3.867, 4.2]","{""start_frame"": 91, ""end_frame"": 126}","[""walk, carry/hold (an object)"", ""walk, carry/hold (an object)"", ""walk, carry/hold (an object)""]","[""normal"", ""normal"", ""normal""]",normal,"{""normal"": 36, ""unsafe"": 0, ""danger"": 0}","{""normal"": 1.0, ""unsafe"": 0.0, ""danger"": 0.0}",normal,normal,normal,True,False,labeling_yolo_sequence_coverage,sampled_danger_then_danger_ratio_sampled_unsafe_then_unsafe_ratio_else_normal,normal,normal,True,True,True,1.4752,"```json
{""risk_state"":""normal""}
```
",True
intrusion_normal_rgb_0114_cctv4_f000136_000146_000156,normal_plant_rgb,intrusion_normal_rgb_0114_cctv4,normal_candidate,normal,"[136, 146, 156]","[4.533, 4.867, 5.2]","{""start_frame"": 121, ""end_frame"": 156}","[""walk, carry/hold (an object)"", ""walk, carry/hold (an object)"", ""walk, carry/hold (an object)""]","[""normal"", ""normal"", ""normal""]",normal,"{""normal"": 36, ""unsafe"": 0, ""danger"": 0}","{""normal"": 1.0, ""unsafe"": 0.0, ""danger"": 0.0}",normal,normal,normal,True,False,labeling_yolo_sequence_coverage,sampled_danger_then_danger_ratio_sampled_unsafe_then_unsafe_ratio_else_normal,normal,normal,True,True,True,1.4604,"```json
{""risk_state"":""normal""}
```
",True
intrusion_normal_rgb_0120_cctv3_f000016_000026_000036,normal_plant_rgb,intrusion_normal_rgb_0120_cctv3,normal_candidate,normal,"[16, 26, 36]","[0.533, 0.867, 1.2]","{""start_frame"": 1, ""end_frame"": 36}","[""walk, carry/hold (an object)"", ""walk, carry/hold (an object)"", ""walk, carry/hold (an object)""]","[""normal"", ""normal"", ""normal""]",normal,"{""normal"": 36, ""unsafe"": 0, ""danger"": 0}","{""normal"": 1.0, ""unsafe"": 0.0, ""danger"": 0.0}",normal,normal,normal,True,False,labeling_yolo_sequence_coverage,sampled_danger_then_danger_ratio_sampled_unsafe_then_unsafe_ratio_else_normal,normal,normal,True,True,True,1.4515,"{
""risk_state"":""normal""
}
",True
intrusion_normal_rgb_0120_cctv3_f000046_000056_000066,normal_plant_rgb,intrusion_normal_rgb_0120_cctv3,normal_candidate,normal,"[46, 56, 66]","[1.533, 1.867, 2.2]","{""start_frame"": 31, ""end_frame"": 66}","[""walk, carry/hold (an object)"", ""walk, carry/hold (an object)"", ""walk, carry/hold (an object)""]","[""normal"", ""normal"", ""normal""]",normal,"{""normal"": 36, ""unsafe"": 0, ""danger"": 0}","{""normal"": 1.0, ""unsafe"": 0.0, ""danger"": 0.0}",normal,normal,normal,True,False,labeling_yolo_sequence_coverage,sampled_danger_then_danger_ratio_sampled_unsafe_then_unsafe_ratio_else_normal,normal,normal,True,True,True,1.4475,"{
""risk_state"":""normal""
}
",True
intrusion_normal_rgb_0120_cctv3_f000076_000086_000096,normal_plant_rgb,intrusion_normal_rgb_0120_cctv3,normal_candidate,normal,"[76, 86, 96]","[2.533, 2.867, 3.2]","{""start_frame"": 61, ""end_frame"": 96}","[""walk, carry/hold (an object)"", ""walk, carry/hold (an object)"", ""walk, carry/hold (an object)""]","[""normal"", ""normal"", ""normal""]",normal,"{""normal"": 36, ""unsafe"": 0, ""danger"": 0}","{""normal"": 1.0, ""unsafe"": 0.0, ""danger"": 0.0}",normal,normal,normal,True,False,labeling_yolo_sequence_coverage,sampled_danger_then_danger_ratio_sampled_unsafe_then_unsafe_ratio_else_normal,normal,normal,True,True,True,1.4673,"{
""risk_state"": ""normal""
}
",True
intrusion_normal_rgb_0120_cctv3_f000106_000116_000126,normal_plant_rgb,intrusion_normal_rgb_0120_cctv3,normal_candidate,normal,"[106, 116, 126]","[3.533, 3.867, 4.2]","{""start_frame"": 91, ""end_frame"": 126}","[""walk, carry/hold (an object)"", ""walk, carry/hold (an object)"", ""walk, carry/hold (an object)""]","[""normal"", ""normal"", ""normal""]",normal,"{""normal"": 36, ""unsafe"": 0, ""danger"": 0}","{""normal"": 1.0, ""unsafe"": 0.0, ""danger"": 0.0}",normal,normal,normal,True,False,labeling_yolo_sequence_coverage,sampled_danger_then_danger_ratio_sampled_unsafe_then_unsafe_ratio_else_normal,normal,normal,True,True,True,1.4722,"```json
{""risk_state"":""normal""}
```
",True
intrusion_normal_rgb_0120_cctv3_f000136_000146_000156,normal_plant_rgb,intrusion_normal_rgb_0120_cctv3,normal_candidate,normal,"[136, 146, 156]","[4.533, 4.867, 5.2]","{""start_frame"": 121, ""end_frame"": 156}","[""walk, carry/hold (an object)"", ""walk, carry/hold (an object)"", ""walk, carry/hold (an object)""]","[""normal"", ""normal"", ""normal""]",normal,"{""normal"": 36, ""unsafe"": 0, ""danger"": 0}","{""normal"": 1.0, ""unsafe"": 0.0, ""danger"": 0.0}",normal,normal,normal,True,False,labeling_yolo_sequence_coverage,sampled_danger_then_danger_ratio_sampled_unsafe_then_unsafe_ratio_else_normal,normal,normal,True,True,True,1.4415,"{
""risk_state"":""normal""
}
",True
intrusion_normal_rgb_0120_cctv3_f000166_000176_000186,normal_plant_rgb,intrusion_normal_rgb_0120_cctv3,normal_candidate,normal,"[166, 176, 186]","[5.533, 5.867, 6.2]","{""start_frame"": 151, ""end_frame"": 186}","[""walk, carry/hold (an object)"", ""walk, carry/hold (an object)"", ""walk, carry/hold (an object)""]","[""normal"", ""normal"", ""normal""]",normal,"{""normal"": 36, ""unsafe"": 0, ""danger"": 0}","{""normal"": 1.0, ""unsafe"": 0.0, ""danger"": 0.0}",normal,normal,normal,True,False,labeling_yolo_sequence_coverage,sampled_danger_then_danger_ratio_sampled_unsafe_then_unsafe_ratio_else_normal,normal,normal,True,True,True,1.4429,"{
""risk_state"":""normal""
}
",True
intrusion_normal_rgb_0122_cctv3_f000016_000026_000036,normal_plant_rgb,intrusion_normal_rgb_0122_cctv3,normal_candidate,normal,"[16, 26, 36]","[0.533, 0.867, 1.2]","{""start_frame"": 1, ""end_frame"": 36}","[""walk, carry/hold (an object)"", ""walk, carry/hold (an object)"", ""walk, carry/hold (an object)""]","[""normal"", ""normal"", ""normal""]",normal,"{""normal"": 36, ""unsafe"": 0, ""danger"": 0}","{""normal"": 1.0, ""unsafe"": 0.0, ""danger"": 0.0}",normal,normal,normal,True,False,labeling_yolo_sequence_coverage,sampled_danger_then_danger_ratio_sampled_unsafe_then_unsafe_ratio_else_normal,normal,normal,True,True,True,1.4653,"{
""risk_state"": ""normal""
}
",True
intrusion_normal_rgb_0122_cctv3_f000046_000056_000066,normal_plant_rgb,intrusion_normal_rgb_0122_cctv3,normal_candidate,normal,"[46, 56, 66]","[1.533, 1.867, 2.2]","{""start_frame"": 31, ""end_frame"": 66}","[""walk, carry/hold (an object)"", ""walk, carry/hold (an object)"", ""walk, carry/hold (an object)""]","[""normal"", ""normal"", ""normal""]",normal,"{""normal"": 36, ""unsafe"": 0, ""danger"": 0}","{""normal"": 1.0, ""unsafe"": 0.0, ""danger"": 0.0}",normal,normal,normal,True,False,labeling_yolo_sequence_coverage,sampled_danger_then_danger_ratio_sampled_unsafe_then_unsafe_ratio_else_normal,normal,normal,True,True,True,1.4658,"{
""risk_state"": ""normal""
}
",True
intrusion_normal_rgb_0122_cctv3_f000076_000086_000096,normal_plant_rgb,intrusion_normal_rgb_0122_cctv3,normal_candidate,normal,"[76, 86, 96]","[2.533, 2.867, 3.2]","{""start_frame"": 61, ""end_frame"": 96}","[""walk, carry/hold (an object)"", ""walk, carry/hold (an object)"", ""walk, carry/hold (an object)""]","[""normal"", ""normal"", ""normal""]",normal,"{""normal"": 36, ""unsafe"": 0, ""danger"": 0}","{""normal"": 1.0, ""unsafe"": 0.0, ""danger"": 0.0}",normal,normal,normal,True,False,labeling_yolo_sequence_coverage,sampled_danger_then_danger_ratio_sampled_unsafe_then_unsafe_ratio_else_normal,normal,normal,True,True,True,1.4583,"{
""risk_state"": ""normal""
}
",True
intrusion_normal_rgb_0122_cctv3_f000106_000116_000126,normal_plant_rgb,intrusion_normal_rgb_0122_cctv3,normal_candidate,normal,"[106, 116, 126]","[3.533, 3.867, 4.2]","{""start_frame"": 91, ""end_frame"": 126}","[""stand, carry/hold (an object)"", ""walk, carry/hold (an object)"", ""walk, carry/hold (an object)""]","[""normal"", ""normal"", ""normal""]",normal,"{""normal"": 36, ""unsafe"": 0, ""danger"": 0}","{""normal"": 1.0, ""unsafe"": 0.0, ""danger"": 0.0}",normal,normal,normal,True,False,labeling_yolo_sequence_coverage,sampled_danger_then_danger_ratio_sampled_unsafe_then_unsafe_ratio_else_normal,normal,normal,True,True,True,1.4619,"{
""risk_state"": ""normal""
}
",True
intrusion_normal_rgb_0125_cctv2_f000016_000026_000036,normal_plant_rgb,intrusion_normal_rgb_0125_cctv2,normal_candidate,normal,"[16, 26, 36]","[0.533, 0.867, 1.2]","{""start_frame"": 1, ""end_frame"": 36}","[""walk, carry/hold (an object)"", ""walk, carry/hold (an object)"", ""walk, carry/hold (an object)""]","[""normal"", ""normal"", ""normal""]",normal,"{""normal"": 36, ""unsafe"": 0, ""danger"": 0}","{""normal"": 1.0, ""unsafe"": 0.0, ""danger"": 0.0}",normal,normal,normal,True,False,labeling_yolo_sequence_coverage,sampled_danger_then_danger_ratio_sampled_unsafe_then_unsafe_ratio_else_normal,normal,normal,True,True,True,1.4674,"```json
{""risk_state"":""normal""}
```
",True
intrusion_normal_rgb_0125_cctv2_f000046_000056_000066,normal_plant_rgb,intrusion_normal_rgb_0125_cctv2,normal_candidate,normal,"[46, 56, 66]","[1.533, 1.867, 2.2]","{""start_frame"": 31, ""end_frame"": 66}","[""walk, carry/hold (an object)"", ""walk, carry/hold (an object)"", ""walk, carry/hold (an object)""]","[""normal"", ""normal"", ""normal""]",normal,"{""normal"": 36, ""unsafe"": 0, ""danger"": 0}","{""normal"": 1.0, ""unsafe"": 0.0, ""danger"": 0.0}",normal,normal,normal,True,False,labeling_yolo_sequence_coverage,sampled_danger_then_danger_ratio_sampled_unsafe_then_unsafe_ratio_else_normal,normal,normal,True,True,True,1.4374,"{
""risk_state"":""normal""
}
",True
intrusion_normal_rgb_0125_cctv2_f000076_000086_000096,normal_plant_rgb,intrusion_normal_rgb_0125_cctv2,normal_candidate,normal,"[76, 86, 96]","[2.533, 2.867, 3.2]","{""start_frame"": 61, ""end_frame"": 96}","[""walk, carry/hold (an object)"", ""walk, carry/hold (an object)"", ""walk, carry/hold (an object)""]","[""normal"", ""normal"", ""normal""]",normal,"{""normal"": 36, ""unsafe"": 0, ""danger"": 0}","{""normal"": 1.0, ""unsafe"": 0.0, ""danger"": 0.0}",normal,normal,normal,True,False,labeling_yolo_sequence_coverage,sampled_danger_then_danger_ratio_sampled_unsafe_then_unsafe_ratio_else_normal,normal,normal,True,True,True,1.4678,"{
""risk_state"": ""normal""
}
",True
intrusion_normal_rgb_0125_cctv2_f000106_000116_000126,normal_plant_rgb,intrusion_normal_rgb_0125_cctv2,normal_candidate,normal,"[106, 116, 126]","[3.533, 3.867, 4.2]","{""start_frame"": 91, ""end_frame"": 126}","[""walk, carry/hold (an object)"", ""walk, carry/hold (an object)"", ""walk, carry/hold (an object)""]","[""normal"", ""normal"", ""normal""]",normal,"{""normal"": 36, ""unsafe"": 0, ""danger"": 0}","{""normal"": 1.0, ""unsafe"": 0.0, ""danger"": 0.0}",normal,normal,normal,True,False,labeling_yolo_sequence_coverage,sampled_danger_then_danger_ratio_sampled_unsafe_then_unsafe_ratio_else_normal,normal,normal,True,True,True,1.4691,"```json
{""risk_state"":""normal""}
```
",True
intrusion_normal_rgb_0125_cctv2_f000136_000146_000156,normal_plant_rgb,intrusion_normal_rgb_0125_cctv2,normal_candidate,normal,"[136, 146, 156]","[4.533, 4.867, 5.2]","{""start_frame"": 121, ""end_frame"": 156}","[""walk, carry/hold (an object)"", ""walk, carry/hold (an object)"", ""walk, carry/hold (an object)""]","[""normal"", ""normal"", ""normal""]",normal,"{""normal"": 36, ""unsafe"": 0, ""danger"": 0}","{""normal"": 1.0, ""unsafe"": 0.0, ""danger"": 0.0}",normal,normal,normal,True,False,labeling_yolo_sequence_coverage,sampled_danger_then_danger_ratio_sampled_unsafe_then_unsafe_ratio_else_normal,normal,normal,True,True,True,1.4711,"```json
{""risk_state"":""normal""}
```
",True
intrusion_normal_rgb_0128_cctv1_f000016_000026_000036,normal_plant_rgb,intrusion_normal_rgb_0128_cctv1,normal_candidate,normal,"[16, 26, 36]","[0.533, 0.867, 1.2]","{""start_frame"": 1, ""end_frame"": 36}","[""walk, carry/hold (an object)"", ""walk, carry/hold (an object)"", ""walk, carry/hold (an object)""]","[""normal"", ""normal"", ""normal""]",normal,"{""normal"": 36, ""unsafe"": 0, ""danger"": 0}","{""normal"": 1.0, ""unsafe"": 0.0, ""danger"": 0.0}",normal,normal,normal,True,False,labeling_yolo_sequence_coverage,sampled_danger_then_danger_ratio_sampled_unsafe_then_unsafe_ratio_else_normal,normal,normal,True,True,True,1.4675,"{
""risk_state"": ""normal""
}
",True
intrusion_normal_rgb_0128_cctv1_f000046_000056_000066,normal_plant_rgb,intrusion_normal_rgb_0128_cctv1,normal_candidate,normal,"[46, 56, 66]","[1.533, 1.867, 2.2]","{""start_frame"": 31, ""end_frame"": 66}","[""walk, carry/hold (an object)"", ""walk, carry/hold (an object)"", ""walk, carry/hold (an object)""]","[""normal"", ""normal"", ""normal""]",normal,"{""normal"": 36, ""unsafe"": 0, ""danger"": 0}","{""normal"": 1.0, ""unsafe"": 0.0, ""danger"": 0.0}",normal,normal,normal,True,False,labeling_yolo_sequence_coverage,sampled_danger_then_danger_ratio_sampled_unsafe_then_unsafe_ratio_else_normal,normal,normal,True,True,True,1.4607,"{
""risk_state"": ""normal""
}
",True
intrusion_normal_rgb_0128_cctv1_f000076_000086_000096,normal_plant_rgb,intrusion_normal_rgb_0128_cctv1,normal_candidate,normal,"[76, 86, 96]","[2.533, 2.867, 3.2]","{""start_frame"": 61, ""end_frame"": 96}","[""walk, stand"", ""walk, stand"", ""walk, carry/hold (an object)""]","[""normal"", ""normal"", ""normal""]",normal,"{""normal"": 36, ""unsafe"": 0, ""danger"": 0}","{""normal"": 1.0, ""unsafe"": 0.0, ""danger"": 0.0}",normal,normal,normal,True,False,labeling_yolo_sequence_coverage,sampled_danger_then_danger_ratio_sampled_unsafe_then_unsafe_ratio_else_normal,normal,normal,True,True,True,1.463,"```json
{""risk_state"":""normal""}
```
",True
intrusion_normal_rgb_0128_cctv1_f000106_000116_000126,normal_plant_rgb,intrusion_normal_rgb_0128_cctv1,normal_candidate,normal,"[106, 116, 126]","[3.533, 3.867, 4.2]","{""start_frame"": 91, ""end_frame"": 126}","[""walk, carry/hold (an object)"", ""walk, carry/hold (an object)"", ""walk, carry/hold (an object)""]","[""normal"", ""normal"", ""normal""]",normal,"{""normal"": 36, ""unsafe"": 0, ""danger"": 0}","{""normal"": 1.0, ""unsafe"": 0.0, ""danger"": 0.0}",normal,normal,normal,True,False,labeling_yolo_sequence_coverage,sampled_danger_then_danger_ratio_sampled_unsafe_then_unsafe_ratio_else_normal,normal,normal,True,True,True,1.4666,"```json
{""risk_state"":""normal""}
```
",True
intrusion_normal_rgb_0128_cctv1_f000136_000146_000156,normal_plant_rgb,intrusion_normal_rgb_0128_cctv1,normal_candidate,normal,"[136, 146, 156]","[4.533, 4.867, 5.2]","{""start_frame"": 121, ""end_frame"": 156}","[""walk, carry/hold (an object)"", ""walk, carry/hold (an object)"", ""walk, carry/hold (an object)""]","[""normal"", ""normal"", ""normal""]",normal,"{""normal"": 36, ""unsafe"": 0, ""danger"": 0}","{""normal"": 1.0, ""unsafe"": 0.0, ""danger"": 0.0}",normal,normal,normal,True,False,labeling_yolo_sequence_coverage,sampled_danger_then_danger_ratio_sampled_unsafe_then_unsafe_ratio_else_normal,normal,normal,True,True,True,1.4645,"{
""risk_state"": ""normal""
}
",True
intrusion_normal_rgb_0133_cctv1_f000016_000026_000036,normal_plant_rgb,intrusion_normal_rgb_0133_cctv1,normal_candidate,normal,"[16, 26, 36]","[0.533, 0.867, 1.2]","{""start_frame"": 1, ""end_frame"": 36}","[""walk, carry/hold (an object)"", ""walk, carry/hold (an object)"", ""walk, carry/hold (an object)""]","[""normal"", ""normal"", ""normal""]",normal,"{""normal"": 36, ""unsafe"": 0, ""danger"": 0}","{""normal"": 1.0, ""unsafe"": 0.0, ""danger"": 0.0}",normal,normal,normal,True,False,labeling_yolo_sequence_coverage,sampled_danger_then_danger_ratio_sampled_unsafe_then_unsafe_ratio_else_normal,normal,normal,True,True,True,1.4454,"{
""risk_state"":""normal""
}
",True
intrusion_normal_rgb_0133_cctv1_f000046_000056_000066,normal_plant_rgb,intrusion_normal_rgb_0133_cctv1,normal_candidate,normal,"[46, 56, 66]","[1.533, 1.867, 2.2]","{""start_frame"": 31, ""end_frame"": 66}","[""walk, carry/hold (an object)"", ""walk, carry/hold (an object)"", ""walk, carry/hold (an object)""]","[""normal"", ""normal"", ""normal""]",normal,"{""normal"": 36, ""unsafe"": 0, ""danger"": 0}","{""normal"": 1.0, ""unsafe"": 0.0, ""danger"": 0.0}",normal,normal,normal,True,False,labeling_yolo_sequence_coverage,sampled_danger_then_danger_ratio_sampled_unsafe_then_unsafe_ratio_else_normal,normal,normal,True,True,True,1.4608,"```json
{""risk_state"":""normal""}
```
",True
intrusion_normal_rgb_0133_cctv1_f000076_000086_000096,normal_plant_rgb,intrusion_normal_rgb_0133_cctv1,normal_candidate,normal,"[76, 86, 96]","[2.533, 2.867, 3.2]","{""start_frame"": 61, ""end_frame"": 96}","[""walk, carry/hold (an object)"", ""walk, carry/hold (an object)"", ""walk, carry/hold (an object)""]","[""normal"", ""normal"", ""normal""]",normal,"{""normal"": 36, ""unsafe"": 0, ""danger"": 0}","{""normal"": 1.0, ""unsafe"": 0.0, ""danger"": 0.0}",normal,normal,normal,True,False,labeling_yolo_sequence_coverage,sampled_danger_then_danger_ratio_sampled_unsafe_then_unsafe_ratio_else_normal,normal,normal,True,True,True,1.4374,"{
""risk_state"":""normal""
}
",True
intrusion_normal_rgb_0133_cctv1_f000106_000116_000126,normal_plant_rgb,intrusion_normal_rgb_0133_cctv1,normal_candidate,normal,"[106, 116, 126]","[3.533, 3.867, 4.2]","{""start_frame"": 91, ""end_frame"": 126}","[""walk, carry/hold (an object)"", ""walk, carry/hold (an object)"", ""walk, carry/hold (an object)""]","[""normal"", ""normal"", ""normal""]",normal,"{""normal"": 36, ""unsafe"": 0, ""danger"": 0}","{""normal"": 1.0, ""unsafe"": 0.0, ""danger"": 0.0}",normal,normal,normal,True,False,labeling_yolo_sequence_coverage,sampled_danger_then_danger_ratio_sampled_unsafe_then_unsafe_ratio_else_normal,normal,normal,True,True,True,1.4412,"{
""risk_state"":""normal""
}
",True
intrusion_normal_rgb_0133_cctv1_f000136_000146_000156,normal_plant_rgb,intrusion_normal_rgb_0133_cctv1,normal_candidate,normal,"[136, 146, 156]","[4.533, 4.867, 5.2]","{""start_frame"": 121, ""end_frame"": 156}","[""walk, carry/hold (an object)"", ""walk, carry/hold (an object)"", ""stand, carry/hold (an object)""]","[""normal"", ""normal"", ""normal""]",normal,"{""normal"": 36, ""unsafe"": 0, ""danger"": 0}","{""normal"": 1.0, ""unsafe"": 0.0, ""danger"": 0.0}",normal,normal,normal,True,False,labeling_yolo_sequence_coverage,sampled_danger_then_danger_ratio_sampled_unsafe_then_unsafe_ratio_else_normal,normal,normal,True,True,True,1.4445,"{
""risk_state"":""normal""
}
",True
intrusion_normal_rgb_0138_cctv2_f000016_000026_000036,normal_plant_rgb,intrusion_normal_rgb_0138_cctv2,normal_candidate,normal,"[16, 26, 36]","[0.533, 0.867, 1.2]","{""start_frame"": 1, ""end_frame"": 36}","[""walk, carry/hold (an object)"", ""walk, carry/hold (an object)"", ""walk, carry/hold (an object)""]","[""normal"", ""normal"", ""normal""]",normal,"{""normal"": 36, ""unsafe"": 0, ""danger"": 0}","{""normal"": 1.0, ""unsafe"": 0.0, ""danger"": 0.0}",normal,normal,normal,True,False,labeling_yolo_sequence_coverage,sampled_danger_then_danger_ratio_sampled_unsafe_then_unsafe_ratio_else_normal,unsafe,intrusion,False,True,True,1.445,"{
""risk_state"":""unsafe""
}
",False
intrusion_normal_rgb_0138_cctv2_f000046_000056_000066,normal_plant_rgb,intrusion_normal_rgb_0138_cctv2,normal_candidate,normal,"[46, 56, 66]","[1.533, 1.867, 2.2]","{""start_frame"": 31, ""end_frame"": 66}","[""walk, carry/hold (an object)"", ""walk, carry/hold (an object)"", ""walk, carry/hold (an object)""]","[""normal"", ""normal"", ""normal""]",normal,"{""normal"": 36, ""unsafe"": 0, ""danger"": 0}","{""normal"": 1.0, ""unsafe"": 0.0, ""danger"": 0.0}",normal,normal,normal,True,False,labeling_yolo_sequence_coverage,sampled_danger_then_danger_ratio_sampled_unsafe_then_unsafe_ratio_else_normal,normal,normal,True,True,True,1.463,"```json
{""risk_state"":""normal""}
```
",True
intrusion_normal_rgb_0138_cctv2_f000076_000086_000096,normal_plant_rgb,intrusion_normal_rgb_0138_cctv2,normal_candidate,normal,"[76, 86, 96]","[2.533, 2.867, 3.2]","{""start_frame"": 61, ""end_frame"": 96}","[""walk, carry/hold (an object)"", ""walk, carry/hold (an object)"", ""walk, carry/hold (an object)""]","[""normal"", ""normal"", ""normal""]",normal,"{""normal"": 36, ""unsafe"": 0, ""danger"": 0}","{""normal"": 1.0, ""unsafe"": 0.0, ""danger"": 0.0}",normal,normal,normal,True,False,labeling_yolo_sequence_coverage,sampled_danger_then_danger_ratio_sampled_unsafe_then_unsafe_ratio_else_normal,unsafe,intrusion,False,True,True,1.4655,"```json
{""risk_state"":""unsafe""}
```
",False
intrusion_normal_rgb_0138_cctv2_f000106_000116_000126,normal_plant_rgb,intrusion_normal_rgb_0138_cctv2,normal_candidate,normal,"[106, 116, 126]","[3.533, 3.867, 4.2]","{""start_frame"": 91, ""end_frame"": 126}","[""walk, carry/hold (an object)"", ""walk, carry/hold (an object)"", ""walk, carry/hold (an object)""]","[""normal"", ""normal"", ""normal""]",normal,"{""normal"": 36, ""unsafe"": 0, ""danger"": 0}","{""normal"": 1.0, ""unsafe"": 0.0, ""danger"": 0.0}",normal,normal,normal,True,False,labeling_yolo_sequence_coverage,sampled_danger_then_danger_ratio_sampled_unsafe_then_unsafe_ratio_else_normal,normal,normal,True,True,True,1.4434,"{
""risk_state"":""normal""
}
",True
intrusion_normal_rgb_0138_cctv2_f000136_000146_000156,normal_plant_rgb,intrusion_normal_rgb_0138_cctv2,normal_candidate,normal,"[136, 146, 156]","[4.533, 4.867, 5.2]","{""start_frame"": 121, ""end_frame"": 156}","[""carry/hold (an object), walk"", ""walk, stand"", ""walk, carry/hold (an object)""]","[""normal"", ""normal"", ""normal""]",normal,"{""normal"": 36, ""unsafe"": 0, ""danger"": 0}","{""normal"": 1.0, ""unsafe"": 0.0, ""danger"": 0.0}",normal,normal,normal,True,False,labeling_yolo_sequence_coverage,sampled_danger_then_danger_ratio_sampled_unsafe_then_unsafe_ratio_else_normal,normal,normal,True,True,True,1.468,"```json
{""risk_state"":""normal""}
```
",True
intrusion_normal_rgb_0140_cctv4_f000016_000026_000036,normal_plant_rgb,intrusion_normal_rgb_0140_cctv4,normal_candidate,normal,"[16, 26, 36]","[0.533, 0.867, 1.2]","{""start_frame"": 1, ""end_frame"": 36}","[""walk, carry/hold (an object)"", ""walk, carry/hold (an object)"", ""walk, carry/hold (an object)""]","[""normal"", ""normal"", ""normal""]",normal,"{""normal"": 36, ""unsafe"": 0, ""danger"": 0}","{""normal"": 1.0, ""unsafe"": 0.0, ""danger"": 0.0}",normal,normal,normal,True,False,labeling_yolo_sequence_coverage,sampled_danger_then_danger_ratio_sampled_unsafe_then_unsafe_ratio_else_normal,normal,normal,True,True,True,1.461,"```json
{""risk_state"":""normal""}
```
",True
intrusion_normal_rgb_0140_cctv4_f000046_000056_000066,normal_plant_rgb,intrusion_normal_rgb_0140_cctv4,normal_candidate,normal,"[46, 56, 66]","[1.533, 1.867, 2.2]","{""start_frame"": 31, ""end_frame"": 66}","[""walk, carry/hold (an object)"", ""walk, carry/hold (an object)"", ""walk, carry/hold (an object)""]","[""normal"", ""normal"", ""normal""]",normal,"{""normal"": 36, ""unsafe"": 0, ""danger"": 0}","{""normal"": 1.0, ""unsafe"": 0.0, ""danger"": 0.0}",normal,normal,normal,True,False,labeling_yolo_sequence_coverage,sampled_danger_then_danger_ratio_sampled_unsafe_then_unsafe_ratio_else_normal,normal,normal,True,True,True,1.4696,"```json
{""risk_state"":""normal""}
```
",True
intrusion_normal_rgb_0140_cctv4_f000076_000086_000096,normal_plant_rgb,intrusion_normal_rgb_0140_cctv4,normal_candidate,normal,"[76, 86, 96]","[2.533, 2.867, 3.2]","{""start_frame"": 61, ""end_frame"": 96}","[""walk, carry/hold (an object)"", ""walk, carry/hold (an object)"", ""walk, carry/hold (an object)""]","[""normal"", ""normal"", ""normal""]",normal,"{""normal"": 36, ""unsafe"": 0, ""danger"": 0}","{""normal"": 1.0, ""unsafe"": 0.0, ""danger"": 0.0}",normal,normal,normal,True,False,labeling_yolo_sequence_coverage,sampled_danger_then_danger_ratio_sampled_unsafe_then_unsafe_ratio_else_normal,normal,normal,True,True,True,1.4711,"```json
{""risk_state"":""normal""}
```
",True
intrusion_normal_rgb_0140_cctv4_f000106_000116_000126,normal_plant_rgb,intrusion_normal_rgb_0140_cctv4,normal_candidate,normal,"[106, 116, 126]","[3.533, 3.867, 4.2]","{""start_frame"": 91, ""end_frame"": 126}","[""walk, carry/hold (an object)"", ""walk, carry/hold (an object)"", ""walk, carry/hold (an object)""]","[""normal"", ""normal"", ""normal""]",normal,"{""normal"": 36, ""unsafe"": 0, ""danger"": 0}","{""normal"": 1.0, ""unsafe"": 0.0, ""danger"": 0.0}",normal,normal,normal,True,False,labeling_yolo_sequence_coverage,sampled_danger_then_danger_ratio_sampled_unsafe_then_unsafe_ratio_else_normal,normal,normal,True,True,True,1.4704,"```json
{""risk_state"":""normal""}
```
",True
intrusion_normal_rgb_0140_cctv4_f000136_000146_000156,normal_plant_rgb,intrusion_normal_rgb_0140_cctv4,normal_candidate,normal,"[136, 146, 156]","[4.533, 4.867, 5.2]","{""start_frame"": 121, ""end_frame"": 156}","[""walk, carry/hold (an object)"", ""walk, carry/hold (an object)"", ""walk, carry/hold (an object)""]","[""normal"", ""normal"", ""normal""]",normal,"{""normal"": 36, ""unsafe"": 0, ""danger"": 0}","{""normal"": 1.0, ""unsafe"": 0.0, ""danger"": 0.0}",normal,normal,normal,True,False,labeling_yolo_sequence_coverage,sampled_danger_then_danger_ratio_sampled_unsafe_then_unsafe_ratio_else_normal,unsafe,intrusion,False,True,True,1.4691,"```json
{""risk_state"":""unsafe""}
```
",False
intrusion_normal_rgb_0156_cctv2_f000016_000026_000036,normal_plant_rgb,intrusion_normal_rgb_0156_cctv2,normal_candidate,normal,"[16, 26, 36]","[0.533, 0.867, 1.2]","{""start_frame"": 1, ""end_frame"": 36}","[""walk, carry/hold (an object)"", ""walk, carry/hold (an object)"", ""walk, carry/hold (an object)""]","[""normal"", ""normal"", ""normal""]",normal,"{""normal"": 36, ""unsafe"": 0, ""danger"": 0}","{""normal"": 1.0, ""unsafe"": 0.0, ""danger"": 0.0}",normal,normal,normal,True,False,labeling_yolo_sequence_coverage,sampled_danger_then_danger_ratio_sampled_unsafe_then_unsafe_ratio_else_normal,normal,normal,True,True,True,1.6015,"```json
{
  ""risk_state"": ""normal""
}
```
",True
intrusion_normal_rgb_0156_cctv2_f000046_000056_000066,normal_plant_rgb,intrusion_normal_rgb_0156_cctv2,normal_candidate,normal,"[46, 56, 66]","[1.533, 1.867, 2.2]","{""start_frame"": 31, ""end_frame"": 66}","[""walk, carry/hold (an object)"", ""walk, carry/hold (an object)"", ""walk, carry/hold (an object)""]","[""normal"", ""normal"", ""normal""]",normal,"{""normal"": 36, ""unsafe"": 0, ""danger"": 0}","{""normal"": 1.0, ""unsafe"": 0.0, ""danger"": 0.0}",normal,normal,normal,True,False,labeling_yolo_sequence_coverage,sampled_danger_then_danger_ratio_sampled_unsafe_then_unsafe_ratio_else_normal,unsafe,intrusion,False,True,True,1.5914,"```json
{
  ""risk_state"": ""unsafe""
}
```
",False
intrusion_normal_rgb_0156_cctv2_f000076_000086_000096,normal_plant_rgb,intrusion_normal_rgb_0156_cctv2,normal_candidate,normal,"[76, 86, 96]","[2.533, 2.867, 3.2]","{""start_frame"": 61, ""end_frame"": 96}","[""walk, carry/hold (an object)"", ""walk, carry/hold (an object)"", ""walk, carry/hold (an object)""]","[""normal"", ""normal"", ""normal""]",normal,"{""normal"": 36, ""unsafe"": 0, ""danger"": 0}","{""normal"": 1.0, ""unsafe"": 0.0, ""danger"": 0.0}",normal,normal,normal,True,False,labeling_yolo_sequence_coverage,sampled_danger_then_danger_ratio_sampled_unsafe_then_unsafe_ratio_else_normal,normal,normal,True,True,True,1.5959,"```json
{
  ""risk_state"": ""normal""
}
```
",True
intrusion_normal_rgb_0156_cctv2_f000106_000116_000126,normal_plant_rgb,intrusion_normal_rgb_0156_cctv2,normal_candidate,normal,"[106, 116, 126]","[3.533, 3.867, 4.2]","{""start_frame"": 91, ""end_frame"": 126}","[""walk, carry/hold (an object)"", ""walk, carry/hold (an object)"", ""walk, carry/hold (an object)""]","[""normal"", ""normal"", ""normal""]",normal,"{""normal"": 36, ""unsafe"": 0, ""danger"": 0}","{""normal"": 1.0, ""unsafe"": 0.0, ""danger"": 0.0}",normal,normal,normal,True,False,labeling_yolo_sequence_coverage,sampled_danger_then_danger_ratio_sampled_unsafe_then_unsafe_ratio_else_normal,normal,normal,True,True,True,1.6128,"```json
{
  ""risk_state"": ""normal""
}
```
",True
intrusion_normal_rgb_0156_cctv2_f000136_000146_000156,normal_plant_rgb,intrusion_normal_rgb_0156_cctv2,normal_candidate,normal,"[136, 146, 156]","[4.533, 4.867, 5.2]","{""start_frame"": 121, ""end_frame"": 156}","[""walk, carry/hold (an object)"", ""walk, carry/hold (an object)"", ""walk, carry/hold (an object)""]","[""normal"", ""normal"", ""normal""]",normal,"{""normal"": 36, ""unsafe"": 0, ""danger"": 0}","{""normal"": 1.0, ""unsafe"": 0.0, ""danger"": 0.0}",normal,normal,normal,True,False,labeling_yolo_sequence_coverage,sampled_danger_then_danger_ratio_sampled_unsafe_then_unsafe_ratio_else_normal,normal,normal,True,True,True,1.6004,"```json
{
  ""risk_state"": ""normal""
}
```
",True
intrusion_normal_rgb_0156_cctv2_f000166_000176_000186,normal_plant_rgb,intrusion_normal_rgb_0156_cctv2,normal_candidate,normal,"[166, 176, 186]","[5.533, 5.867, 6.2]","{""start_frame"": 151, ""end_frame"": 186}","[""walk, carry/hold (an object)"", ""walk, carry/hold (an object)"", ""walk, carry/hold (an object)""]","[""normal"", ""normal"", ""normal""]",normal,"{""normal"": 36, ""unsafe"": 0, ""danger"": 0}","{""normal"": 1.0, ""unsafe"": 0.0, ""danger"": 0.0}",normal,normal,normal,True,False,labeling_yolo_sequence_coverage,sampled_danger_then_danger_ratio_sampled_unsafe_then_unsafe_ratio_else_normal,normal,normal,True,True,True,1.591,"```json
{
  ""risk_state"": ""normal""
}
```
",True
intrusion_normal_rgb_0156_cctv2_f000196_000206_000216,normal_plant_rgb,intrusion_normal_rgb_0156_cctv2,normal_candidate,normal,"[196, 206, 216]","[6.533, 6.867, 7.2]","{""start_frame"": 181, ""end_frame"": 216}","[""walk, carry/hold (an object)"", ""walk, carry/hold (an object)"", ""walk, carry/hold (an object)""]","[""normal"", ""normal"", ""normal""]",normal,"{""normal"": 36, ""unsafe"": 0, ""danger"": 0}","{""normal"": 1.0, ""unsafe"": 0.0, ""danger"": 0.0}",normal,normal,normal,True,False,labeling_yolo_sequence_coverage,sampled_danger_then_danger_ratio_sampled_unsafe_then_unsafe_ratio_else_normal,normal,normal,True,True,True,1.5857,"```json
{
  ""risk_state"": ""normal""
}
```
",True
intrusion_normal_rgb_0158_cctv2_f000016_000026_000036,normal_plant_rgb,intrusion_normal_rgb_0158_cctv2,normal_candidate,normal,"[16, 26, 36]","[0.533, 0.867, 1.2]","{""start_frame"": 1, ""end_frame"": 36}","[""walk, carry/hold (an object)"", ""walk, carry/hold (an object)"", ""walk, carry/hold (an object)""]","[""normal"", ""normal"", ""normal""]",normal,"{""normal"": 36, ""unsafe"": 0, ""danger"": 0}","{""normal"": 1.0, ""unsafe"": 0.0, ""danger"": 0.0}",normal,normal,normal,True,False,labeling_yolo_sequence_coverage,sampled_danger_then_danger_ratio_sampled_unsafe_then_unsafe_ratio_else_normal,normal,normal,True,True,True,1.463,"```json
{""risk_state"":""normal""}
```
",True
intrusion_normal_rgb_0158_cctv2_f000046_000056_000066,normal_plant_rgb,intrusion_normal_rgb_0158_cctv2,normal_candidate,normal,"[46, 56, 66]","[1.533, 1.867, 2.2]","{""start_frame"": 31, ""end_frame"": 66}","[""walk, stand"", ""walk, stand"", ""walk, carry/hold (an object)""]","[""normal"", ""normal"", ""normal""]",normal,"{""normal"": 36, ""unsafe"": 0, ""danger"": 0}","{""normal"": 1.0, ""unsafe"": 0.0, ""danger"": 0.0}",normal,normal,normal,True,False,labeling_yolo_sequence_coverage,sampled_danger_then_danger_ratio_sampled_unsafe_then_unsafe_ratio_else_normal,normal,normal,True,True,True,1.4583,"```json
{""risk_state"":""normal""}
```
",True
intrusion_normal_rgb_0158_cctv2_f000076_000086_000096,normal_plant_rgb,intrusion_normal_rgb_0158_cctv2,normal_candidate,normal,"[76, 86, 96]","[2.533, 2.867, 3.2]","{""start_frame"": 61, ""end_frame"": 96}","[""walk, carry/hold (an object)"", ""walk, carry/hold (an object)"", ""walk, carry/hold (an object)""]","[""normal"", ""normal"", ""normal""]",normal,"{""normal"": 36, ""unsafe"": 0, ""danger"": 0}","{""normal"": 1.0, ""unsafe"": 0.0, ""danger"": 0.0}",normal,normal,normal,True,False,labeling_yolo_sequence_coverage,sampled_danger_then_danger_ratio_sampled_unsafe_then_unsafe_ratio_else_normal,normal,normal,True,True,True,1.4651,"```json
{""risk_state"":""normal""}
```
",True
intrusion_normal_rgb_0158_cctv2_f000106_000116_000126,normal_plant_rgb,intrusion_normal_rgb_0158_cctv2,normal_candidate,normal,"[106, 116, 126]","[3.533, 3.867, 4.2]","{""start_frame"": 91, ""end_frame"": 126}","[""walk, stand"", ""walk, carry/hold (an object)"", ""walk, carry/hold (an object)""]","[""normal"", ""normal"", ""normal""]",normal,"{""normal"": 36, ""unsafe"": 0, ""danger"": 0}","{""normal"": 1.0, ""unsafe"": 0.0, ""danger"": 0.0}",normal,normal,normal,True,False,labeling_yolo_sequence_coverage,sampled_danger_then_danger_ratio_sampled_unsafe_then_unsafe_ratio_else_normal,normal,normal,True,True,True,1.4581,"{
""risk_state"": ""normal""
}
",True
intrusion_normal_rgb_0158_cctv2_f000136_000146_000156,normal_plant_rgb,intrusion_normal_rgb_0158_cctv2,normal_candidate,normal,"[136, 146, 156]","[4.533, 4.867, 5.2]","{""start_frame"": 121, ""end_frame"": 156}","[""walk, carry/hold (an object)"", ""walk, carry/hold (an object)"", ""walk, carry/hold (an object)""]","[""normal"", ""normal"", ""normal""]",normal,"{""normal"": 36, ""unsafe"": 0, ""danger"": 0}","{""normal"": 1.0, ""unsafe"": 0.0, ""danger"": 0.0}",normal,normal,normal,True,False,labeling_yolo_sequence_coverage,sampled_danger_then_danger_ratio_sampled_unsafe_then_unsafe_ratio_else_normal,normal,normal,True,True,True,1.4624,"{
""risk_state"": ""normal""
}
",True
intrusion_normal_rgb_0161_cctv4_f000016_000026_000036,normal_plant_rgb,intrusion_normal_rgb_0161_cctv4,normal_candidate,normal,"[16, 26, 36]","[0.533, 0.867, 1.2]","{""start_frame"": 1, ""end_frame"": 36}","[""walk, carry/hold (an object)"", ""walk, carry/hold (an object)"", ""walk, carry/hold (an object)""]","[""normal"", ""normal"", ""normal""]",normal,"{""normal"": 36, ""unsafe"": 0, ""danger"": 0}","{""normal"": 1.0, ""unsafe"": 0.0, ""danger"": 0.0}",normal,normal,normal,True,False,labeling_yolo_sequence_coverage,sampled_danger_then_danger_ratio_sampled_unsafe_then_unsafe_ratio_else_normal,normal,normal,True,True,True,1.6,"```json
{
  ""risk_state"": ""normal""
}
```
",True
intrusion_normal_rgb_0161_cctv4_f000046_000056_000066,normal_plant_rgb,intrusion_normal_rgb_0161_cctv4,normal_candidate,normal,"[46, 56, 66]","[1.533, 1.867, 2.2]","{""start_frame"": 31, ""end_frame"": 66}","[""walk, carry/hold (an object)"", ""walk, carry/hold (an object)"", ""walk, carry/hold (an object)""]","[""normal"", ""normal"", ""normal""]",normal,"{""normal"": 36, ""unsafe"": 0, ""danger"": 0}","{""normal"": 1.0, ""unsafe"": 0.0, ""danger"": 0.0}",normal,normal,normal,True,False,labeling_yolo_sequence_coverage,sampled_danger_then_danger_ratio_sampled_unsafe_then_unsafe_ratio_else_normal,normal,normal,True,True,True,1.5814,"```json
{
  ""risk_state"": ""normal""
}
```
",True
intrusion_normal_rgb_0161_cctv4_f000076_000086_000096,normal_plant_rgb,intrusion_normal_rgb_0161_cctv4,normal_candidate,normal,"[76, 86, 96]","[2.533, 2.867, 3.2]","{""start_frame"": 61, ""end_frame"": 96}","[""walk, carry/hold (an object)"", ""walk, carry/hold (an object)"", ""walk, carry/hold (an object)""]","[""normal"", ""normal"", ""normal""]",normal,"{""normal"": 36, ""unsafe"": 0, ""danger"": 0}","{""normal"": 1.0, ""unsafe"": 0.0, ""danger"": 0.0}",normal,normal,normal,True,False,labeling_yolo_sequence_coverage,sampled_danger_then_danger_ratio_sampled_unsafe_then_unsafe_ratio_else_normal,normal,normal,True,True,True,1.5882,"```json
{
  ""risk_state"": ""normal""
}
```
",True
intrusion_normal_rgb_0161_cctv4_f000106_000116_000126,normal_plant_rgb,intrusion_normal_rgb_0161_cctv4,normal_candidate,normal,"[106, 116, 126]","[3.533, 3.867, 4.2]","{""start_frame"": 91, ""end_frame"": 126}","[""walk, carry/hold (an object)"", ""walk, carry/hold (an object)"", ""walk, carry/hold (an object)""]","[""normal"", ""normal"", ""normal""]",normal,"{""normal"": 36, ""unsafe"": 0, ""danger"": 0}","{""normal"": 1.0, ""unsafe"": 0.0, ""danger"": 0.0}",normal,normal,normal,True,False,labeling_yolo_sequence_coverage,sampled_danger_then_danger_ratio_sampled_unsafe_then_unsafe_ratio_else_normal,normal,normal,True,True,True,1.587,"```json
{
  ""risk_state"": ""normal""
}
```
",True
intrusion_normal_rgb_0161_cctv4_f000136_000146_000156,normal_plant_rgb,intrusion_normal_rgb_0161_cctv4,normal_candidate,normal,"[136, 146, 156]","[4.533, 4.867, 5.2]","{""start_frame"": 121, ""end_frame"": 156}","[""walk, carry/hold (an object)"", ""walk, carry/hold (an object)"", ""walk, carry/hold (an object)""]","[""normal"", ""normal"", ""normal""]",normal,"{""normal"": 36, ""unsafe"": 0, ""danger"": 0}","{""normal"": 1.0, ""unsafe"": 0.0, ""danger"": 0.0}",normal,normal,normal,True,False,labeling_yolo_sequence_coverage,sampled_danger_then_danger_ratio_sampled_unsafe_then_unsafe_ratio_else_normal,normal,normal,True,True,True,1.4643,"```json
{""risk_state"":""normal""}
```
",True
intrusion_normal_rgb_0162_cctv2_f000016_000026_000036,normal_plant_rgb,intrusion_normal_rgb_0162_cctv2,normal_candidate,normal,"[16, 26, 36]","[0.533, 0.867, 1.2]","{""start_frame"": 1, ""end_frame"": 36}","[""walk, carry/hold (an object)"", ""walk, carry/hold (an object)"", ""walk, carry/hold (an object)""]","[""normal"", ""normal"", ""normal""]",normal,"{""normal"": 36, ""unsafe"": 0, ""danger"": 0}","{""normal"": 1.0, ""unsafe"": 0.0, ""danger"": 0.0}",normal,normal,normal,True,False,labeling_yolo_sequence_coverage,sampled_danger_then_danger_ratio_sampled_unsafe_then_unsafe_ratio_else_normal,normal,normal,True,True,True,1.5965,"```json
{
  ""risk_state"": ""normal""
}
```
",True
intrusion_normal_rgb_0162_cctv2_f000046_000056_000066,normal_plant_rgb,intrusion_normal_rgb_0162_cctv2,normal_candidate,normal,"[46, 56, 66]","[1.533, 1.867, 2.2]","{""start_frame"": 31, ""end_frame"": 66}","[""walk, carry/hold (an object)"", ""walk, carry/hold (an object)"", ""walk, carry/hold (an object)""]","[""normal"", ""normal"", ""normal""]",normal,"{""normal"": 36, ""unsafe"": 0, ""danger"": 0}","{""normal"": 1.0, ""unsafe"": 0.0, ""danger"": 0.0}",normal,normal,normal,True,False,labeling_yolo_sequence_coverage,sampled_danger_then_danger_ratio_sampled_unsafe_then_unsafe_ratio_else_normal,normal,normal,True,True,True,1.5834,"```json
{
  ""risk_state"": ""normal""
}
```
",True
intrusion_normal_rgb_0162_cctv2_f000076_000086_000096,normal_plant_rgb,intrusion_normal_rgb_0162_cctv2,normal_candidate,normal,"[76, 86, 96]","[2.533, 2.867, 3.2]","{""start_frame"": 61, ""end_frame"": 96}","[""walk, carry/hold (an object)"", ""walk, carry/hold (an object)"", ""walk, carry/hold (an object)""]","[""normal"", ""normal"", ""normal""]",normal,"{""normal"": 36, ""unsafe"": 0, ""danger"": 0}","{""normal"": 1.0, ""unsafe"": 0.0, ""danger"": 0.0}",normal,normal,normal,True,False,labeling_yolo_sequence_coverage,sampled_danger_then_danger_ratio_sampled_unsafe_then_unsafe_ratio_else_normal,normal,normal,True,True,True,1.4592,"```json
{""risk_state"":""normal""}
```
",True
intrusion_normal_rgb_0162_cctv2_f000106_000116_000126,normal_plant_rgb,intrusion_normal_rgb_0162_cctv2,normal_candidate,normal,"[106, 116, 126]","[3.533, 3.867, 4.2]","{""start_frame"": 91, ""end_frame"": 126}","[""walk, carry/hold (an object)"", ""walk, carry/hold (an object)"", ""walk, carry/hold (an object)""]","[""normal"", ""normal"", ""normal""]",normal,"{""normal"": 36, ""unsafe"": 0, ""danger"": 0}","{""normal"": 1.0, ""unsafe"": 0.0, ""danger"": 0.0}",normal,normal,normal,True,False,labeling_yolo_sequence_coverage,sampled_danger_then_danger_ratio_sampled_unsafe_then_unsafe_ratio_else_normal,normal,normal,True,True,True,1.4688,"```json
{""risk_state"":""normal""}
```
",True
intrusion_normal_rgb_0162_cctv2_f000136_000146_000156,normal_plant_rgb,intrusion_normal_rgb_0162_cctv2,normal_candidate,normal,"[136, 146, 156]","[4.533, 4.867, 5.2]","{""start_frame"": 121, ""end_frame"": 156}","[""walk, carry/hold (an object)"", ""walk, carry/hold (an object)"", ""walk, carry/hold (an object)""]","[""normal"", ""normal"", ""normal""]",normal,"{""normal"": 36, ""unsafe"": 0, ""danger"": 0}","{""normal"": 1.0, ""unsafe"": 0.0, ""danger"": 0.0}",normal,normal,normal,True,False,labeling_yolo_sequence_coverage,sampled_danger_then_danger_ratio_sampled_unsafe_then_unsafe_ratio_else_normal,normal,normal,True,True,True,1.588,"```json
{
  ""risk_state"": ""normal""
}
```
",True
intrusion_normal_rgb_0163_cctv2_f000016_000026_000036,normal_plant_rgb,intrusion_normal_rgb_0163_cctv2,normal_candidate,normal,"[16, 26, 36]","[0.533, 0.867, 1.2]","{""start_frame"": 1, ""end_frame"": 36}","[""walk, carry/hold (an object)"", ""walk, carry/hold (an object)"", ""walk, carry/hold (an object)""]","[""normal"", ""normal"", ""normal""]",normal,"{""normal"": 36, ""unsafe"": 0, ""danger"": 0}","{""normal"": 1.0, ""unsafe"": 0.0, ""danger"": 0.0}",normal,normal,normal,True,False,labeling_yolo_sequence_coverage,sampled_danger_then_danger_ratio_sampled_unsafe_then_unsafe_ratio_else_normal,normal,normal,True,True,True,1.5892,"```json
{
  ""risk_state"": ""normal""
}
```
",True
intrusion_normal_rgb_0163_cctv2_f000046_000056_000066,normal_plant_rgb,intrusion_normal_rgb_0163_cctv2,normal_candidate,normal,"[46, 56, 66]","[1.533, 1.867, 2.2]","{""start_frame"": 31, ""end_frame"": 66}","[""walk, carry/hold (an object)"", ""walk, carry/hold (an object)"", ""walk, carry/hold (an object)""]","[""normal"", ""normal"", ""normal""]",normal,"{""normal"": 36, ""unsafe"": 0, ""danger"": 0}","{""normal"": 1.0, ""unsafe"": 0.0, ""danger"": 0.0}",normal,normal,normal,True,False,labeling_yolo_sequence_coverage,sampled_danger_then_danger_ratio_sampled_unsafe_then_unsafe_ratio_else_normal,normal,normal,True,True,True,1.5929,"```json
{
  ""risk_state"": ""normal""
}
```
",True
intrusion_normal_rgb_0163_cctv2_f000076_000086_000096,normal_plant_rgb,intrusion_normal_rgb_0163_cctv2,normal_candidate,normal,"[76, 86, 96]","[2.533, 2.867, 3.2]","{""start_frame"": 61, ""end_frame"": 96}","[""walk, carry/hold (an object)"", ""walk, carry/hold (an object)"", ""walk, carry/hold (an object)""]","[""normal"", ""normal"", ""normal""]",normal,"{""normal"": 36, ""unsafe"": 0, ""danger"": 0}","{""normal"": 1.0, ""unsafe"": 0.0, ""danger"": 0.0}",normal,normal,normal,True,False,labeling_yolo_sequence_coverage,sampled_danger_then_danger_ratio_sampled_unsafe_then_unsafe_ratio_else_normal,normal,normal,True,True,True,1.5914,"```json
{
  ""risk_state"": ""normal""
}
```
",True
intrusion_normal_rgb_0163_cctv2_f000106_000116_000126,normal_plant_rgb,intrusion_normal_rgb_0163_cctv2,normal_candidate,normal,"[106, 116, 126]","[3.533, 3.867, 4.2]","{""start_frame"": 91, ""end_frame"": 126}","[""walk, carry/hold (an object)"", ""walk, carry/hold (an object)"", ""walk, carry/hold (an object)""]","[""normal"", ""normal"", ""normal""]",normal,"{""normal"": 36, ""unsafe"": 0, ""danger"": 0}","{""normal"": 1.0, ""unsafe"": 0.0, ""danger"": 0.0}",normal,normal,normal,True,False,labeling_yolo_sequence_coverage,sampled_danger_then_danger_ratio_sampled_unsafe_then_unsafe_ratio_else_normal,normal,normal,True,True,True,1.5933,"```json
{
  ""risk_state"": ""normal""
}
```
",True
intrusion_normal_rgb_0163_cctv2_f000136_000146_000156,normal_plant_rgb,intrusion_normal_rgb_0163_cctv2,normal_candidate,normal,"[136, 146, 156]","[4.533, 4.867, 5.2]","{""start_frame"": 121, ""end_frame"": 156}","[""walk, carry/hold (an object)"", ""walk, carry/hold (an object)"", ""walk, carry/hold (an object)""]","[""normal"", ""normal"", ""normal""]",normal,"{""normal"": 36, ""unsafe"": 0, ""danger"": 0}","{""normal"": 1.0, ""unsafe"": 0.0, ""danger"": 0.0}",normal,normal,normal,True,False,labeling_yolo_sequence_coverage,sampled_danger_then_danger_ratio_sampled_unsafe_then_unsafe_ratio_else_normal,normal,normal,True,True,True,1.5849,"```json
{
  ""risk_state"": ""normal""
}
```
",True
intrusion_normal_rgb_0164_cctv4_f000016_000026_000036,normal_plant_rgb,intrusion_normal_rgb_0164_cctv4,normal_candidate,normal,"[16, 26, 36]","[0.533, 0.867, 1.2]","{""start_frame"": 1, ""end_frame"": 36}","[""walk, carry/hold (an object)"", ""walk, carry/hold (an object)"", ""walk, carry/hold (an object)""]","[""normal"", ""normal"", ""normal""]",normal,"{""normal"": 36, ""unsafe"": 0, ""danger"": 0}","{""normal"": 1.0, ""unsafe"": 0.0, ""danger"": 0.0}",normal,normal,normal,True,False,labeling_yolo_sequence_coverage,sampled_danger_then_danger_ratio_sampled_unsafe_then_unsafe_ratio_else_normal,normal,normal,True,True,True,1.5886,"```json
{
  ""risk_state"": ""normal""
}
```
",True
intrusion_normal_rgb_0164_cctv4_f000046_000056_000066,normal_plant_rgb,intrusion_normal_rgb_0164_cctv4,normal_candidate,normal,"[46, 56, 66]","[1.533, 1.867, 2.2]","{""start_frame"": 31, ""end_frame"": 66}","[""walk, carry/hold (an object)"", ""walk, carry/hold (an object)"", ""walk, carry/hold (an object)""]","[""normal"", ""normal"", ""normal""]",normal,"{""normal"": 36, ""unsafe"": 0, ""danger"": 0}","{""normal"": 1.0, ""unsafe"": 0.0, ""danger"": 0.0}",normal,normal,normal,True,False,labeling_yolo_sequence_coverage,sampled_danger_then_danger_ratio_sampled_unsafe_then_unsafe_ratio_else_normal,normal,normal,True,True,True,1.5926,"```json
{
  ""risk_state"": ""normal""
}
```
",True
intrusion_normal_rgb_0164_cctv4_f000076_000086_000096,normal_plant_rgb,intrusion_normal_rgb_0164_cctv4,normal_candidate,normal,"[76, 86, 96]","[2.533, 2.867, 3.2]","{""start_frame"": 61, ""end_frame"": 96}","[""walk, carry/hold (an object)"", ""walk, carry/hold (an object)"", ""walk, carry/hold (an object)""]","[""normal"", ""normal"", ""normal""]",normal,"{""normal"": 36, ""unsafe"": 0, ""danger"": 0}","{""normal"": 1.0, ""unsafe"": 0.0, ""danger"": 0.0}",normal,normal,normal,True,False,labeling_yolo_sequence_coverage,sampled_danger_then_danger_ratio_sampled_unsafe_then_unsafe_ratio_else_normal,normal,normal,True,True,True,1.5853,"```json
{
  ""risk_state"": ""normal""
}
```
",True
intrusion_normal_rgb_0164_cctv4_f000106_000116_000126,normal_plant_rgb,intrusion_normal_rgb_0164_cctv4,normal_candidate,normal,"[106, 116, 126]","[3.533, 3.867, 4.2]","{""start_frame"": 91, ""end_frame"": 126}","[""walk, carry/hold (an object)"", ""walk, carry/hold (an object)"", ""walk, carry/hold (an object)""]","[""normal"", ""normal"", ""normal""]",normal,"{""normal"": 36, ""unsafe"": 0, ""danger"": 0}","{""normal"": 1.0, ""unsafe"": 0.0, ""danger"": 0.0}",normal,normal,normal,True,False,labeling_yolo_sequence_coverage,sampled_danger_then_danger_ratio_sampled_unsafe_then_unsafe_ratio_else_normal,normal,normal,True,True,True,1.5905,"```json
{
  ""risk_state"": ""normal""
}
```
",True
intrusion_normal_rgb_0164_cctv4_f000136_000146_000156,normal_plant_rgb,intrusion_normal_rgb_0164_cctv4,normal_candidate,normal,"[136, 146, 156]","[4.533, 4.867, 5.2]","{""start_frame"": 121, ""end_frame"": 156}","[""walk, carry/hold (an object)"", ""walk, carry/hold (an object)"", ""walk, carry/hold (an object)""]","[""normal"", ""normal"", ""normal""]",normal,"{""normal"": 36, ""unsafe"": 0, ""danger"": 0}","{""normal"": 1.0, ""unsafe"": 0.0, ""danger"": 0.0}",normal,normal,normal,True,False,labeling_yolo_sequence_coverage,sampled_danger_then_danger_ratio_sampled_unsafe_then_unsafe_ratio_else_normal,normal,normal,True,True,True,1.595,"```json
{
  ""risk_state"": ""normal""
}
```
",True
intrusion_normal_rgb_0166_cctv1_f000016_000026_000036,normal_plant_rgb,intrusion_normal_rgb_0166_cctv1,normal_candidate,normal,"[16, 26, 36]","[0.533, 0.867, 1.2]","{""start_frame"": 1, ""end_frame"": 36}","[""walk, carry/hold (an object)"", ""walk, carry/hold (an object)"", ""walk, carry/hold (an object)""]","[""normal"", ""normal"", ""normal""]",normal,"{""normal"": 36, ""unsafe"": 0, ""danger"": 0}","{""normal"": 1.0, ""unsafe"": 0.0, ""danger"": 0.0}",normal,normal,normal,True,False,labeling_yolo_sequence_coverage,sampled_danger_then_danger_ratio_sampled_unsafe_then_unsafe_ratio_else_normal,normal,normal,True,True,True,1.4575,"```json
{""risk_state"":""normal""}
```
",True
intrusion_normal_rgb_0166_cctv1_f000046_000056_000066,normal_plant_rgb,intrusion_normal_rgb_0166_cctv1,normal_candidate,normal,"[46, 56, 66]","[1.533, 1.867, 2.2]","{""start_frame"": 31, ""end_frame"": 66}","[""walk, carry/hold (an object)"", ""walk, carry/hold (an object)"", ""walk, carry/hold (an object)""]","[""normal"", ""normal"", ""normal""]",normal,"{""normal"": 36, ""unsafe"": 0, ""danger"": 0}","{""normal"": 1.0, ""unsafe"": 0.0, ""danger"": 0.0}",normal,normal,normal,True,False,labeling_yolo_sequence_coverage,sampled_danger_then_danger_ratio_sampled_unsafe_then_unsafe_ratio_else_normal,normal,normal,True,True,True,1.5838,"```json
{
  ""risk_state"": ""normal""
}
```
",True
intrusion_normal_rgb_0166_cctv1_f000076_000086_000096,normal_plant_rgb,intrusion_normal_rgb_0166_cctv1,normal_candidate,normal,"[76, 86, 96]","[2.533, 2.867, 3.2]","{""start_frame"": 61, ""end_frame"": 96}","[""walk, carry/hold (an object)"", ""walk, carry/hold (an object)"", ""walk, carry/hold (an object)""]","[""normal"", ""normal"", ""normal""]",normal,"{""normal"": 36, ""unsafe"": 0, ""danger"": 0}","{""normal"": 1.0, ""unsafe"": 0.0, ""danger"": 0.0}",normal,normal,normal,True,False,labeling_yolo_sequence_coverage,sampled_danger_then_danger_ratio_sampled_unsafe_then_unsafe_ratio_else_normal,normal,normal,True,True,True,1.4612,"```json
{""risk_state"":""normal""}
```
",True
intrusion_normal_rgb_0166_cctv1_f000106_000116_000126,normal_plant_rgb,intrusion_normal_rgb_0166_cctv1,normal_candidate,normal,"[106, 116, 126]","[3.533, 3.867, 4.2]","{""start_frame"": 91, ""end_frame"": 126}","[""walk, carry/hold (an object)"", ""walk, carry/hold (an object)"", ""walk, carry/hold (an object)""]","[""normal"", ""normal"", ""normal""]",normal,"{""normal"": 36, ""unsafe"": 0, ""danger"": 0}","{""normal"": 1.0, ""unsafe"": 0.0, ""danger"": 0.0}",normal,normal,normal,True,False,labeling_yolo_sequence_coverage,sampled_danger_then_danger_ratio_sampled_unsafe_then_unsafe_ratio_else_normal,normal,normal,True,True,True,1.4654,"```json
{""risk_state"":""normal""}
```
",True
